county_fips,county_name,population,median_age,median_household_income,median_home_value,median_gross_rent,poverty_pct,unemployment_pct,vacancy_pct,homeownership_pct,bachelors_plus_pct,declarations,precipitation_inches,temperature_f,inflow_individuals_per_1000,outflow_individuals_per_1000,net_individuals_per_1000,education_band
01001,"Autauga County, Alabama",59285.0,39.2,69841.0,197900.0,1200.0,10.684306413989205,2.541558921315109,8.92806599005297,74.91009190605159,28.28267961831874,1.0,49.81,66.29166666666667,73.29003963903179,63.40558319979759,9.884456439234208,20 to <30%
01003,"Baldwin County, Alabama",239945.0,43.7,75019.0,287000.0,1211.0,10.514698717595673,3.194281220454003,26.358953609611106,77.53534371632045,32.79763704444496,0.0,49.37,69.88333333333334,58.97601533684803,39.50488653649795,19.47112880035008,30 to <40%
01005,"Barbour County, Alabama",24757.0,40.7,44290.0,109900.0,644.0,21.92147806004619,5.708618029534935,22.40642625192275,67.48898678414096,11.464715225777173,1.0,49.11,66.69166666666666,27.063052873934645,37.64591832612998,-10.582865452195339,Under 20%
01007,"Bibb County, Alabama",22152.0,41.3,51215.0,132600.0,802.0,20.51158533648056,9.984,16.71067106710671,77.17606656980584,11.468206641139917,0.0,46.88,64.66666666666667,37.78439869989166,34.75984109786927,3.0245576020223908,Under 20%
01009,"Blount County, Alabama",59292.0,40.9,61096.0,169700.0,743.0,14.095286797920396,5.835172921265636,11.358044609365546,79.50584702188652,15.57902954307043,0.0,53.83,63.208333333333336,42.19793564055859,39.7355461107738,2.4623895297847938,Under 20%
01011,"Bullock County, Alabama",10157.0,40.4,36723.0,79400.0,635.0,25.651127161304444,5.873180873180873,24.176548089591567,63.509991311902695,8.999728923827595,0.0,52.96,66.02499999999999,27.76410357388993,34.85281086935119,-7.088707295461258,Under 20%
01013,"Butler County, Alabama",18807.0,42.2,44881.0,99700.0,722.0,21.01586613960037,6.790431098928482,26.206686312366628,68.41090608647755,13.764813126709207,0.0,50.28,66.875,27.22390599244962,36.31626522039666,-9.09235922794704,Under 20%
01015,"Calhoun County, Alabama",116141.0,39.0,55826.0,149500.0,804.0,17.462188175211157,6.438023017559986,15.291622083309868,70.38670360110804,20.54510537092856,0.0,49.489999999999995,63.541666666666664,38.42742872887266,36.48151815465684,1.9459105742158238,20 to <30%
01017,"Chambers County, Alabama",34450.0,41.5,49295.0,129700.0,850.0,15.480078380143697,4.961757207295548,18.311316734644183,70.98889634100902,14.585035124979578,2.0,54.77,63.425000000000004,43.77358490566038,46.763425253991294,-2.9898403483309144,Under 20%
01019,"Cherokee County, Alabama",25224.0,47.4,50769.0,165900.0,750.0,14.52333964315921,3.4393009853132552,28.5480461024347,79.45022430084948,15.945039143633169,0.0,49.75,62.74166666666667,53.6790358388836,39.8430066603235,13.836029178560102,Under 20%
01021,"Chilton County, Alabama",45500.0,39.5,61873.0,142300.0,855.0,13.614793360810962,5.3953768239482525,10.90244645213684,76.83149139797197,15.24701596903763,0.0,49.839999999999996,64.83333333333333,42.57142857142857,33.16483516483517,9.406593406593407,Under 20%
01023,"Choctaw County, Alabama",12525.0,47.0,44483.0,111800.0,653.0,19.53055443140429,5.50249169435216,27.77777777777778,82.21878623888674,13.914203156256946,0.0,54.29,67.375,22.035928143712574,29.780439121756487,-7.7445109780439125,Under 20%
01025,"Clarke County, Alabama",22802.0,42.5,49167.0,126400.0,785.0,20.543119593329173,13.159031979256698,27.927006054404366,70.91812588736394,15.426531379180759,0.0,58.61,67.35,28.725550390316638,35.961757740549075,-7.236207350232435,Under 20%
01027,"Clay County, Alabama",14188.0,43.8,51852.0,144700.0,624.0,16.5465032444124,3.482411171999293,18.48133484162896,77.69297484822204,15.235403060727167,0.0,58.32,62.958333333333336,39.89286721172822,36.721172822103185,3.1716943896250354,Under 20%
01029,"Cleburne County, Alabama",15254.0,42.3,53319.0,144200.0,792.0,13.154754011404323,1.5453639082751744,14.650518021304539,80.04787143101385,18.211951017401713,0.0,49.96,62.708333333333336,51.52746820506097,41.43175560508719,10.095712599973778,Under 20%
01031,"Coffee County, Alabama",54231.0,38.8,64672.0,180300.0,970.0,17.618860363649983,4.346691032502284,14.504692815279315,69.23298178331736,21.528831562974204,0.0,52.53,67.425,76.137264664122,68.37417713116115,7.763087532960853,20 to <30%
01033,"Colbert County, Alabama",57648.0,42.3,56736.0,161600.0,838.0,16.876468319366037,3.278323753013165,13.16025388173701,70.80150307635132,20.271853189516325,1.0,46.41,62.65,51.10324729392173,42.395226200388564,8.708021093533167,20 to <30%
01035,"Conecuh County, Alabama",11411.0,46.3,42266.0,101300.0,781.0,27.63530244074991,8.26792255363684,29.73308504034761,74.93374558303887,13.129075919773594,1.0,43.32,67.48333333333333,35.05389536412234,39.961440715099464,-4.907545350977127,Under 20%
01037,"Coosa County, Alabama",10323.0,50.3,57063.0,111800.0,682.0,11.626276787502503,5.054678007290401,30.470043032108574,81.31397286360391,14.8708254568368,2.0,55.55,64.28333333333333,55.700862152475054,45.72314249733605,9.97771965513901,Under 20%
01039,"Covington County, Alabama",37647.0,42.8,50886.0,142500.0,736.0,18.04310251701415,4.564105801401427,22.387020775326622,75.71576405657123,17.177519936505536,0.0,47.75,67.76666666666667,38.38287247323824,33.920365500571094,4.4625069726671445,Under 20%
01041,"Crenshaw County, Alabama",13144.0,42.4,49040.0,108400.0,664.0,16.190772582276512,4.866850321395776,22.660774154221276,74.20689655172414,16.805799648506152,0.0,55.06,66.55,48.691418137553256,41.692026780279974,6.99939135727328,Under 20%
01043,"Cullman County, Alabama",89463.0,41.1,60916.0,180500.0,883.0,13.901887645529557,4.176974995796604,12.63341595427184,76.35700431346437,19.08653846153846,0.0,56.13,62.84166666666667,41.279635156433386,30.962520818662465,10.317114337770922,Under 20%
01045,"Dale County, Alabama",49516.0,38.0,53955.0,129100.0,863.0,18.71096728981594,6.797488226059655,13.710170231340026,61.34351762861045,19.32785528493734,0.0,49.769999999999996,67.61666666666666,94.97940059778658,96.21132563211891,-1.2319250343323371,Under 20%
01047,"Dallas County, Alabama",37536.0,40.3,36810.0,97400.0,749.0,29.00083645881115,10.91411318815443,18.644783365876826,61.014530358069536,17.007096091269062,1.0,49.75,66.96666666666667,24.93606138107417,33.72762148337596,-8.79156010230179,Under 20%
01049,"DeKalb County, Alabama",71946.0,39.6,51149.0,135500.0,683.0,20.359848484848484,4.247671438394699,15.9044501345088,76.75942341786788,13.880406074612083,0.0,50.4,60.96666666666667,39.362855474939536,33.942123259111,5.420732215828538,Under 20%
01051,"Elmore County, Alabama",88669.0,38.9,75553.0,213600.0,1014.0,10.285062171607903,3.9060790938479863,12.285290548739383,76.8637216022626,24.394340719684735,2.0,52.64,65.54166666666667,51.06632532226595,46.03638250121237,5.029942821053582,20 to <30%
01053,"Escambia County, Alabama",36695.0,40.5,44447.0,122700.0,709.0,21.204042771349055,9.145364630493836,23.73649979115699,68.68789609576716,12.490685909251344,0.0,45.54,68.06666666666666,36.926011718217744,35.018394876686195,1.9076168415315438,Under 20%
01055,"Etowah County, Alabama",103208.0,41.8,53070.0,160600.0,807.0,17.099703229103202,6.308375772022971,17.53532545749363,73.75127681307457,17.47691883698498,0.0,48.96,63.199999999999996,39.289589954267115,34.84226028990001,4.447329664367103,Under 20%
01057,"Fayette County, Alabama",16173.0,42.8,50733.0,121200.0,622.0,18.661551040945973,9.475069454598625,22.403180302641704,78.18542389687654,15.597147950089127,0.0,53.08,63.958333333333336,37.46985716935634,38.76831756631423,-1.2984603969578927,Under 20%
01059,"Franklin County, Alabama",31978.0,38.6,51493.0,128000.0,667.0,17.37475013484786,3.597328929417678,16.985320443967062,71.75881997757267,14.889393079977312,0.0,49.72,62.550000000000004,33.33541809994371,37.74469948089311,-4.409281380949403,Under 20%
01061,"Geneva County, Alabama",26726.0,44.0,50951.0,120200.0,757.0,19.053205176719896,4.915210467418438,15.96973317403425,78.27488151658768,13.316463703938004,0.0,46.4,68.01666666666667,52.8698645513732,41.68225697822345,11.187607573149743,Under 20%
01063,"Greene County, Alabama",7589.0,44.4,31495.0,86400.0,429.0,35.9121171770972,3.3374033374033374,28.675434476279943,69.73987487652289,12.476298824421692,1.0,51.23,65.50833333333334,32.020028989326654,45.196995651601,-13.176966662274344,Under 20%
01065,"Hale County, Alabama",14749.0,41.0,41325.0,126300.0,723.0,23.893193137797454,5.8803122289679095,26.257652382219856,77.00776033207002,16.773675762439808,1.0,49.18,65.52499999999999,59.800664451827245,46.308224286392296,13.492440165434944,Under 20%
01067,"Henry County, Alabama",17450.0,45.0,60135.0,147800.0,770.0,15.794408955048937,3.2948501751199895,26.9588023166867,80.89467384799521,21.678981292249645,0.0,48.29,67.60833333333333,55.18624641833811,49.570200573065904,5.616045845272207,20 to <30%
01069,"Houston County, Alabama",107628.0,40.3,57531.0,178000.0,905.0,18.035096948744926,4.561331415656462,14.45131996624744,63.9158310044386,22.768156799570413,0.0,46.17,68.35833333333333,49.89407960753707,47.21819600847363,2.675883599063441,20 to <30%
01071,"Jackson County, Alabama",52839.0,43.4,49454.0,145800.0,762.0,16.7671778377654,5.37856661424399,14.562245432915272,75.04012083451336,15.55027711797308,0.0,47.86,61.56666666666666,45.723802494369686,34.065746891500595,11.658055602869092,Under 20%
01073,"Jefferson County, Alabama",669744.0,37.8,64589.0,224900.0,1132.0,16.33237558760307,4.806028587848782,13.126167046798173,63.71736373744473,35.93676101479785,0.0,47.85,64.24166666666666,32.361618767767986,36.569196588547264,-4.207577820779282,30 to <40%
01075,"Lamar County, Alabama",13809.0,44.5,47447.0,112700.0,548.0,15.06028498355864,6.398996235884567,29.829745321514,74.03248445959494,11.591695501730104,0.0,51.17,64.39166666666667,32.515026432037075,36.06343688898544,-3.548410456948367,Under 20%
01077,"Lauderdale County, Alabama",95037.0,40.7,59082.0,185800.0,799.0,13.640009538468208,3.9328579653660483,13.446128434633156,67.83402532429017,27.084135466880227,1.0,46.06,62.00833333333333,39.84763828824563,36.617317465829096,3.2303208224165325,20 to <30%
01079,"Lawrence County, Alabama",33182.0,42.8,60040.0,150700.0,708.0,13.740318350917851,2.0555818513760227,14.180322517464255,81.41498668695321,15.620188195038494,0.0,47.49,62.18333333333334,42.61346513169791,33.36146103309023,9.25200409860768,Under 20%
01081,"Lee County, Alabama",177663.0,33.6,61123.0,238700.0,999.0,18.869221414765683,3.7106677344847196,12.340502393270459,65.72912987165901,41.333333333333336,0.0,54.06,64.675,52.54892690093041,49.97101253496789,2.5779143659625245,40% or more
01083,"Limestone County, Alabama",107577.0,40.5,83534.0,255100.0,908.0,10.142422234386855,3.7012698351340383,7.970197990203969,77.49681417255941,30.391300896896578,0.0,48.59,61.958333333333336,71.20481143738904,48.04930421930338,23.15550721808565,30 to <40%
01085,"Lowndes County, Alabama",10008.0,42.7,35160.0,80600.0,663.0,29.59162941893539,7.241555783009212,13.79738968303294,77.31314587839462,13.873410487212459,0.0,50.44,66.99166666666666,47.761790567545965,48.161470823341325,-0.3996802557953637,Under 20%
01087,"Macon County, Alabama",18951.0,37.8,45951.0,95700.0,709.0,22.09373470386686,10.68100358422939,26.003725165562916,64.8021255768424,20.735785953177256,1.0,53.480000000000004,65.72500000000001,35.09049654371801,40.78940425307372,-5.698907709355707,20 to <30%
01089,"Madison County, Alabama",397135.0,38.2,83528.0,267800.0,1116.0,10.482494149148708,3.789920691861705,7.005935584314488,68.77681280736633,45.690290909491154,0.0,49.019999999999996,62.166666666666664,53.07011469651378,41.361249952786835,11.708864743726945,40% or more
01091,"Marengo County, Alabama",19027.0,41.1,44205.0,103400.0,722.0,22.56571246142386,2.3972602739726026,22.58818745552506,69.04793171372292,20.414475719146303,0.0,51.17,66.61666666666666,34.47732170074105,40.100909234246075,-5.623587533505019,20 to <30%
01093,"Marion County, Alabama",29190.0,43.8,50714.0,104300.0,583.0,16.847673766816143,6.159180977542933,23.18451539983046,75.22530807430569,12.831879728232062,1.0,52.89,63.15,45.59780746831107,38.335046248715315,7.262761219595752,Under 20%
01095,"Marshall County, Alabama",98712.0,38.6,60946.0,183400.0,765.0,16.285931652753217,3.7010594196222937,13.406852712431677,75.47757417345605,21.32640990582705,0.0,49.64,62.725,43.307804522246535,38.232433746656945,5.075370775589594,20 to <30%
01097,"Mobile County, Alabama",413162.0,38.4,58119.0,176600.0,1021.0,16.268674389690357,5.3126553755990225,13.432715073916068,64.87442915262262,25.150224087237017,1.0,55.27,69.97500000000001,25.430702726775454,27.18062164477856,-1.7499189180031078,20 to <30%
01099,"Monroe County, Alabama",19580.0,43.9,40225.0,114900.0,721.0,22.6066718386346,11.86865173229442,27.440400274698323,70.21362898864251,11.357915000740412,0.0,47.949999999999996,67.425,30.847803881511748,36.261491317671094,-5.413687436159346,Under 20%
01101,"Montgomery County, Alabama",227197.0,36.9,58153.0,160100.0,1061.0,19.28821829442548,5.992921369810599,14.191060406998176,57.70446659690477,34.27402754352647,0.0,54.02,66.20833333333333,38.34117527960316,47.59305800692791,-9.251882727324745,30 to <40%
01103,"Morgan County, Alabama",123742.0,40.3,64858.0,193000.0,835.0,13.561489033513977,3.997414260006639,8.992140977057627,72.5057433541188,23.240454561479794,2.0,50.93,62.56666666666666,41.61077079730407,37.82062678799438,3.7901440093096928,20 to <30%
01105,"Perry County, Alabama",8231.0,42.5,34368.0,87700.0,610.0,31.238095238095237,15.775087856306131,19.338550870992172,69.32707355242566,16.848973325657262,0.0,49.160000000000004,65.78333333333333,36.08310047381849,41.064269226096464,-4.9811687522779735,Under 20%
01107,"Pickens County, Alabama",18843.0,42.5,47014.0,123300.0,600.0,22.57144520109423,6.488913073051285,20.398808159523263,75.43910164123237,13.745224801645607,0.0,54.2,65.10833333333333,26.588122910364593,34.01793769569601,-7.4298147853314225,Under 20%
01109,"Pike County, Alabama",32953.0,31.7,47961.0,149000.0,855.0,23.402369777135917,3.867258949568853,21.824609278094766,62.871876239587465,27.315006200909465,0.0,56.04,66.66666666666667,46.82426486207629,48.675386156040425,-1.8511212939641308,20 to <30%
01111,"Randolph County, Alabama",22310.0,44.0,51551.0,184000.0,646.0,18.380249192431933,2.7940082864124083,26.75547708851617,78.7005587816369,20.51625239005736,1.0,53.8,63.125,48.00537875392201,42.71627073061408,5.289108023307934,20 to <30%
01113,"Russell County, Alabama",58858.0,37.2,50046.0,152300.0,898.0,22.248532894059508,6.646161519597656,13.610112237114526,60.55331315169862,16.85199530223144,0.0,49.370000000000005,65.90833333333333,81.99395154439499,82.62258316626458,-0.6286316218695844,Under 20%
01115,"St. Clair County, Alabama",92903.0,41.0,78993.0,218500.0,1077.0,11.172759160802135,4.450385280704514,10.836113481780329,82.47237288627201,19.943080971907705,0.0,53.83,63.625,58.458822642971704,45.057748404249594,13.401074238722108,Under 20%
01117,"Shelby County, Alabama",226955.0,40.0,93543.0,298700.0,1348.0,6.922738969434507,2.9138794227775673,5.93689774792137,81.25951249209731,46.19852639145615,0.0,49.78,64.325,55.04615452402459,47.925800268775745,7.120354255248838,40% or more
01119,"Sumter County, Alabama",12020.0,34.9,37981.0,84100.0,841.0,28.11402188095955,8.594757198109154,24.71164480960657,69.61175236096537,19.028226372700463,1.0,49.44,66.10833333333333,28.53577371048253,34.026622296173045,-5.490848585690515,Under 20%
01121,"Talladega County, Alabama",81170.0,42.2,56249.0,137900.0,772.0,17.653214138073583,8.06049669158718,14.094292803970223,72.5622548572471,16.823850485369814,0.0,56.87,64.01666666666667,44.955032647529876,40.02710360970802,4.927929037821856,Under 20%
01123,"Tallapoosa County, Alabama",41070.0,45.4,57185.0,144800.0,734.0,15.205200734454866,7.496909070473193,27.948796098750382,75.60430263475949,18.725005880969185,2.0,56.980000000000004,63.875,43.07280253226199,45.605064523983444,-2.5322619917214513,Under 20%
01125,"Tuscaloosa County, Alabama",234036.0,33.0,63947.0,233700.0,997.0,16.65120678052418,5.3741461835896915,15.199883421576724,62.157889310222366,31.377680995554066,0.0,48.15,64.65833333333333,31.871165119896084,33.78967338358201,-1.9185082636859287,30 to <40%
01127,"Walker County, Alabama",64886.0,41.3,54509.0,131100.0,743.0,17.979454748533044,4.366041896361632,17.820046311610984,77.49869178440608,16.002406041838395,0.0,51.06,63.65,34.41420337206794,28.819776222914033,5.5944271491539,Under 20%
01129,"Washington County, Alabama",15270.0,44.1,60503.0,152800.0,628.0,18.446601941747574,6.169458762886598,26.96166709544636,85.8929200422684,16.204134848202646,0.0,59.14,68.175,41.12639161755075,42.108709888670596,-0.9823182711198428,Under 20%
01131,"Wilcox County, Alabama",10347.0,42.0,42236.0,84200.0,699.0,29.032258064516128,12.103071317022383,30.504328189687616,77.90414297319252,12.335882268070986,0.0,50.04,67.21666666666667,30.057021358847976,44.36068425630618,-14.303662897458201,Under 20%
01133,"Winston County, Alabama",23637.0,45.3,48032.0,110500.0,744.0,19.46352209407801,4.169142404436522,28.8536343528335,76.6295025728988,13.372024856372377,0.0,54.22,62.4,44.8449464822101,43.49113677708677,1.3538097051233235,Under 20%
04001,"Apache County, Arizona",65680.0,36.2,40338.0,68500.0,647.0,31.223746849621953,10.01850769530489,29.5231198924175,79.13302999168256,15.268523532597179,1.0,11.18,50.791666666666664,41.51948842874543,50.36540803897686,-8.845919610231425,Under 20%
04003,"Cochise County, Arizona",125458.0,42.9,58970.0,207400.0,939.0,15.538536307419013,7.29776247848537,14.897491232802805,70.50083207861162,27.657715188384365,0.0,9.41,61.99166666666667,56.32163752012626,54.018077763076086,2.3035597570501682,20 to <30%
04005,"Coconino County, Arizona",144643.0,32.4,69748.0,413200.0,1406.0,17.6834226853804,6.629345101885147,23.266625659805168,58.84381641251258,39.61938901319695,1.0,13.81,52.74166666666667,49.27995132844313,58.05327599676445,-8.773324668321315,30 to <40%
04007,"Gila County, Arizona",53610.0,51.4,59089.0,247000.0,1001.0,17.775271016958875,7.367401307822718,28.702397743300423,77.16853739302455,18.847188995215312,0.0,18.03,60.166666666666664,48.12534974818131,40.925200522290616,7.200149225890692,Under 20%
04009,"Graham County, Arizona",38860.0,34.4,67326.0,202700.0,890.0,17.677007860799506,6.321991261750298,10.62334122372857,73.53932584269663,14.591321897073662,0.0,12.27,62.15,36.15542974781266,32.01235203293876,4.143077714873907,Under 20%
04011,"Greenlee County, Arizona",9452.0,36.1,75239.0,136300.0,570.0,10.794730131746705,3.540445486518171,22.116689280868385,55.807200929152145,20.41459369817579,0.0,13.3,57.36666666666667,49.6191282268303,51.94667795175624,-2.327549724925942,20 to <30%
04012,"La Paz County, Arizona",16605.0,59.7,49506.0,117600.0,735.0,18.44499078057775,10.842779694430755,34.908078810517836,70.4287161021717,13.855103120042306,0.0,5.26,71.95,67.08822643781993,58.41613971695273,8.672086720867208,Under 20%
04013,"Maricopa County, Arizona",4491987.0,37.5,85518.0,414700.0,1587.0,11.250356744752434,4.604377883656891,8.2945135834006,65.01300268301851,35.858005799892254,1.0,7.07,71.01666666666667,33.2195974743471,32.193325581752575,1.0262718925945244,30 to <40%
04015,"Mohave County, Arizona",217420.0,53.2,55799.0,253200.0,1047.0,16.83167385486579,6.938810524638782,18.9760270249931,73.63027482223758,14.88545563987867,0.0,10.85,62.125,56.360960353233374,41.73489099438874,14.626069358844633,Under 20%
04017,"Navajo County, Arizona",107744.0,39.4,52752.0,186100.0,832.0,24.712485136741975,8.764698110714757,31.213781477188917,72.74259018151183,17.631494659443803,1.0,11.21,52.166666666666664,53.12592812592813,46.11857736857737,7.007350757350757,Under 20%
04019,"Pima County, Arizona",1049947.0,39.7,67929.0,286900.0,1154.0,14.352333331374773,5.686189303590685,9.342670464346268,64.80897520680334,35.870627429205996,0.0,9.37,68.51666666666667,34.59031741602195,32.331155763100426,2.2591616529215286,30 to <40%
04021,"Pinal County, Arizona",449219.0,40.3,77588.0,312100.0,1417.0,10.871788658989193,5.837983751654684,12.603065700735568,80.52394190581005,22.150215809205758,0.0,9.62,69.7,85.96029998731132,55.37833439814433,30.581965589166977,20 to <30%
04023,"Santa Cruz County, Arizona",48209.0,37.9,53614.0,216100.0,781.0,20.213231160069135,10.480887792848335,11.48076012001895,68.37535680304472,24.069518545733363,0.0,12.89,61.291666666666664,38.12566118359642,42.37797921549918,-4.252318031902757,20 to <30%
04025,"Yavapai County, Arizona",241656.0,55.0,66106.0,392900.0,1258.0,12.594464804751674,4.212194759522513,12.200077399380804,73.51147842056933,29.602252541267426,0.0,14.7,59.60833333333333,58.08670175787069,44.14539676233986,13.941304995530837,20 to <30%
04027,"Yuma County, Arizona",207685.0,35.8,60417.0,195700.0,983.0,16.45786674132139,8.12603849559132,18.122098718112518,70.02327607505559,16.671988356637385,0.0,5.08,72.81666666666666,43.84043142258709,42.70891012831933,1.1315212942677613,Under 20%
05001,"Arkansas County, Arkansas",16773.0,41.0,60831.0,129400.0,799.0,14.715698768129133,6.798547639914862,24.26123950787628,67.45103992712919,15.326460481099657,1.0,45.95,65.19166666666666,34.10242651880999,40.422106957610445,-6.319680438800453,Under 20%
05003,"Ashley County, Arkansas",18722.0,42.7,44481.0,88800.0,640.0,22.716248989490705,6.063646788990826,23.423040102116797,72.13501875260452,12.178111587982833,0.0,48.05,66.39166666666667,30.9795961969875,32.47516290994552,-1.4955667129580172,Under 20%
05005,"Baxter County, Arkansas",42150.0,51.9,48427.0,165400.0,866.0,14.457686866022398,5.601422583513274,15.532492555613944,74.95982166001347,18.74863948751438,0.0,52.44,59.80833333333334,51.88612099644128,43.6773428232503,8.208778173190984,Under 20%
05007,"Benton County, Arkansas",294541.0,35.8,89879.0,285100.0,1193.0,7.610934056678047,3.1478837867131944,9.138705103969754,67.20350710988511,36.60753298960063,0.0,50.66,59.98333333333333,66.75471326572531,50.312180647176454,16.44253261854886,30 to <40%
05009,"Boone County, Arkansas",37896.0,41.3,54195.0,169300.0,715.0,13.442631734040559,3.932223196026877,12.434607645875252,70.29280462184875,16.310321463524804,0.0,44.17,59.300000000000004,48.63310111885159,43.19717120540427,5.435929913447329,Under 20%
05011,"Bradley County, Arkansas",10354.0,38.5,39565.0,97000.0,638.0,20.05850804485617,4.427017455097395,29.161747343565526,66.86111111111111,15.767455279861512,1.0,55.05,65.58333333333333,29.070890477110297,34.672590303264435,-5.601699826154143,Under 20%
05013,"Calhoun County, Arkansas",4717.0,44.8,63654.0,97300.0,822.0,13.29646017699115,7.18562874251497,35.81847649918963,86.36363636363636,18.103957471943296,1.0,57.870000000000005,64.83333333333333,37.735849056603776,50.2437990248039,-12.507949968200128,Under 20%
05015,"Carroll County, Arkansas",28526.0,44.7,55187.0,186300.0,818.0,16.262988049221605,3.9424745846764195,20.192584075883875,77.67873221681974,21.117829228727327,0.0,45.21,59.25,48.972866858304705,47.67580452920143,1.2970623291032741,20 to <30%
05017,"Chicot County, Arkansas",9997.0,42.9,39683.0,90500.0,661.0,24.380788283437433,8.477321814254859,23.36722721939773,67.38964021434039,17.228034972051024,0.0,42.08,66.36666666666666,30.109032709812944,42.11263379013704,-12.003601080324097,Under 20%
05019,"Clark County, Arkansas",21378.0,31.9,50985.0,147100.0,734.0,20.19291922832309,4.427057541844112,18.627646823811425,61.544126672394746,25.490829764886485,0.0,57.06,63.74166666666667,48.4142576480494,47.385162316400034,1.0290953316493592,20 to <30%
05021,"Clay County, Arkansas",14399.0,42.6,48500.0,88100.0,696.0,17.224644816429876,6.270627062706271,18.442458994532604,71.46827992151734,15.621347876899105,0.0,47.21,61.56666666666666,44.10028474199597,42.919647197722064,1.1806375442739079,Under 20%
05023,"Cleburne County, Arkansas",25048.0,49.5,55979.0,174600.0,853.0,13.846652880833638,6.509653290205196,33.13726743814334,78.54274239816408,18.269796289365342,0.0,54.59,61.875,61.24241456403705,53.05812839348451,8.18428617055254,Under 20%
05025,"Cleveland County, Arkansas",7491.0,43.7,50509.0,123400.0,635.0,15.566356149588227,2.3033309709425938,22.373540856031127,79.19799498746868,16.24790619765494,1.0,53.87,64.84166666666667,44.319850487251365,51.128020291015886,-6.8081698037645175,Under 20%
05027,"Columbia County, Arkansas",22527.0,34.5,47363.0,141700.0,631.0,22.690390067455276,3.088962108731466,24.211385061638868,69.14244707570865,20.38193951441147,0.0,53.55,64.96666666666667,33.11581657566476,36.13441647800417,-3.0185999023394148,20 to <30%
05029,"Conway County, Arkansas",20872.0,42.6,51212.0,137000.0,721.0,20.590509326374793,6.740355439965323,14.234066728643736,71.46814404432133,18.16560334773959,0.0,50.92,62.925000000000004,49.49214258336527,46.80912226906861,2.6830203142966655,Under 20%
05031,"Craighead County, Arkansas",112097.0,34.5,57615.0,198700.0,930.0,19.06738619067386,5.986257443884562,9.640914490548736,59.20151301981225,27.76662204373048,0.0,52.760000000000005,62.300000000000004,51.39298999973237,46.47760421777568,4.915385781956698,20 to <30%
05033,"Crawford County, Arkansas",60792.0,39.1,60362.0,170000.0,828.0,16.786715693681895,5.203146972749041,9.859265357324865,74.24110637557624,19.302612183746948,0.0,47.230000000000004,61.90833333333333,58.00105277010133,49.84208448480063,8.158968285300697,Under 20%
05035,"Crittenden County, Arkansas",47609.0,36.0,54271.0,155100.0,883.0,20.71000855431993,9.410492157923201,14.176065896007863,56.6146798996619,17.195150001642954,0.0,50.089999999999996,63.60833333333334,40.70658909029805,43.794240584763386,-3.0876514944653324,Under 20%
05037,"Cross County, Arkansas",16681.0,40.6,47012.0,104000.0,797.0,20.08971871968962,8.496308768294263,13.942751615881809,66.06376456161864,14.834205933682373,1.0,48.74,62.88333333333333,35.60937593669444,45.44092080810503,-9.831544871410587,Under 20%
05039,"Dallas County, Arkansas",6351.0,44.5,44694.0,98200.0,626.0,11.169948700976336,8.509874326750449,30.515759312320917,71.17525773195877,11.132854968471406,1.0,55.94,63.94166666666666,56.68398677373642,48.33884427649189,8.34514249724453,Under 20%
05041,"Desha County, Arkansas",11041.0,41.2,36064.0,89100.0,689.0,28.91874600127959,4.280904280904281,18.272539573296626,60.50526315789474,13.034786085565774,1.0,47.57,65.51666666666667,34.688886876188754,43.92718050901186,-9.238293632823114,Under 20%
05043,"Drew County, Arkansas",17143.0,37.7,41071.0,127800.0,712.0,22.743947175348495,5.127834753719486,15.533043897732755,63.87778412335808,23.331509846827135,1.0,48.97,65.85000000000001,49.116257364521964,42.11631569736919,6.999941667152774,20 to <30%
05045,"Faulkner County, Arkansas",126001.0,34.0,65071.0,211300.0,980.0,15.025652946352965,3.2756389517955355,7.5593053611289776,61.58474194736627,33.19694072657744,1.0,53.35,62.90833333333333,56.07892000857136,46.65042340933802,9.42849659923334,30 to <40%
05047,"Franklin County, Arkansas",17220.0,42.4,51919.0,118800.0,717.0,18.86246976222786,4.406077348066298,11.263062830602502,74.03314917127072,13.161375661375661,0.0,49.6,61.65,57.491289198606275,48.43205574912892,9.059233449477352,Under 20%
05049,"Fulton County, Arkansas",12239.0,48.6,38941.0,107200.0,596.0,14.754098360655737,3.84180790960452,22.67610164039884,84.69217970049917,15.721304153640018,0.0,50.29,59.94166666666666,66.59040771304845,54.08938638777678,12.501021325271672,Under 20%
05051,"Garland County, Arkansas",100062.0,45.3,55409.0,176400.0,942.0,16.474563201363665,5.870132166379348,16.754803119649992,69.2312965586582,26.24650320882014,0.0,57.78,63.30833333333333,44.4324518798345,44.07267494153625,0.3597769382982551,20 to <30%
05053,"Grant County, Arkansas",18111.0,40.2,72512.0,154500.0,779.0,12.321189092534645,4.005705455842149,12.039964588339446,79.5255212077642,20.930598129372004,1.0,54.81,64.23333333333333,56.871514549169014,46.10457732869527,10.766937220473745,20 to <30%
05055,"Greene County, Arkansas",46182.0,37.8,56793.0,162200.0,852.0,17.036756852972587,7.463932829243401,7.693099897013388,65.14559857190673,16.488969999679824,0.0,49.79,61.875,46.273439868346976,40.643540773461524,5.629899094885453,Under 20%
05057,"Hempstead County, Arkansas",19778.0,41.1,47654.0,100200.0,781.0,18.989484483200822,3.867613492264773,22.660302967420627,69.62704588140596,14.595616024187454,0.0,61.37,64.21666666666667,35.19061583577712,43.02760643138841,-7.836990595611285,Under 20%
05059,"Hot Spring County, Arkansas",33142.0,43.0,52644.0,127900.0,763.0,17.064315352697097,3.623826291079812,15.134301143137668,77.37377076274689,15.784428142714239,0.0,55.75,63.81666666666666,48.82022810934765,42.785589282481446,6.034638826866212,Under 20%
05061,"Howard County, Arkansas",12701.0,39.4,44492.0,135400.0,702.0,19.784345047923324,7.452308789445534,16.114897760467382,71.19365447862256,16.67855444602948,0.0,66.19,63.06666666666666,42.516337296275886,42.75253917014408,-0.23620187386819935,Under 20%
05063,"Independence County, Arkansas",38120.0,39.0,56009.0,120500.0,814.0,19.634629375151565,4.612631335873456,13.291517323775388,67.62659317946951,16.871032606552852,0.0,55.82,61.375,41.89401888772298,39.769150052465896,2.124868835257083,Under 20%
05065,"Izard County, Arkansas",13866.0,47.5,47728.0,122100.0,626.0,21.080657791699295,7.030251384746485,25.514891094977035,74.67674557390093,18.710168362979168,0.0,54.089999999999996,60.18333333333334,52.50252415981537,37.64604067503245,14.856483484782922,Under 20%
05067,"Jackson County, Arkansas",16775.0,40.4,41215.0,87300.0,662.0,21.197771587743734,9.650199447683338,14.241486068111454,65.27732195602232,13.255930504510525,0.0,53.2,61.975,37.79433681073025,32.66766020864382,5.126676602086438,Under 20%
05069,"Jefferson County, Arkansas",65780.0,39.5,48552.0,106000.0,849.0,20.58853068193231,7.47585201385092,20.761966786063173,63.211966795430264,20.641171105030146,1.0,49.13,64.91666666666667,33.00395256916996,38.17269686834904,-5.168744299179082,20 to <30%
05071,"Johnson County, Arkansas",25932.0,39.4,44808.0,124800.0,714.0,19.351252630325167,4.8615612556718215,12.80916428013538,71.65322981984671,18.077367205542725,0.0,53.17,61.06666666666666,46.31343513805337,41.68594786364338,4.6274872744099955,Under 20%
05073,"Lafayette County, Arkansas",6211.0,48.5,37237.0,74600.0,711.0,27.21602101116218,8.820998278829604,34.923857868020306,77.18408736349454,9.210233592880979,0.0,53.23,65.88333333333334,42.82724199001771,43.31025599742392,-0.4830140074062148,Under 20%
05075,"Lawrence County, Arkansas",16265.0,39.8,44164.0,91100.0,715.0,18.200369874370256,6.339234723015419,15.135135135135135,68.16840142923722,14.037335285505124,0.0,49.73,61.35,52.13648939440517,52.32093452197971,-0.18444512757454656,Under 20%
05077,"Lee County, Arkansas",8511.0,41.9,36860.0,77900.0,638.0,27.700273263339565,17.67225990717601,28.756406797949825,61.2268080272624,6.865177832919769,0.0,48.14,64.19166666666666,33.01609681588533,42.063212313476676,-9.047115497591353,Under 20%
05079,"Lincoln County, Arkansas",12966.0,40.1,51667.0,106100.0,672.0,17.68421052631579,2.346193952033368,20.009095043201455,78.39681637293917,10.876441179471483,1.0,49.84,65.60000000000001,30.232916859478635,33.70353231528613,-3.4706154558074966,Under 20%
05081,"Little River County, Arkansas",11959.0,42.2,52241.0,113400.0,812.0,16.458831568158523,9.046587215601301,21.100312963267996,80.0,17.441172992787042,0.0,60.370000000000005,65.36666666666666,47.74646709591103,42.56208713103102,5.184379964880007,Under 20%
05083,"Logan County, Arkansas",21240.0,43.8,54237.0,126900.0,721.0,14.410919540229886,5.920779759435919,13.09157959434542,76.68552569542669,15.548980933596319,0.0,50.010000000000005,62.541666666666664,47.12806026365348,43.83239171374765,3.2956685499058382,Under 20%
05085,"Lonoke County, Arkansas",74747.0,37.3,71449.0,184100.0,961.0,11.147523224006717,4.458472513163109,8.993653078584048,74.42211597224718,20.994211374351018,2.0,52.12,64.18333333333334,68.92584317765261,63.25337471737996,5.672468460272653,20 to <30%
05087,"Madison County, Arkansas",17032.0,41.2,53888.0,157800.0,727.0,15.008902077151335,4.307847335936516,17.11910637745162,79.0471712897665,12.83851554663992,0.0,46.69,59.14166666666667,69.2813527477689,50.49318929074683,18.788163457022076,Under 20%
05089,"Marion County, Arkansas",17076.0,51.9,46953.0,158400.0,792.0,17.836812144212523,6.457621856566284,24.181648134677335,83.47039473684211,15.438973807512097,0.0,46.300000000000004,59.699999999999996,69.68845162801593,50.01171234481143,19.676739283204498,Under 20%
05091,"Miller County, Arkansas",42588.0,39.0,49983.0,148200.0,882.0,21.048808832074375,7.205791570795219,17.662796567390206,65.3362761326712,16.047244639950122,0.0,55.96,66.60000000000001,60.04038696346389,58.53761622992392,1.5027707335399643,Under 20%
05093,"Mississippi County, Arkansas",39749.0,36.9,53428.0,115800.0,797.0,21.034429360450112,8.362760834670947,19.580675520234237,59.42396463168845,14.178269757395766,0.0,51.64,62.4,36.88143097939571,39.1204810183904,-2.2390500389946917,Under 20%
05095,"Monroe County, Arkansas",6681.0,45.5,43955.0,82200.0,603.0,22.174709835064142,9.414381022979985,26.64584959666927,65.66158212131961,15.638207945900254,0.0,45.01,64.625,37.56922616374794,43.40667564735818,-5.837449483610238,Under 20%
05097,"Montgomery County, Arkansas",8571.0,50.8,49015.0,136000.0,734.0,20.847136772361573,6.962213626896757,31.39513622234412,78.86460554371003,16.845988318475253,0.0,65.02,62.55833333333334,43.51884260879711,45.03558511258896,-1.5167425037918563,Under 20%
05099,"Nevada County, Arkansas",8228.0,44.2,41761.0,85700.0,841.0,28.53240625776012,8.345842089462623,21.213524779990735,65.9024103468548,11.670235546038544,1.0,56.54,63.975,41.80845892075838,45.33300923675255,-3.5245503159941665,Under 20%
05101,"Newton County, Arkansas",7175.0,48.9,47395.0,178800.0,629.0,13.315485416373116,3.9452233452885554,25.7608960311663,72.41718596261069,14.25291754352401,0.0,43.01,58.69166666666666,51.01045296167247,41.951219512195124,9.059233449477352,Under 20%
05103,"Ouachita County, Arkansas",22317.0,44.0,49838.0,99600.0,714.0,17.87900941240976,4.586441055326728,27.63268744734625,71.21071012805588,15.094821531192133,1.0,54.99,64.29166666666667,41.71707666801093,43.77828561186539,-2.0612089438544605,Under 20%
05105,"Perry County, Arkansas",10073.0,44.1,60078.0,129300.0,734.0,15.636290646326776,4.516755706653715,22.455573505654282,77.36979166666667,17.131804365846918,0.0,52.410000000000004,63.25,51.22604983619577,43.68112776729872,7.544922068897051,Under 20%
05107,"Phillips County, Arkansas",15910.0,39.9,38874.0,76200.0,756.0,28.72893169433532,15.84843492586491,26.317672310994514,53.95695096293899,14.532208588957054,0.0,46.16,64.875,29.981143934632307,44.06033940917662,-14.079195474544312,Under 20%
05109,"Pike County, Arkansas",10182.0,42.8,51000.0,115400.0,671.0,18.83809907370117,2.575509248419574,22.541831171272797,75.87378640776699,19.56000564095332,0.0,68.89,62.949999999999996,52.93655470438028,48.81162836377922,4.124926340601061,Under 20%
05111,"Poinsett County, Arkansas",22740.0,39.8,47188.0,101200.0,647.0,20.06379442023451,5.274858528698464,13.313495872528316,63.669582548997894,11.924943384018118,1.0,52.54,62.56666666666666,48.4608619173263,49.38434476693052,-0.9234828496042217,Under 20%
05113,"Polk County, Arkansas",19348.0,44.4,49252.0,122600.0,699.0,18.965336134453782,8.391445839144584,18.275111433606302,82.15372907153728,17.201919527500923,0.0,62.54,61.21666666666667,43.673764730204674,34.47384742609055,9.19991730411412,Under 20%
05115,"Pope County, Arkansas",63830.0,36.7,54606.0,161700.0,855.0,17.551128204281728,4.7216081790549875,10.949580142788443,71.23333194865617,24.636144578313253,0.0,52.96,61.61666666666667,45.621181262729124,43.13018956603478,2.490991696694344,20 to <30%
05117,"Prairie County, Arkansas",8162.0,45.8,51094.0,87500.0,637.0,9.366286438529784,4.064602960969045,20.327388223796728,76.05029132168046,16.70600134861767,0.0,46.92,64.45833333333333,39.08355795148248,34.55035530507229,4.533202646410194,Under 20%
05119,"Pulaski County, Arkansas",398949.0,37.5,60385.0,199600.0,1036.0,16.219724730787117,4.935044929396662,11.782283884738527,57.74875629230524,37.36105309462991,1.0,55.54,63.94166666666666,42.744811993512954,45.68754402191759,-2.942732028404633,30 to <40%
05121,"Randolph County, Arkansas",18733.0,39.3,52838.0,118100.0,671.0,21.130903742441575,6.308262035499936,17.96983758700696,73.22868052609249,14.47914220865618,0.0,48.6,60.958333333333336,48.57737682165163,43.93316607057065,4.64421075108098,Under 20%
05123,"St. Francis County, Arkansas",22740.0,39.7,41784.0,87700.0,791.0,27.837919870497775,7.403521044654308,17.76061776061776,55.234107346783404,12.903425633401474,0.0,47.57,63.63333333333333,32.93755496921724,43.931398416886545,-10.993843447669304,Under 20%
05125,"Saline County, Arkansas",125724.0,40.4,76534.0,211700.0,980.0,9.053796168804503,3.8360424481420923,5.487154074864679,76.43832301518482,28.499603980853337,0.0,58.08,63.65833333333333,58.938627469695525,49.62457446470045,9.314053004995069,20 to <30%
05127,"Scott County, Arkansas",9839.0,42.4,45955.0,110900.0,736.0,17.21378744357817,6.169474727452924,19.41309255079007,73.89865036923861,10.828025477707007,0.0,56.06,62.00833333333333,47.46417318833215,39.841447301555036,7.622725886777111,Under 20%
05129,"Searcy County, Arkansas",7861.0,48.5,41978.0,108100.0,596.0,24.50879007238883,5.2753815527538155,35.35267951705147,75.1310615989515,13.688610240334379,1.0,50.35,59.199999999999996,49.73921892888946,49.484798371708436,0.25442055718102025,Under 20%
05131,"Sebastian County, Arkansas",128448.0,38.0,56450.0,166000.0,854.0,16.267348198319382,5.814408770555991,9.171809710299492,61.21537602741044,24.383048141334907,0.0,50.71,63.125,48.93030642750374,47.824800697558544,1.1055057299451918,20 to <30%
05133,"Sevier County, Arkansas",15797.0,34.8,51641.0,111700.0,725.0,19.629176591772357,4.868859585567309,15.824468085106384,65.29752501316483,10.929360283392374,0.0,63.66,63.925000000000004,32.094701525606126,31.461669937329873,0.6330315882762549,Under 20%
05135,"Sharp County, Arkansas",17597.0,47.5,42950.0,94600.0,648.0,17.346761590553914,6.514408338442673,28.42879663688912,79.55947136563877,11.92847619794526,0.0,51.05,60.175000000000004,66.88640109109507,60.69216343694948,6.194237654145593,Under 20%
05137,"Stone County, Arkansas",12474.0,49.2,38531.0,149400.0,717.0,21.563233271300266,4.419370004701458,27.24340175953079,75.55421201128577,15.38293216630197,1.0,56.41,60.291666666666664,50.18438351771685,35.27336860670194,14.911014911014911,Under 20%
05139,"Union County, Arkansas",38368.0,41.5,50221.0,114700.0,825.0,19.40515917156629,4.36652916912198,18.95729518298237,72.93223140495867,18.91933145081279,0.0,58.17,65.575,27.75750625521268,33.543577981651374,-5.786071726438699,Under 20%
05141,"Van Buren County, Arkansas",15936.0,49.6,47266.0,122300.0,727.0,19.495616821242535,4.313591235878124,26.830522418757713,78.01827125790584,15.780619111709287,0.0,51.87,60.64166666666667,54.09136546184739,50.514558232931726,3.5768072289156625,Under 20%
05143,"Washington County, Arkansas",251863.0,32.5,66426.0,266000.0,1005.0,14.786385005541753,4.2272014582416135,7.469905208676605,55.56160767595085,34.61428867474873,0.0,47.56,60.15,56.510880915418305,50.91656972242846,5.5943111929898395,30 to <40%
05145,"White County, Arkansas",77395.0,38.4,53435.0,159600.0,806.0,16.42812862187003,5.101713218340484,13.910534768901314,68.23631024356538,19.8029711325235,0.0,50.23,63.15,47.57413269591059,43.11648039279023,4.457652303120357,Under 20%
05147,"Woodruff County, Arkansas",6157.0,44.9,49982.0,96800.0,595.0,22.77443105756359,6.272661348803481,15.861858190709047,65.74645840900835,15.890850722311397,0.0,45.95,63.25833333333333,27.935682962481728,38.330355692707485,-10.394672730225759,Under 20%
05149,"Yell County, Arkansas",20195.0,39.9,58870.0,131300.0,653.0,13.273574394814139,3.4558180227471564,13.408602150537634,67.5152117223395,14.317901010247837,0.0,51.54,62.85833333333333,51.99306759098787,54.766031195840554,-2.7729636048526864,Under 20%
06001,"Alameda County, California",1651949.0,38.7,126240.0,1057400.0,2318.0,9.220637203712096,5.173377522209972,5.962811109737033,54.072299394554534,51.46936470398403,1.0,24.39,59.10833333333333,36.94181842175515,47.478463318177496,-10.536644896422347,40% or more
06003,"Alpine County, California",1695.0,41.1,110781.0,466100.0,1327.1322226671018,12.330383480825958,3.598014888337469,70.19533711405167,80.97251585623678,42.10526315789474,1.0,46.86,43.708333333333336,18.289085545722713,48.37758112094395,-30.088495575221238,40% or more
06005,"Amador County, California",41029.0,49.9,81526.0,422800.0,1380.0,7.754173390830445,6.10548498507288,15.080078228236165,80.0634881115399,22.443391582574453,1.0,41.47,57.6,47.52735869750664,41.897194667186625,5.630164030320017,20 to <30%
06007,"Butte County, California",209470.0,36.3,68574.0,408700.0,1369.0,18.3435076074897,7.110865030007613,9.685662893743968,58.27554799927136,31.72056427344656,1.0,46.4,59.958333333333336,36.387072134434526,32.940277844082686,3.4467942903518405,30 to <40%
06009,"Calaveras County, California",45995.0,52.0,79877.0,441800.0,1615.0,13.3610086100861,5.8512310110005235,35.10642155263062,84.36609487623625,22.185801535272034,1.0,40.81,57.94166666666666,51.353407979128164,49.24448309598869,2.108924883139472,20 to <30%
06011,"Colusa County, California",21895.0,35.7,75149.0,375100.0,1139.0,10.802297572725589,8.388030888030888,8.47125168566875,62.22877042593089,14.523979957050823,0.0,28.54,61.541666666666664,26.353048641242292,30.965973966659053,-4.612925325416762,Under 20%
06013,"Contra Costa County, California",1161458.0,40.3,125727.0,830800.0,2322.0,8.251568308449333,5.915177287717286,3.498247711476025,67.65477503388702,44.91015896659383,0.0,23.62,59.65833333333333,36.67287151149676,40.986415350361355,-4.313543838864599,40% or more
06015,"Del Norte County, California",27293.0,40.8,66780.0,319600.0,1182.0,11.622314844501442,6.417883540652605,13.759411975618502,71.20881405259328,20.974160076562736,1.0,73.63,52.10833333333333,31.326713809401678,30.593925182281172,0.7327886271205071,20 to <30%
06017,"El Dorado County, California",192299.0,46.1,106190.0,640500.0,1626.0,8.263656487028042,4.832444247270524,19.6683570625305,76.38505527014355,38.82410175418806,1.0,51.730000000000004,53.49166666666667,49.33462992527262,48.26338150484402,1.0712484204286035,30 to <40%
06019,"Fresno County, California",1012152.0,33.2,71434.0,362600.0,1300.0,18.673151230636044,8.54979588063693,5.801118703637103,55.416978361885135,23.854495908489586,1.0,28.95,55.36666666666667,19.903137078225406,23.828436835574102,-3.9252997573486987,20 to <30%
06021,"Glenn County, California",28623.0,35.9,70487.0,338400.0,1103.0,12.356584782149644,7.377637433615616,11.027066435796955,63.06463177302059,16.482336518844626,1.0,33.91,60.51666666666667,35.006812703070956,38.67519127974007,-3.668378576669112,Under 20%
06023,"Humboldt County, California",135418.0,39.6,61135.0,418800.0,1249.0,18.907093931987568,8.704147521714573,12.370459081836326,56.26845001640002,32.085138242686774,2.0,65.66,54.28333333333333,26.909273508691605,32.41814234444461,-5.508868835753002,30 to <40%
06025,"Imperial County, California",179319.0,33.0,56393.0,279500.0,1012.0,19.641722853862785,12.557735074414095,15.070160491036498,56.77667676684956,16.100269483279376,2.0,3.5,74.125,25.345891957907416,30.85562600728311,-5.509734049375694,Under 20%
06027,"Inyo County, California",18803.0,45.6,72432.0,338400.0,1140.0,10.482818616789908,2.7453671928620453,16.6,67.09579704657327,31.819817226739584,2.0,9.38,59.758333333333326,40.79136308035952,37.44083390948253,3.3505291708769875,30 to <40%
06029,"Kern County, California",910433.0,32.4,67660.0,310600.0,1220.0,19.047538458934827,8.351949942381173,7.575185315339874,59.812164198197685,18.573575991839803,2.0,13.120000000000001,61.1,25.933813910523895,27.515478898502142,-1.5816649879782476,Under 20%
06031,"Kings County, California",152830.0,32.3,68750.0,305700.0,1228.0,16.772867861847757,9.81795972380096,6.336866902237927,54.81982805926468,13.919095714061436,2.0,12.370000000000001,64.25833333333334,38.37597330367075,41.45782896028267,-3.0818556566119217,Under 20%
06033,"Lake County, California",68139.0,44.2,58738.0,316800.0,1292.0,16.675635276532137,11.461114077237943,23.071985060255027,70.93384918828706,17.743946050883824,2.0,55.57,56.74166666666667,34.7231394649173,33.95999354261143,0.7631459223058747,Under 20%
06035,"Lassen County, California",31177.0,37.8,64395.0,259500.0,1043.0,13.675605788881011,7.6193242327427635,25.93198168737737,68.21192052980132,13.212723998971105,0.0,22.1,46.574999999999996,31.754177759245596,38.8748115598037,-7.120633800558104,Under 20%
06037,"Los Angeles County, California",9848406.0,37.9,87760.0,783300.0,1893.0,13.643018098759088,7.028118933051056,6.4521131408653885,46.07934980682863,35.470992419092156,1.0,25.09,60.74166666666667,17.747440550277883,26.33177389315591,-8.584333342878026,30 to <40%
06039,"Madera County, California",158790.0,34.6,75496.0,367700.0,1307.0,19.8640503263845,10.596134222629734,11.624444091486659,65.52692471862153,17.12878493305018,1.0,28.39,56.15,39.9332451665722,34.07645317715221,5.856791989419989,Under 20%
06041,"Marin County, California",258765.0,47.3,142785.0,1390000.0,2584.0,7.82781712155589,6.10817520309794,7.740926157697121,63.882132925068554,60.459166214800504,1.0,43.08,56.24166666666667,35.9090294282457,40.550306262438895,-4.641276834193187,40% or more
06043,"Mariposa County, California",17060.0,51.6,65378.0,358000.0,1268.0,13.893328597643995,6.915228618213881,23.285014291547572,74.73053892215569,30.861708482676224,1.0,42.56,54.99166666666667,51.524032825322394,48.710433763188746,2.8135990621336457,30 to <40%
06045,"Mendocino County, California",90709.0,43.9,64688.0,486000.0,1325.0,15.161434977578475,9.343476900113153,16.68875768164839,60.873589817761065,24.923685784847603,1.0,58.44,55.56666666666666,26.656671333605264,31.01125577395848,-4.354584440353217,20 to <30%
06047,"Merced County, California",285597.0,31.8,65044.0,368400.0,1284.0,18.4038478667498,10.755123106591023,5.585314139046981,53.30299627681579,14.780215294542995,1.0,16.61,62.03333333333333,32.19571634155821,34.58719804479739,-2.3914817032391795,Under 20%
06049,"Modoc County, California",8646.0,49.0,56648.0,212000.0,818.0,20.276334435521964,5.971968312004875,31.629660661918727,77.32843137254902,23.004038521279902,1.0,18.77,47.050000000000004,32.38491788110109,39.67152440434883,-7.286606523247745,20 to <30%
06051,"Mono County, California",13169.0,40.3,86953.0,514300.0,1593.0,11.037071078431373,2.038668946468499,59.49970657276995,69.17225140373121,34.32124352331606,2.0,25.02,43.050000000000004,49.510213379907356,63.25461310653808,-13.744399726630723,30 to <40%
06053,"Monterey County, California",435834.0,35.3,94486.0,723100.0,1995.0,12.581479466697207,5.133644030634618,8.719125667950145,52.2795086560744,27.883727092389552,1.0,29.09,58.23333333333333,26.126919882340523,36.45654079305424,-10.329620910713713,20 to <30%
06055,"Napa County, California",136070.0,42.8,108970.0,838800.0,2141.0,8.428584285842858,5.080042391789379,10.679664034819517,64.40408352294465,38.517125422897266,1.0,39.4,59.09166666666667,36.525317851106045,41.18468435364151,-4.65936650253546,30 to <40%
06057,"Nevada County, California",102452.0,50.3,84905.0,602800.0,1635.0,10.59142434696895,4.669445584328632,22.43011429947574,74.43937620901296,39.46003256465599,1.0,54.53,51.69166666666666,49.67204154140475,49.42802483114043,0.2440167102643189,30 to <40%
06059,"Orange County, California",3164063.0,39.1,113702.0,915500.0,2352.0,9.485842405883984,5.344677487408736,5.605666537546345,56.44654000264271,43.401037672660124,2.0,20.509999999999998,63.425000000000004,28.388815266952648,35.26004381075851,-6.871228543805859,40% or more
06061,"Placer County, California",412435.0,42.4,114678.0,658800.0,1991.0,6.7050595456435085,4.491901666970529,11.808798579153734,74.27905959259307,42.89064398957895,1.0,52.73,53.13333333333333,60.61803678155346,46.79767720974214,13.820359571811316,40% or more
06063,"Plumas County, California",19607.0,52.1,64946.0,327400.0,1034.0,10.730168579997931,9.723100265520292,46.432134069295735,74.78584729981378,20.46291425565492,1.0,47.95,46.98333333333333,40.0367215790279,49.26811852909675,-9.231396950068852,20 to <30%
06065,"Riverside County, California",2449909.0,36.7,89672.0,510300.0,1814.0,11.061186961841587,6.5828050883077,11.372467856220975,68.85969400472821,25.084017687934303,4.0,9.97,68.05833333333334,41.07540320885388,38.02835125712833,3.047051951725554,20 to <30%
06067,"Sacramento County, California",1584047.0,37.2,88724.0,498900.0,1702.0,12.615334884015095,6.443128204999987,4.2776811945769655,58.628918575981615,33.28378226721884,1.0,21.8,62.21666666666667,32.180232025943674,35.68139076681437,-3.501158740870694,30 to <40%
06069,"San Benito County, California",66056.0,35.9,108289.0,751500.0,1922.0,7.794699969540055,5.957322420344928,3.577398863256436,67.43114721616801,22.386651323360184,1.0,23.61,58.324999999999996,47.929029914012354,44.7801865084171,3.1488434055952523,20 to <30%
06071,"San Bernardino County, California",2187816.0,34.4,82184.0,475000.0,1706.0,13.573704414229491,7.1408656021502575,9.55012287840116,61.53870336105772,22.901440338137302,2.0,7.55,65.75,38.752344804133436,40.29954987073867,-1.5472050666052355,20 to <30%
06073,"San Diego County, California",3282782.0,37.1,102285.0,791600.0,2154.0,10.352697290340359,6.231133301570363,6.51173175711567,54.50784689374749,42.08987125049854,1.0,21.02,62.050000000000004,32.19068460835962,37.89468810295658,-5.704003494596961,40% or more
06075,"San Francisco County, California",836321.0,39.7,141446.0,1380500.0,2419.0,10.582881322583857,5.624034281310692,11.880196917933041,38.497173583344825,60.12076421243265,1.0,30.89,56.78333333333333,48.584215869265506,56.36472120154821,-7.7805053322827,40% or more
06077,"San Joaquin County, California",787416.0,35.2,88531.0,494500.0,1633.0,12.555379204453878,7.36676232379715,6.016914175356078,61.53215148338878,21.572958036625103,1.0,18.57,62.23333333333333,37.03379154093897,34.27667205136802,2.757119489570951,20 to <30%
06079,"San Luis Obispo County, California",281486.0,40.2,93398.0,777200.0,1899.0,12.846981198265373,5.0528730325894085,12.79240175861489,61.89610365758469,39.201400387945306,1.0,29.07,59.074999999999996,35.671401064351336,35.067463390719254,0.6039376736320812,30 to <40%
06081,"San Mateo County, California",745100.0,40.6,156000.0,1494500.0,2893.0,6.491334958028703,4.472427163812526,7.400948318730346,59.08843372764953,53.07123407216751,1.0,35.25,56.88333333333333,42.55804589987921,50.93678700845524,-8.37874110857603,40% or more
06083,"Santa Barbara County, California",443975.0,34.5,95977.0,735700.0,2050.0,13.772857655073503,6.149904779178381,6.763641826170775,52.86922663802363,35.869939954606835,1.0,32.74,58.09166666666667,26.49023030576046,34.35328565797624,-7.863055352215778,30 to <40%
06085,"Santa Clara County, California",1903297.0,37.9,159674.0,1382800.0,2814.0,6.864609510211955,4.461700107746979,5.724788932439655,55.298433687260015,55.86562705035025,1.0,31.82,58.041666666666664,33.53864373242852,44.22431181260728,-10.685668080178763,40% or more
06087,"Santa Cruz County, California",266021.0,39.6,109266.0,1015200.0,2172.0,11.21779290228488,5.612906425580456,9.154592769728513,59.97749630960123,43.55796468303216,1.0,43.68,57.541666666666664,29.715699136534333,36.94069265208386,-7.224993515549524,40% or more
06089,"Shasta County, California",181554.0,41.7,71931.0,347200.0,1267.0,12.975765955898407,6.240849194729136,10.376435772683955,65.35474934590684,23.266685790040857,1.0,45.900000000000006,55.30833333333334,35.87362437621864,34.66186368793858,1.2117606882800709,20 to <30%
06091,"Sierra County, California",2731.0,56.0,60000.0,334100.0,1181.0,12.34333459931637,12.189054726368159,42.54406860409719,78.27529021558873,24.404761904761905,1.0,51.21,46.583333333333336,39.179787623581106,45.038447455144635,-5.858659831563529,20 to <30%
06093,"Siskiyou County, California",43834.0,47.4,55499.0,284500.0,1043.0,16.573389529929294,7.675341861490957,18.030867944160235,69.70434230708203,23.083615573439392,1.0,34.7,49.291666666666664,31.550850937628326,41.67997444905781,-10.129123511429484,20 to <30%
06095,"Solano County, California",450824.0,39.1,99994.0,589600.0,2088.0,9.692347788643497,5.860942645814962,4.6832461533755465,63.22849807445443,28.367041437079976,1.0,26.31,60.725,43.311802388515254,43.038968644082836,0.2728337444324171,20 to <30%
06097,"Sonoma County, California",485642.0,42.7,102840.0,779000.0,2093.0,8.571028819990437,5.192003174688792,7.668222509802781,62.199603145439845,37.8469385158651,1.0,53.0,56.89166666666667,28.941071818335317,29.009023107556594,-0.06795128922127823,30 to <40%
06099,"Stanislaus County, California",552250.0,34.8,79661.0,426600.0,1528.0,13.148439213392791,7.766733088379272,4.224381241858445,61.00296389488657,19.13694570103663,1.0,18.81,61.43333333333334,29.504753282028066,31.48392937980987,-1.9791760977818018,Under 20%
06101,"Sutter County, California",98971.0,36.4,75450.0,399400.0,1364.0,14.773213739679951,7.026050160885088,4.15501283123324,59.18170878459687,20.20745235030949,0.0,23.12,63.15,37.62718372048378,47.3674106556466,-9.740226935162825,20 to <30%
06103,"Tehama County, California",65520.0,40.1,61834.0,315600.0,1159.0,15.419291095467457,6.714374383876739,10.671620046620047,67.57726494332545,18.843192237503896,0.0,42.410000000000004,58.541666666666664,39.346764346764346,40.9035409035409,-1.5567765567765568,Under 20%
06105,"Trinity County, California",15886.0,54.8,53498.0,329000.0,922.0,18.00139940207366,5.941343424787133,33.84634326520561,73.03182579564489,18.04651919323357,1.0,62.650000000000006,52.85,24.86466070754123,23.416845020773007,1.4478156867682237,Under 20%
06107,"Tulare County, California",475774.0,31.9,69489.0,303000.0,1206.0,17.757265815460414,8.846013660956457,6.893839073828847,58.618140340501036,15.839490911134211,1.0,34.76,54.00833333333333,21.611101068994945,23.66669889485344,-2.055597825858496,Under 20%
06109,"Tuolumne County, California",54873.0,48.8,72259.0,406200.0,1247.0,10.71966915317126,7.947540983606557,27.56978184243117,74.14617037134464,23.944468298268212,1.0,53.589999999999996,49.61666666666667,36.08331966540922,37.7781422557542,-1.6948225903449785,20 to <30%
06111,"Ventura County, California",838259.0,39.4,107327.0,768400.0,2248.0,9.017859300611422,5.463125584373702,5.635820004004738,64.15796004243917,35.66576039958768,1.0,37.29,57.291666666666664,29.31075001878894,33.89405899608594,-4.583308977296993,30 to <40%
06113,"Yolo County, California",217782.0,32.3,88818.0,593800.0,1757.0,16.264787793673086,5.344937574045384,6.012778534024993,53.556889352818374,44.08385081248705,0.0,26.55,61.6,43.33232314883691,50.94544085369773,-7.613117704860824,40% or more
06115,"Yuba County, California",83079.0,33.9,73313.0,380000.0,1209.0,15.31778804327848,7.289079229122056,6.733357705473761,63.31824822720308,17.8964071177604,2.0,37.980000000000004,60.6,75.47033546383562,65.44373427701345,10.026601186822182,Under 20%
08001,"Adams County, Colorado",524408.0,34.6,91387.0,458400.0,1713.0,9.415802805099762,4.600842494605979,3.5465283028707013,68.87394303756406,28.022549920336797,0.0,23.099999999999998,49.26666666666666,72.20904334029991,69.80824091165657,2.4008024286433463,20 to <30%
08003,"Alamosa County, Colorado",16515.0,33.1,51445.0,218800.0,904.0,18.226695730221824,2.498769079271295,8.08617795187465,56.39269406392694,29.30637573816435,0.0,7.91,43.949999999999996,62.42809567060248,54.98032092037542,7.447774750227066,20 to <30%
08005,"Arapahoe County, Colorado",655709.0,37.3,97215.0,526000.0,1812.0,8.50319671941959,4.68131154055803,4.545454545454546,65.12387254322738,45.74243117289475,1.0,24.2,48.74166666666667,73.05069779429594,79.83266967511503,-6.781971880819083,40% or more
08007,"Archuleta County, Colorado",13730.0,52.2,76524.0,451400.0,1409.0,8.334558283110393,1.8243461414271875,39.196704428424304,77.4559620596206,40.71008094186902,0.0,20.82,43.51666666666667,73.85287691187182,63.21922796795339,10.633648943918427,40% or more
08009,"Baca County, Colorado",3460.0,43.0,40380.0,122000.0,490.0,24.07847800237812,1.3106159895150722,19.788519637462237,71.87696170747019,24.077046548956663,1.0,20.63,54.475,20.809248554913296,28.034682080924856,-7.22543352601156,20 to <30%
08011,"Bent County, Colorado",5524.0,41.7,49194.0,137900.0,854.0,31.702728127939793,4.613541042540444,13.314840499306518,66.08,14.173591874422899,0.0,17.73,53.68333333333333,45.07603186097031,27.8783490224475,17.19768283852281,Under 20%
08013,"Boulder County, Colorado",328317.0,37.5,102772.0,713900.0,1893.0,11.449994773138366,4.6194205968207545,5.307088488820733,62.45729497892479,63.90899548172151,0.0,23.2,43.96666666666667,57.43229866257306,61.63555344377538,-4.203254781202314,40% or more
08014,"Broomfield County, Colorado",75110.0,38.8,121025.0,631600.0,2074.0,4.95042872454448,3.2521072092969843,4.153622020396144,62.58853206558649,58.64371178875511,0.0,20.31,50.449999999999996,107.01637598189322,107.18945546531754,-0.173079483424311,40% or more
08015,"Chaffee County, Colorado",19876.0,47.6,70909.0,598500.0,1514.0,9.967567567567567,5.21875,18.73619089703933,72.94181620445895,45.424692137669716,0.0,16.89,37.80833333333333,82.15938820688267,62.03461461058563,20.124773596297043,40% or more
08017,"Cheyenne County, Colorado",1732.0,43.0,67768.0,187100.0,862.0,11.413364872856299,1.9271948608137044,22.17616580310881,72.70306258322238,24.396135265700483,1.0,16.46,51.625,25.981524249422634,35.79676674364896,-9.815242494226329,20 to <30%
08019,"Clear Creek County, Colorado",9358.0,49.2,96667.0,572800.0,1230.0,6.798103856927386,4.1870202372644805,21.7753120665742,82.55762411347517,56.26255860683188,0.0,26.189999999999998,36.666666666666664,71.5964949775593,72.77195982047446,-1.1754648429151529,40% or more
08021,"Conejos County, Colorado",7536.0,38.8,47209.0,162100.0,724.0,13.778371161548732,4.635761589403973,23.31197634302612,74.51799485861183,23.279793773547492,0.0,14.92,40.824999999999996,39.80891719745223,40.73779193205945,-0.9288747346072187,20 to <30%
08023,"Costilla County, Colorado",3571.0,50.7,36519.0,171300.0,857.0,22.331737538721487,4.528012279355334,34.90488006617039,78.52604828462516,27.848101265822784,0.0,13.67,41.833333333333336,67.20806496779613,43.405208625035,23.80285634276113,20 to <30%
08025,"Crowley County, Colorado",5734.0,39.6,47563.0,106700.0,976.0,18.242757960258558,5.555555555555555,13.159609120521173,65.7914478619655,12.656139523921754,0.0,14.469999999999999,52.53333333333333,25.98535054063481,32.438088594349495,-6.452738053714684,Under 20%
08027,"Custer County, Colorado",5073.0,58.6,72700.0,358800.0,1021.0,9.676145339652448,5.59889857732905,43.71119797654633,85.66176470588235,35.267857142857146,0.0,18.72,41.90833333333333,93.8300808200276,81.60851567120048,12.221565148827125,30 to <40%
08029,"Delta County, Colorado",31353.0,48.4,58330.0,318000.0,1080.0,14.205669083717865,3.151907733628249,15.2903355435001,76.39943074003796,25.681219501662564,0.0,17.11,46.68333333333334,54.82728925461678,43.536503683858,11.290785570758779,20 to <30%
08031,"Denver County, Colorado",713734.0,35.2,91681.0,586700.0,1770.0,11.210627494737983,4.598887161628572,6.527355903265238,49.12585184690726,55.6466650320182,0.0,20.46,50.64166666666667,87.8842818192772,92.48403466837786,-4.599752849100645,40% or more
08033,"Dolores County, Colorado",2385.0,57.2,70490.0,231900.0,1688.0,18.78406708595388,2.5223759153783565,24.51219512195122,84.08723747980613,24.707676664972038,0.0,21.1,42.65,26.834381551362682,21.80293501048218,5.031446540880503,20 to <30%
08035,"Douglas County, Colorado",368283.0,39.5,145737.0,674000.0,2095.0,3.2270812098352257,3.550684618460894,3.139275092143274,77.76757511202527,60.93381556306163,1.0,25.26,46.98333333333333,82.24110263031419,67.28792803360459,14.953174596709596,40% or more
08037,"Eagle County, Colorado",55374.0,39.3,103174.0,814700.0,2032.0,8.272766916200306,4.196717419048467,37.49514272903901,67.57209124384295,50.2692683415575,0.0,21.77,38.800000000000004,50.85419149781486,63.33297215299599,-12.478780655181131,40% or more
08039,"Elbert County, Colorado",27152.0,44.8,129477.0,664600.0,1436.0,5.329396567632404,2.992825418517253,5.258510742666536,94.42891167029099,35.172343463185804,1.0,24.169999999999998,47.65833333333333,93.98939304655273,67.25103123158515,26.73836181496759,30 to <40%
08041,"El Paso County, Colorado",736008.0,35.0,87470.0,431000.0,1609.0,8.533097115285043,5.462822043646836,4.575859384740845,66.38180058903713,41.12205225996827,1.0,22.13,48.61666666666667,66.61340637601765,66.88378387191443,-0.2703774958967837,40% or more
08043,"Fremont County, Colorado",49394.0,44.9,61027.0,282100.0,1036.0,13.975230109392319,4.369116926927472,13.467651229888991,76.1514552133371,21.03674404080358,0.0,14.49,45.78333333333333,48.83184192412034,44.013442928290885,4.818398995829453,20 to <30%
08045,"Garfield County, Colorado",62034.0,37.2,86172.0,490600.0,1515.0,9.07170231583085,3.6381681553948675,6.367694805194805,69.71522690823979,33.408893604707245,0.0,23.95,43.14166666666667,49.95647548118774,49.263307218622046,0.6931682625656898,30 to <40%
08047,"Gilpin County, Colorado",5877.0,48.7,88654.0,512600.0,1340.0,9.984506799793424,2.971396834212719,16.999460334592552,79.58387516254876,48.37764287209546,0.0,25.05,38.641666666666666,65.8499234303216,70.44410413476264,-4.594180704441041,40% or more
08049,"Grand County, Colorado",15794.0,45.5,84558.0,507200.0,1451.0,9.01015228426396,4.418057338468121,62.08252626636145,76.37770897832817,41.78009617735757,0.0,21.59,36.483333333333334,78.57414207927062,68.69697353425352,9.877168545017096,40% or more
08051,"Gunnison County, Colorado",17158.0,37.0,77358.0,597200.0,1191.0,13.083013732525053,3.662833827893175,35.997732426303855,66.93660635201822,59.265427769985976,0.0,21.29,37.71666666666667,55.19291292691456,57.93215992539923,-2.739246998484672,40% or more
08055,"Huerfano County, Colorado",6946.0,55.1,52139.0,256700.0,739.0,17.51064142081315,11.075441412520064,40.294736842105266,77.29196050775741,27.061270801815432,0.0,15.73,47.31666666666666,62.482004031097034,64.4975525482292,-2.0155485171321623,20 to <30%
08059,"Jefferson County, Colorado",579715.0,40.4,107800.0,604400.0,1792.0,6.702887459570843,3.8729590695593825,4.43979090941664,70.61004620236552,50.74602397674925,1.0,21.76,45.88333333333333,68.51642617493079,67.94718094235961,0.5692452325711772,40% or more
08061,"Kiowa County, Colorado",1356.0,43.9,56389.0,148600.0,869.0,12.791572610985703,0.0,18.46590909090909,69.68641114982579,20.634920634920636,1.0,18.2,52.50833333333333,28.761061946902654,29.49852507374631,-0.7374631268436578,20 to <30%
08063,"Kit Carson County, Colorado",7015.0,39.0,59810.0,221400.0,916.0,9.144755850910142,2.795820389720418,14.944541739638062,68.29100892244338,18.436109345200254,1.0,18.4,51.05833333333334,41.05488239486814,34.21240199572345,6.84248039914469,Under 20%
08065,"Lake County, Colorado",7411.0,36.9,93655.0,401300.0,1599.0,7.2155030236393625,2.2861981371718882,26.63030002479544,76.03920243325447,46.07824243592214,0.0,22.35,33.85,67.1974092565106,70.43583861827014,-3.2384293617595468,40% or more
08067,"La Plata County, Colorado",56088.0,42.3,85296.0,549100.0,1409.0,12.449318098046444,3.130208680578705,18.91797434732464,70.95689655172414,47.259687171076784,0.0,20.12,44.56666666666666,53.71915561260876,52.23933818285551,1.479817429753245,40% or more
08069,"Larimer County, Colorado",363561.0,36.6,91364.0,532200.0,1677.0,11.093363488585766,4.52854601326217,6.369454293868373,64.3203515184303,51.73804084344712,0.0,22.79,41.90833333333333,60.38601500160908,57.52542214373929,2.8605928578697934,40% or more
08071,"Las Animas County, Colorado",14392.0,46.5,50408.0,214500.0,875.0,17.393212404915154,5.587392550143266,17.61740840914679,70.10893896433367,17.26598441460896,0.0,15.72,51.166666666666664,46.13674263479711,47.73485269594219,-1.5981100611450807,Under 20%
08073,"Lincoln County, Colorado",5561.0,40.7,54257.0,232100.0,854.0,10.335260115606937,1.8047200370198981,17.40041928721174,71.06598984771574,25.71564885496183,1.0,17.44,49.80833333333334,31.109512677575974,48.7322424024456,-17.62272972486963,20 to <30%
08075,"Logan County, Colorado",21067.0,39.1,55074.0,228100.0,1027.0,13.084795321637428,5.609284332688588,6.44161212538753,68.29896907216495,18.90750758675287,1.0,19.72,49.44166666666666,40.679736080125316,42.53097261119286,-1.8512365310675465,Under 20%
08077,"Mesa County, Colorado",157316.0,40.8,71485.0,349400.0,1154.0,11.169893539296524,5.111845449923742,6.24736788603128,71.89237751514119,30.62717675963174,0.0,15.58,47.791666666666664,43.62556891860968,34.249535965826745,9.376032952782934,30 to <40%
08081,"Moffat County, Colorado",13258.0,37.9,70975.0,262500.0,1051.0,11.654249657898738,4.005461993627674,13.264638534510958,72.11012634357911,21.00496963003865,0.0,13.91,42.96666666666667,55.2873736611857,51.5160657716096,3.771307889576105,20 to <30%
08083,"Montezuma County, Colorado",26204.0,44.5,63005.0,308100.0,974.0,13.19930407887106,4.4800411170121635,11.361052460613935,74.8327989005955,30.81438004402054,0.0,16.53,48.708333333333336,47.397343916959244,39.23065180888414,8.166692108075104,30 to <40%
08085,"Montrose County, Colorado",43272.0,45.7,66072.0,357900.0,1120.0,11.9112667834209,4.239603359303855,9.77919604714602,74.64772662445091,28.266283524904214,0.0,14.030000000000001,47.824999999999996,57.56609354779072,46.19615455721945,11.36993899057127,20 to <30%
08087,"Morgan County, Colorado",29186.0,36.9,75407.0,299300.0,1092.0,12.272616179602668,4.197818780437616,5.458440445586975,65.10468594217348,17.56522652107722,0.0,23.130000000000003,49.275,43.308435551291716,49.44151305420407,-6.133077502912355,Under 20%
08089,"Otero County, Colorado",18460.0,40.9,54897.0,160700.0,796.0,23.60031104199067,4.5805207328833175,12.401146131805158,68.87347900039252,18.802062673542245,0.0,15.84,53.55833333333334,41.603466955579634,42.03683640303358,-0.4333694474539545,Under 20%
08091,"Ouray County, Colorado",5024.0,55.6,84556.0,670100.0,1398.0,5.0418493423674775,3.2139951179820994,27.466820542412,78.00318217979316,53.96270396270396,0.0,19.01,41.675000000000004,82.20541401273886,69.26751592356688,12.937898089171975,40% or more
08093,"Park County, Colorado",17739.0,51.7,95450.0,489300.0,1942.0,7.19604388108907,3.521434820647419,41.18507171703106,87.39197348170948,38.82613817476266,0.0,18.09,37.85,78.75303004678956,71.48091775184622,7.272112294943345,30 to <40%
08095,"Phillips County, Colorado",4491.0,40.3,60372.0,255300.0,947.0,15.745355686452198,0.786308973172988,10.839328537170264,74.93275954814416,25.654623798475306,0.0,18.56,50.19166666666667,43.197506123357826,41.638833221999555,1.558672901358272,20 to <30%
08097,"Pitkin County, Colorado",17119.0,47.3,100318.0,1131200.0,1880.0,7.154576350638697,1.5374202281957068,32.352059925093634,67.50083047281586,63.969545420616555,0.0,28.25,36.949999999999996,60.5759682224429,72.84303989719025,-12.267071674747356,40% or more
08099,"Prowers County, Colorado",11931.0,38.5,57601.0,150900.0,741.0,17.17041246878498,4.751884972821322,16.50201244054153,70.3111305872042,18.839050131926122,1.0,20.32,53.65833333333333,32.43650993210963,36.962534573799346,-4.526024641689716,Under 20%
08101,"Pueblo County, Colorado",168726.0,40.4,62250.0,271800.0,1059.0,15.420734343883412,5.414326403492427,7.140803220550177,68.315736699304,25.01743879408612,0.0,15.34,52.949999999999996,41.22067731114351,38.07356305489373,3.1471142562497776,20 to <30%
08103,"Rio Blanco County, Colorado",6518.0,39.1,72620.0,243400.0,924.0,8.982805720713483,4.3391851606492216,21.319951338199512,75.87939698492463,26.589861751152075,0.0,19.36,43.50833333333333,48.941393065357474,55.23166615526235,-6.290273089904879,20 to <30%
08105,"Rio Grande County, Colorado",11394.0,43.2,62166.0,215400.0,782.0,14.911178898259465,7.969605937444778,23.456038941283847,68.40222575516694,31.107354184277263,0.0,10.870000000000001,40.71666666666666,53.361418290328245,66.61400737230122,-13.252589081972967,30 to <40%
08107,"Routt County, Colorado",24990.0,42.6,104803.0,756200.0,1845.0,6.40402075226978,2.4608967674661106,37.213977413823685,75.88285149260759,52.122591573152654,0.0,24.580000000000002,39.15833333333333,59.903961584633855,66.38655462184875,-6.482593037214886,40% or more
08109,"Saguache County, Colorado",6511.0,49.8,54283.0,200000.0,746.0,17.620737540503008,7.875516036837091,15.033871808233455,75.06899724011039,30.711462450592887,0.0,13.6,39.550000000000004,55.90539087697742,51.60497619413301,4.300414682844417,30 to <40%
08113,"San Miguel County, Colorado",8026.0,42.7,80117.0,613100.0,1173.0,8.414481897627965,4.136833731105807,39.4792612776264,65.20760380190094,65.20638937213349,0.0,17.16,44.583333333333336,55.569399451781706,66.65836032893097,-11.088960877149265,40% or more
08115,"Sedgwick County, Colorado",2346.0,42.9,52833.0,142700.0,728.0,14.507772020725389,2.2628372497824194,15.54054054054054,72.3,27.39891369945685,0.0,18.98,49.63333333333333,57.11849957374254,36.65814151747656,20.460358056265985,20 to <30%
08117,"Summit County, Colorado",30857.0,39.2,106255.0,850700.0,1851.0,7.424193022497555,3.334678639895066,61.23269176426261,69.21519397424476,52.46638637971944,0.0,23.71,34.78333333333333,73.69478562400752,87.07910684771689,-13.38432122370937,40% or more
08119,"Teller County, Colorado",24774.0,52.0,80666.0,445000.0,1746.0,7.587493410113955,3.423657309751744,16.743119266055047,82.20918866080156,37.82983718675037,1.0,20.97,40.34166666666667,83.31315088399128,82.26366351820457,1.0494873657867119,30 to <40%
08121,"Washington County, Colorado",4839.0,41.2,65164.0,218300.0,991.0,7.59956942949408,3.3521985198084456,9.210526315789474,71.73913043478261,24.88276670574443,1.0,21.53,49.05833333333334,36.371151064269476,33.064682785699524,3.3064682785699526,20 to <30%
08123,"Weld County, Colorado",340711.0,35.2,93287.0,444500.0,1469.0,9.046413098402466,4.739714502674147,4.01014132269081,75.54970463010024,31.956224350205197,0.0,19.27,48.6,70.70214932890339,55.14937879904083,15.552770529862553,30 to <40%
08125,"Yuma County, Colorado",9921.0,39.6,60051.0,215600.0,897.0,14.985921368234436,5.2327894946279345,8.487511563367253,69.85089714430124,25.968523002421307,0.0,18.0,51.18333333333334,26.912609615966133,47.17266404596311,-20.260054429996977,20 to <30%
10001,"Kent County, Delaware",185043.0,38.5,72872.0,290600.0,1285.0,11.2880471006443,5.469355654176732,6.592263690547622,70.97340584985653,26.738212582877143,0.0,43.61,57.64166666666667,51.22593127002913,43.03864507168604,8.187286198343088,20 to <30%
10003,"New Castle County, Delaware",573030.0,39.2,89901.0,329800.0,1379.0,10.20354277954801,4.907556768829879,5.153643584322101,68.51168235827095,39.221112903751916,0.0,45.6,56.78333333333333,34.359457620019896,33.32809800534003,1.0313596146798596,30 to <40%
10005,"Sussex County, Delaware",247799.0,51.4,78162.0,353300.0,1221.0,11.5000449923513,5.1221448256794,30.216221332756383,81.26786354432097,32.56618459616586,0.0,43.83,58.30833333333334,57.13501668691157,34.14460913885851,22.99040754805306,30 to <40%
11001,"District of Columbia, District of Columbia",672079.0,34.9,106287.0,724600.0,1900.0,14.530603172839163,6.483062156622805,9.700899463916135,41.13995695928548,63.563622250756595,0.0,38.03,58.48333333333333,61.452597090520605,65.27357646943291,-3.8209793789123006,40% or more
12001,"Alachua County, Florida",281751.0,32.2,59659.0,266800.0,1255.0,19.663919552396795,4.33066689299582,10.28305038901529,54.066468042846,47.6699339751607,1.0,57.92,71.3,51.77976298220769,54.221635415668445,-2.441872433460751,40% or more
12003,"Baker County, Florida",28186.0,38.1,70833.0,225000.0,1011.0,13.055919875998569,4.322623385226897,9.997003894936583,83.20017754105636,15.335581076809609,1.0,52.45,69.93333333333334,51.23110764209182,37.00418647555524,14.22692116653658,Under 20%
12005,"Bay County, Florida",181368.0,41.4,70188.0,276900.0,1424.0,11.669852088085777,3.573052398114777,28.331873946652355,68.2834546362227,28.041329254856034,1.0,55.28,70.14999999999999,76.00569008865952,53.61475012130034,22.39093996735918,20 to <30%
12007,"Bradford County, Florida",27888.0,40.5,59740.0,180300.0,838.0,19.050410316529895,6.631919482386772,15.906151856641419,70.85896309314587,14.994318462526556,1.0,56.04,70.85000000000001,59.88238668961561,44.248422260470456,15.633964429145152,Under 20%
12009,"Brevard County, Florida",620533.0,46.8,75817.0,304400.0,1456.0,9.895207429855269,4.833368537963083,14.457602195197326,76.92078653692698,33.53988571773184,1.0,57.6,74.75833333333334,56.18718102018748,39.87217440490675,16.315006615280733,30 to <40%
12011,"Broward County, Florida",1946127.0,41.3,74534.0,380400.0,1804.0,12.232563109555885,5.565199215205628,13.179505241401044,63.25990295874412,35.79891532577914,1.0,77.03,77.70833333333333,42.26034580477019,49.04202038202029,-6.781674577250097,30 to <40%
12013,"Calhoun County, Florida",13593.0,41.8,46901.0,134000.0,680.0,21.23548851792221,4.099378881987578,18.329507328271234,76.88648648648649,13.100744017695556,1.0,54.68,69.45,44.655337305966306,46.49451923784301,-1.8391819318767013,Under 20%
12015,"Charlotte County, Florida",195083.0,60.0,66154.0,291000.0,1289.0,9.55535275977091,5.552423900789177,23.902422030813177,83.16929133858268,25.310375406443985,1.0,46.3,75.66666666666667,83.42602892102336,64.218819681879,19.207209239144365,20 to <30%
12017,"Citrus County, Florida",158693.0,56.9,55355.0,223200.0,1069.0,15.496088079240483,6.8336797578674835,16.442691537696152,84.83235534640824,20.40040387467264,1.0,48.3,73.05833333333334,73.37437694164204,46.81365907759007,26.560717864051973,20 to <30%
12019,"Clay County, Florida",223436.0,40.2,86094.0,281500.0,1464.0,9.138814631873673,3.814746215819199,6.204325130499627,76.24423596756242,28.69454156077045,1.0,56.519999999999996,71.83333333333333,84.76252707710485,68.95486850820816,15.807658568896686,20 to <30%
12021,"Collier County, Florida",387681.0,53.1,86173.0,486800.0,1752.0,10.453238459374708,4.016483903538639,31.46780157796977,75.9789142583625,39.54141631831966,1.0,50.839999999999996,77.14999999999999,59.53606186529647,53.19063869521591,6.345423170080556,30 to <40%
12023,"Columbia County, Florida",70755.0,40.7,55070.0,186400.0,915.0,17.02240467786648,6.300156504944891,11.12884986363334,70.87574850299401,16.345140633865608,1.0,54.2,69.65833333333333,53.45205285845523,44.26542293830825,9.186629920146986,Under 20%
12027,"DeSoto County, Florida",34719.0,42.8,50868.0,151500.0,910.0,23.080415241669442,8.615689325882435,19.455228155030866,71.31005056890012,10.978706778667709,1.0,49.97,74.80833333333334,54.00501166508252,45.162591088453006,8.842420576629511,Under 20%
12029,"Dixie County, Florida",16952.0,45.8,47655.0,96900.0,792.0,19.29115903316177,5.10960936212296,34.54351308061933,83.83360522022838,8.086400499064254,1.0,61.58,71.31666666666666,59.10806984426616,36.219915054270885,22.88815478999528,Under 20%
12031,"Duval County, Florida",1007189.0,36.7,68447.0,274900.0,1385.0,14.619397748421148,4.497399023802162,9.150659496889759,58.06525661563069,33.090804604339816,1.0,55.63,71.55833333333332,51.12347335008623,50.364926543081786,0.758546807004445,30 to <40%
12033,"Escambia County, Florida",323275.0,38.1,65715.0,234200.0,1234.0,14.490203288333246,5.917378992775293,13.127209198391094,63.9993140647897,28.929787137475603,0.0,49.42,70.14999999999999,58.84154357744954,55.79460211893898,3.046941458510556,20 to <30%
12035,"Flagler County, Florida",121710.0,52.6,72923.0,333400.0,1687.0,9.42011559543257,3.6572157970061503,14.053315105946686,81.52338158104024,30.439250752214264,1.0,55.519999999999996,73.33333333333333,93.00796976419358,57.27549092104182,35.73247884315175,30 to <40%
12037,"Franklin County, Florida",12418.0,49.2,62734.0,254300.0,1044.0,17.31177829099307,6.932688432083837,41.97734780556866,77.22651484343228,25.285036827767126,1.0,60.980000000000004,70.30833333333334,48.63907231438235,42.035754549847,6.603317764535352,20 to <30%
12039,"Gadsden County, Florida",43642.0,42.0,46047.0,154700.0,792.0,27.660778428381636,4.382089552238806,13.69109947643979,72.93296936609039,20.08236909197882,1.0,54.89,69.5,48.7145410384492,45.50662206131708,3.2079189771321204,20 to <30%
12041,"Gilchrist County, Florida",18494.0,42.7,61070.0,191000.0,855.0,11.15569823434992,3.2129032258064516,10.18578667013122,83.71184724432229,14.521527460824585,1.0,58.49,70.97500000000001,74.34843733102628,57.36995782415919,16.978479506867092,Under 20%
12043,"Glades County, Florida",12324.0,45.8,38905.0,114800.0,927.0,21.151066136610048,6.247075339260646,31.03448275862069,79.69298245614036,12.709832134292565,0.0,48.7,75.39999999999999,74.73222979552094,57.36773774748458,17.36449204803635,Under 20%
12045,"Gulf County, Florida",14772.0,47.3,67361.0,235700.0,1161.0,11.604207758053912,3.2121426050123545,36.55655217676657,80.25862068965517,24.487354750512644,1.0,61.2,70.05,75.48063904684538,53.00568643379366,22.47495261305172,20 to <30%
12047,"Hamilton County, Florida",13445.0,40.6,47696.0,110400.0,819.0,27.349869451697128,7.91530123519032,22.667612628591698,74.88532110091744,11.205921661354992,1.0,56.67,68.77499999999999,51.245816288583114,45.890665674972105,5.355150613611007,Under 20%
12049,"Hardee County, Florida",25508.0,35.9,54231.0,129400.0,954.0,24.25153504128732,6.826875919568416,17.56373937677054,71.44084437898871,12.254286909242994,1.0,47.629999999999995,74.79166666666667,48.02414928649835,45.319115571585385,2.7050337149129686,Under 20%
12051,"Hendry County, Florida",40798.0,35.7,53044.0,189700.0,958.0,21.593354351198517,4.388602884958459,10.838288893151736,72.36804360298336,10.729138845434774,0.0,43.48,75.98333333333333,72.08686700328448,53.13985979704888,18.9470072062356,Under 20%
12053,"Hernando County, Florida",201512.0,48.1,63193.0,240700.0,1209.0,12.007097990583064,5.837932036015103,11.481355298875712,81.82484108065157,20.437961042145798,1.0,47.309999999999995,73.64999999999999,75.97562428043987,52.096153082694826,23.879471197745048,20 to <30%
12055,"Highlands County, Florida",103808.0,54.2,55581.0,177900.0,980.0,15.39267323243201,5.858798735511065,20.905209516923183,78.91735411270487,19.72793341201317,0.0,55.93,74.98333333333333,61.372919235511716,46.58600493218249,14.786914303329223,Under 20%
12057,"Hillsborough County, Florida",1489634.0,37.8,75011.0,333300.0,1543.0,13.195051607844638,4.543275700754905,7.800135873960726,61.064424787455394,37.155222819446415,1.0,43.93,74.925,53.78032456294633,54.79332507179616,-1.0130005088498248,30 to <40%
12059,"Holmes County, Florida",19626.0,42.4,48236.0,101400.0,823.0,14.393939393939394,4.381866397272383,17.993520018514232,76.73204458868351,12.051155927201181,0.0,45.99,68.54166666666667,63.7419749312137,47.43707327015184,16.304901661061855,Under 20%
12061,"Indian River County, Florida",163856.0,55.0,71049.0,314700.0,1284.0,11.44147697161661,5.251456719801218,19.269505129681644,79.33067427506697,33.43323084108512,0.0,57.53,74.99166666666666,60.19919929694366,48.07880089834977,12.120398398593887,30 to <40%
12063,"Jackson County, Florida",47652.0,42.9,47327.0,113900.0,846.0,18.822457971299876,4.7428538296515335,15.069039429739295,74.52752670501232,14.644843203577366,0.0,47.949999999999996,68.98333333333333,47.84688995215311,38.55032317636196,9.296566775791153,Under 20%
12065,"Jefferson County, Florida",14713.0,47.0,56984.0,198800.0,790.0,20.317366157496664,6.512890094979647,16.72780630961115,75.10132158590308,18.842960124098916,1.0,59.17,69.89999999999999,59.267314619724054,43.97471623734113,15.292598382382927,Under 20%
12067,"Lafayette County, Florida",8035.0,41.8,60692.0,131600.0,880.0,17.785184063020754,6.346596514304505,21.445710857828434,81.40511645666285,7.899216887980933,1.0,67.03,70.18333333333334,53.14250155569384,31.113876789047914,22.028624766645923,Under 20%
12069,"Lake County, Florida",398696.0,46.7,69956.0,287900.0,1468.0,9.457729738515614,5.087106844348964,12.696396702177745,76.6476039981439,26.782511966561046,1.0,47.48,74.02499999999999,88.37058811726227,56.323614984850614,32.046973132411665,20 to <30%
12071,"Lee County, Florida",792692.0,49.3,73099.0,326300.0,1597.0,11.727995674661795,4.164473315786526,25.719186599200917,73.98056247418552,30.759320033801632,1.0,44.94,76.78333333333333,58.46659232085097,52.182941167565716,6.283651153285261,30 to <40%
12073,"Leon County, Florida",295335.0,31.9,65074.0,279800.0,1230.0,18.530283549245656,5.619370351452029,11.208482333377482,51.852527077308096,48.58254115203107,1.0,57.16,70.14999999999999,44.50200619635329,51.36878460053837,-6.866778404185078,40% or more
12075,"Levy County, Florida",44276.0,47.1,53805.0,171400.0,826.0,17.16061185468451,3.827357091867553,15.195546539604662,79.84534935469514,16.17534514953929,1.0,53.87,72.15,78.39461559309784,54.2731954106062,24.121420182491644,Under 20%
12077,"Liberty County, Florida",7650.0,39.1,53824.0,117600.0,968.0,20.8098080335538,6.845238095238095,20.411343097538175,79.52231793265466,15.763636363636364,1.0,58.93,69.73333333333333,49.80392156862745,38.431372549019606,11.372549019607844,Under 20%
12079,"Madison County, Florida",18113.0,44.9,48176.0,105900.0,819.0,20.93608146239725,2.422509780318989,16.82554814108675,72.00573065902579,12.49816742413136,1.0,63.95,69.16666666666667,51.67559211615966,37.542096836526255,14.133495279633413,Under 20%
12081,"Manatee County, Florida",416020.0,49.4,75792.0,359800.0,1549.0,10.40066188906058,5.050536855694449,21.447018787002936,74.68843469591226,34.34397545296631,1.0,40.15,74.70833333333333,76.18624104610355,53.074371424450746,23.111869621652804,30 to <40%
12083,"Marion County, Florida",387697.0,48.2,58535.0,220800.0,1174.0,14.577538270528722,5.223832816861731,12.895401001891493,76.68089313875191,22.375784121369552,1.0,55.08,72.78333333333333,73.12927363379134,43.957007663200905,29.172265970590434,20 to <30%
12085,"Martin County, Florida",160464.0,53.2,80701.0,386500.0,1499.0,11.355568160814782,4.521936942560304,17.591163711921457,80.1061633736361,36.63733284131657,0.0,61.36,76.50833333333334,63.60305115166018,55.26473227639845,8.338318875261741,30 to <40%
12086,"Miami-Dade County, Florida",2685296.0,40.8,68694.0,425400.0,1731.0,14.932170150631757,4.388619876169899,11.111796973320779,52.19313747337545,33.206214520528164,0.0,69.98,77.98333333333333,24.342940219625696,39.23776000858006,-14.894819788954365,30 to <40%
12087,"Monroe County, Florida",81840.0,48.9,82430.0,723800.0,1959.0,10.40458138010365,3.211787399195891,36.36296813554338,63.39012416979497,37.80058605559776,0.0,57.22,78.43333333333334,64.77272727272727,73.27712609970675,-8.504398826979472,30 to <40%
12089,"Nassau County, Florida",94653.0,46.3,88900.0,351100.0,1335.0,9.237153433396273,3.9625769239503144,12.516928727189258,82.98436188077245,34.51724725805535,1.0,55.09,70.75,86.33640772083294,54.905813867494956,31.43059385333798,30 to <40%
12091,"Okaloosa County, Florida",214281.0,37.3,79097.0,324800.0,1475.0,9.28346101847679,3.124235006119951,17.90875823371554,67.7543596876003,34.2213253517884,0.0,51.31,69.80833333333334,79.95575902669859,82.18647476911158,-2.230715742413,30 to <40%
12093,"Okeechobee County, Florida",40249.0,40.7,52288.0,179000.0,974.0,19.03782455390533,5.981157803396554,18.049859702136846,74.55718706788701,16.102020166777155,0.0,56.97,75.22500000000001,57.36788491639544,46.411090958781585,10.956793957613854,Under 20%
12095,"Orange County, Florida",1440471.0,36.4,77011.0,358300.0,1675.0,13.045405267293633,5.474078082247723,11.717061323618701,57.364705142589905,38.40842508572331,1.0,50.53,74.85000000000001,57.967151022130956,64.57957154291894,-6.6124205207879925,30 to <40%
12097,"Osceola County, Florida",406943.0,37.0,68711.0,317600.0,1651.0,12.454207006637816,5.229702398150823,19.994518712506473,66.2307311688806,28.255428309665596,1.0,50.74,75.03333333333333,95.62027114362454,83.29176321991041,12.328507923714131,20 to <30%
12099,"Palm Beach County, Florida",1507453.0,45.4,81115.0,407300.0,1818.0,11.08089523857081,5.399706759748636,16.36214637426368,69.86331196727929,39.551637279596974,0.0,60.510000000000005,76.84166666666667,42.46235206006423,43.25574329680594,-0.7933912367417093,30 to <40%
12101,"Pasco County, Florida",588758.0,43.7,67384.0,265800.0,1372.0,11.096565943293367,4.896732350387755,13.298983848701333,75.50378491255547,28.036982553454642,1.0,44.96,73.96666666666667,87.96483444810941,56.90113764908502,31.063696799024388,20 to <30%
12103,"Pinellas County, Florida",960565.0,48.9,70293.0,319000.0,1525.0,11.441274404323993,4.559262384490316,18.321432706781426,69.43923334640702,35.84493697509852,1.0,34.5,75.45833333333333,48.49125254407562,49.70616251893417,-1.2149099748585468,30 to <40%
12105,"Polk County, Florida",760961.0,39.6,63644.0,240000.0,1272.0,14.713802723026397,4.388605105802361,16.105231235784686,70.01731473415195,22.640908487686502,1.0,48.03,74.93333333333334,74.45848078942285,50.53084192225357,23.927638867169275,20 to <30%
12107,"Putnam County, Florida",74235.0,45.0,47256.0,147300.0,902.0,23.872471717518,7.097090438009873,16.288851259081227,72.61337683523654,14.094667646117044,1.0,57.5,72.825,56.55014481039941,41.584158415841586,14.965986394557824,Under 20%
12109,"St. Johns County, Florida",292243.0,44.0,106169.0,457600.0,1775.0,6.7075555617088884,3.9011694339037084,14.406499716856478,82.05868029073667,48.610002246943914,1.0,55.99,72.72500000000001,90.50345089531658,54.12276769674552,36.38068319857105,40% or more
12111,"St. Lucie County, Florida",346237.0,45.3,69027.0,305800.0,1489.0,11.6437896187548,5.80891957454749,15.032595365649003,77.654968094804,25.369704709202416,0.0,62.55,75.84166666666667,82.9114161686937,53.55002498288744,29.361391185806255,20 to <30%
12113,"Santa Rosa County, Florida",193719.0,40.0,88968.0,302100.0,1445.0,8.442102805721804,4.489112990427627,8.974768444586394,79.98035087719298,30.979875594584705,0.0,50.47,70.04166666666667,80.699363511065,62.53387638796401,18.165487123100988,30 to <40%
12115,"Sarasota County, Florida",449011.0,57.3,80633.0,373100.0,1715.0,8.193488059626969,3.6749293483361662,21.04298579947132,76.33757171428154,39.65769601809654,1.0,39.31,74.73333333333333,68.0072425842574,57.1322306135039,10.875011970753501,30 to <40%
12117,"Seminole County, Florida",474912.0,39.8,83030.0,357300.0,1686.0,9.207692373177148,4.093461538461538,5.970065984672892,65.76031845347256,42.384890980466345,1.0,52.67,74.43333333333332,69.81925072434473,69.98980863823192,-0.17055791388720437,40% or more
12119,"Sumter County, Florida",137536.0,68.4,73297.0,356000.0,1225.0,9.064478964501388,5.711897464474784,16.710007340956317,88.10445018747852,35.06630914113105,1.0,47.33,73.51666666666667,98.86865984178688,59.99883666821778,38.8698231735691,30 to <40%
12121,"Suwannee County, Florida",44484.0,42.5,55479.0,160900.0,849.0,14.151900526154355,5.693311582381729,18.339191103184177,74.51660564013619,16.432731786498614,1.0,61.95,69.55833333333334,64.85477924647064,47.994784641668915,16.859994604801727,Under 20%
12123,"Taylor County, Florida",21422.0,43.8,44985.0,100200.0,878.0,17.313577065550007,5.105189340813464,32.2626822939966,72.63241315546163,15.059740591655485,1.0,67.31,70.45,40.65913546821025,31.883110820651666,8.776024647558584,Under 20%
12125,"Union County, Florida",15551.0,40.1,64922.0,160400.0,846.0,18.653576437587656,3.3207042567416982,12.154233025984912,73.5925572519084,10.000893734918224,1.0,54.62,70.26666666666667,48.61423702655778,44.24152787602083,4.372709150536943,Under 20%
12127,"Volusia County, Florida",568229.0,46.6,66581.0,278000.0,1368.0,12.24289592760181,4.003515693965749,14.559961994018376,72.80198486916376,27.18496114916313,1.0,55.58,73.8,59.162767123818035,45.0504990065625,14.112268117255542,20 to <30%
12129,"Wakulla County, Florida",34608.0,42.5,74183.0,216300.0,1155.0,5.586095135203839,3.1372309197651664,14.079244218838127,83.83523426602117,21.276172279277127,1.0,59.86,70.49166666666666,69.78155339805825,44.58506703652335,25.196486361534905,20 to <30%
12131,"Walton County, Florida",79846.0,43.8,79281.0,376400.0,1674.0,11.428424872725408,5.221626126360748,44.54613373178932,77.15484246302704,34.22987483756241,0.0,50.87,69.35833333333333,93.22946672344263,61.94424266713423,31.285224056308394,30 to <40%
12133,"Washington County, Florida",25259.0,41.6,52723.0,156000.0,884.0,18.948720219643963,3.976731887890005,15.32567049808429,79.79961215255332,12.485854394568088,0.0,47.61,69.19166666666666,64.84817292846114,54.119323805376304,10.72884912308484,Under 20%
13001,"Appling County, Georgia",18426.0,39.9,43728.0,81400.0,711.0,23.81478616421704,3.622611464968153,17.4642270701384,71.79195679977263,9.948709598632256,1.0,60.13,68.175,33.648105937262564,33.10539455117768,0.54271138608488,Under 20%
13003,"Atkinson County, Georgia",8261.0,36.2,38438.0,76300.0,620.0,25.042506679621084,2.840909090909091,9.119407238529496,64.59705236751333,9.815390239444342,1.0,58.52,68.14999999999999,38.857281200823145,40.43094056409635,-1.5736593632732114,Under 20%
13005,"Bacon County, Georgia",11129.0,39.0,50310.0,104100.0,789.0,20.914479254868755,3.2250938811574996,16.91511387163561,73.90979317219038,11.023730684326711,1.0,62.25,68.54166666666667,33.60589450983916,35.22329050229131,-1.617395992452152,Under 20%
13007,"Baker County, Georgia",2830.0,48.1,44405.0,120100.0,643.0,29.39929328621908,9.552238805970148,21.49400986610289,72.71095152603232,16.878048780487806,0.0,47.519999999999996,68.06666666666666,48.763250883392224,45.22968197879859,3.5335689045936394,Under 20%
13009,"Baldwin County, Georgia",43669.0,36.4,55413.0,164700.0,865.0,21.991583404332225,5.524734165510864,20.341922695738354,64.2239502332815,24.1283936239901,0.0,50.46,65.76666666666667,43.80681948292839,41.448166891845474,2.3586525910829192,20 to <30%
13011,"Banks County, Georgia",18757.0,42.4,68830.0,251700.0,788.0,12.836172720454302,2.669657879977566,7.947918079479181,76.69073228230441,17.34147628741612,0.0,54.769999999999996,62.65833333333333,82.63581596204084,66.05533933997974,16.5804766220611,Under 20%
13013,"Barrow County, Georgia",86982.0,36.4,77477.0,255200.0,1197.0,10.191267276034244,3.33429786097447,4.882101092721579,79.46254618743701,21.02218604409498,0.0,54.79,62.949999999999996,94.07693545791084,65.19739716263135,28.879538295279485,20 to <30%
13015,"Bartow County, Georgia",111153.0,38.0,79431.0,262200.0,1202.0,10.08281140633948,4.577633469952627,9.601841511498051,73.86294876966518,22.93848689457175,0.0,44.4,62.11666666666667,68.28425683517314,52.972029544861584,15.312227290311553,20 to <30%
13017,"Ben Hill County, Georgia",17138.0,38.5,39081.0,114600.0,692.0,25.731692748775533,4.9937578027465666,11.960663798401967,59.80173135995532,12.107975888879182,0.0,50.629999999999995,67.30833333333334,36.993814914225695,42.01190337262224,-5.018088458396545,Under 20%
13019,"Berrien County, Georgia",18257.0,39.8,50414.0,115200.0,771.0,22.069998336014198,4.170829170829171,14.68071915685059,69.03066414765296,12.797783933518005,1.0,52.45,67.49166666666666,64.96138467437147,44.037903269978635,20.923481404392835,Under 20%
13021,"Bibb County, Georgia",156543.0,36.6,50747.0,165800.0,1026.0,24.8345450070838,7.50521095378423,16.95863306849963,51.522260015750405,25.98713173044362,0.0,45.379999999999995,65.78333333333333,49.88405741553439,51.832403876251256,-1.9483464607168637,20 to <30%
13023,"Bleckley County, Georgia",12414.0,37.4,53005.0,132900.0,765.0,20.543887991383954,7.413010590015128,18.185291308500478,73.31309829558721,18.285431119920712,0.0,46.6,66.375,41.80763653939101,38.10214274206541,3.7054937973256,Under 20%
13025,"Brantley County, Georgia",18171.0,40.9,47801.0,91800.0,714.0,16.926231779637533,2.8251599147121533,17.10574238193517,77.31400117164617,10.89799476896251,1.0,60.38,69.20833333333333,52.17104176985306,41.71482031808927,10.456221451763799,Under 20%
13027,"Brooks County, Georgia",16285.0,43.0,47656.0,118100.0,752.0,25.362681340670335,6.462489463332397,18.360119858349222,70.40373707040374,13.566262960704016,1.0,49.980000000000004,67.95,51.88824071231194,50.84433527786307,1.0439054344488794,Under 20%
13029,"Bryan County, Georgia",46681.0,34.7,94234.0,317100.0,1584.0,7.234913793103448,5.618230032810463,8.681096681096681,75.63365147588648,34.636738308525494,0.0,51.6,67.84166666666667,113.12953878451619,93.80690216576338,19.32263661875281,30 to <40%
13031,"Bulloch County, Georgia",81372.0,30.2,56832.0,191600.0,968.0,22.521749621308597,7.919188899683631,9.911625554200018,53.26661381952702,30.80114078299196,1.0,57.59,67.02499999999999,55.24013174064789,48.37044683674974,6.869684903898147,30 to <40%
13033,"Burke County, Georgia",24427.0,38.4,50739.0,107800.0,763.0,19.166978426237687,5.77028258887876,18.784037139541113,72.73826536220731,14.26007819009165,1.0,55.96,65.325,47.488434928562654,53.465427600605885,-5.976992672043231,Under 20%
13035,"Butts County, Georgia",26074.0,38.5,59221.0,227800.0,952.0,12.88896446182622,4.976517341040463,9.221991701244812,71.06616386698663,13.90271926464956,1.0,49.66,64.76666666666667,71.37378231188157,57.720334432768276,13.653447879113292,Under 20%
13037,"Calhoun County, Georgia",5528.0,39.7,55714.0,82200.0,638.0,22.711775504851822,7.3627036813518405,25.823905558288246,62.93103448275862,12.143536121673003,0.0,49.04,67.48333333333333,34.00868306801737,35.27496382054993,-1.2662807525325614,Under 20%
13039,"Camden County, Georgia",56036.0,34.6,72399.0,233900.0,1167.0,15.040876997398737,4.68804920913884,9.348051052086927,63.784246575342465,22.433177183797188,1.0,54.769999999999996,70.14166666666667,84.83831822399885,76.96837747162539,7.869940752373474,20 to <30%
13043,"Candler County, Georgia",10972.0,41.0,50431.0,135600.0,706.0,17.517564402810304,4.03720143732826,10.1010101010101,62.49103514224241,13.63573883161512,1.0,57.2,66.925,43.838862559241704,38.37039737513671,5.4684651841049945,Under 20%
13045,"Carroll County, Georgia",122187.0,35.3,72327.0,227500.0,1124.0,15.62096522392216,6.053473157903281,7.572609709561162,69.29905041515666,22.430899617211406,0.0,52.22,62.94166666666666,63.23094928265691,50.72552726558472,12.505422017072192,20 to <30%
13047,"Catoosa County, Georgia",68356.0,40.8,72425.0,214200.0,953.0,8.707205810709066,3.885145033694697,7.554376657824934,75.07938329698918,24.47093827263965,0.0,46.18,61.98333333333333,61.70636081689976,54.918368541166835,6.787992275732927,20 to <30%
13049,"Charlton County, Georgia",12711.0,38.0,48534.0,119000.0,895.0,22.536976685886188,10.089020771513352,13.211554800339847,78.1448849730788,11.397101449275363,1.0,56.85,69.95833333333333,43.82031311462513,39.965384312799934,3.854928801825191,Under 20%
13051,"Chatham County, Georgia",298143.0,37.1,69575.0,273300.0,1382.0,14.348354303109858,5.682778100417084,12.311833096784158,56.28684764468597,36.753914912156176,0.0,46.25,68.30833333333334,57.89839104054095,60.424024712973306,-2.5256336724323565,30 to <40%
13053,"Chattahoochee County, Georgia",9181.0,23.9,59221.0,99800.0,1235.0,16.167539267015705,7.883211678832117,34.63128876636802,35.95150237216658,27.580531389607337,0.0,49.16,65.775,194.75002723014921,204.66180154667248,-9.911774316523255,20 to <30%
13055,"Chattooga County, Georgia",24975.0,41.1,47785.0,98700.0,789.0,20.091558636033028,4.844783715012722,15.997427180005513,67.39225552395537,10.726920004564647,0.0,51.5,61.69166666666667,39.5995995995996,33.433433433433436,6.166166166166166,Under 20%
13057,"Cherokee County, Georgia",274539.0,40.0,105442.0,389800.0,1703.0,6.498973343667238,3.2137053902786414,4.6101440489593255,77.40890933301053,39.453068908850135,0.0,48.54,61.44166666666666,70.2413864696819,56.767890900746345,13.473495568935562,30 to <40%
13059,"Clarke County, Georgia",129267.0,29.4,52267.0,271900.0,1162.0,25.85316191565981,5.12963561088763,4.835450600038656,41.24000664684921,48.67085027875785,0.0,53.15,63.083333333333336,55.69867019424911,64.65687298382417,-8.958202789575065,40% or more
13061,"Clay County, Georgia",2853.0,46.1,48715.0,92500.0,578.0,23.04939155332856,4.425531914893617,39.10123966942149,76.92960135708228,22.55600814663951,0.0,48.71,67.27499999999999,51.87521906764809,53.9782684893095,-2.103049421661409,20 to <30%
13063,"Clayton County, Georgia",298771.0,33.3,58507.0,194500.0,1307.0,16.836798863292575,6.727765603873744,8.005713389886603,53.18955560184045,21.3428480475382,0.0,47.93,64.05,78.84968755334353,86.62822027572957,-7.778532722386042,20 to <30%
13065,"Clinch County, Georgia",6722.0,38.8,55549.0,86300.0,505.0,22.863602110022608,3.420074349442379,18.508742989112505,70.08097165991903,13.02016302016302,1.0,57.18,68.78333333333333,32.28205891103838,33.4721808985421,-1.1901219875037192,Under 20%
13067,"Cobb County, Georgia",769152.0,37.4,98712.0,373700.0,1640.0,8.545102597969812,4.546042899408284,5.824314087997021,66.99294502573191,50.382749264384366,0.0,47.02,62.80833333333334,60.45879098019637,63.91454484939258,-3.4557538691962058,40% or more
13069,"Coffee County, Georgia",43161.0,36.6,50175.0,125700.0,713.0,19.7843734145104,4.852024484753187,12.09686675083209,63.10876093484789,13.508436249782571,1.0,56.66,67.85000000000001,32.204999884154674,33.29394592340307,-1.0889460392483956,Under 20%
13071,"Colquitt County, Georgia",45907.0,37.2,49691.0,121400.0,779.0,23.87563077058681,4.09579017390478,12.862919950228122,63.42595347176771,15.696479480209508,1.0,46.69,67.39999999999999,29.973642363909644,30.54000479229747,-0.5663624283878276,Under 20%
13073,"Columbia County, Georgia",159638.0,37.5,96122.0,287400.0,1330.0,6.819358014717948,4.77792732166891,13.786995961067337,78.49202234894304,37.835817408774474,0.0,54.63,64.99166666666666,75.56471516806775,69.42582593116927,6.138889236898483,30 to <40%
13075,"Cook County, Georgia",17363.0,37.5,50133.0,123000.0,901.0,20.543273753527753,4.4062264624654786,14.542505744019461,64.13095049818125,16.748595505617978,1.0,48.95,67.43333333333334,56.38426539192536,47.63001785405748,8.75424753786788,Under 20%
13077,"Coweta County, Georgia",150071.0,39.0,94142.0,321900.0,1397.0,8.194929630349803,2.798575841667103,4.977142267899494,77.59269307288841,34.65822784810127,0.0,49.39,63.98333333333333,65.00256545235256,54.141039907776985,10.861525544575567,30 to <40%
13079,"Crawford County, Georgia",12183.0,46.0,60905.0,144800.0,751.0,13.276106342195183,4.146297302190838,15.819750719079579,84.51025056947609,14.010282776349614,0.0,45.69,65.46666666666667,57.375030780595914,50.64434047443159,6.730690306164328,Under 20%
13081,"Crisp County, Georgia",19995.0,40.4,42745.0,120800.0,743.0,24.091748768472907,8.735580692126778,19.551605736214906,53.7157921164951,15.514870830016644,1.0,48.39,67.45833333333333,39.10977744436109,44.11102775693924,-5.0012503125781445,Under 20%
13083,"Dade County, Georgia",16196.0,42.2,58936.0,166600.0,843.0,8.510072468585864,4.453602765222016,16.6599217590719,77.92165749433474,19.008843358725155,0.0,47.11,60.708333333333336,45.87552482094344,39.5159298592245,6.359594961718943,Under 20%
13085,"Dawson County, Georgia",28704.0,43.9,88986.0,351900.0,1425.0,9.228182041130925,4.43851730269457,13.462612720453276,78.3843600147547,35.75475809966584,0.0,58.46,60.1,121.7948717948718,74.55406911928651,47.240802675585286,30 to <40%
13087,"Decatur County, Georgia",29118.0,38.7,50485.0,146200.0,860.0,24.829157175398635,6.943504736129905,20.082405005341066,61.84838648080962,14.636663914120561,0.0,49.96,68.91666666666667,35.991482931520025,38.01772099732124,-2.0262380658012225,Under 20%
13089,"DeKalb County, Georgia",762105.0,36.3,77683.0,331400.0,1591.0,13.51555453560545,6.3824633644180695,13.369180862653447,58.49951349053853,46.747630683155414,0.0,51.09,63.53333333333333,66.81756450882753,76.78075855689177,-9.963194048064244,40% or more
13091,"Dodge County, Georgia",19909.0,42.4,50152.0,108700.0,688.0,22.17465283495252,3.41679707876891,22.44874184529357,68.37914976716239,15.236036538595634,0.0,46.79,66.59166666666667,35.91340599728766,34.90883520016073,1.0045707971269275,Under 20%
13093,"Dooly County, Georgia",11026.0,45.9,56545.0,96400.0,761.0,19.74883307401645,5.736940298507463,18.2860717264387,66.64965552436846,13.38407494145199,0.0,47.53,67.0,43.44277163069109,38.99873027389806,4.444041356793035,Under 20%
13095,"Dougherty County, Georgia",83915.0,36.6,46784.0,129200.0,905.0,26.441500279902968,10.772749820867553,15.63092220225936,46.546091015169196,23.238268792710706,0.0,47.68,67.81666666666666,50.15789787284753,53.72102722993505,-3.563129357087529,20 to <30%
13097,"Douglas County, Georgia",146141.0,36.8,80764.0,262200.0,1447.0,11.264188245703778,6.12974270378625,7.008042312708303,66.44071758312394,30.80470153251473,0.0,49.55,63.21666666666667,86.62866683545343,79.52593727975038,7.102729555703054,30 to <40%
13099,"Early County, Georgia",10683.0,40.7,53750.0,130100.0,774.0,21.05663245914101,6.849932401982875,18.04175957834989,70.34380410586198,16.105082809822957,0.0,47.69,67.95833333333333,40.15725919685482,38.753159224936816,1.4040999719180005,Under 20%
13101,"Echols County, Georgia",3705.0,31.2,61723.0,112600.0,833.0,12.361673414304994,3.5617916891527255,17.978290366350066,76.84036393713814,14.409722222222221,1.0,53.76,68.40833333333333,44.26450742240216,37.51686909581647,6.747638326585695,Under 20%
13103,"Effingham County, Georgia",67265.0,36.6,85465.0,245300.0,1116.0,7.41062599262833,5.781291799185566,6.735033259423504,78.51411589895989,26.79779985966183,0.0,53.16,67.38333333333334,79.95242696796254,60.19475209990337,19.75767486805917,20 to <30%
13105,"Elbert County, Georgia",19725.0,42.4,49727.0,114600.0,849.0,20.614987080103358,6.364523473923886,12.006403415154749,68.58702243784111,14.85955256950897,0.0,47.48,63.550000000000004,44.664131812420784,39.89860583016477,4.76552598225602,Under 20%
13107,"Emanuel County, Georgia",22961.0,38.6,50053.0,88200.0,742.0,24.718998446495476,9.679002650436832,17.24724724724725,59.80404015967098,12.842119014958522,1.0,55.24,66.325,36.5402203736771,36.58377248377684,-0.04355211009973433,Under 20%
13109,"Evans County, Georgia",10740.0,36.9,53908.0,139700.0,720.0,18.401889391852,5.5,17.108639863130882,64.03508771929825,15.092724679029958,0.0,58.1,67.36666666666666,47.95158286778398,36.49906890130354,11.452513966480447,Under 20%
13111,"Fannin County, Georgia",25605.0,54.0,58073.0,274600.0,876.0,12.013509798531203,4.215775158658205,37.32899382171227,78.20614382536749,22.597740225977404,0.0,58.54,57.574999999999996,62.292520991993754,44.67877367701621,17.613747314977545,20 to <30%
13113,"Fayette County, Georgia",120689.0,43.3,108986.0,405600.0,1787.0,5.514954605818139,3.697359770234264,4.852274708035559,80.99338203302113,48.09078417665068,0.0,47.23,64.15,68.55637216316318,64.53777891937128,4.018593243791895,40% or more
13115,"Floyd County, Georgia",98985.0,37.8,62540.0,194100.0,971.0,16.80651894330712,4.2592592592592595,9.996810833353777,62.072067160924554,24.946125595653626,0.0,49.13,62.43333333333334,42.43067131383543,39.11703793504066,3.313633378794767,20 to <30%
13117,"Forsyth County, Georgia",260062.0,39.4,138000.0,493800.0,1937.0,4.522828466941878,3.3501257640794857,4.251300573246297,84.97254521963825,56.60304720128794,0.0,56.230000000000004,61.40833333333333,68.65285970268629,55.463697118379464,13.18916258430682,40% or more
13119,"Franklin County, Georgia",23840.0,40.2,52264.0,160600.0,778.0,20.384632119392595,5.030899961375049,18.510262840159747,76.1112377478915,16.926599826711225,0.0,48.87,62.55833333333334,74.49664429530202,60.61241610738255,13.884228187919463,Under 20%
13121,"Fulton County, Georgia",1068507.0,36.2,91490.0,431200.0,1635.0,12.889959693889347,5.386537062444563,8.515719298806564,54.13758680271128,57.99513887761123,0.0,50.07,63.31666666666667,72.47963747546811,76.1483078725736,-3.668670397105494,40% or more
13123,"Gilmer County, Georgia",31976.0,50.0,72542.0,278900.0,955.0,14.717290530099966,1.82078853046595,30.54683627953081,80.74849349825563,22.732769044740024,0.0,59.86,58.64166666666667,59.294470853139856,43.751563672754564,15.542907180385289,20 to <30%
13125,"Glascock County, Georgia",2913.0,43.2,55250.0,122800.0,813.0,12.231230172717659,1.05433901054339,26.203966005665723,74.18426103646833,14.860050890585242,0.0,55.94,64.84166666666667,43.59766563680055,35.35873669756265,8.2389289392379,Under 20%
13127,"Glynn County, Georgia",84987.0,43.3,68546.0,268300.0,1060.0,16.338533261610184,4.557833615949848,19.34168840849795,67.04404332129964,30.441817461365737,1.0,52.69,69.33333333333333,54.86721498582136,49.089860802240345,5.777354183581019,30 to <40%
13129,"Gordon County, Georgia",58336.0,38.8,61997.0,205600.0,872.0,12.896849478958957,3.6224599698427515,10.20680741059888,72.58768773091502,17.65194622085704,0.0,51.02,61.949999999999996,52.5404552934723,41.99808008776742,10.542375205704882,Under 20%
13131,"Grady County, Georgia",26056.0,39.4,54312.0,136500.0,789.0,20.587665982733924,2.8380075345332774,13.171278338074304,64.06234488235879,15.294384314614382,0.0,50.24,68.75833333333334,39.99078906969604,36.03776481424624,3.9530242554498005,Under 20%
13133,"Greene County, Georgia",19586.0,52.3,84530.0,342200.0,936.0,8.78006076522993,5.12882545058667,25.297534037893936,79.13586540912567,36.424204959131806,0.0,50.54,64.14166666666667,76.78954355151639,49.984682936791586,26.804860614724802,30 to <40%
13135,"Gwinnett County, Georgia",966972.0,35.9,84823.0,345700.0,1713.0,10.479283695059825,4.066005409572079,3.9353959497497604,66.68907115334581,38.72829859016251,0.0,54.88,62.708333333333336,54.72650707569609,59.87763864930939,-5.1511315736133,30 to <40%
13137,"Habersham County, Georgia",46948.0,39.6,65622.0,212000.0,939.0,13.648742938171015,2.2515635858234884,14.520080963033983,74.6822033898305,24.24563591022444,0.0,57.8,60.541666666666664,54.18761182584988,41.961318906023685,12.226292919826191,20 to <30%
13139,"Hall County, Georgia",208395.0,38.2,77430.0,313600.0,1247.0,12.74048385765007,3.9286813948117927,10.058940088094607,68.87304772462568,26.731725572324056,0.0,58.11,61.85833333333333,60.42851316010461,53.19705367211306,7.231459487991555,20 to <30%
13141,"Hancock County, Georgia",8630.0,47.3,33182.0,87400.0,671.0,31.505046072838965,5.914202415660141,42.325581395348834,77.48948106591865,8.364903773298984,0.0,53.29,65.00833333333334,41.94669756662804,33.02433371958285,8.922363847045192,Under 20%
13143,"Haralson County, Georgia",30720.0,38.8,65016.0,210400.0,884.0,15.096074889144358,5.30001373060552,8.454624990058061,71.12076455256299,17.425030744489643,0.0,49.7,62.30833333333333,69.66145833333333,52.506510416666664,17.154947916666668,Under 20%
13145,"Harris County, Georgia",35509.0,43.3,89184.0,278700.0,941.0,7.384562665981324,5.800658485483388,12.884323728112506,88.31209939067817,34.652076318742985,0.0,52.38,64.27499999999999,67.08158495029429,58.01346137598919,9.068123574305107,30 to <40%
13147,"Hart County, Georgia",26484.0,44.7,57241.0,206500.0,814.0,11.4508276533593,3.760231923601637,19.018357784776097,75.08299345537323,18.08362189260427,0.0,45.93,62.68333333333334,65.73780395710618,46.89623923878568,18.841564718320495,Under 20%
13149,"Heard County, Georgia",11616.0,41.2,62907.0,161000.0,855.0,18.681126464929157,5.21882062872406,9.48509485094851,72.0175034546292,11.36591478696742,0.0,52.769999999999996,63.81666666666666,72.14187327823691,50.705922865013775,21.43595041322314,Under 20%
13151,"Henry County, Georgia",245417.0,37.0,81612.0,277400.0,1538.0,9.404530080967511,5.635195254572417,5.357242862423136,72.5425453856896,28.036619155787424,1.0,49.7,64.27499999999999,89.28476837382904,75.35337812783955,13.93139024598948,20 to <30%
13153,"Houston County, Georgia",166902.0,36.2,80743.0,205600.0,1143.0,10.0940632789331,5.014118999425245,9.040622804963709,67.10157984491136,32.25738934187537,0.0,46.26,66.36666666666666,64.73259757222802,57.327054199470346,7.405543372757666,30 to <40%
13155,"Irwin County, Georgia",9385.0,40.4,53915.0,105300.0,824.0,18.133070693806083,3.6109230422026632,10.991636798088411,71.22147651006712,16.627816627816628,0.0,52.120000000000005,67.27499999999999,54.44858817261588,48.05540756526372,6.393180607352158,Under 20%
13157,"Jackson County, Georgia",80640.0,38.1,85012.0,312700.0,1048.0,8.281882052373856,3.413940256045519,8.210554969546429,79.78944246737841,27.308711981736504,0.0,54.82,63.025,110.7390873015873,63.70287698412698,47.036210317460316,20 to <30%
13159,"Jasper County, Georgia",15345.0,43.1,59574.0,219700.0,983.0,14.024551214361141,7.248002243095471,9.919404835709857,84.18788713007571,19.852104664391355,1.0,49.31,64.90833333333333,80.48224177256435,53.56793743890518,26.91430433365917,Under 20%
13161,"Jeff Davis County, Georgia",14838.0,40.5,40879.0,109300.0,674.0,26.627419136554337,4.8776482180982095,15.848879134660605,68.38673621460507,11.457683510085257,1.0,56.49,67.73333333333333,41.44763445208249,39.291009570022915,2.156624882059577,Under 20%
13163,"Jefferson County, Georgia",15468.0,40.7,46561.0,93100.0,723.0,18.78718994450759,5.01268088915411,18.520586182833217,67.86570743405275,11.183898224627361,0.0,56.32,65.14166666666667,37.43211792086889,40.664597879493144,-3.2324799586242565,Under 20%
13165,"Jenkins County, Georgia",8674.0,42.3,36906.0,81100.0,544.0,23.586666666666666,5.007824726134586,30.720578269708607,87.38180632539941,7.817243472981178,1.0,53.64,65.95,42.425639843209595,43.5785104911229,-1.1528706479133042,Under 20%
13167,"Johnson County, Georgia",9192.0,44.1,54183.0,91200.0,661.0,17.545454545454547,7.071302298173247,9.409129095491458,75.20865533230294,9.120187381056946,0.0,55.18,66.09166666666667,45.909486510008705,34.37771975630984,11.531766753698868,Under 20%
13169,"Jones County, Georgia",28526.0,41.4,68259.0,174600.0,917.0,13.45752027481673,3.6616161616161618,8.402075006378093,85.42382322904095,18.404877065699313,0.0,47.05,65.49166666666666,58.43791628689616,46.273574984224915,12.164341302671247,Under 20%
13171,"Lamar County, Georgia",19098.0,38.7,68457.0,201400.0,913.0,10.536558242980261,3.526448362720403,9.537348151977255,76.22857142857143,19.515047559644472,0.0,48.38,64.69166666666666,77.07613362655775,59.953921876636294,17.12221174992146,Under 20%
13173,"Lanier County, Georgia",10094.0,36.7,44361.0,161100.0,878.0,27.697622434464538,3.410505352252925,16.739235607160136,71.78965717606043,19.058262554015794,1.0,54.52,67.85833333333333,79.75034674063801,70.04160887656033,9.70873786407767,Under 20%
13175,"Laurens County, Georgia",49619.0,39.9,49705.0,137400.0,769.0,22.420256898776966,5.685495054081538,17.607233733187933,65.26774389235096,17.813352519711007,0.0,50.07,66.47500000000001,40.2668332695137,35.69197283298736,4.574860436526331,Under 20%
13177,"Lee County, Georgia",33337.0,37.2,88024.0,226900.0,1147.0,7.037025484263389,3.6309419400105245,7.012906235422174,73.54515050167224,33.50669673677912,0.0,48.1,67.65,66.29270780214176,61.82319944806071,4.469508354081051,30 to <40%
13179,"Liberty County, Georgia",66826.0,28.7,59013.0,180200.0,1203.0,14.48893325638346,8.023872679045093,14.037020713970913,49.94445868580706,19.883056065819773,0.0,51.06,67.89999999999999,135.98000778140243,140.94813395983599,-4.968126178433544,Under 20%
13181,"Lincoln County, Georgia",7773.0,48.3,50688.0,163600.0,732.0,18.145108766445226,3.8028597505324004,33.675061288165814,79.13306451612904,16.149068322981368,0.0,47.75,64.34166666666667,52.4893863373215,41.42544706033706,11.063939276984433,Under 20%
13183,"Long County, Georgia",17512.0,33.6,64747.0,196500.0,931.0,16.034100198528552,5.3989286721172824,11.642694928084785,63.26250856751199,12.823079723334546,0.0,54.29,67.95,150.8108725445409,117.40520785746916,33.40566468707172,Under 20%
13185,"Lowndes County, Georgia",119055.0,31.3,55887.0,197900.0,1002.0,20.299609773983185,5.7039832598460505,10.72074399380005,56.09196937321937,27.124817189785126,1.0,53.31,67.825,61.18180672798287,59.68669942463567,1.4951073033471924,20 to <30%
13187,"Lumpkin County, Georgia",33931.0,36.9,72388.0,277200.0,1090.0,15.660105616898704,5.603208886146251,14.641651031894934,78.37172498681203,31.49473684210526,0.0,61.510000000000005,59.35,70.67283604963013,56.467537060505144,14.205298989124989,30 to <40%
13189,"McDuffie County, Georgia",21687.0,39.1,54058.0,155100.0,813.0,19.027940831181027,3.693768056128766,12.33889710542996,65.22053506869125,17.842098111156407,0.0,53.91,64.51666666666667,45.972241434961035,46.52556831281413,-0.5533268778530918,Under 20%
13191,"McIntosh County, Georgia",11187.0,52.1,50348.0,173900.0,781.0,22.40224475018103,3.2309082693176685,29.605650382577988,80.22575250836121,18.63389216130494,0.0,51.33,68.58333333333333,77.94761777062662,54.08062930186824,23.86698846875838,Under 20%
13193,"Macon County, Georgia",11953.0,39.9,37177.0,87000.0,624.0,25.50261359067149,8.62453531598513,22.882672882672882,61.10831234256927,10.997354193028874,0.0,46.41,66.35833333333333,33.46440224211495,43.085417886723,-9.621015644608049,Under 20%
13195,"Madison County, Georgia",30914.0,39.8,58784.0,198800.0,951.0,18.912808414430355,4.665906824333951,11.93112925390025,75.63102340523176,20.183572164465673,0.0,52.51,63.074999999999996,69.03021284854758,51.01248625218348,18.017726596364106,20 to <30%
13197,"Marion County, Georgia",7474.0,43.9,50484.0,122100.0,717.0,16.91076756170328,4.1377132027795325,16.69020050833098,77.05084745762711,13.628869756365635,0.0,49.31,65.48333333333333,50.842922130050844,42.146106502542146,8.696815627508697,Under 20%
13199,"Meriwether County, Georgia",20757.0,43.6,56458.0,154600.0,899.0,19.679456046624576,6.291429235957669,15.26654221115951,70.46511627906976,13.036996883046482,1.0,48.65,64.08333333333333,66.77265500794913,56.60740954858602,10.165245459363106,Under 20%
13201,"Miller County, Georgia",5873.0,42.8,58407.0,118300.0,699.0,24.081846799580273,5.368382080710848,12.94282707821817,68.17082997582595,21.91304347826087,0.0,47.96,68.27499999999999,43.759577728588454,47.335263068278564,-3.575685339690107,20 to <30%
13205,"Mitchell County, Georgia",21441.0,39.9,51908.0,105500.0,776.0,25.527821376132852,6.617993405558172,11.579296615792966,65.37836147592245,12.85980534272106,0.0,46.68,68.05,38.151205634065576,44.16771605801968,-6.016510423954107,Under 20%
13207,"Monroe County, Georgia",28919.0,42.5,82863.0,243200.0,881.0,11.446568201563858,4.011220196353436,8.199753390875463,83.01832485848604,28.682516097077762,0.0,47.13,65.075,77.38856806943532,47.2699609253432,30.11860714409212,20 to <30%
13209,"Montgomery County, Georgia",8675.0,38.2,51188.0,118200.0,732.0,16.363868986693962,6.085353003161222,19.99470338983051,76.03442568685865,20.232921953763253,1.0,54.79,67.22500000000001,56.138328530259365,48.99135446685879,7.1469740634005765,20 to <30%
13211,"Morgan County, Georgia",20614.0,42.3,85692.0,323100.0,1090.0,7.447641417107066,2.944362383062531,10.414990228761926,74.78506351854229,30.135034267489992,0.0,50.77,64.19166666666666,69.51586300572427,52.14902493451053,17.36683807121374,30 to <40%
13213,"Murray County, Georgia",40282.0,39.3,67880.0,173300.0,828.0,13.044896729992221,5.017023833366713,5.599208067809194,73.34513042338446,13.672595763524983,0.0,57.51,61.06666666666666,52.9020406136736,40.3405987786108,12.561441835062807,Under 20%
13215,"Muscogee County, Georgia",204383.0,35.1,56622.0,182300.0,1072.0,18.843391418418687,6.467399825296212,11.708001051616861,50.23697270471464,29.738295282486714,0.0,50.39,65.41666666666667,62.011028314487994,64.16874201866105,-2.1577137041730476,20 to <30%
13217,"Newton County, Georgia",115530.0,36.4,73732.0,233300.0,1331.0,12.295896385266731,6.599924572290602,5.380987954057335,73.92366336877946,23.576390277722226,1.0,51.0,64.13333333333334,86.79996537695837,69.47978879944603,17.320176577512335,20 to <30%
13219,"Oconee County, Georgia",42788.0,40.7,115925.0,425100.0,1347.0,6.084705882352941,3.024662633783155,4.309672386895476,81.59771754636233,54.86013860461776,0.0,53.02,63.324999999999996,62.914835935308965,54.384406843040104,8.53042909226886,40% or more
13221,"Oglethorpe County, Georgia",15221.0,42.6,69784.0,198700.0,832.0,11.158455392809588,3.343299809730905,18.728682170542637,81.51468904998093,24.54910756004112,0.0,50.81,63.449999999999996,60.705604099599235,44.28092766572499,16.424676433874254,20 to <30%
13223,"Paulding County, Georgia",174292.0,36.7,94557.0,289000.0,1622.0,6.072722656881073,4.460284452945166,4.708636836628512,80.26549276549277,27.425701203057262,0.0,44.8,62.541666666666664,87.19275698253506,69.30323824386662,17.889518738668443,20 to <30%
13225,"Peach County, Georgia",28269.0,37.8,68365.0,186100.0,901.0,17.749924947463224,6.683076005071977,15.106488360574541,70.51730844029561,24.31665666430247,0.0,45.79,65.85000000000001,78.03601117832254,66.75156531890056,11.284445859421982,20 to <30%
13227,"Pickens County, Georgia",34197.0,46.1,75293.0,289600.0,1079.0,13.3100756859035,3.784077857704165,14.37192522138406,77.87651294622339,24.881703470031546,0.0,54.38,60.175000000000004,80.56262245226189,53.22104278153054,27.34157967073135,20 to <30%
13229,"Pierce County, Georgia",19996.0,40.3,56691.0,132100.0,794.0,13.16920277033517,4.022862167509342,11.384324388225558,78.08164354322305,18.25337888014258,1.0,62.98,69.1,50.46009201840368,40.50810162032406,9.951990398079616,Under 20%
13231,"Pike County, Georgia",19540.0,39.9,84184.0,265700.0,1056.0,9.557133904324212,4.364820846905538,10.424125585238226,84.81168332052268,21.415158116127095,1.0,47.11,64.47500000000001,66.42784032753326,53.428863868986696,12.99897645854657,20 to <30%
13233,"Polk County, Georgia",43365.0,38.5,55308.0,163500.0,870.0,19.38587273788675,5.775316455696203,9.901161782555922,64.4919168591224,14.469353106267974,0.0,45.75,62.89166666666667,52.23106191629194,46.05096275798455,6.1800991583073905,Under 20%
13235,"Pulaski County, Georgia",9893.0,43.7,47688.0,144300.0,789.0,18.315911730545878,5.2491340261124435,22.547169811320753,67.60048721071864,12.001050420168067,0.0,47.37,66.75833333333334,60.143535833417566,41.847771151319115,18.295764682098454,Under 20%
13237,"Putnam County, Georgia",22524.0,47.4,64163.0,222000.0,1063.0,18.6091668548205,4.36345481777334,24.038677760287836,82.53404381290704,28.277402221149202,0.0,49.51,65.18333333333334,64.59776238678742,56.38430118984195,8.213461196945481,20 to <30%
13239,"Quitman County, Georgia",2092.0,59.4,36838.0,103000.0,734.0,15.48757170172084,31.10236220472441,45.481049562682216,78.71657754010695,8.952380952380953,0.0,48.08,66.68333333333334,73.61376673040154,69.31166347992352,4.3021032504780115,Under 20%
13241,"Rabun County, Georgia",17107.0,49.9,61466.0,272600.0,1016.0,14.841010401188708,2.0625597595956835,41.41821775654752,77.37944608463377,29.935532802427,0.0,52.25,58.208333333333336,49.511895715204304,47.23212719939206,2.2797685158122407,20 to <30%
13243,"Randolph County, Georgia",6270.0,37.6,25425.0,90900.0,554.0,26.80717931829409,10.33457249070632,26.00055975370837,49.54614220877458,15.01296252651426,0.0,49.97,66.73333333333333,36.8421052631579,46.09250398724083,-9.250398724082935,Under 20%
13245,"Richmond County, Georgia",206040.0,35.0,53197.0,163300.0,1087.0,21.135405461895708,7.899829859634198,19.027112204809395,51.417565279980806,24.06032158781228,0.0,57.73,65.26666666666667,61.87148126577364,64.57483983692487,-2.7033585711512327,20 to <30%
13247,"Rockdale County, Georgia",94293.0,39.2,72349.0,256600.0,1341.0,10.733211292031987,5.780431902769308,5.20071464463179,65.77932212373744,29.103193521398016,0.0,51.22,63.875,87.30234481880946,80.03775465835216,7.264590160457298,20 to <30%
13249,"Schley County, Georgia",4539.0,41.6,59647.0,152900.0,746.0,13.240801938753028,4.066265060240964,18.035264483627206,79.16410571604179,19.03545193229,0.0,47.71,66.13333333333334,57.50165234633179,46.0453844459132,11.456267900418595,Under 20%
13251,"Screven County, Georgia",14057.0,42.7,53017.0,122300.0,629.0,18.10591078883762,5.697478991596639,27.22689075630252,71.36258660508084,14.744203870473271,1.0,54.58,66.16666666666667,46.16916838585758,33.50643807355766,12.662730312299923,Under 20%
13253,"Seminole County, Georgia",9117.0,45.7,49559.0,111600.0,819.0,18.960517510595583,5.019199122325836,27.44516893894487,74.50980392156863,15.815265815265816,0.0,49.4,68.76666666666667,46.83558188000439,41.57069211363387,5.2648897663705165,Under 20%
13255,"Spalding County, Georgia",68215.0,39.2,60217.0,196600.0,1053.0,18.701543149938004,5.4241553999548255,6.362481473639636,63.74976446203128,17.86704191718903,1.0,48.36,64.54166666666667,70.35109580004398,61.130249945026755,9.220845855017226,Under 20%
13257,"Stephens County, Georgia",26842.0,41.2,52264.0,168200.0,817.0,13.91928599146294,5.17270148506591,16.753078418664938,72.11950175165434,14.87913763066202,0.0,52.92,61.833333333333336,60.315922807540424,45.115863199463526,15.200059608076895,Under 20%
13259,"Stewart County, Georgia",4978.0,36.7,35000.0,53000.0,588.0,27.814207650273225,4.733333333333333,16.89540937056318,58.37129840546697,12.32634503662541,0.0,48.97,66.10833333333333,30.53435114503817,33.14584170349538,-2.611490558457212,Under 20%
13261,"Sumter County, Georgia",29174.0,37.0,41877.0,122300.0,847.0,22.650663942798776,4.821267647942325,19.6384917401289,54.950221238938056,21.281327980904848,0.0,47.730000000000004,67.03333333333333,32.734626722424075,37.2249263042435,-4.4902995818194285,20 to <30%
13263,"Talbot County, Georgia",5753.0,50.5,45098.0,127200.0,950.0,21.625416886080394,3.8461538461538463,17.497556207233625,83.92575039494471,15.04687857306197,0.0,50.38,64.55,46.06292369198679,55.44933078393881,-9.386407091952025,Under 20%
13265,"Taliaferro County, Georgia",1740.0,44.8,48036.0,73100.0,715.0,21.350259665320255,4.564315352697095,34.552845528455286,79.03726708074534,9.922480620155039,0.0,50.379999999999995,64.16666666666667,34.48275862068966,46.55172413793103,-12.068965517241379,Under 20%
13267,"Tattnall County, Georgia",24215.0,38.1,52351.0,122400.0,660.0,22.725189673608636,6.9249972864430696,19.481765834932823,72.36127665209906,14.6428991646076,1.0,58.05,67.60000000000001,41.750980797026635,39.85133181912038,1.8996489779062564,Under 20%
13269,"Taylor County, Georgia",7786.0,42.9,41743.0,82900.0,665.0,29.380159874197354,7.2237526782981325,22.151576805696845,61.64652074485462,18.149275102917485,0.0,47.26,65.36666666666666,42.255330079630106,43.02594400205497,-0.7706139224248651,Under 20%
13271,"Telfair County, Georgia",12174.0,39.4,44948.0,108200.0,614.0,31.010452961672474,4.978165938864628,34.33557611438184,71.05347422350304,10.07382710169088,0.0,50.68,67.27499999999999,35.40331854772466,38.27829801215706,-2.8749794644323967,Under 20%
13273,"Terrell County, Georgia",8941.0,41.4,43812.0,111500.0,727.0,32.97316138027187,8.088658606793322,20.89129922188163,56.48286140089419,11.530364372469636,0.0,49.47,67.15833333333333,38.69813219997763,43.17190470864556,-4.473772508667934,Under 20%
13275,"Thomas County, Georgia",45696.0,39.9,60140.0,185300.0,996.0,17.874310524333783,6.50526128054218,12.349095767523977,61.91409439817083,23.637820512820515,1.0,48.92,68.35833333333333,46.21848739495798,41.40406162464986,4.814425770308123,20 to <30%
13277,"Tift County, Georgia",41322.0,37.3,53165.0,143100.0,799.0,20.921285750442927,3.3299866131191433,11.517877476656798,61.01923943118204,20.192307692307693,1.0,51.36,67.10000000000001,48.10996563573883,45.78674797928464,2.323217656454189,20 to <30%
13279,"Toombs County, Georgia",26943.0,37.2,54130.0,127100.0,714.0,19.746587961048238,3.927958833619211,16.174157768396658,65.68579046114348,19.47350069735007,1.0,56.72,67.47500000000001,45.689047247893704,42.756931299409864,2.9321159484838364,Under 20%
13281,"Towns County, Georgia",12739.0,56.9,58400.0,311900.0,822.0,12.857383114698957,3.537245110278818,33.26069503383415,80.03093315002577,32.8458942632171,0.0,57.42,57.39166666666666,74.49564330010205,56.67634822199545,17.819295078106602,30 to <40%
13283,"Treutlen County, Georgia",6387.0,39.6,43750.0,98400.0,668.0,24.991730069467415,8.097928436911488,13.009049773755656,60.164716081491115,12.821734985700667,1.0,54.16,66.68333333333334,38.985439173320806,36.950054798810086,2.0353843745107247,Under 20%
13285,"Troup County, Georgia",69821.0,37.2,54905.0,187800.0,1044.0,18.512146344332685,5.539411551035235,10.367458554093318,57.932270612462816,22.473572485365697,1.0,51.97,64.05,51.15939330573896,46.375732229558444,4.783661076180519,20 to <30%
13287,"Turner County, Georgia",8915.0,37.4,39565.0,95200.0,655.0,21.58946517269262,11.575646720668932,15.888803876562102,63.94784718010916,11.083824492468894,0.0,49.96,67.10833333333333,44.3073471676949,41.72742568704431,2.579921480650589,Under 20%
13289,"Twiggs County, Georgia",7869.0,47.2,55439.0,104500.0,618.0,14.923452978258073,3.9889958734525446,29.706390328151986,89.68058968058968,10.91091091091091,0.0,46.1,66.10000000000001,56.042699199390015,43.4616850934045,12.581014105985513,Under 20%
13291,"Union County, Georgia",25598.0,55.9,65697.0,272600.0,842.0,10.380788748151996,3.604050833995234,26.350989834135902,82.70069015619325,25.717116670795146,0.0,59.47,57.375,75.35744980076568,45.9801546995859,29.37729510117978,20 to <30%
13293,"Upson County, Georgia",27856.0,41.4,50904.0,149500.0,779.0,21.322602180847117,2.694203637599864,16.131900105067487,62.705984388551606,14.830045286554578,0.0,47.269999999999996,64.75,45.807007466973005,35.93480758184951,9.872199885123493,Under 20%
13295,"Walker County, Georgia",68449.0,41.8,55887.0,173900.0,867.0,13.840659093296518,5.014986249729629,11.106206709221784,75.65791986555135,20.072321520818267,0.0,47.6,61.36666666666667,56.55305409867201,49.11686072842554,7.43619337024646,20 to <30%
13297,"Walton County, Georgia",100361.0,39.7,82381.0,300500.0,1231.0,12.186618971109832,5.390669918118916,4.539371261573758,79.17942262023976,24.921961683556475,0.0,52.82,63.291666666666664,83.7078147886131,58.648279710246015,25.059535078367094,20 to <30%
13299,"Ware County, Georgia",35958.0,38.0,44833.0,106500.0,786.0,22.816959914547667,4.8049340218014915,19.213864121562224,61.48764184672781,15.015250185475228,1.0,60.93,69.35000000000001,47.777963179264695,41.3259914344513,6.4519717448133935,Under 20%
13301,"Warren County, Georgia",5175.0,45.3,46776.0,78000.0,676.0,21.78256611165524,7.717492984097287,22.278382581648522,75.0375187593797,12.67379679144385,0.0,54.26,64.425,49.27536231884058,50.24154589371981,-0.966183574879227,Under 20%
13303,"Washington County, Georgia",19893.0,40.6,44009.0,115600.0,836.0,15.548662272198527,4.798347910592809,16.375344986200552,66.92794279427943,17.47288812785388,0.0,54.98,65.73333333333333,28.804101945407933,29.910018599507364,-1.1059166540994319,Under 20%
13305,"Wayne County, Georgia",30519.0,38.9,49562.0,149800.0,839.0,20.549239111422075,6.66558809254166,12.27164416203336,65.91217745586238,14.010815024114581,1.0,58.06,68.4,52.72125561125856,41.05639110062584,11.66486451063272,Under 20%
13307,"Webster County, Georgia",2348.0,42.8,40764.0,92200.0,663.0,26.439232409381663,5.555555555555555,26.999140154772142,82.56772673733805,11.336032388663968,0.0,49.43,66.31666666666666,36.626916524701876,46.42248722316865,-9.795570698466781,Under 20%
13309,"Wheeler County, Georgia",7434.0,39.5,45262.0,74600.0,551.0,21.485330073349633,6.520292747837658,36.524239934264585,68.80258899676376,12.211668928086839,0.0,52.34,67.2,30.26634382566586,36.99219800914716,-6.725854183481302,Under 20%
13311,"White County, Georgia",28454.0,45.4,69747.0,262200.0,1015.0,11.726841196777906,3.3071455293677516,24.59846621328317,77.78737286509308,24.273241392995338,0.0,62.57,59.73333333333333,73.03015393266324,54.790187671329164,18.239966261334082,20 to <30%
13313,"Whitfield County, Georgia",103118.0,36.6,64262.0,198900.0,907.0,13.734457344180889,5.433723681332883,8.498504587621028,67.99811639566771,19.34722242846324,0.0,51.21,61.916666666666664,36.38550010667391,35.920013964584264,0.4654861420896449,Under 20%
13315,"Wilcox County, Georgia",8784.0,41.3,48036.0,71200.0,612.0,23.139551492643907,6.339673006339673,27.56725484524154,73.00319488817891,14.07942238267148,0.0,48.17,67.13333333333334,29.371584699453553,29.030054644808743,0.34153005464480873,Under 20%
13317,"Wilkes County, Georgia",9553.0,46.3,52542.0,105000.0,759.0,16.97733531031561,2.445236882322975,21.151631477927065,66.69912366114897,15.746247521948456,0.0,47.08,64.03333333333333,40.61551345127185,42.081021668585784,-1.4655082173139329,Under 20%
13319,"Wilkinson County, Georgia",8795.0,43.2,46673.0,90800.0,766.0,20.25767859197055,5.335489086499596,22.126570497906002,83.02957872721841,12.686809616634179,0.0,49.2,66.18333333333334,46.73109721432632,47.185901080159184,-0.4548038658328596,Under 20%
13321,"Worth County, Georgia",20575.0,43.0,57201.0,112400.0,855.0,20.159464514223842,6.408427521123669,15.27538726333907,72.54951752158456,11.293436293436294,0.0,48.17,67.375,43.88821385176185,50.255164034021874,-6.366950182260024,Under 20%
15001,"Hawaii County, Hawaii",203684.0,44.1,77215.0,486400.0,1411.0,14.558039090800525,6.17939496509414,18.742342904238967,73.10096219742866,30.904403605164156,3.0,60.44,63.86666666666667,34.29822666483376,29.712692209500993,4.585534455332771,30 to <40%
15003,"Honolulu County, Hawaii",1003666.0,39.4,104264.0,873000.0,2054.0,9.130876444049632,4.800424728936922,9.47226780616068,59.53996457614497,37.7229953386872,0.0,52.05,74.09166666666667,36.25508884429681,42.499197940350676,-6.244109096053866,30 to <40%
15007,"Kauai County, Hawaii",73610.0,42.7,93612.0,817900.0,1810.0,8.804634307050296,3.886726613877332,22.79218215319821,67.28318772640102,30.235888160373804,0.0,91.94,71.14999999999999,25.64868903681565,29.38459448444505,-3.7359054476293982,30 to <40%
15009,"Maui County, Hawaii",164632.0,42.9,95076.0,858600.0,1863.0,9.797473480130805,5.554907223713386,23.26044562466288,64.99414256105254,30.073664205587043,4.0,42.51,70.66666666666667,27.01783371398027,34.410078235094026,-7.392244521113756,30 to <40%
16001,"Ada County, Idaho",508052.0,38.3,88907.0,476000.0,1465.0,8.529308316454621,3.1057811718040442,4.0805976554118635,71.35434672089477,43.90088199678805,0.0,12.850000000000001,52.25,56.07693700644816,48.20372717753301,7.87320982891515,40% or more
16003,"Adams County, Idaho",4599.0,54.3,59286.0,327300.0,823.0,15.033968880122726,6.63129973474801,34.28357089272318,83.10502283105023,21.303258145363408,0.0,26.87,43.84166666666667,70.66753642096108,44.35746901500326,26.310067405957817,20 to <30%
16005,"Bannock County, Idaho",88457.0,35.0,64080.0,267200.0,879.0,12.179494688016117,4.6216807394689186,6.566151949107418,68.63227354529094,30.20585278086469,0.0,23.67,44.708333333333336,44.60924516996959,44.83534372633031,-0.22609855636071763,30 to <40%
16007,"Bear Lake County, Idaho",6552.0,40.2,67304.0,234200.0,687.0,10.1647928538426,2.619629758994062,41.46588891706822,85.00866551126516,20.33224145999064,0.0,27.02,39.6,45.78754578754579,48.99267399267399,-3.2051282051282053,20 to <30%
16009,"Benewah County, Idaho",9913.0,46.0,56553.0,255800.0,853.0,14.980584508481504,3.927135083983913,15.469613259668508,75.71644042232278,19.804643261608152,0.0,21.8,47.375,52.96075859981842,41.4607081610007,11.500050438817714,Under 20%
16011,"Bingham County, Idaho",48993.0,34.8,76842.0,258000.0,845.0,10.979449784554193,5.801116746941733,7.290942784340977,80.6358923105753,20.78720787207872,0.0,15.7,43.916666666666664,48.43549078439777,47.29247035290756,1.1430204314902128,20 to <30%
16013,"Blaine County, Idaho",24579.0,45.5,84470.0,663800.0,1217.0,7.445416632594652,2.5960914401096127,37.713234827826746,75.48360822643046,45.52859135285914,0.0,18.82,41.766666666666666,41.458155335855814,45.16050286830221,-3.7023475324463972,40% or more
16015,"Boise County, Idaho",8045.0,53.5,77349.0,424100.0,854.0,8.187134502923977,2.96377607025247,36.98140200286123,87.99659477866061,29.949796046438657,0.0,29.68,43.30833333333334,80.5469235550031,80.91982597886886,-0.3729024238657551,20 to <30%
16017,"Bonner County, Idaho",49456.0,48.2,65168.0,433400.0,1059.0,10.696904012105845,3.909133932796971,26.383202494084063,77.64681871524057,28.93056341443699,0.0,28.91,45.416666666666664,65.5329990294403,48.04270462633452,17.490294403105793,20 to <30%
16019,"Bonneville County, Idaho",127056.0,33.3,76646.0,327000.0,1054.0,9.50748030240199,3.8428467491236193,6.563274098007539,71.60772741942921,32.213524958295906,0.0,24.42,41.583333333333336,58.52537463795492,51.489107165344414,7.036267472610502,30 to <40%
16021,"Boundary County, Idaho",12695.0,42.8,62438.0,344100.0,867.0,17.172925137526907,3.342674139311449,12.646793134598013,77.97311271975181,19.575875042754532,0.0,33.51,43.475,59.23591965340685,49.46829460417487,9.767625049231981,Under 20%
16023,"Butte County, Idaho",2654.0,39.2,43281.0,195800.0,525.0,21.338912133891213,4.384328358208955,20.235294117647058,77.38446411012782,13.818386914833615,0.0,15.65,40.550000000000004,59.53278070836473,23.73775433308214,35.79502637528259,Under 20%
16025,"Camas County, Idaho",1155.0,34.9,55536.0,248900.0,992.0,6.666666666666667,0.0,51.152737752161386,75.81120943952803,27.40841248303935,0.0,21.57,41.416666666666664,51.082251082251084,38.095238095238095,12.987012987012987,20 to <30%
16027,"Canyon County, Idaho",242405.0,34.8,72355.0,350300.0,1259.0,10.145213744884325,3.3632760675021336,3.1770328219389365,75.08809615755938,22.830432775758837,0.0,10.129999999999999,52.625,68.58356882077516,51.42220663765186,17.161362183123284,20 to <30%
16029,"Caribou County, Idaho",7118.0,38.0,66653.0,220200.0,800.0,7.289002557544757,2.8787438208781624,22.537456168313675,82.01646090534979,15.524017467248909,0.0,28.19,41.375,45.658892947457154,49.31160438325372,-3.652711435796572,Under 20%
16031,"Cassia County, Idaho",25165.0,33.1,67042.0,257300.0,920.0,10.271927701121601,2.5208007249361564,8.385231316725978,69.99271667880554,20.8987113574147,0.0,19.0,45.824999999999996,49.99006556725611,61.67295847407113,-11.68289290681502,20 to <30%
16035,"Clearwater County, Idaho",8921.0,52.0,57961.0,240800.0,847.0,12.51996559773928,3.4590303373972215,22.637410384531826,81.63437236731255,19.449929478138223,0.0,32.18,45.19166666666666,54.92657773792176,41.47517094496133,13.45140679296043,Under 20%
16037,"Custer County, Idaho",4411.0,59.5,56957.0,295600.0,744.0,11.549942594718715,2.14772132006286,38.906447534766116,77.65131919296431,25.19642373340558,0.0,24.75,37.94166666666667,52.14237134436636,50.102017683065064,2.040353661301292,20 to <30%
16039,"Elmore County, Idaho",29046.0,32.5,58976.0,278300.0,1111.0,12.361450986037138,6.617647058823529,10.848126232741617,65.33001474926253,21.202771462596083,0.0,18.669999999999998,47.208333333333336,73.64180954348275,85.17523927563175,-11.533429732149004,20 to <30%
16041,"Franklin County, Idaho",14715.0,32.5,65991.0,304000.0,831.0,8.36825833047063,1.7905102954341987,4.919953143303397,75.19507186858316,21.47468569486918,0.0,28.330000000000002,44.03333333333333,46.14339109751954,42.94937138973836,3.194019707781176,20 to <30%
16043,"Fremont County, Idaho",13701.0,39.9,72767.0,281800.0,803.0,9.76315589064047,4.623260278355463,48.02168646902757,84.17665335108744,21.754574811625403,0.0,22.240000000000002,39.525,54.44858039559156,61.2364061017444,-6.7878257061528355,20 to <30%
16045,"Gem County, Idaho",19854.0,42.8,66245.0,367300.0,887.0,10.434376943810905,2.832148715144888,4.904982023626092,76.58655144477451,22.280349720510248,0.0,18.689999999999998,49.21666666666667,69.05409489271683,57.87246902387428,11.18162586884255,20 to <30%
16047,"Gooding County, Idaho",15740.0,38.4,62395.0,231800.0,859.0,15.336754329698525,5.044236101941107,9.639344262295081,71.35341074020319,17.050281537093745,0.0,9.84,49.35,47.141041931385004,53.748411689961884,-6.6073697585768745,Under 20%
16049,"Idaho County, Idaho",17120.0,49.6,60975.0,284600.0,797.0,10.813911363361912,3.7058071844384495,26.05562436662538,80.09745698187909,21.998426435877263,0.0,30.93,42.61666666666667,52.16121495327103,41.296728971962615,10.86448598130841,20 to <30%
16051,"Jefferson County, Idaho",32234.0,32.3,82952.0,335000.0,1098.0,9.24414257228315,2.476617046502437,5.714829983807982,82.37195676330943,27.180993059263216,0.0,9.9,42.458333333333336,73.8661041136688,59.099087919588015,14.767016194080785,20 to <30%
16053,"Jerome County, Idaho",24788.0,33.6,69338.0,254000.0,862.0,13.90650406504065,3.7528335152380152,6.040114613180516,75.46962673822884,13.360031512605042,0.0,9.2,49.375,59.42391479748265,55.83346780700339,3.590446990479264,Under 20%
16055,"Kootenai County, Idaho",177736.0,40.8,77034.0,467400.0,1330.0,9.25612390904064,3.2692845816621583,11.419891556535449,72.21144940958555,28.759579311892775,0.0,22.75,47.38333333333333,56.274474501507854,46.231489400009,10.042985101498852,20 to <30%
16057,"Latah County, Idaho",40315.0,30.7,65179.0,342500.0,905.0,15.258374011109241,6.1358136003416694,7.866200011475128,60.63644289450741,44.89985633398124,0.0,22.14,48.13333333333333,54.91752449460498,58.886270618876345,-3.968746124271363,40% or more
16059,"Lemhi County, Idaho",8166.0,53.1,52057.0,282100.0,721.0,11.78007214827715,3.3536585365853657,27.739430543572045,81.34328358208955,22.92011932383162,0.0,21.64,39.416666666666664,42.37080578006368,42.24834680382072,0.12245897624295861,20 to <30%
16061,"Lewis County, Idaho",3649.0,48.9,49643.0,202400.0,708.0,17.39491150442478,3.470715835140998,15.194733955019199,74.19146183699871,19.984945427173503,0.0,18.97,46.958333333333336,69.33406412715813,91.25787887092353,-21.923814743765416,Under 20%
16063,"Lincoln County, Idaho",5276.0,37.2,66038.0,206700.0,860.0,9.35638808837656,5.694342395297575,6.943740496705525,76.90631808278867,11.625249928591831,0.0,10.41,47.125,52.69143290371493,41.50871872630781,11.182714177407126,Under 20%
16065,"Madison County, Idaho",53578.0,21.4,58259.0,365000.0,965.0,26.840828174252216,8.773619367050776,13.480939806351142,40.23321333542025,40.32043463798647,0.0,17.29,42.75833333333333,81.1153831796633,102.56075254768749,-21.44536936802419,40% or more
16067,"Minidoka County, Idaho",21922.0,34.5,70060.0,235300.0,909.0,14.885041678116698,3.0370442015668826,7.8320358575135645,72.80522139749168,16.835535976505138,0.0,10.68,46.275000000000006,56.51856582428611,57.06596113493294,-0.5473953106468388,Under 20%
16069,"Nez Perce County, Idaho",42477.0,40.9,71466.0,291300.0,936.0,13.106689720673112,2.9015140450805705,6.73659169550173,72.17971014492754,26.757484022872518,0.0,17.0,50.51666666666667,46.189702662617414,44.11799326694447,2.0717093956729524,20 to <30%
16071,"Oneida County, Idaho",4681.0,40.2,72563.0,228100.0,1009.0,11.834447079111877,1.5257192676547515,6.304558680892337,87.21532091097309,26.178700956149026,0.0,22.1,45.30833333333334,60.029908139286476,44.434949797051914,15.594958342234566,20 to <30%
16073,"Owyhee County, Idaho",12284.0,38.3,59773.0,281600.0,771.0,13.365233891593103,2.1356313225927313,11.55527795128045,70.8804143126177,13.67895825727151,0.0,13.2,47.375,70.41680234451319,68.78866818625855,1.6281341582546403,Under 20%
16075,"Payette County, Idaho",26190.0,38.8,65723.0,310700.0,874.0,9.01639344262295,3.3284216000693423,4.71356783919598,74.49636114333931,19.630537658931523,0.0,12.74,52.175000000000004,67.50668193967164,60.748377243222606,6.758304696449026,Under 20%
16077,"Power County, Idaho",8018.0,33.9,59760.0,191200.0,729.0,8.129876667505663,5.880855397148676,8.513513513513514,74.55686853766618,16.673322683706072,0.0,18.1,44.99166666666667,45.39785482664006,44.15066101272138,1.247193813918683,Under 20%
16079,"Shoshone County, Idaho",13580.0,45.1,49975.0,222700.0,880.0,15.091372079089275,5.087572977481234,19.286526435474702,73.83342137700299,11.529459651979241,0.0,32.97,44.333333333333336,45.139911634757,40.058910162002945,5.08100147275405,Under 20%
16081,"Teton County, Idaho",12101.0,39.8,90740.0,595900.0,1196.0,9.407867494824016,1.4807502467917077,26.23003710275851,79.79444565930461,48.25471698113208,0.0,28.69,39.833333333333336,74.12610528055532,66.68870341294108,7.437401867614247,40% or more
16083,"Twin Falls County, Idaho",92121.0,35.8,65338.0,292700.0,1011.0,10.737352584591646,3.1848273394167115,5.138605275672047,69.59188487850908,23.00379589505862,0.0,12.39,47.21666666666667,52.919529748917185,44.886616515235396,8.032913233681787,20 to <30%
16085,"Valley County, Idaho",12136.0,49.0,76125.0,599500.0,1011.0,14.202269692923899,2.9222011385199242,70.0182525196413,85.75966119640022,35.356424107615716,0.0,29.9,39.28333333333333,82.72907053394859,64.51878707976269,18.210283454185895,30 to <40%
16087,"Washington County, Idaho",10866.0,44.6,53608.0,250300.0,919.0,15.348619560131025,4.67652047492125,10.837331007413868,73.26974810467107,19.036998163211756,0.0,19.86,48.00833333333333,61.75225473955457,55.586232284189215,6.1660224553653595,Under 20%
17001,"Adams County, Illinois",65166.0,41.1,64962.0,155900.0,826.0,12.257231892725613,3.559785003083972,8.298385232638774,72.4954987396471,26.95713779667021,0.0,26.71,55.19166666666666,25.350642973329652,25.135807015928552,0.21483595740109873,20 to <30%
17003,"Alexander County, Illinois",5042.0,45.8,43523.0,58700.0,540.0,21.007720438845997,9.447599380485286,38.394062078272604,77.65607886089813,12.5561797752809,0.0,49.6,59.583333333333336,28.560095200317335,43.43514478381594,-14.875049583498612,Under 20%
17005,"Bond County, Illinois",16627.0,40.4,61603.0,133100.0,735.0,12.676830105754703,4.344391785150079,9.22809053975624,73.94501278772378,21.24079915878023,0.0,35.76,57.14166666666667,33.319299933842544,32.838154808444095,0.4811451253984483,20 to <30%
17007,"Boone County, Illinois",53316.0,39.5,81638.0,198600.0,1011.0,10.496986239053793,7.805193870944536,5.351319300326119,83.04359175150091,23.235202799966128,0.0,36.03,50.49166666666667,50.2663365593818,50.097531697801784,0.1688048615800135,20 to <30%
17009,"Brown County, Illinois",6320.0,40.9,72288.0,142200.0,724.0,8.868637474994443,2.1853146853146854,12.925463162429986,73.62691736763978,15.080372250423013,0.0,26.28,54.775,25.158227848101266,24.68354430379747,0.47468354430379744,Under 20%
17011,"Bureau County, Illinois",33027.0,44.1,65894.0,121900.0,838.0,12.591886322394119,4.967025132196542,10.449955260130384,76.17586182285348,21.418259023354565,0.0,34.8,52.324999999999996,34.60804796075938,35.69806521936597,-1.0900172586065946,20 to <30%
17013,"Calhoun County, Illinois",4406.0,48.5,92095.0,174000.0,479.0,5.825017405430494,3.7344398340248963,46.82332463011314,89.11620294599018,18.373205741626794,1.0,32.2,56.708333333333336,19.97276441216523,24.738992283250113,-4.766227871084884,Under 20%
17015,"Carroll County, Illinois",15621.0,44.9,60871.0,113500.0,784.0,13.61066517763663,4.29553264604811,20.903540903540904,77.75548008644644,18.159679944338144,0.0,32.34,50.916666666666664,36.553357659560845,41.9307342679726,-5.377376608411754,Under 20%
17017,"Cass County, Illinois",12826.0,38.1,64907.0,95500.0,723.0,10.904945357339413,4.947174241153782,9.355692850838482,74.91723466407011,19.97698504027618,0.0,32.02,54.71666666666667,34.61718384531421,43.661312958053955,-9.044129112739748,Under 20%
17019,"Champaign County, Illinois",206098.0,30.9,63091.0,205100.0,1018.0,18.00121006019006,4.499143794663784,11.207088425135929,53.44903732528021,46.5570886884661,0.0,31.98,54.19166666666666,35.40063464953566,45.63363060291706,-10.232995953381401,40% or more
17021,"Christian County, Illinois",33684.0,42.7,59253.0,112100.0,729.0,11.137863106219317,4.702476680604696,10.901909150757078,74.27220333973696,16.548414879219127,1.0,32.37,55.916666666666664,30.54862842892768,30.60800380002375,-0.05937537109606935,Under 20%
17023,"Clark County, Illinois",15328.0,42.0,70625.0,123100.0,828.0,9.48545563469347,3.9835164835164836,10.036819855447975,81.70380475973927,24.272474513438368,1.0,34.94,56.11666666666667,38.295929018789145,34.96868475991649,3.327244258872651,20 to <30%
17025,"Clay County, Illinois",13173.0,41.5,57266.0,94300.0,709.0,16.71438520467384,5.891213389121339,11.647958353668455,80.70336954520346,15.57821653287047,0.0,40.29,57.13333333333333,35.75495331359599,34.61626053290822,1.1386927806877705,Under 20%
17027,"Clinton County, Illinois",36899.0,41.4,82314.0,180500.0,934.0,7.496342198123763,3.2846520087733375,7.743828538623461,79.34038581207218,24.445623744361473,0.0,34.4,57.875,32.73801458034093,36.42375132117402,-3.685736740833085,20 to <30%
17029,"Coles County, Illinois",46689.0,38.2,56040.0,121900.0,793.0,18.35180055401662,6.786124323437757,10.485539463837654,60.38357511679371,27.144318669350845,1.0,34.14,55.35833333333333,38.70290646619118,44.44301655636231,-5.740110090171132,20 to <30%
17031,"Cook County, Illinois",5185812.0,37.8,81797.0,305200.0,1381.0,13.339116973068245,6.876684536805849,8.182486481153338,57.50967342071153,41.948689730840854,2.0,36.36,52.65833333333333,22.972680074017337,30.85187044960365,-7.879190375586311,40% or more
17033,"Crawford County, Illinois",18588.0,42.4,67614.0,113700.0,761.0,11.55385520894644,4.000949780363291,12.409880628767285,80.40750236135474,20.6387843918271,0.0,33.25,56.666666666666664,29.373789541639766,29.64278028835808,-0.2689907467183129,20 to <30%
17035,"Cumberland County, Illinois",10378.0,42.3,69826.0,117700.0,756.0,9.918731029080584,2.3710407239819005,11.440677966101696,83.4688995215311,18.602402983013395,1.0,35.07,56.0,30.063596068606667,37.96492580458663,-7.9013297359799575,Under 20%
17037,"DeKalb County, Illinois",100512.0,32.6,69022.0,231900.0,1041.0,15.917679023141064,7.103434725918516,5.26518711294248,60.86127079411914,32.6701483876316,0.0,34.74,50.98333333333333,50.222858962113975,50.043775867558104,0.17908309455587393,30 to <40%
17039,"De Witt County, Illinois",15461.0,44.0,64802.0,124200.0,857.0,10.095363367313384,4.835813237557722,9.163019693654267,76.84432399879555,21.36968928344959,1.0,35.5,54.43333333333334,41.13576094689865,43.205484768126254,-2.069723821227605,20 to <30%
17041,"Douglas County, Illinois",19686.0,38.9,74186.0,142600.0,818.0,8.882225209388894,3.1115557778889444,7.901554404145077,79.09474491752972,20.197527141133897,1.0,34.21,55.10833333333333,43.02550035558265,41.90795489180128,1.1175454637813675,20 to <30%
17043,"DuPage County, Illinois",927263.0,40.0,110502.0,374100.0,1628.0,6.437627928132818,4.8167064476618195,4.534838937008842,73.12823858287769,51.44684929119942,0.0,36.230000000000004,52.11666666666667,44.09644297249,49.55120607637747,-5.454763103887462,40% or more
17045,"Edgar County, Illinois",16637.0,46.4,56909.0,95700.0,757.0,11.834428545108395,4.4381734222678295,7.576493443419135,72.66158696794535,20.145116582422958,1.0,33.87,54.875,30.05349522149426,29.452425317064375,0.6010699044298852,20 to <30%
17047,"Edwards County, Illinois",6118.0,44.6,59386.0,97500.0,746.0,16.957523872242344,6.057459328487366,12.873563218390805,79.15567282321899,13.918480778138028,0.0,40.269999999999996,57.74166666666667,45.93004249754822,33.507682249101016,12.422360248447205,Under 20%
17049,"Effingham County, Illinois",34505.0,39.5,75380.0,179800.0,734.0,10.644488200546625,2.217269558260472,8.515910276473656,78.07555238774056,26.000421674045963,0.0,34.97,56.36666666666667,31.676568613244456,30.45935371685263,1.2172148963918272,20 to <30%
17051,"Fayette County, Illinois",21380.0,41.7,57113.0,114700.0,740.0,16.484006942722537,3.3680145875791054,11.492824047915018,80.2093973442288,16.61483491034209,0.0,37.3,56.68333333333334,29.373246024321794,35.266604303087,-5.893358278765201,Under 20%
17053,"Ford County, Illinois",13396.0,42.5,60782.0,118100.0,836.0,12.650555598725619,5.424456022065584,8.542232157113204,74.10963687150839,19.438468158347675,0.0,35.37,53.35,48.671245147805315,46.73036727381308,1.9408778739922365,Under 20%
17055,"Franklin County, Illinois",37541.0,43.4,53471.0,87700.0,771.0,16.90511741550156,6.471693680996006,12.659735759150964,74.76751394916305,17.123158648231172,0.0,42.26,58.025000000000006,35.667670014117896,38.59779973895208,-2.930129724834181,Under 20%
17057,"Fulton County, Illinois",33259.0,43.7,58617.0,102500.0,808.0,12.637450710095214,6.641465163266636,12.4724548259145,77.90965328729679,17.63906616708527,0.0,31.08,54.51666666666667,26.368802429417602,33.07375447247362,-6.704952043056015,Under 20%
17059,"Gallatin County, Illinois",4857.0,47.3,54626.0,84700.0,500.0,15.550487248600456,7.3191857947163275,16.36073423782921,80.3912213740458,15.307542443640411,0.0,37.85,58.59166666666667,24.706609017912292,23.67716697549928,1.0294420424130122,Under 20%
17061,"Greene County, Illinois",11837.0,43.1,60976.0,94400.0,800.0,14.211528474987018,4.165924870927541,22.185830029305293,76.82764731945059,16.33112269066793,0.0,31.73,56.06666666666666,27.625242882487118,33.79234603362338,-6.167103151136268,Under 20%
17063,"Grundy County, Illinois",52920.0,38.6,93060.0,259200.0,1137.0,6.304571624661608,4.499628568396477,3.779778653160758,75.81148260064334,24.223408484297803,0.0,34.62,52.68333333333334,51.43613000755858,49.111866969009824,2.324263038548753,20 to <30%
17065,"Hamilton County, Illinois",7972.0,43.5,61520.0,108800.0,566.0,12.544393708777271,5.379310344827586,12.050406930953006,78.26865671641791,18.490230905861456,0.0,37.81,57.99166666666667,29.478173607626694,38.133467134972406,-8.65529352734571,Under 20%
17067,"Hancock County, Illinois",17434.0,46.3,65044.0,108400.0,755.0,12.718582420144555,4.439197166469894,16.117870298024332,81.27744510978044,24.187266512995787,1.0,30.35,54.34166666666667,40.20878742686704,39.23368131237811,0.9751061144889297,20 to <30%
17069,"Hardin County, Illinois",3623.0,55.0,57155.0,91700.0,342.0,10.533747528946625,3.3175355450236967,35.054704595185996,80.7277628032345,12.181208053691275,0.0,40.5,58.64166666666667,29.533535743858682,24.013248688931824,5.520287054926857,Under 20%
17071,"Henderson County, Illinois",6284.0,49.8,65651.0,101600.0,834.0,11.555267842692992,8.608608608608609,21.10254890337878,85.53719008264463,19.238095238095237,0.0,31.53,53.525,34.532145130490136,40.73838319541693,-6.206238064926798,Under 20%
17073,"Henry County, Illinois",48948.0,43.4,69912.0,145300.0,837.0,8.062637773988271,3.9830921801333115,8.767110951008645,80.38596318049454,24.34138782069678,0.0,32.68,52.48333333333333,33.893111056631525,34.853313720683175,-0.9602026640516467,20 to <30%
17075,"Iroquois County, Illinois",26746.0,44.4,62439.0,125400.0,793.0,13.391317675006706,4.792382141742117,11.58527071305976,78.54054531015618,16.731043970580455,0.0,35.48,52.98333333333334,33.38817019367382,38.398265161145595,-5.010094967471772,Under 20%
17077,"Jackson County, Illinois",52706.0,32.9,45572.0,125000.0,746.0,21.839267217742755,7.211306168465131,16.8,49.32432432432432,35.05219469249151,0.0,42.589999999999996,58.125,44.416195499563614,51.3414032557963,-6.925207756232687,30 to <40%
17079,"Jasper County, Illinois",9233.0,44.2,71094.0,122900.0,766.0,8.713283647523017,3.7021801727684083,10.906079962148096,82.81996813595326,20.566938838391618,0.0,36.62,56.64166666666666,30.10939023069425,31.62569045813928,-1.5163002274450341,20 to <30%
17081,"Jefferson County, Illinois",36808.0,41.1,61102.0,118400.0,862.0,14.162894639451135,6.551764159702878,11.08108108108108,71.85410334346504,18.373190929494623,0.0,35.16,57.69166666666666,32.031080199956534,35.86176918061291,-3.830688980656379,Under 20%
17083,"Jersey County, Illinois",21336.0,43.2,79104.0,168800.0,794.0,9.968051118210862,4.404318333811025,19.222986645082962,77.91833667334669,20.507512520868115,0.0,30.48,56.949999999999996,38.526434195725535,37.82339707536558,0.703037120359955,20 to <30%
17085,"Jo Daviess County, Illinois",21918.0,50.9,74954.0,193900.0,795.0,8.04460007371913,2.950530035335689,22.644320297951584,81.80067404910929,28.761088648844368,0.0,32.63,50.09166666666667,39.64777808194178,40.69714389999088,-1.0493658180490921,20 to <30%
17087,"Johnson County, Illinois",13350.0,42.7,65203.0,148200.0,634.0,16.666666666666668,2.449936088623775,25.37016973636692,84.66005323009921,18.813209494324045,0.0,47.49,58.458333333333336,33.78277153558052,33.258426966292134,0.5243445692883895,Under 20%
17089,"Kane County, Illinois",516097.0,38.6,100678.0,303000.0,1404.0,8.252282554579418,4.978669425704405,3.5394222769826977,75.7412825607546,37.479096199652744,0.0,36.1,51.19166666666666,43.29418694547731,45.00123038886101,-1.707043443383705,30 to <40%
17091,"Kankakee County, Illinois",106833.0,39.0,68325.0,185700.0,1075.0,12.546624984174287,5.066874382551866,9.914970481980792,68.77124342829197,20.382697824694315,0.0,35.72,52.65833333333333,33.74425505227786,33.62256980521,0.12168524706785357,20 to <30%
17093,"Kendall County, Illinois",135053.0,36.0,110474.0,298900.0,1763.0,4.857863075630377,3.644827216140803,2.728563626433643,84.17553788797557,36.444644256928115,0.0,36.7,51.90833333333333,66.21844757243453,54.54155035430534,11.676897218129179,30 to <40%
17095,"Knox County, Illinois",49294.0,42.4,53291.0,104900.0,725.0,15.859069542678908,4.525157666988906,12.708088111652934,69.78088129063327,20.29594023281404,0.0,34.57,52.94166666666666,29.86164644784355,31.687426461638335,-1.8257800137947824,20 to <30%
17097,"Lake County, Illinois",711885.0,38.9,108917.0,326600.0,1434.0,8.069735534161554,5.072602368542693,4.969953680905499,74.4031013792566,46.95393034403767,0.0,34.47,51.49166666666667,36.689914803655086,40.95464857385673,-4.264733770201648,40% or more
17099,"LaSalle County, Illinois",109049.0,42.1,72281.0,154900.0,906.0,13.462721311165154,5.684385562202903,9.522854047112645,73.91111505366806,18.746764005384694,0.0,34.57,52.23333333333334,35.04846445176022,33.92053113737861,1.1279333143816084,Under 20%
17101,"Lawrence County, Illinois",15137.0,40.6,53438.0,95500.0,810.0,14.6875,7.918656601448159,14.847436300723498,75.02770594754341,14.597285067873303,0.0,37.44,56.96666666666667,33.82440377882011,29.53029001783709,4.294113760983022,Under 20%
17103,"Lee County, Illinois",34058.0,43.0,68459.0,155100.0,853.0,11.718949247640907,3.638890643755133,10.745014340025346,73.2625915408758,19.35342071611253,0.0,37.2,51.6,35.733161078160784,41.54677315168242,-5.8136120735216394,Under 20%
17105,"Livingston County, Illinois",35659.0,41.9,70796.0,131500.0,855.0,10.04965361401005,3.616416091019911,8.261142498430633,73.90858081291911,18.47113512654456,0.0,36.519999999999996,53.550000000000004,38.61577722314142,39.34490591435542,-0.7291286912139993,Under 20%
17107,"Logan County, Illinois",27870.0,40.5,64188.0,125900.0,804.0,13.658815365146753,4.415062243872264,7.192923898531375,69.29509081100521,19.868327038889458,1.0,33.34,54.824999999999996,37.56727664155005,37.818442770003585,-0.25116612845353425,Under 20%
17109,"McDonough County, Illinois",27102.0,35.1,50434.0,103500.0,730.0,19.906275468622656,8.605633802816902,13.516693631416384,62.10884353741496,31.804317923569165,1.0,30.69,53.80833333333333,41.06707992030108,42.76437163308981,-1.6972917127887241,30 to <40%
17111,"McHenry County, Illinois",311366.0,40.4,102836.0,286900.0,1358.0,6.069525895112744,4.6754157138096275,3.54545831433191,82.57872069733257,35.19117118882032,0.0,33.51,50.199999999999996,43.43762645889404,39.583641116884955,3.8539853420090826,30 to <40%
17113,"McLean County, Illinois",170882.0,34.2,78329.0,198300.0,992.0,12.995181930073045,3.024921032812131,8.05111821086262,65.21600648598564,46.87393558642092,0.0,33.35,54.03333333333333,34.63793729005981,40.952236045926426,-6.314298755866622,40% or more
17115,"Macon County, Illinois",102591.0,40.9,62449.0,121800.0,797.0,14.649752014567257,7.1139803153772885,12.807098734380974,69.8458485254073,24.12657118215109,1.0,31.69,55.00833333333333,28.60874735600589,33.30701523525455,-4.698267879248667,20 to <30%
17117,"Macoupin County, Illinois",44566.0,44.3,68518.0,126100.0,789.0,14.394462076261442,4.392330241722331,17.419935569452342,77.71212208134932,18.776991925893473,0.0,32.79,56.25833333333333,36.933985549522056,37.42763541713414,-0.49364986761208096,Under 20%
17119,"Madison County, Illinois",264631.0,40.2,74800.0,167900.0,969.0,11.290167237480304,4.744846982200348,8.035008659682871,73.61246971705444,30.7840745860097,0.0,33.43,57.583333333333336,34.546217185439346,33.083803484852496,1.462413700586855,30 to <40%
17121,"Marion County, Illinois",37294.0,41.3,60839.0,100100.0,771.0,16.164383561643834,6.44140580856594,11.013291904022095,74.45198836081474,17.28968346103243,0.0,38.3,57.300000000000004,36.493805974151336,36.145224432884646,0.3485815412666917,Under 20%
17123,"Marshall County, Illinois",11715.0,45.9,69818.0,137800.0,767.0,11.73572622503739,4.697735354669661,14.766483516483516,79.71394037066881,18.71984939404636,0.0,33.91,53.375,41.48527528809219,50.362782757148956,-8.877507469056765,Under 20%
17125,"Mason County, Illinois",12878.0,45.5,62127.0,106100.0,760.0,14.0209762637016,6.066145919893635,13.62055933484505,80.55652782639132,17.069777397260275,0.0,30.369999999999997,55.01666666666667,36.80695760211213,43.329709582233264,-6.522751980121137,Under 20%
17127,"Massac County, Illinois",13958.0,45.0,62584.0,118000.0,793.0,14.917045955072677,3.3843674456083805,19.66588511137163,79.022254651587,16.272160047538872,0.0,51.66,59.63333333333333,33.67244590915604,33.600802407221664,0.07164350193437455,Under 20%
17129,"Menard County, Illinois",12169.0,42.8,81334.0,179300.0,780.0,9.759747277412918,3.8519764507989906,7.26526240628347,79.42252165543792,26.461359674607785,0.0,30.68,54.75833333333333,46.51162790697674,36.403977319418196,10.10765058755855,20 to <30%
17131,"Mercer County, Illinois",15619.0,44.5,71710.0,139300.0,757.0,7.8836561508065035,3.053335080592321,11.897238631680176,82.72259472945579,18.929340028694405,0.0,30.66,53.11666666666667,40.847685511236314,40.52756258403227,0.32012292720404634,Under 20%
17133,"Monroe County, Illinois",34969.0,42.5,101635.0,265600.0,996.0,4.580572354524147,2.1036188492580057,5.693828844186839,83.79609544468546,38.2310411311054,1.0,30.44,58.51666666666667,34.544882610311994,34.3447053104178,0.200177299894192,30 to <40%
17135,"Montgomery County, Illinois",28078.0,42.6,61863.0,102200.0,715.0,13.778364936276034,5.8418959231024195,10.081417624521073,76.26276076342654,18.20273114385003,0.0,36.28,56.35,28.06467697129425,30.20158130921006,-2.136904337915806,Under 20%
17137,"Morgan County, Illinois",32621.0,41.5,65175.0,128700.0,710.0,12.506157837695818,5.579961969706904,12.69207742965476,71.64952380952381,23.25954861111111,1.0,33.71,54.98333333333333,32.64768094172466,37.000705067287946,-4.353024125563287,20 to <30%
17139,"Moultrie County, Illinois",14469.0,40.4,71676.0,121500.0,773.0,9.83965529420075,2.593575007368111,6.172441579371474,77.43043627619375,18.78470080197409,1.0,32.06,55.125,43.74870412606262,45.200082935931995,-1.4513788098693758,Under 20%
17141,"Ogle County, Illinois",51536.0,42.0,79244.0,184100.0,901.0,8.909337048009574,5.35419782917194,8.530386740331492,74.51075138922445,24.04140464132673,0.0,34.02,50.90833333333333,40.825830487426266,41.019869605712515,-0.1940391182862465,20 to <30%
17143,"Peoria County, Illinois",179831.0,38.1,64938.0,152600.0,946.0,15.425632233176168,6.524269186006709,9.31617093373494,66.9875703869009,34.46672502931897,0.0,34.34,54.449999999999996,39.05889418398385,41.7058238012356,-2.646929617251753,30 to <40%
17145,"Perry County, Illinois",20810.0,42.2,59286.0,105200.0,714.0,16.91048034934498,5.054532660959306,12.786384464324678,78.93420065048787,12.260587182715886,0.0,38.47,57.88333333333333,30.802498798654494,30.70639115809707,0.09610764055742431,Under 20%
17147,"Piatt County, Illinois",16702.0,42.5,87516.0,173200.0,950.0,5.943992773261066,3.3333333333333335,7.168021680216802,85.4035907166837,31.883449491980855,0.0,32.53,54.69166666666667,48.07807448209795,46.102263202011734,1.9758112800862173,30 to <40%
17149,"Pike County, Illinois",14625.0,42.9,58029.0,100100.0,659.0,15.264643613267467,4.603127766302745,20.298793859649123,78.45227858985383,18.838166144200628,1.0,29.9,55.541666666666664,30.76923076923077,31.794871794871796,-1.0256410256410255,Under 20%
17151,"Pope County, Illinois",3757.0,50.8,62500.0,165300.0,438.0,14.337315921089191,2.9978586723768736,39.9912010558733,86.07038123167156,16.84687826996861,0.0,44.58,58.60833333333333,38.32845355336705,39.92547245142401,-1.5970188980569604,Under 20%
17153,"Pulaski County, Illinois",5074.0,42.7,43227.0,81000.0,625.0,26.132899817110342,2.4167561761546725,34.5518453427065,67.50805585392051,11.918850380388841,0.0,51.13,59.65833333333333,32.912889239258966,49.46787544343713,-16.554986204178164,Under 20%
17155,"Putnam County, Illinois",5600.0,47.2,77526.0,167800.0,804.0,9.946236559139784,3.433628318584071,19.42000651678071,80.71168621107967,24.56437560503388,0.0,33.22,53.01666666666667,38.57142857142857,39.82142857142857,-1.25,20 to <30%
17157,"Randolph County, Illinois",30142.0,43.0,68870.0,134100.0,760.0,12.25215319772769,5.078416728902166,12.902985074626866,76.83146259960586,14.210381511371974,0.0,34.98,57.699999999999996,25.014929334483444,31.617012806051356,-6.602083471567912,Under 20%
17159,"Richland County, Illinois",15675.0,42.5,60404.0,106600.0,754.0,11.893267223382045,4.22879177377892,13.10073309801792,73.56663021402906,18.862741507187987,0.0,38.59,57.0,29.34609250398724,38.4688995215311,-9.12280701754386,Under 20%
17161,"Rock Island County, Illinois",142995.0,40.3,66768.0,144700.0,863.0,15.408941886442104,5.721648016856012,8.31560336819394,68.63152046019087,24.06398598906414,0.0,30.32,53.074999999999996,35.6376097066331,39.03632994160635,-3.3987202349732506,20 to <30%
17163,"St. Clair County, Illinois",254777.0,39.5,70178.0,168800.0,1032.0,13.555057908252177,5.6790580211366155,12.202205499878628,67.79003288141953,30.743477190914138,0.0,32.11,58.03333333333333,41.14186131401186,44.42316221636961,-3.281300902357748,30 to <40%
17165,"Saline County, Illinois",23387.0,43.2,54945.0,92900.0,711.0,17.114946556859998,5.889628924833492,13.352910692693039,74.85047846889952,20.2348796241926,0.0,39.54,58.175000000000004,32.58220378842947,32.58220378842947,0.0,20 to <30%
17167,"Sangamon County, Illinois",195217.0,40.8,74114.0,170300.0,954.0,12.901911626449388,5.481294487667605,9.51251194297431,70.61454502313441,35.11987891461872,1.0,32.05,55.30833333333334,29.53123959491233,32.512537330253004,-2.981297735340672,30 to <40%
17169,"Schuyler County, Illinois",6826.0,48.8,66059.0,106200.0,836.0,19.28124067998807,6.185908038372478,17.636418450406993,79.53879941434846,18.92863903085368,0.0,28.98,54.583333333333336,29.006738939349546,28.274245531790214,0.732493407559332,Under 20%
17171,"Scott County, Illinois",4847.0,44.3,73013.0,101700.0,669.0,10.582341891045711,2.6315789473684212,15.085666527371501,79.08464566929133,22.225458782406058,1.0,31.93,55.30833333333334,34.04167526304931,32.59748297916237,1.4441922838869403,20 to <30%
17173,"Shelby County, Illinois",20867.0,45.5,68457.0,130400.0,762.0,9.951044544617323,3.0355594102341716,12.52237915257609,78.53325753268902,17.59124087591241,0.0,33.22,55.61666666666667,40.73417357550199,39.8715675468443,0.8626060286576892,Under 20%
17175,"Stark County, Illinois",5324.0,44.6,62284.0,103500.0,765.0,12.041682747973756,3.0973451327433628,11.41640866873065,77.63215377894277,19.271383315733896,0.0,33.31,52.80833333333334,31.930879038317055,38.317054845980465,-6.3861758076634105,Under 20%
17177,"Stephenson County, Illinois",44042.0,45.2,61943.0,127500.0,764.0,13.126227047003118,4.72038625603525,8.916959064327486,71.0051877343469,21.732208247094412,0.0,32.66,50.05833333333334,35.98837473320921,34.89850597157259,1.0898687616366196,20 to <30%
17179,"Tazewell County, Illinois",130555.0,41.7,76704.0,164500.0,898.0,8.726899383983573,3.8708192697146364,8.270830492295104,77.5254590054263,28.353695020724317,0.0,32.71,54.68333333333333,38.86484623338823,36.45972961587071,2.405116617517521,20 to <30%
17181,"Union County, Illinois",16972.0,44.3,56420.0,131700.0,658.0,19.35016306317188,5.192606180330182,12.046813382521307,76.82962105872143,20.895400229170075,0.0,44.53,58.416666666666664,30.285175583313695,27.987273155786,2.2979024275276925,20 to <30%
17183,"Vermilion County, Illinois",73179.0,41.2,54537.0,92900.0,802.0,17.21431934595574,6.349996887256427,12.227391683628962,69.2363756832864,16.2329393975568,1.0,32.06,53.53333333333333,28.874403859030597,29.694311209499993,-0.819907350469397,Under 20%
17185,"Wabash County, Illinois",11199.0,43.0,53650.0,103900.0,774.0,14.085923217550274,4.448329448329448,11.669128508124077,75.376254180602,18.701898409440737,0.0,39.65,57.65833333333333,31.788552549334764,29.645504062862756,2.1430484864720065,Under 20%
17187,"Warren County, Illinois",16576.0,38.7,64650.0,101300.0,694.0,12.839315579570307,5.175757575757576,11.529349828902342,78.11663195477536,22.03045685279188,1.0,32.65,53.01666666666667,34.68870656370656,40.54054054054054,-5.851833976833976,20 to <30%
17189,"Washington County, Illinois",13682.0,44.2,75652.0,149800.0,776.0,7.804370447450572,4.139281219409873,10.621680724773508,81.17790982174066,24.403129127298588,1.0,35.45,57.791666666666664,43.04926180382985,39.614091507089604,3.4351702967402424,20 to <30%
17191,"Wayne County, Illinois",15994.0,43.1,53107.0,109400.0,632.0,13.843832516031686,3.3475685356109657,10.98844005715028,78.94352838173063,16.208791208791208,0.0,37.839999999999996,57.666666666666664,35.263223708890834,35.075653370013754,0.1875703388770789,Under 20%
17193,"White County, Illinois",13708.0,44.4,53097.0,100100.0,706.0,16.37677885701378,3.9993278440598217,16.027255221448673,76.2744752160875,14.923559785359927,0.0,39.019999999999996,58.4,34.286548001167205,36.54800116720163,-2.2614531660344324,Under 20%
17195,"Whiteside County, Illinois",55192.0,43.4,64536.0,125800.0,808.0,12.070020583381238,4.591467823571945,10.193423597678917,75.46413956493646,20.072127769191138,0.0,32.89,52.175000000000004,33.33816495144224,31.073343962893173,2.264820988549065,20 to <30%
17197,"Will County, Illinois",698450.0,38.9,107799.0,298000.0,1413.0,6.960783318370301,4.847055464042368,4.501274318912159,82.51958062243587,36.45855834853634,0.0,37.730000000000004,52.300000000000004,43.20853318061422,42.677357004796335,0.5311761758178825,30 to <40%
17199,"Williamson County, Illinois",66902.0,41.4,65521.0,145600.0,897.0,14.279514561602008,4.33204952732597,9.960259098163156,71.13018697435184,27.457267181611876,0.0,44.47,58.050000000000004,43.34698514244716,38.788078084362205,4.55890705808496,20 to <30%
17201,"Winnebago County, Illinois",283289.0,39.7,64363.0,155100.0,986.0,16.017436966512285,7.2423639352773215,7.610496242767628,65.24006271167356,24.59591172982407,0.0,33.33,50.699999999999996,33.30168132190096,34.639537715901426,-1.337856394000473,20 to <30%
17203,"Woodford County, Illinois",38348.0,40.5,85629.0,193800.0,907.0,7.614595088398087,3.016812444351333,6.611622737376945,83.54189336235038,36.079369981470045,0.0,34.26,53.824999999999996,43.88755606550537,43.20955460519453,0.6780014603108376,30 to <40%
18001,"Adams County, Indiana",35995.0,33.2,63128.0,173100.0,799.0,12.439719112214107,2.6563190106631334,6.830188679245283,82.19522073714054,15.231818814684178,0.0,35.66,52.90833333333333,25.2812890679261,31.94888178913738,-6.667592721211279,Under 20%
18003,"Allen County, Indiana",388791.0,36.2,68839.0,194300.0,976.0,12.198983985071228,4.6250739029791665,6.246655640414457,69.12694655052762,31.134840377468198,1.0,34.28,52.51666666666667,32.47245949623319,31.61853026433225,0.8539292319009442,30 to <40%
18005,"Bartholomew County, Indiana",82881.0,37.7,80365.0,221100.0,1110.0,12.00322923929397,3.6788362008672544,7.131796041332319,69.92178025709435,35.3804978142564,0.0,36.42,56.10833333333333,45.66788528130694,49.42025313401141,-3.75236785270448,30 to <40%
18007,"Benton County, Indiana",8708.0,40.3,61811.0,135400.0,834.0,12.083818393480792,3.5542747358309317,8.178930651138169,80.54194292303258,18.804144725666724,1.0,34.17,53.00833333333333,59.026182820395036,54.20303169499311,4.823151125401929,Under 20%
18009,"Blackford County, Indiana",12007.0,44.0,47560.0,96700.0,635.0,17.493869958569377,5.518553758325404,13.696060037523452,73.63636363636364,13.491969066032123,0.0,33.71,53.458333333333336,45.72332805863246,50.3872740901141,-4.663946031481636,Under 20%
18011,"Boone County, Indiana",72827.0,38.3,104865.0,341800.0,1283.0,5.141821729737264,3.029762511466721,3.6906854130052724,79.30800057249176,50.48679579276702,0.0,31.56,53.291666666666664,84.08969200983152,58.027929202081644,26.061762807749872,40% or more
18013,"Brown County, Indiana",15543.0,50.9,72644.0,242500.0,960.0,8.62158987077405,3.1584442704254765,21.604215456674474,85.94473487677371,25.979945305378305,1.0,39.12,55.38333333333333,63.95161809174548,55.266036157755906,8.685581933989578,20 to <30%
18015,"Carroll County, Indiana",20443.0,42.9,64003.0,167700.0,874.0,8.394304923867907,2.8535255161667314,15.882167942132298,80.70787637088733,15.472064328296131,0.0,32.55,53.30833333333334,54.444063982781394,52.9276524971873,1.516411485594091,Under 20%
18017,"Cass County, Indiana",37703.0,41.1,56525.0,118700.0,778.0,12.700396717569697,3.3808769149498152,8.938922447983403,75.34843205574913,15.640483963894757,0.0,32.69,52.81666666666666,39.598970904172084,40.10290958279182,-0.5039386786197385,Under 20%
18019,"Clark County, Indiana",122800.0,39.8,72298.0,212400.0,1058.0,9.282567912661879,3.7595594983175284,8.671593567794407,74.97153545868575,25.46146948187313,0.0,43.84,57.025,56.59609120521173,50.52117263843648,6.074918566775244,20 to <30%
18021,"Clay County, Indiana",26431.0,41.2,67676.0,128900.0,837.0,10.658794282162834,3.9120201282363443,9.503777472527473,77.45944407551465,17.007762879322513,0.0,36.76,55.76666666666667,47.48212326434868,42.0339752563278,5.448148008020884,Under 20%
18023,"Clinton County, Indiana",32967.0,36.5,63690.0,157300.0,915.0,8.547754034016572,3.1474323578133627,8.150563129816241,73.76573088092933,16.712843390467246,1.0,32.7,53.175000000000004,40.85904085904086,42.37570904237571,-1.51666818333485,Under 20%
18025,"Crawford County, Indiana",10494.0,45.6,48993.0,115400.0,629.0,23.824601803876416,2.55079006772009,22.35993208828523,81.15022960857205,11.14493712772998,0.0,45.38,55.9,42.88164665523156,48.122736801982086,-5.241090146750524,Under 20%
18027,"Daviess County, Indiana",33442.0,34.7,68561.0,187500.0,837.0,10.43746374820649,1.684583114840063,9.490650183866677,71.52489626556017,15.110258868648131,0.0,37.64,56.71666666666667,27.54021888643024,33.73004006937384,-6.189821182943604,Under 20%
18029,"Dearborn County, Indiana",50828.0,41.8,82693.0,227100.0,848.0,8.13958133589006,2.292471966014773,3.8969711423801576,84.7379392495533,26.037312386028898,0.0,40.63,55.55833333333334,44.306287872826005,40.88297788620446,3.4233099866215473,20 to <30%
18031,"Decatur County, Indiana",26411.0,40.4,74228.0,189900.0,828.0,9.345143697056434,2.6283307921295287,9.475858507616834,75.19490397413956,20.07640772936161,0.0,37.27,55.15,47.97243572753777,45.20843587898982,2.7639998485479533,20 to <30%
18033,"DeKalb County, Indiana",43584.0,38.4,70080.0,177900.0,828.0,10.117816559384659,4.11790780141844,6.958424507658643,82.27892756349954,20.140792635462144,0.0,32.82,51.449999999999996,51.004955947136565,48.06809838472834,2.9368575624082234,20 to <30%
18035,"Delaware County, Indiana",112109.0,35.7,56932.0,127600.0,874.0,19.921231170225,6.17492960758456,10.588827963031136,66.48896979153123,25.690477886190443,0.0,34.82,53.949999999999996,41.22773372342988,38.47148757013264,2.7562461532972375,20 to <30%
18037,"Dubois County, Indiana",43563.0,40.1,71918.0,212500.0,801.0,9.514535770431028,2.0859588892268914,6.0219075607801225,75.99499658858312,24.31095406360424,0.0,42.96,56.225,31.402795950692102,32.27509583821133,-0.872299887519225,20 to <30%
18039,"Elkhart County, Indiana",206868.0,35.5,65617.0,194400.0,1023.0,12.541038394243813,3.4370755329829326,10.414221867119423,71.24581939799332,19.731802230903906,0.0,35.02,51.550000000000004,33.24342092542104,38.966877429085216,-5.723456503664172,Under 20%
18041,"Fayette County, Indiana",23390.0,43.9,56659.0,114800.0,779.0,16.71467225277123,4.121896998888477,13.036697247706423,70.55596581917924,16.440875375467417,0.0,37.86,53.78333333333333,36.85335613510047,40.0598546387345,-3.2064985036340317,Under 20%
18043,"Floyd County, Indiana",80512.0,40.1,78179.0,235100.0,990.0,9.986434575351497,3.8410532153449233,9.912435337976476,73.10172264459628,31.308168205863893,0.0,43.43,57.324999999999996,59.556339427662955,55.320945945945944,4.235393481717011,30 to <40%
18045,"Fountain County, Indiana",16546.0,42.8,62526.0,133200.0,837.0,12.429655003670174,4.493833190865796,12.386552473475648,74.7446746425445,13.674626352860333,0.0,32.339999999999996,53.541666666666664,53.24549740118458,44.72380031427535,8.521697086909223,Under 20%
18047,"Franklin County, Indiana",22929.0,42.3,79702.0,236700.0,803.0,8.524273549293301,3.1963470319634704,6.339111703764488,81.48067024422298,19.487083489329837,0.0,40.14,54.583333333333336,43.002311483274454,43.52566618692485,-0.523354703650399,Under 20%
18049,"Fulton County, Indiana",20411.0,42.2,62878.0,144700.0,861.0,12.621696801112657,7.360861759425494,17.116269343370973,78.13800933518355,16.239982979930502,0.0,36.32,52.300000000000004,47.03346234873353,44.48581647151046,2.547645877223066,Under 20%
18051,"Gibson County, Indiana",32986.0,40.8,67763.0,170500.0,914.0,10.236049505257608,2.925417256882429,10.879284649776453,75.76771055031925,18.986498489962692,0.0,41.54,58.025,42.50288000970109,43.594252106954464,-1.0913720972533802,Under 20%
18053,"Grant County, Indiana",66377.0,39.3,54007.0,116000.0,799.0,18.83414682084712,6.700644112313176,10.445812972755874,71.76813544119295,20.381480124564938,1.0,35.91,53.666666666666664,36.262560826792416,33.98767645419347,2.2748843725989425,20 to <30%
18055,"Greene County, Indiana",30954.0,43.1,59753.0,129900.0,788.0,13.280738509886081,6.434841323430115,11.032994570513713,75.27580001564823,14.636367776310397,0.0,39.839999999999996,56.09166666666667,49.58971376881825,44.67920139561931,4.91051237319894,Under 20%
18057,"Hamilton County, Indiana",357176.0,38.0,117957.0,379100.0,1468.0,4.349751374281129,2.804456983388163,5.14142845949469,76.28462653280368,61.8344157902076,0.0,32.55,53.791666666666664,60.67316952986763,53.069075189822385,7.604094340045243,40% or more
18059,"Hancock County, Indiana",82013.0,40.2,91326.0,258100.0,1121.0,4.487764004238855,2.6691439706348845,3.449308341816875,79.5881659740743,34.19659036928869,0.0,35.58,54.44166666666666,85.05968565959056,55.55216855864314,29.50751710094741,30 to <40%
18061,"Harrison County, Indiana",39785.0,43.0,72468.0,219200.0,861.0,7.52335140362933,3.7543190139755556,10.022562641016506,84.37376270291672,22.00824332006822,0.0,44.27,57.225,44.84102048510745,40.1156214653764,4.7253990197310545,20 to <30%
18063,"Hendricks County, Indiana",179379.0,38.6,99988.0,281500.0,1364.0,4.996511933761051,2.476697187164893,3.790568877588298,77.84899527635596,39.58417690661334,0.0,34.32,53.974999999999994,67.83960218308721,59.78403269056021,8.055569492526995,30 to <40%
18065,"Henry County, Indiana",48896.0,42.1,60144.0,140200.0,807.0,13.033870120777175,4.086845466155811,11.961083555894696,75.93716143011918,16.69668124517623,0.0,35.94,53.50833333333333,40.63727094240838,38.22398560209424,2.413285340314136,Under 20%
18067,"Howard County, Indiana",83610.0,41.0,62496.0,151500.0,915.0,12.526624554228892,5.721739570932853,11.725091091845709,71.86939565601071,19.97961087880568,1.0,33.36,53.05833333333334,43.882310728381775,40.15069967707212,3.731611051309652,Under 20%
18069,"Huntington County, Indiana",36757.0,40.8,62734.0,146400.0,866.0,10.09889206879941,3.152121825248922,6.439324116743472,76.1739016221186,23.1142113974935,0.0,35.25,52.775,42.95780395570912,41.97839867236173,0.9794052833473896,20 to <30%
18071,"Jackson County, Indiana",46319.0,38.8,70208.0,174500.0,946.0,11.222591362126245,3.0960422620594095,7.727107274712703,73.4742180896027,20.274414850686036,0.0,38.07,56.56666666666666,37.15537900213735,38.55869081802284,-1.4033118158854898,20 to <30%
18073,"Jasper County, Indiana",33198.0,41.4,79634.0,204400.0,926.0,6.9354046420238245,3.8904109589041096,8.185001459002043,83.17972350230414,18.082598445822054,0.0,34.13,52.583333333333336,44.249653593589976,40.09277667329357,4.156876920296403,Under 20%
18075,"Jay County, Indiana",20281.0,39.6,54114.0,110100.0,766.0,13.19434028298585,3.8028169014084505,10.653345307588685,78.03744188968463,12.686233611442193,0.0,33.25,53.03333333333333,31.803165524382425,35.402593560475324,-3.599428036092895,Under 20%
18077,"Jefferson County, Indiana",33074.0,41.6,59987.0,180600.0,865.0,11.248670084147403,4.0826807035562975,12.093313027827772,69.42278919599968,18.102742970331136,0.0,43.6,56.68333333333334,39.57791618794219,35.22404305496765,4.353873132974542,Under 20%
18079,"Jennings County, Indiana",27584.0,40.1,68476.0,154600.0,906.0,12.480843269913654,4.328621908127208,7.963390642374476,79.03345724907064,13.625635915456023,0.0,36.74,56.333333333333336,46.149941995359626,40.4219837587007,5.727958236658933,Under 20%
18081,"Johnson County, Indiana",163983.0,38.1,87227.0,260400.0,1208.0,7.227999775682766,2.99673425275474,5.072530864197531,73.94046786858063,33.31461081316133,1.0,37.46,55.083333333333336,68.76932364940268,60.817279839983414,7.952043809419269,30 to <40%
18083,"Knox County, Indiana",36108.0,39.1,58863.0,123500.0,782.0,13.391451396582891,2.5066899677789305,10.934276451517832,65.88352084712112,17.787311277947364,0.0,38.0,57.208333333333336,33.26132712972195,36.11388058048078,-2.8525534507588346,Under 20%
18085,"Kosciusko County, Indiana",80357.0,39.0,73922.0,200300.0,995.0,9.667386060683,2.9044037629077892,17.726177209941174,76.97735219075818,24.623886445126235,0.0,34.6,51.78333333333333,42.04985253307117,44.50141244695546,-2.4515599138842914,20 to <30%
18087,"LaGrange County, Indiana",40596.0,32.5,83741.0,249500.0,816.0,5.749987554139493,3.4129332206255283,14.770684949743726,81.83380193689472,11.092916824117227,0.0,33.18,51.333333333333336,32.26918908266824,40.989260025618286,-8.720070942950045,Under 20%
18089,"Lake County, Indiana",498990.0,39.6,68985.0,214700.0,1094.0,14.605305857536914,6.344794596244093,10.565339989830353,70.86481904545313,24.89602824981376,1.0,37.23,52.34166666666667,36.67608569310006,35.65201707449047,1.0240686186095913,20 to <30%
18091,"LaPorte County, Indiana",112141.0,40.8,70452.0,180700.0,926.0,14.011177659939724,4.43164747120681,12.424315329403745,74.56331127950368,21.708216513854158,0.0,39.97,52.0,34.22477060129658,35.21459591050552,-0.9898253092089423,20 to <30%
18093,"Lawrence County, Indiana",45077.0,43.5,65551.0,164500.0,800.0,11.25564588979223,3.422340898976413,6.692644909887969,79.9801628732512,20.46902323257557,0.0,43.01,55.449999999999996,40.5750160835903,36.36000621159349,4.215009871996806,20 to <30%
18095,"Madison County, Indiana",130949.0,40.8,62632.0,147700.0,926.0,12.904205738222574,5.717286679521548,10.549301735082523,69.9714247866321,20.050471539055618,0.0,34.35,54.14166666666667,50.29438941878136,43.16184163300216,7.132547785779196,20 to <30%
18097,"Marion County, Indiana",971822.0,34.3,63450.0,207000.0,1107.0,15.123951080304694,5.106956650116165,9.651188746201889,55.92595207002435,34.061213559524354,0.0,34.62,54.61666666666667,42.43060972071017,50.21084107995085,-7.780231359240684,30 to <40%
18099,"Marshall County, Indiana",46225.0,39.6,68041.0,184500.0,936.0,10.947669305189095,2.8378857750975524,12.936519865724735,76.54946193243943,20.449488923999613,0.0,35.16,51.96666666666667,44.86749594375338,46.33856138453218,-1.4710654407787993,20 to <30%
18101,"Martin County, Indiana",9854.0,41.8,65345.0,150400.0,643.0,16.438073631019904,2.1254853872879624,14.291948505345843,78.23319755600815,13.154440717514948,0.0,41.24,55.94166666666666,45.260807793789326,40.49117109803126,4.769636695758067,Under 20%
18103,"Miami County, Indiana",35772.0,41.0,61130.0,118000.0,794.0,15.167701121986154,6.474509319837058,11.100690024787298,75.03391107761868,16.11274548779518,0.0,33.61,52.875,46.85228670468523,46.96410600469641,-0.11181930001118193,Under 20%
18105,"Monroe County, Indiana",139822.0,31.4,63372.0,261700.0,1151.0,20.164149075463865,5.523529887131967,10.155744024672321,54.83488946862557,49.120379283788985,1.0,40.11,55.05833333333334,43.31221124000515,52.62405057859278,-9.311839338587633,40% or more
18107,"Montgomery County, Indiana",38155.0,40.0,66571.0,166300.0,827.0,11.946637625918868,3.8080928449303144,6.108624652231764,77.80855449626385,19.53810623556582,0.0,33.82,53.46666666666667,41.61970908137859,37.32145197221858,4.298257109160005,Under 20%
18109,"Morgan County, Indiana",72202.0,41.6,79088.0,220100.0,988.0,8.537117596542355,3.753910323253389,6.843927526975697,82.92858947064555,20.56141322624676,1.0,37.79,54.98333333333333,61.092490512728176,49.86011467826376,11.232375834464419,20 to <30%
18111,"Newton County, Indiana",13859.0,43.0,68596.0,159300.0,927.0,13.50974930362117,8.6848635235732,7.724046872421192,80.2360937220533,13.668271159245888,0.0,36.39,52.71666666666667,55.487408903961324,50.6530052673353,4.8344036366260195,Under 20%
18113,"Noble County, Indiana",47417.0,39.5,70908.0,183400.0,776.0,8.501022274830518,3.128689492325856,11.08747278844251,76.23393244671972,17.77791683614405,0.0,33.08,51.26666666666667,49.11740515005167,41.4830124217053,7.6343927283463735,Under 20%
18115,"Ohio County, Indiana",5993.0,46.0,67942.0,193500.0,852.0,8.902726354762706,1.224204267226303,6.823956442831216,77.05492793143748,18.954545454545453,0.0,40.32,56.43333333333334,49.05723343901218,45.72000667445353,3.3372267645586517,Under 20%
18117,"Orange County, Indiana",19746.0,43.0,64758.0,143900.0,838.0,13.258160848522294,2.918602302565138,11.989430804800175,78.75906930197648,15.194012498183403,0.0,43.89,55.5,43.14797933758736,36.61501063506533,6.53296870252203,Under 20%
18119,"Owen County, Indiana",21434.0,45.3,59586.0,162400.0,912.0,11.896617255796276,4.5717592592592595,12.869882448317794,80.84438241451501,16.994884910485933,1.0,38.97,55.375,61.58439861901652,51.64691611458431,9.93748250443221,Under 20%
18121,"Parke County, Indiana",16346.0,42.5,66776.0,139300.0,731.0,17.16735388441652,5.204678362573099,21.508196721311474,81.62071846282373,14.212670075396481,0.0,31.9,54.074999999999996,43.61923406337942,40.92744402300257,2.6917900403768504,Under 20%
18123,"Perry County, Indiana",19218.0,41.1,61099.0,146000.0,676.0,12.836357508005168,5.066303978238694,9.281367041198502,74.93226680428332,16.481521818049806,0.0,48.22,56.449999999999996,37.36080757623062,28.77510667082943,8.585700905401186,Under 20%
18125,"Pike County, Indiana",12187.0,43.5,66250.0,128400.0,676.0,12.232977303070761,3.0777256129368804,10.69384835479256,85.46255506607929,15.723783972938294,0.0,39.8,57.26666666666667,44.55567407893657,41.35554279149914,3.2001312874374332,Under 20%
18127,"Porter County, Indiana",174150.0,40.6,85828.0,261900.0,1146.0,9.224135402305594,4.435213873094776,5.621203295331614,77.21347852282913,30.080824742268042,0.0,40.23,52.05833333333334,44.58799885156474,41.20585701981051,3.3821418317542347,30 to <40%
18129,"Posey County, Indiana",25163.0,43.1,79124.0,218000.0,744.0,9.851263654318997,2.250442051117184,7.318834040249075,82.08373904576436,25.276196853029795,0.0,38.9,58.73333333333333,45.02642769145174,41.17156141954457,3.854866271907165,20 to <30%
18131,"Pulaski County, Indiana",12441.0,42.4,59956.0,134600.0,715.0,11.826457803657837,2.8113113940797088,16.054888507718697,75.05108295872498,13.6535595551989,0.0,36.95,52.458333333333336,44.36942367976851,44.28904428904429,0.0803793907242183,Under 20%
18133,"Putnam County, Indiana",37091.0,38.4,76182.0,205800.0,883.0,8.066604995374654,2.0884450784593436,7.710588856614734,73.55507868383405,19.88246430543504,0.0,35.64,54.025,51.68369685368418,48.448410665660134,3.235286188024049,Under 20%
18135,"Randolph County, Indiana",24425.0,42.1,61121.0,106000.0,741.0,15.003130870381966,5.417782770241079,10.739019900061367,77.48968768414849,14.40653080401715,0.0,34.99,52.88333333333333,45.52712384851586,43.848515864892526,1.6786079836233367,Under 20%
18137,"Ripley County, Indiana",29039.0,40.9,71084.0,205300.0,799.0,9.58779161550605,3.1747079400699625,8.40458138409421,77.81789362451568,19.357765791198265,0.0,39.47,55.291666666666664,53.1010021006233,47.38455180963532,5.716450290987981,Under 20%
18139,"Rush County, Indiana",16734.0,42.7,64393.0,155900.0,831.0,13.003227967598514,5.667366341523645,9.695817490494296,73.35338345864662,16.760061130922058,0.0,36.93,54.300000000000004,49.53985896976216,45.655551571650534,3.884307398111629,Under 20%
18141,"St. Joseph County, Indiana",272574.0,36.7,64885.0,179800.0,1030.0,14.584932011418399,5.037358576341279,9.569927912853148,68.82762487734217,32.62437238141238,0.0,38.09,51.89166666666667,37.50174264603374,40.609155678824834,-3.1074130327910954,30 to <40%
18143,"Scott County, Indiana",24468.0,41.2,54583.0,145400.0,790.0,14.735007862637596,3.3672670321064997,10.553183590124373,72.08674898827437,12.365559800176316,0.0,41.410000000000004,56.94166666666666,48.6758214811182,45.406244891286576,3.2695765898316167,Under 20%
18145,"Shelby County, Indiana",45104.0,41.2,71301.0,188300.0,956.0,11.507945477971925,4.049234516353514,7.309971393543114,73.80545604849821,19.41808981657179,0.0,36.4,55.35833333333333,49.41912025540972,49.640830081589215,-0.22170982617949628,Under 20%
18147,"Spencer County, Indiana",19871.0,44.2,70890.0,180200.0,697.0,6.635216900830684,3.4094278090720427,8.12895797351756,81.23825040731921,21.244438166537186,0.0,46.489999999999995,57.46666666666667,45.09083589150018,42.42363242916814,2.6672034623320418,20 to <30%
18149,"Starke County, Indiana",23300.0,41.9,62933.0,148400.0,690.0,14.84016286927142,3.3760301856816604,21.9011949349028,83.74058004110528,12.557511809091467,0.0,38.88,52.35,47.93991416309013,47.59656652360515,0.34334763948497854,Under 20%
18151,"Steuben County, Indiana",34648.0,43.6,71483.0,204300.0,921.0,8.81195908733281,7.08930170098478,27.76174232484912,80.18162005085361,24.674942141805175,0.0,33.32,50.96666666666667,45.22627568690834,46.09212652966982,-0.8658508427614869,20 to <30%
18153,"Sullivan County, Indiana",20766.0,41.3,54985.0,122200.0,813.0,13.469211689852258,5.08547468014192,12.514207774494203,75.61387553592309,14.289489330778887,1.0,35.78,56.916666666666664,38.3800443031879,36.64644129827603,1.7336030049118751,Under 20%
18155,"Switzerland County, Indiana",9914.0,42.1,65148.0,183200.0,720.0,11.07361963190184,4.080338266384778,11.411684473744033,79.8306389530408,9.995609541928875,0.0,41.61,56.80833333333334,52.04760944119427,54.569295945128104,-2.521686503933831,Under 20%
18157,"Tippecanoe County, Indiana",187399.0,28.8,58622.0,217600.0,1088.0,19.003291954883263,2.9197613285487773,6.192090965245125,53.903110931935764,40.06417296141028,0.0,33.15,53.675000000000004,40.181644512510736,49.978921979306186,-9.797277466795448,40% or more
18159,"Tipton County, Indiana",15329.0,44.5,78309.0,166000.0,854.0,11.53514874445107,2.9792746113989637,8.352837916910474,81.8196328810854,24.8821609862219,0.0,32.05,53.275,47.36121077695871,51.732011220562335,-4.370800443603627,20 to <30%
18161,"Union County, Indiana",7028.0,43.7,79500.0,162200.0,792.0,6.399770411823791,5.0811386006916734,12.246153846153845,82.6086956521739,20.580632332471666,0.0,38.47,53.60833333333333,49.800796812749006,38.98690950483779,10.813887307911212,20 to <30%
18163,"Vanderburgh County, Indiana",179908.0,38.9,60938.0,172300.0,964.0,14.364866575377144,4.405120885960488,8.97428338973458,64.47317288012643,27.082321318695552,0.0,40.56,58.75,39.54243279898615,41.44896280321053,-1.9065300042243813,20 to <30%
18165,"Vermillion County, Indiana",15452.0,42.5,59363.0,109500.0,785.0,13.28052805280528,5.9775840597758405,10.455910455910455,74.1920731707317,17.193694108970224,0.0,31.57,54.25,47.890240745534555,43.03650012943308,4.853740616101476,Under 20%
18167,"Vigo County, Indiana",106201.0,36.4,52525.0,140400.0,879.0,20.028800908648385,6.090710188634617,9.25069774378422,63.350158469303906,25.87146845174586,0.0,35.02,56.15833333333333,37.49493884238378,38.60603949115357,-1.1111006487697856,20 to <30%
18169,"Wabash County, Indiana",30901.0,42.6,68414.0,143600.0,752.0,10.745245845468563,3.5690680766688696,10.666761545577456,80.40465190377569,21.601257338325706,0.0,35.27,52.81666666666667,38.28355069415229,38.995501763696964,-0.7119510695446749,20 to <30%
18171,"Warren County, Indiana",8469.0,43.4,74635.0,160000.0,815.0,12.724874070520508,4.626899523701519,8.896121508001086,81.03602262578148,17.235099337748345,0.0,33.21,53.28333333333333,43.216436415161176,47.11300035423309,-3.896563939071909,Under 20%
18173,"Warrick County, Indiana",64650.0,41.3,95027.0,228900.0,1008.0,6.375047187617969,2.858258023838833,7.038807543192683,82.5241932218488,35.50224485693225,0.0,44.21,57.99166666666667,57.83449342614076,50.64191802010828,7.192575406032483,30 to <40%
18175,"Washington County, Indiana",28167.0,41.4,61358.0,162400.0,760.0,13.460078794231395,3.607682757613379,9.603683604670284,82.29943605603056,13.820310511580555,0.0,42.67,56.10833333333333,44.30716796250932,38.44924912131217,5.8579188411971455,Under 20%
18177,"Wayne County, Indiana",66377.0,40.9,56652.0,126100.0,813.0,16.87061434353853,5.331656711725873,12.809675531569022,69.71437094488776,20.215841627860783,0.0,36.019999999999996,52.833333333333336,34.65055666872561,31.773053919279267,2.8775027494463443,20 to <30%
18179,"Wells County, Indiana",28261.0,40.2,69741.0,180000.0,837.0,7.216979426546625,2.0780984719864177,5.35699408481213,76.19718309859155,18.860109060402685,0.0,34.97,52.925000000000004,46.141325501574606,43.735182760694954,2.4061427408796576,Under 20%
18181,"White County, Indiana",24709.0,42.5,66143.0,163000.0,853.0,9.959700633275762,4.753416518122401,23.680953117747176,79.33096806893056,18.31723975506359,1.0,32.67,53.025,49.17236634424704,48.56530009308349,0.6070662511635436,Under 20%
18183,"Whitley County, Indiana",34388.0,41.8,75790.0,205200.0,867.0,10.69028531006838,4.459376908979841,6.767068273092369,80.2067628688348,22.775711479794392,0.0,33.98,51.9,47.77829475398395,46.67325811329533,1.1050366406886123,20 to <30%
19001,"Adair County, Iowa",7471.0,42.6,66176.0,140600.0,730.0,10.333470564018114,4.224250325945241,9.318497913769123,73.58895705521472,20.01141335362374,0.0,28.75,51.19166666666666,45.2416008566457,42.69843394458573,2.543166912059965,20 to <30%
19003,"Adams County, Iowa",3641.0,46.6,68828.0,116900.0,909.0,9.519797809604043,2.9379157427937916,19.133192389006343,76.73202614379085,24.46287222012816,0.0,29.189999999999998,51.699999999999996,41.47212304312002,38.17632518538863,3.2957978577313924,20 to <30%
19005,"Allamakee County, Iowa",14038.0,43.1,66000.0,171900.0,717.0,12.05616996507567,3.5714285714285716,22.06985769728331,78.83466135458167,19.85522233712513,1.0,26.38,48.275,24.647385667473998,26.000854822624305,-1.3534691551503064,Under 20%
19007,"Appanoose County, Iowa",12242.0,45.5,51146.0,119800.0,779.0,20.425391045270214,6.936736958934517,20.7158694963573,69.11705952856572,19.340534394542352,0.0,27.65,52.78333333333333,32.020911615749064,40.67962751184447,-8.658715896095408,Under 20%
19009,"Audubon County, Iowa",5622.0,47.4,54152.0,110400.0,707.0,11.832269826800365,1.8571428571428572,9.36826992103374,76.43564356435644,20.623916811091853,0.0,26.07,50.35833333333333,30.060476698683743,38.06474564212024,-8.0042689434365,20 to <30%
19011,"Benton County, Iowa",25698.0,43.3,84742.0,198400.0,815.0,7.879439401178532,2.34489855924728,8.868859846777827,84.26466224903571,24.930362116991642,0.0,21.97,50.25,42.18227099385166,42.10444392559732,0.07782706825433885,20 to <30%
19013,"Black Hawk County, Iowa",130693.0,35.7,64581.0,182400.0,962.0,14.709038447781126,4.8397018640648914,8.524545516443112,65.3181987346483,30.137068726909515,0.0,22.990000000000002,50.324999999999996,34.615472902144724,35.74024622588815,-1.1247733237434292,30 to <40%
19015,"Boone County, Iowa",26669.0,42.2,79741.0,191200.0,826.0,6.713794421092855,1.3353841851359856,8.912952936276552,81.05166895290353,28.73521097267302,0.0,29.32,50.975,44.20863174472234,44.621095654130265,-0.4124639094079268,20 to <30%
19017,"Bremer County, Iowa",25118.0,38.6,83343.0,207200.0,844.0,7.48284915727958,3.579843429353196,8.053500284575982,80.80057773651089,35.22562741312741,0.0,24.31,49.31666666666666,45.94314833983597,43.5544231228601,2.3887252169758737,30 to <40%
19019,"Buchanan County, Iowa",20645.0,39.9,78430.0,171400.0,802.0,7.030143143289853,2.720101550457884,8.8978314330427,81.0920245398773,22.31994809314397,0.0,24.99,49.31666666666666,34.24558004359409,39.04093000726568,-4.795349963671591,20 to <30%
19021,"Buena Vista County, Iowa",20684.0,35.7,66564.0,146900.0,835.0,8.236964901602759,5.00508835229901,8.469845892488776,72.45127933183083,22.070073439412486,0.0,28.14,48.68333333333334,42.883388126087794,52.794430477663894,-9.911042351576098,20 to <30%
19023,"Butler County, Iowa",14301.0,43.7,69651.0,156500.0,780.0,10.68452168957903,3.3741908827985125,10.382097731770436,80.00679463224053,20.440624382533095,0.0,23.71,49.43333333333334,36.431018809873436,39.36787637228166,-2.9368575624082234,20 to <30%
19025,"Calhoun County, Iowa",9858.0,42.7,66875.0,114400.0,690.0,8.612804878048781,2.8203971119133575,18.94034209428452,80.905815748842,21.49532710280374,0.0,26.17,49.833333333333336,46.865489957395006,42.40210996145263,4.463379995942382,20 to <30%
19027,"Carroll County, Iowa",20677.0,41.8,68528.0,175700.0,722.0,8.341956146834196,2.070623035681272,7.972233908287758,75.00571428571429,23.396683037938644,0.0,25.759999999999998,50.574999999999996,35.69183150360304,34.96638777385501,0.7254437297480292,20 to <30%
19029,"Cass County, Iowa",13115.0,44.0,61657.0,133300.0,769.0,17.440323458518,1.1333134506412168,9.504455213381272,72.27500431853515,21.56671012603216,0.0,27.66,51.40833333333333,43.385436523065195,37.36179946626001,6.0236370568051845,20 to <30%
19031,"Cedar County, Iowa",18427.0,43.8,79080.0,199700.0,860.0,7.244129375276916,2.932946419318064,8.485069191551347,80.8064730070301,21.479857909455067,0.0,26.25,51.449999999999996,49.98100613230586,47.86454658924404,2.1164595430618114,20 to <30%
19033,"Cerro Gordo County, Iowa",42785.0,43.9,65537.0,154100.0,840.0,9.3557476479297,2.6168721724474406,14.557853057633084,71.64924566191236,24.264777882951986,0.0,26.9,48.26666666666667,38.705153675353515,40.66845857192941,-1.9633048965759028,20 to <30%
19035,"Cherokee County, Iowa",11587.0,44.5,64478.0,145100.0,711.0,15.229732127017916,2.9889538661468484,8.514851485148515,73.31759149940969,21.631035311073745,0.0,31.39,48.86666666666667,38.232501941831366,37.71468024510227,0.517821696729093,20 to <30%
19037,"Chickasaw County, Iowa",11868.0,43.5,73421.0,164400.0,779.0,7.094449686883418,1.8339920948616601,10.099188458070333,81.40421263791374,19.086021505376344,0.0,25.78,48.11666666666667,31.429052915402764,35.8948432760364,-4.465790360633637,Under 20%
19039,"Clarke County, Iowa",9690.0,38.4,66821.0,160200.0,836.0,13.756725392973943,4.11854434517324,9.088843444671665,69.45763559110222,16.017450919289498,0.0,26.18,52.76666666666667,48.40041279669763,49.9484004127967,-1.5479876160990713,Under 20%
19041,"Clay County, Iowa",16446.0,41.8,64082.0,171500.0,798.0,11.454782123597594,3.964090008161362,10.9568849035745,72.69968271485722,26.038464916132433,0.0,31.26,48.166666666666664,42.32032105071142,41.65146540192144,0.6688556487899793,20 to <30%
19043,"Clayton County, Iowa",17069.0,46.4,62326.0,155700.0,764.0,13.627992633517495,2.580268534734384,15.754749175292913,76.58655144477451,15.741650294695482,1.0,26.16,48.98333333333333,38.66658855234636,42.65041888804265,-3.9838303356962914,Under 20%
19045,"Clinton County, Iowa",46383.0,42.5,65177.0,153800.0,825.0,13.137367238112027,3.819659100944979,9.98610467809171,73.12956673870536,22.09948180097434,0.0,29.189999999999998,52.23333333333333,34.9912683526292,35.74585516245176,-0.7545868098225643,20 to <30%
19047,"Crawford County, Iowa",16289.0,37.9,65039.0,136300.0,727.0,16.371543957750855,1.7382906808305167,9.092235843549329,78.68036602986034,18.26479721464195,0.0,26.18,50.875,32.23033949290932,40.272576585425746,-8.042237092516421,Under 20%
19049,"Dallas County, Iowa",104136.0,35.8,102349.0,333400.0,1239.0,5.829254399938213,2.9319212289368615,5.3871975923139255,69.48468239209161,51.62640760837855,0.0,27.67,51.824999999999996,85.36913267265884,69.84136129676577,15.527771375893064,40% or more
19051,"Davis County, Iowa",9127.0,36.2,79505.0,146000.0,878.0,7.184099489229403,3.5201149425287355,12.021099389228207,84.03281792363522,17.624386825508058,0.0,27.03,53.03333333333333,28.158211898761916,31.773857784595158,-3.615645885833242,Under 20%
19053,"Decatur County, Iowa",7669.0,36.2,57146.0,109500.0,663.0,15.210263720598718,3.2302595251242407,16.488633251164064,67.98950475565759,24.26085133151604,0.0,28.68,53.15,42.3784065719129,59.590559394966746,-17.212152823053852,20 to <30%
19055,"Delaware County, Iowa",17549.0,44.0,76205.0,168700.0,743.0,7.8742876877914005,2.1090534979423867,11.864406779661017,82.37179487179488,19.73889481895065,0.0,27.62,49.300000000000004,34.81679867798735,35.614564932474785,-0.7977662544874352,Under 20%
19057,"Des Moines County, Iowa",38597.0,42.2,60662.0,137000.0,908.0,14.13709336713139,3.161829603862728,8.467355415912238,72.69606702350477,23.83602300129846,1.0,32.57,53.28333333333333,36.22043163976475,36.68678912868876,-0.46635748892400963,20 to <30%
19059,"Dickinson County, Iowa",17844.0,48.1,74570.0,251600.0,930.0,6.268470106842464,2.4229074889867843,38.477951635846374,76.65895953757226,32.31011708195737,0.0,28.98,47.275,54.023761488455506,50.10087424344317,3.922887245012329,30 to <40%
19061,"Dubuque County, Iowa",98948.0,38.8,75919.0,226100.0,944.0,9.41450223256399,3.773444060837921,5.622863521149688,73.16742638906,32.86459037574556,1.0,28.009999999999998,49.76666666666666,31.72373367829567,30.854590289849213,0.8691433884464568,30 to <40%
19063,"Emmet County, Iowa",9316.0,43.3,65181.0,106200.0,731.0,10.381258612769868,1.952662721893491,13.172459597077706,77.74094849566548,15.652965266191416,0.0,28.869999999999997,47.50833333333333,37.46243022756548,39.0725633319021,-1.6101331043366252,Under 20%
19065,"Fayette County, Iowa",19393.0,43.7,58764.0,130800.0,813.0,12.464604370358497,3.835645229087852,12.022737022737022,76.98403023284165,18.18919118189191,0.0,25.03,48.225,35.115763419790646,38.20966328056515,-3.0938998607745063,Under 20%
19067,"Floyd County, Iowa",15502.0,44.2,64500.0,133300.0,672.0,11.387109426068767,3.540396835689275,9.414340448823207,74.35045317220543,18.498016422179166,0.0,25.86,48.51666666666667,44.12333892400981,51.60624435556702,-7.482905431557218,Under 20%
19069,"Franklin County, Iowa",9977.0,41.9,63648.0,118500.0,649.0,15.063059397884459,3.7614297589359933,12.304058406699593,72.5024485798237,18.232530827950676,0.0,24.07,48.90833333333333,35.0806855768267,37.28575724165581,-2.205071664829107,Under 20%
19071,"Fremont County, Iowa",6570.0,46.4,73750.0,147500.0,753.0,7.589632158932174,0.9664948453608248,11.821086261980831,80.76086956521739,21.14771519659936,0.0,26.86,53.14166666666666,42.16133942161339,41.856925418569254,0.30441400304414,20 to <30%
19073,"Greene County, Iowa",8722.0,44.8,59159.0,140500.0,774.0,10.442374854481956,3.2389580973952437,8.989805375347544,74.26171079429736,19.801026957637998,0.0,27.83,50.80833333333334,40.93097913322632,38.523274478330656,2.407704654895666,Under 20%
19075,"Grundy County, Iowa",12352.0,41.5,83617.0,180500.0,777.0,6.443679291687162,2.186970583705529,7.360174895245035,83.9724680432645,24.69437652811736,0.0,22.9,49.98333333333333,41.45077720207254,42.8270725388601,-1.3762953367875648,20 to <30%
19077,"Guthrie County, Iowa",10646.0,46.5,79981.0,163900.0,823.0,9.337263478178187,3.294538943598926,20.667589069526116,83.45323741007195,24.267673480015624,0.0,27.19,50.93333333333334,52.320120232951346,47.05992861168514,5.260191621266204,20 to <30%
19079,"Hamilton County, Iowa",14893.0,42.2,71750.0,132300.0,853.0,7.9893566214095655,3.946308724832215,10.473356009070296,73.75336393857845,21.96940726577438,0.0,27.68,49.324999999999996,37.87014033438528,46.53192775129256,-8.661787416907272,20 to <30%
19081,"Hancock County, Iowa",10718.0,44.6,70212.0,129300.0,784.0,12.13972132086276,2.2314198308439805,9.8828125,81.96792371044647,21.378413524057216,0.0,26.97,48.05833333333334,37.693599552155256,44.78447471543198,-7.09087516327673,20 to <30%
19083,"Hardin County, Iowa",16729.0,45.2,64906.0,113000.0,814.0,8.614559291372965,3.692451507361533,12.68061783756851,73.3095577746077,21.19226989846053,0.0,25.45,49.708333333333336,40.707753003765916,40.88708231215255,-0.179329308386634,20 to <30%
19085,"Harrison County, Iowa",14645.0,41.9,77027.0,165300.0,854.0,7.5034770514603615,2.7566290364925177,10.106303338823178,76.91538974017321,21.22905027932961,0.0,25.37,51.800000000000004,35.64356435643565,35.78012973711164,-0.13656538067599863,20 to <30%
19087,"Henry County, Iowa",20228.0,40.5,64604.0,148600.0,770.0,12.084722072895387,2.190907220736474,9.772565742714997,74.04489956675857,22.530730296456976,0.0,27.85,52.824999999999996,33.36958671148903,45.18489222859403,-11.815305517105003,20 to <30%
19089,"Howard County, Iowa",9459.0,39.3,67336.0,133900.0,699.0,8.40172786177106,1.6466117796073465,14.881780250347704,76.60675381263617,18.71262197041234,0.0,27.47,47.199999999999996,27.909927053599745,39.4333439052754,-11.523416851675654,Under 20%
19091,"Humboldt County, Iowa",9573.0,41.8,66994.0,146900.0,731.0,13.685880486515071,3.092352695361471,7.913043478260869,75.0,19.26605504587156,0.0,27.2,48.9,30.71137574428079,34.88979421289042,-4.178418468609631,Under 20%
19093,"Ida County, Iowa",6944.0,42.3,62841.0,108800.0,669.0,10.352975926746419,1.9428254232583957,11.025260029717682,77.55511022044088,20.695504664970315,0.0,28.01,49.90833333333333,36.72235023041475,44.21082949308756,-7.488479262672811,20 to <30%
19095,"Iowa County, Iowa",16547.0,42.2,72185.0,189800.0,722.0,9.215854706098908,2.42072962836686,6.879673691366418,76.08409986859395,24.248168892718656,0.0,23.23,51.475,39.886384238834836,37.045990209705685,2.8403940291291474,20 to <30%
19097,"Jackson County, Iowa",19429.0,44.2,71605.0,170000.0,800.0,10.306537378792617,4.692111959287532,10.450819672131148,78.56196555461881,18.35727760847482,1.0,28.17,51.11666666666667,38.34474239538834,37.41829224355345,0.926450151834886,Under 20%
19099,"Jasper County, Iowa",37864.0,41.4,70128.0,176800.0,822.0,8.160208581810114,4.899543618528039,9.007897334649556,74.82370490914022,19.913647456354422,0.0,27.59,51.76666666666667,43.60342277625185,42.282907246989225,1.320515529262624,Under 20%
19101,"Jefferson County, Iowa",15676.0,43.5,56824.0,161200.0,881.0,14.55373530011556,5.293099183774425,10.756455170624108,65.14975283512649,41.630536427782026,0.0,27.25,52.19166666666666,42.35774432253126,48.99208981883133,-6.634345496300076,40% or more
19103,"Johnson County, Iowa",154881.0,30.8,74721.0,293100.0,1104.0,16.74275566925437,3.6524197982472875,7.4347948996444035,58.8388465618671,54.56850316918576,0.0,23.68,51.61666666666667,45.76416732846508,52.71789309211588,-6.9537257636508025,40% or more
19105,"Jones County, Iowa",20799.0,43.0,73071.0,183400.0,759.0,10.431488969647337,2.90834312573443,8.702994820986264,80.6881243063263,20.747937183923344,0.0,25.13,50.824999999999996,35.963267464781964,38.030674551661136,-2.067407086879177,20 to <30%
19107,"Keokuk County, Iowa",9964.0,42.8,60856.0,112200.0,822.0,11.971472236372898,3.5646488082682977,12.580645161290322,78.86838868388683,15.885304659498209,0.0,23.34,51.94166666666667,31.312725812926537,38.73946206342834,-7.426736250501807,Under 20%
19109,"Kossuth County, Iowa",14610.0,45.0,65656.0,135100.0,859.0,9.649734859056656,2.1224820873327026,9.944598337950138,75.34604737003998,22.15586167035931,0.0,28.02,48.300000000000004,35.181382614647504,37.16632443531827,-1.9849418206707734,20 to <30%
19111,"Lee County, Iowa",33175.0,43.7,59803.0,123600.0,814.0,13.040746442147592,3.976464502780292,9.507844129554655,75.49807759524641,21.03933294028468,1.0,33.19,53.74166666666667,31.047475508666164,30.293896006028636,0.7535795026375283,20 to <30%
19113,"Linn County, Iowa",229463.0,38.5,76421.0,204400.0,915.0,9.857660132351105,3.684707463833056,6.8026944082204945,73.31327392662887,34.8329959837306,0.0,24.43,50.75833333333333,34.61560251543822,34.78992255832095,-0.17432004288273054,30 to <40%
19115,"Louisa County, Iowa",10710.0,41.8,80223.0,137600.0,797.0,9.86835874609338,3.8496294957527564,12.521114864864865,80.11103065411538,16.460082633613222,0.0,27.52,53.14166666666667,44.07096171802054,50.14005602240896,-6.069094304388422,Under 20%
19117,"Lucas County, Iowa",8685.0,43.3,67921.0,117000.0,738.0,16.480316794782205,3.7709168041480083,9.933774834437086,81.12745098039215,14.477783243154615,0.0,24.39,52.625,37.19055843408175,40.06908462867012,-2.8785261945883707,Under 20%
19119,"Lyon County, Iowa",12087.0,38.1,72881.0,215600.0,802.0,5.3250461951957,2.354278291930508,8.503191270331481,83.34833483348335,20.76813655761024,0.0,24.810000000000002,47.40833333333333,29.535864978902953,32.431538016050304,-2.8956730371473482,20 to <30%
19121,"Madison County, Iowa",16760.0,41.0,89542.0,236900.0,938.0,6.803912098526926,2.674558807409843,5.7744275352012515,81.26792452830189,25.495006132819345,0.0,27.03,52.333333333333336,48.747016706443915,47.19570405727924,1.5513126491646778,20 to <30%
19123,"Mahaska County, Iowa",22045.0,39.1,69019.0,140900.0,821.0,11.851052853726024,3.2946236559139783,8.415739596209312,67.83263974805983,22.999589659417317,0.0,24.740000000000002,52.39166666666667,40.64413699251531,40.78022227262418,-0.13608528010886822,20 to <30%
19125,"Marion County, Iowa",33551.0,39.7,78059.0,211100.0,880.0,7.06607154083108,1.875834833614031,6.020465377067564,77.7462898053546,33.066320594289806,0.0,25.95,52.449999999999996,45.393579923102145,41.3102441059879,4.083335817114244,30 to <40%
19127,"Marshall County, Iowa",39971.0,38.7,72785.0,134100.0,860.0,11.066242137143744,4.0393277473725,7.7935943060498225,73.33076032419915,21.4471550846499,0.0,25.18,50.71666666666667,35.625828725826224,37.17695329113607,-1.5511245653098495,20 to <30%
19129,"Mills County, Iowa",14563.0,42.6,87810.0,228700.0,888.0,6.869963878855238,2.763433356594557,12.583755515607125,84.1839596186203,32.04776820673453,0.0,25.67,52.725,54.109730138021014,45.18299800865206,8.926732129368949,30 to <40%
19131,"Mitchell County, Iowa",10548.0,42.2,68704.0,164100.0,739.0,6.892884764114463,0.9437321937321937,8.669930640554876,79.9642617824436,22.71219242466132,0.0,28.099999999999998,47.666666666666664,34.41410693970421,34.60371634433068,-0.18960940462646947,20 to <30%
19133,"Monona County, Iowa",8619.0,44.7,62944.0,122600.0,795.0,11.220847215611613,2.0872420262664164,11.366742596810933,76.43279362631714,18.74491952528044,0.0,26.41,51.083333333333336,34.22670843485323,34.1106856943961,0.1160227404571296,Under 20%
19135,"Monroe County, Iowa",7546.0,42.1,72518.0,135900.0,787.0,9.168588091685882,2.932551319648094,18.00986842105263,83.81812102975593,19.984641965828374,0.0,24.77,52.725,30.214683275907767,39.35860058309038,-9.143917307182614,Under 20%
19137,"Montgomery County, Iowa",10254.0,43.8,63190.0,109900.0,782.0,11.959768970324637,2.567212451991106,8.02235082817801,71.59904534606206,18.724934310607107,0.0,25.84,52.225,44.37292763799493,39.20421299005266,5.1687146479422665,Under 20%
19139,"Muscatine County, Iowa",42735.0,39.1,69512.0,172400.0,966.0,11.56639127639818,3.694972117695063,6.8316240707580445,74.86313337216075,22.714201572948063,0.0,27.32,52.21666666666667,35.38083538083538,37.86123786123786,-2.4804024804024802,20 to <30%
19141,"O'Brien County, Iowa",14103.0,39.8,68216.0,158900.0,770.0,13.813553193028133,1.1980267794221282,11.506723716381417,77.30961837333794,22.4606135986733,0.0,31.21,48.050000000000004,41.267815358434376,47.294901793944554,-6.027086435510175,20 to <30%
19143,"Osceola County, Iowa",6114.0,43.5,69138.0,123800.0,796.0,16.333666333666333,4.903511546978804,9.103592605510988,77.97390636991558,15.354239256678282,0.0,27.84,46.99166666666667,33.693163231926725,42.36179260713117,-8.668629375204448,Under 20%
19145,"Page County, Iowa",15168.0,45.0,57752.0,120000.0,731.0,13.426782410701579,5.704357897784856,11.935391652372784,70.00486933939295,18.80969225327202,0.0,26.43,52.71666666666667,38.30432489451477,31.90928270042194,6.395042194092827,Under 20%
19147,"Palo Alto County, Iowa",8902.0,41.5,68963.0,119300.0,599.0,11.71792772775114,2.728226652675761,17.22382112021253,75.71543193367211,20.529692383615725,0.0,29.61,48.11666666666667,33.026286227813976,35.49764097955516,-2.4713547517411816,20 to <30%
19149,"Plymouth County, Iowa",25699.0,41.1,81600.0,218600.0,865.0,6.762254611525853,1.8583042973286876,5.210347049617969,73.68165485092746,23.879912913945226,0.0,29.98,49.46666666666667,39.96264446087397,44.20405463247597,-4.241410171602008,20 to <30%
19151,"Pocahontas County, Iowa",7040.0,43.9,63423.0,93300.0,743.0,8.696283391405343,5.505364201016375,15.691634773100054,78.59922178988327,18.65136298421808,0.0,27.67,48.5,22.15909090909091,46.875,-24.71590909090909,Under 20%
19153,"Polk County, Iowa",497441.0,36.2,81621.0,248400.0,1113.0,10.061167148595857,4.374215531304596,5.865610001116196,67.07229106144148,39.54552308573841,0.0,27.8,52.09166666666667,40.22185545622496,40.380668260155474,-0.1588128039305164,30 to <40%
19155,"Pottawattamie County, Iowa",93407.0,40.1,71446.0,183600.0,970.0,10.899047367028315,3.8341290295322996,6.2240767577832194,70.34984412885348,23.54001441961067,0.0,25.53,52.074999999999996,39.87923817272795,39.6651214577066,0.21411671502135815,20 to <30%
19157,"Poweshiek County, Iowa",18582.0,40.8,64837.0,184200.0,864.0,11.108493344327954,4.892676767676767,12.910798122065728,70.68412270568605,28.16219322006074,0.0,25.61,51.416666666666664,38.26283500161446,48.595414917662254,-10.332579916047788,20 to <30%
19159,"Ringgold County, Iowa",4664.0,44.6,69821.0,150300.0,745.0,9.009613234965348,2.1913190054782974,30.15695067264574,78.81219903691814,25.23191094619666,0.0,29.009999999999998,52.84166666666667,32.80445969125214,43.95368782161235,-11.149228130360205,20 to <30%
19161,"Sac County, Iowa",9759.0,45.3,70991.0,138400.0,643.0,7.9134434455362745,3.3774707349836883,17.00507614213198,78.02869912961656,21.185827910339842,0.0,25.79,49.975,40.57792806640025,37.40137309150528,3.1765549748949686,20 to <30%
19163,"Scott County, Iowa",174302.0,39.0,76363.0,212500.0,958.0,11.645805936501972,3.7295290295489205,6.98195315499808,69.60027519779842,36.22728802153432,1.0,30.06,52.925000000000004,42.110819152964396,39.483195832520565,2.6276233204438273,30 to <40%
19165,"Shelby County, Iowa",11757.0,45.1,67690.0,156200.0,810.0,8.53351834186107,3.2873983064917813,8.215140909928163,75.77764398956452,23.322025684516596,0.0,25.71,51.041666666666664,43.4634685719146,37.76473590201582,5.698732669898784,20 to <30%
19167,"Sioux County, Iowa",35984.0,34.0,84736.0,235600.0,888.0,6.434602281143534,2.003287446065338,4.546489563567363,77.82283715012723,30.387516986083128,0.0,28.279999999999998,48.15,26.45620275678079,30.235660293463763,-3.7794575366829704,30 to <40%
19169,"Story County, Iowa",98592.0,27.0,69006.0,243600.0,1019.0,18.593710167095413,4.991963011793603,7.045771096489122,55.978092384003304,53.337521894752875,0.0,30.35,50.99166666666667,49.31434599156118,54.466893865628045,-5.152547874066862,40% or more
19171,"Tama County, Iowa",16982.0,41.8,67955.0,139900.0,865.0,15.351194786386676,3.9715970634252016,11.375905200789994,76.45223592333977,19.400051277668574,0.0,22.98,50.449999999999996,43.39889294547167,46.40207278294665,-3.0031798374749736,Under 20%
19173,"Taylor County, Iowa",5901.0,43.6,67279.0,109700.0,707.0,10.355540214014498,3.3647375504710633,14.498269896193772,77.74180493727236,15.48747872599076,0.0,29.12,52.5,32.19793255380444,38.97644467039485,-6.7785121165904085,Under 20%
19175,"Union County, Iowa",12038.0,40.6,56813.0,117800.0,683.0,12.6032530017883,4.5673076923076925,12.694300518134716,72.10682492581603,24.102311854402362,0.0,28.060000000000002,52.041666666666664,37.880046519355375,38.79381957135737,-0.9137730520019937,20 to <30%
19177,"Van Buren County, Iowa",7236.0,44.8,60183.0,118800.0,686.0,12.22206684379807,4.162949747249479,17.341699942954936,83.05728088336784,19.36821322803554,0.0,28.560000000000002,52.9,31.785516860143726,44.223327805417355,-12.437810945273633,Under 20%
19179,"Wapello County, Iowa",35265.0,39.9,60034.0,112900.0,950.0,16.71468901888879,3.7496360989810773,10.495552731893266,67.44037478705282,19.426168068626634,0.0,23.72,52.69166666666666,41.8828867148731,42.56344817808025,-0.680561463207146,Under 20%
19181,"Warren County, Iowa",53484.0,38.7,92990.0,252800.0,975.0,5.350478584549937,3.032518626836571,5.839891957341778,83.02092091597012,32.68418979006022,0.0,25.53,52.59166666666667,62.523371475581484,45.78939495924015,16.733976516341336,30 to <40%
19183,"Washington County, Iowa",22539.0,40.3,71339.0,199600.0,862.0,8.480245909049815,2.538787023977433,6.121601992114546,72.17064544650752,24.898679565956336,0.0,25.080000000000002,52.11666666666667,44.456275788633036,43.169617108123695,1.2866586805093394,20 to <30%
19185,"Wayne County, Iowa",6518.0,42.0,59118.0,102300.0,660.0,15.017971558055946,2.0115922263893626,15.458457464415757,80.07047768206735,16.041189931350115,0.0,26.9,52.625,44.18533292420988,36.8211107701749,7.36422215403498,Under 20%
19187,"Webster County, Iowa",36848.0,39.8,68054.0,138500.0,762.0,11.723611600328754,3.770903923926112,8.28006802322172,70.08503292628349,20.51137507549829,0.0,27.84,49.49166666666667,31.887755102040817,33.81458966565349,-1.9268345636126791,20 to <30%
19189,"Winnebago County, Iowa",10648.0,41.7,63719.0,132300.0,712.0,9.83084577114428,2.7767760548142806,9.625984251968504,74.36288390328905,25.114218468780287,0.0,27.45,47.50833333333333,43.67017280240421,48.741547708489854,-5.07137490608565,20 to <30%
19191,"Winneshiek County, Iowa",19972.0,42.2,75652.0,239000.0,800.0,7.890222984562607,2.280188093336882,9.033403617800467,76.35720385506893,31.523603549854574,0.0,28.16,48.050000000000004,30.242339274984978,31.193671139595434,-0.9513318646104546,30 to <40%
19193,"Woodbury County, Iowa",105760.0,36.2,70147.0,172000.0,946.0,13.33572759745302,4.280028351780165,6.071287771619397,68.43443695528727,23.398110021625143,0.0,28.82,50.36666666666667,35.816944024205746,39.34379727685325,-3.526853252647504,20 to <30%
19195,"Worth County, Iowa",7380.0,44.3,76875.0,142300.0,703.0,7.30869624948482,3.1938059520929105,8.37396042443361,81.22065727699531,20.067139127191346,0.0,27.16,47.61666666666667,43.360433604336045,37.669376693766935,5.691056910569106,20 to <30%
19197,"Wright County, Iowa",12817.0,39.8,64033.0,109800.0,788.0,14.750730820889626,1.7092570654933152,14.586658155122885,74.1965620328849,23.507506109624114,0.0,25.96,48.525,37.91838963876102,39.94694546305688,-2.0285558242958572,20 to <30%
20001,"Allen County, Kansas",12491.0,41.3,57618.0,100400.0,685.0,13.111757374324887,6.8913982065758885,17.49218364324502,74.51136816912644,21.272365805168985,1.0,29.330000000000002,58.175000000000004,43.71147226002722,44.91233688255544,-1.2008646225282202,20 to <30%
20003,"Anderson County, Kansas",7819.0,40.4,64925.0,147900.0,792.0,10.903426791277258,4.093075413512755,7.901372933594844,81.07696988135078,15.80868228966577,0.0,31.41,57.64166666666667,50.26218186468858,38.62386494436629,11.638316920322293,Under 20%
20005,"Atchison County, Kansas",16211.0,36.4,62164.0,147900.0,756.0,12.776563780387873,4.1508509856740545,13.727793275583615,73.43430905377808,22.92001607717042,0.0,30.49,55.675000000000004,41.57670717414101,40.21960397261119,1.3571032015298254,20 to <30%
20007,"Barber County, Kansas",4153.0,42.6,57615.0,92700.0,743.0,17.644159684573683,2.274837511606314,26.615197074360015,81.33997785160575,27.124645892351275,0.0,31.82,58.93333333333334,18.781603660004816,41.89742354924151,-23.115819889236697,20 to <30%
20009,"Barton County, Kansas",25275.0,38.8,56733.0,117200.0,742.0,14.738035468458985,3.2796042132141716,17.408874161480643,66.22957236520207,21.672295330150227,1.0,25.95,56.01666666666667,35.1730959446093,35.13353115727003,0.03956478733926805,20 to <30%
20011,"Bourbon County, Kansas",14384.0,38.8,67555.0,107600.0,784.0,11.776889015854877,3.8231949971574757,14.745862884160756,72.87694974003466,24.31114879186096,0.0,29.45,58.26666666666667,39.21023359288098,38.654060066740826,0.5561735261401557,20 to <30%
20013,"Brown County, Kansas",9415.0,42.0,58886.0,111100.0,675.0,14.209378407851691,5.367663102771111,17.153040766317666,75.4235009411132,18.301158301158303,0.0,29.11,54.949999999999996,29.42113648433351,40.78597981943707,-11.364843335103558,Under 20%
20015,"Butler County, Kansas",67916.0,38.3,80375.0,199600.0,984.0,9.034421997928806,3.1084776663628078,7.911683532658694,78.2057942057942,32.57053988002666,0.0,27.830000000000002,58.650000000000006,55.17109370398728,51.23976677071677,3.9313269332705105,30 to <40%
20017,"Chase County, Kansas",2579.0,44.5,54518.0,106200.0,758.0,10.496338486574452,0.7450331125827815,18.0386542591267,71.87772925764192,29.273504273504273,0.0,28.23,57.09166666666667,22.489336952307095,28.69329197363319,-6.203955021326095,20 to <30%
20019,"Chautauqua County, Kansas",3370.0,45.3,54592.0,63300.0,713.0,16.867469879518072,6.2585969738652,33.28259766615931,83.26996197718631,18.34786218347862,0.0,27.0,59.75,27.596439169139465,38.27893175074184,-10.682492581602373,Under 20%
20021,"Cherokee County, Kansas",19236.0,42.0,58274.0,99400.0,801.0,13.057005748035648,3.56120826709062,15.459518599562363,72.42137957810276,20.119760479041915,0.0,37.4,60.01666666666667,55.78082761488875,47.04720316074028,8.733624454148472,20 to <30%
20023,"Cheyenne County, Kansas",2628.0,39.8,55765.0,119300.0,703.0,17.413127413127413,1.7898832684824904,19.044368600682596,79.59527824620574,21.612903225806452,0.0,20.26,52.19166666666666,36.529680365296805,23.59208523592085,12.937595129375952,20 to <30%
20025,"Clark County, Kansas",1987.0,46.5,65515.0,78400.0,771.0,9.447983014861995,2.063983488132095,23.73358348968105,75.64575645756457,30.95752339812815,1.0,29.53,58.15,40.764972320080524,37.24207347760443,3.5228988424760947,30 to <40%
20027,"Clay County, Kansas",8071.0,43.1,63136.0,149600.0,911.0,12.92534281361097,1.1117136659436009,7.893401015228426,73.18820611738771,23.354974556939815,0.0,23.9,56.53333333333333,45.09973980919341,51.9142609342089,-6.814521125015488,20 to <30%
20029,"Cloud County, Kansas",8973.0,39.4,57333.0,96300.0,689.0,10.156525832646816,4.209799861973775,18.262806236080177,74.6866485013624,22.401614530776992,0.0,23.32,56.625,42.237824584865706,44.46673353393514,-2.2289089490694307,20 to <30%
20031,"Coffey County, Kansas",8304.0,44.0,67377.0,139500.0,842.0,9.556397409263106,5.995085995085995,10.991217063989962,75.89512263884973,21.218771100607697,0.0,28.560000000000002,59.00833333333333,43.713872832369944,40.34200385356455,3.371868978805395,20 to <30%
20033,"Comanche County, Kansas",1685.0,50.8,49417.0,59900.0,672.0,11.179740580605312,2.4361948955916475,21.80952380952381,73.20341047503045,19.191118160190324,1.0,32.56,58.541666666666664,17.80415430267062,25.519287833827892,-7.71513353115727,Under 20%
20035,"Cowley County, Kansas",34487.0,38.1,58263.0,111600.0,779.0,13.85692068429238,4.974099731635774,14.75043139259922,70.47005022865282,24.25668543279381,0.0,29.83,59.5,38.91321367471801,39.928088845072054,-1.0148751703540464,20 to <30%
20037,"Crawford County, Kansas",38963.0,33.8,50311.0,122400.0,837.0,20.79834194659776,3.4564021995286724,12.113003095975232,60.137132792350755,31.97421227905388,0.0,35.52,59.1,35.777532530862615,43.34881810948849,-7.571285578625876,30 to <40%
20039,"Decatur County, Kansas",2746.0,52.1,52030.0,78500.0,695.0,12.960180315552217,3.711484593837535,16.433353621424224,79.38820101966496,27.808471454880294,0.0,21.31,52.775,36.41660597232338,34.23160961398398,2.184996358339403,20 to <30%
20041,"Dickinson County, Kansas",18423.0,42.1,67982.0,148500.0,809.0,8.823366402482957,2.365451388888889,9.496190151256682,79.05252576024127,21.930833525036423,0.0,26.650000000000002,57.46666666666667,61.119253107528635,51.72881723932041,9.390435868208218,20 to <30%
20043,"Doniphan County, Kansas",7492.0,41.3,72833.0,121200.0,801.0,9.800148038490008,1.5103338632750398,20.88888888888889,81.79775280898876,21.496078825658557,0.0,31.79,55.333333333333336,40.0427122263748,32.301121195942336,7.7415910304324616,20 to <30%
20045,"Douglas County, Kansas",119547.0,31.3,68756.0,281600.0,1066.0,15.204204690678042,4.680771659872538,6.319876941547235,49.51040269128337,52.03068273319301,0.0,33.63,57.44166666666666,48.240440998101164,50.41531782478857,-2.1748768266874117,40% or more
20047,"Edwards County, Kansas",2817.0,44.3,53792.0,70500.0,732.0,16.424945612762873,4.666666666666667,23.468729851708574,82.05560235888795,20.693119035660473,1.0,23.21,57.099999999999994,32.30386936457224,32.30386936457224,0.0,20 to <30%
20049,"Elk County, Kansas",2464.0,49.6,56087.0,60900.0,534.0,16.721044045676997,3.4550839091806513,28.362183754993342,77.60223048327137,20.580033463469046,0.0,25.77,58.93333333333333,47.077922077922075,36.93181818181818,10.146103896103897,20 to <30%
20051,"Ellis County, Kansas",28870.0,32.5,59889.0,211100.0,899.0,17.734187349879903,3.161290322580645,8.009360609949422,62.432299359921224,39.54658492857556,0.0,20.0,55.55833333333334,39.314166955316935,41.87738136473848,-2.563214409421545,30 to <40%
20053,"Ellsworth County, Kansas",6366.0,43.7,66792.0,116300.0,705.0,8.451492537313433,2.857142857142857,25.112540192926044,81.5371404036067,22.05762987012987,0.0,25.580000000000002,57.28333333333333,29.846057178762173,31.416902293433868,-1.5708451146716933,20 to <30%
20055,"Finney County, Kansas",38001.0,32.1,72437.0,191100.0,991.0,11.691208082545142,5.4128160861176,7.570558162336298,64.01727534474921,19.735205260351876,1.0,23.07,55.13333333333333,32.84124101997316,43.49885529328176,-10.657614273308598,Under 20%
20057,"Ford County, Kansas",34133.0,31.9,70495.0,132700.0,960.0,14.374416011092022,4.6516930794664235,6.884000633011553,64.47994561522773,20.713824128846248,1.0,24.540000000000003,56.85,28.62332639967187,41.45548296370082,-12.832156564028946,20 to <30%
20059,"Franklin County, Kansas",25994.0,40.1,72142.0,187400.0,949.0,9.645210939658234,2.418300653594771,8.452709315775424,73.45709009621926,25.296151448166412,0.0,35.83,57.64166666666667,53.2815265061168,47.85719781488036,5.424328691236439,20 to <30%
20061,"Geary County, Kansas",35895.0,27.1,57344.0,165000.0,1119.0,19.267108928520145,5.971153127568941,13.38191870327323,42.815695945455865,24.378414254352375,0.0,26.54,57.03333333333333,165.3990806519014,189.74787574871152,-24.34879509681014,20 to <30%
20063,"Gove County, Kansas",2796.0,41.7,63203.0,119000.0,730.0,4.083120670798396,3.5075161059413027,12.087087087087086,79.07771135781384,20.952380952380953,0.0,19.36,54.35833333333333,17.8826895565093,45.42203147353362,-27.53934191702432,20 to <30%
20065,"Graham County, Kansas",2406.0,46.1,52909.0,88800.0,726.0,11.261071277941797,4.2105263157894735,17.296918767507,80.69432684165962,27.38707833047456,0.0,18.5,54.39166666666666,27.847049044056526,37.406483790523694,-9.559434746467165,20 to <30%
20067,"Grant County, Kansas",7284.0,32.9,72484.0,146200.0,696.0,5.421184320266889,2.457673402512288,18.92905866302865,74.80016827934371,25.575506445672193,0.0,22.45,55.59166666666667,33.223503569467326,49.69796814936848,-16.474464579901152,20 to <30%
20069,"Gray County, Kansas",5696.0,36.6,77885.0,174700.0,833.0,6.945955749002539,2.1364576154376294,11.15861479264643,80.2213666987488,24.93723849372385,0.0,25.15,55.98333333333333,38.27247191011236,53.19522471910113,-14.922752808988765,20 to <30%
20073,"Greenwood County, Kansas",5956.0,48.4,58276.0,82600.0,710.0,14.86716621253406,2.757669769045157,29.277566539923953,79.49308755760369,18.986175115207374,0.0,26.94,58.44166666666666,34.083277367360644,53.72733378106111,-19.64405641370047,Under 20%
20075,"Hamilton County, Kansas",2485.0,36.4,61929.0,119700.0,778.0,3.717171717171717,0.8460236886632826,25.24271844660194,81.16883116883118,20.816864295125164,0.0,22.12,53.93333333333334,18.10865191146881,21.327967806841045,-3.2193158953722336,20 to <30%
20077,"Harper County, Kansas",5446.0,40.8,55417.0,77300.0,693.0,15.277516462841016,3.525913338997451,27.131526768010573,73.56009070294785,21.669385535617185,0.0,34.660000000000004,59.24166666666667,38.009548292324645,32.50091810503122,5.508630187293426,20 to <30%
20079,"Harvey County, Kansas",33823.0,40.2,73269.0,173300.0,891.0,7.959710109323179,4.181284868004831,7.817522741262567,69.52811989909482,31.48954895489549,0.0,24.15,58.199999999999996,47.925967536883185,52.47908228128788,-4.553114744404695,30 to <40%
20081,"Haskell County, Kansas",3695.0,38.0,69138.0,154800.0,776.0,10.75597554196776,4.878048780487805,10.420711974110032,77.02312138728324,22.21746575342466,0.0,24.98,55.666666666666664,43.301759133964815,60.081190798376184,-16.779431664411366,20 to <30%
20083,"Hodgeman County, Kansas",1676.0,45.9,63125.0,92700.0,900.0,6.043956043956044,2.797202797202797,18.181818181818183,81.08108108108108,28.3982683982684,0.0,21.36,56.56666666666666,37.58949880668258,31.62291169451074,5.966587112171838,20 to <30%
20085,"Jackson County, Kansas",13277.0,41.0,72703.0,193600.0,856.0,9.0895203177513,1.7637220617302722,9.17186108637578,78.15686274509804,21.02512786301979,0.0,28.02,55.550000000000004,41.42502071251035,37.13188220230474,4.293138510205619,20 to <30%
20087,"Jefferson County, Kansas",18391.0,43.8,77393.0,200800.0,844.0,6.316079295154185,2.3603133159268928,7.671164417791104,85.00676589986467,24.563820018365472,0.0,29.42,56.60833333333333,54.15692458267631,55.62503398401392,-1.4681094013376108,20 to <30%
20089,"Jewell County, Kansas",2909.0,50.3,52344.0,62100.0,591.0,12.816950329975686,0.43352601156069365,27.954545454545453,80.6782334384858,18.820861678004537,0.0,22.509999999999998,54.93333333333334,34.376074252320386,31.625988312134755,2.750085940185631,Under 20%
20091,"Johnson County, Kansas",614764.0,38.3,107261.0,366000.0,1385.0,5.334296953918678,3.159757983308996,4.129327902240326,68.55627775485442,56.87513858522664,1.0,33.86,57.51666666666667,44.301553116317805,45.25964435132831,-0.9580912350105081,40% or more
20093,"Kearny County, Kansas",3910.0,37.5,74135.0,152500.0,1137.0,6.0637741766858335,1.347557551937114,13.552881570614312,73.18681318681318,14.643150123051681,1.0,23.54,54.65,29.41176470588235,43.734015345268546,-14.322250639386189,Under 20%
20095,"Kingman County, Kansas",7284.0,43.4,59819.0,107400.0,807.0,9.375874615169325,3.71856607811664,15.92703512115437,69.52720207253886,23.827208756841284,0.0,30.14,58.199999999999996,48.050521691378364,40.774299835255356,7.276221856123009,20 to <30%
20097,"Kiowa County, Kansas",2422.0,41.2,73214.0,152400.0,728.0,5.658669081032142,3.3699059561128526,17.565217391304348,74.68354430379746,27.59036144578313,0.0,28.39,57.65,33.44343517753922,34.68208092485549,-1.2386457473162675,20 to <30%
20099,"Labette County, Kansas",19949.0,41.4,55439.0,92100.0,729.0,16.074467536485997,2.832921987337697,15.260832982751367,73.69988829589177,21.070381231671554,0.0,33.07,59.5,42.95954684445336,39.25008772369542,3.709459120757933,20 to <30%
20101,"Lane County, Kansas",1497.0,48.9,53042.0,119000.0,497.0,8.120805369127517,0.5312084993359893,18.07909604519774,79.17241379310344,24.625468164794007,0.0,19.91,54.89166666666666,28.0561122244489,32.06412825651302,-4.008016032064128,20 to <30%
20103,"Leavenworth County, Kansas",82493.0,38.3,86906.0,260600.0,1138.0,8.640520166826413,4.284504194332869,5.808984140048751,68.81427707199032,36.61451736625221,0.0,32.25,57.083333333333336,77.57021807910974,71.73942031445092,5.830797764658819,30 to <40%
20105,"Lincoln County, Kansas",2924.0,44.1,53546.0,92600.0,604.0,11.869126348764357,1.7333333333333334,26.754649070185963,79.11547911547912,21.534063839923775,0.0,22.900000000000002,56.96666666666667,22.913816689466483,42.74965800273598,-19.835841313269494,20 to <30%
20107,"Linn County, Kansas",9723.0,45.5,59200.0,164500.0,682.0,10.681130697819965,3.7370850736425587,17.00772200772201,79.55338450802512,22.485892056142383,0.0,32.53,57.78333333333333,60.475161987041034,51.01306181219788,9.462100174843155,20 to <30%
20109,"Logan County, Kansas",2720.0,41.1,71389.0,116600.0,796.0,13.192121887774062,1.2388162422573985,9.7667638483965,61.1470113085622,26.65623369848722,0.0,21.740000000000002,53.64166666666667,39.705882352941174,38.23529411764706,1.4705882352941178,20 to <30%
20111,"Lyon County, Kansas",32145.0,33.1,59078.0,142200.0,796.0,15.157461318235919,2.4945770065075923,11.174823309774636,58.16694190061553,27.7143738433066,0.0,30.939999999999998,57.775,40.81505677399284,41.06392907139524,-0.2488722974023954,20 to <30%
20113,"McPherson County, Kansas",30130.0,39.1,77701.0,198400.0,889.0,9.08706529015891,2.0252853811218854,7.44210847044485,75.8044605382273,33.085409075026206,0.0,23.72,57.675000000000004,44.307998672419515,42.68171257882509,1.626286093594424,30 to <40%
20115,"Marion County, Kansas",11795.0,43.7,63438.0,114400.0,727.0,10.030892240596039,3.0313351498637604,17.292437863564253,80.83972719522592,28.767294029664715,0.0,24.2,57.458333333333336,47.05383637134379,38.15175922000848,8.90207715133531,20 to <30%
20117,"Marshall County, Kansas",10001.0,42.6,70828.0,119500.0,670.0,9.358343583435834,1.8281895026538235,13.808322824716267,82.54084369665935,18.879098656651742,0.0,28.39,53.73333333333333,27.297270272972703,28.0971902809719,-0.7999200079992,Under 20%
20119,"Meade County, Kansas",3949.0,37.5,74868.0,122000.0,799.0,6.61993769470405,1.1548556430446195,19.957196361690745,72.66042780748663,22.75049115913556,0.0,28.2,57.35833333333333,59.50873638895923,49.63281843504685,9.875917953912383,20 to <30%
20121,"Miami County, Kansas",34625.0,41.8,88000.0,277700.0,1101.0,6.666470622831265,2.76690888764673,3.9602555003548616,77.61602128288501,32.146938084557114,0.0,34.3,57.65833333333333,62.61371841155235,52.07220216606498,10.541516245487365,30 to <40%
20123,"Mitchell County, Kansas",5767.0,43.3,58233.0,109600.0,653.0,12.473347547974413,0.8771929824561403,17.829705505761844,70.00389559797429,25.431910569105693,0.0,20.46,55.925000000000004,35.02687705912953,32.2524709554361,2.774406103693428,20 to <30%
20125,"Montgomery County, Kansas",31143.0,40.3,53242.0,92100.0,759.0,16.28207678535906,3.871105724673843,17.313375305152256,72.58177297801258,21.307563827248867,0.0,28.87,59.74166666666667,40.94017917349003,43.6374145072729,-2.6972353337828725,20 to <30%
20127,"Morris County, Kansas",5388.0,48.7,56716.0,120900.0,711.0,12.771175249952838,1.9886363636363635,16.449348044132396,79.1516606642657,27.315973960941413,0.0,25.95,56.65833333333333,34.14996288047513,32.479584261321456,1.670378619153675,20 to <30%
20129,"Morton County, Kansas",2647.0,43.7,65625.0,95600.0,637.0,14.7788983708301,3.583617747440273,27.811550151975684,78.42105263157895,16.585891222401724,0.0,22.68,56.13333333333333,37.02304495655459,46.46769928220627,-9.444654325651682,Under 20%
20131,"Nemaha County, Kansas",10213.0,40.0,77375.0,196100.0,726.0,7.720291026677446,0.8840864440078585,10.086647411686291,78.79911045218681,30.12975256487628,0.0,29.169999999999998,53.94166666666666,32.50758836776657,40.536571036913735,-8.028982669147165,30 to <40%
20133,"Neosho County, Kansas",15715.0,40.3,55704.0,101200.0,650.0,15.404871626069783,4.63514766256125,12.52248512522485,76.57386902878835,21.80616740088106,0.0,32.52,58.89166666666667,37.352847597836465,38.561883550747694,-1.2090359529112313,20 to <30%
20135,"Ness County, Kansas",2659.0,46.1,66107.0,85400.0,653.0,11.406551059730251,1.023890784982935,21.152542372881356,79.27773000859845,23.00981461286805,0.0,18.62,55.60833333333333,16.92365550959007,25.57352388115833,-8.649868371568258,20 to <30%
20137,"Norton County, Kansas",5392.0,40.2,50305.0,106300.0,642.0,8.528542187855356,0.6369426751592356,21.882640586797066,81.42931664058425,19.42828231722742,0.0,21.93,53.14166666666667,34.86646884272997,30.415430267062316,4.451038575667655,Under 20%
20139,"Osage County, Kansas",15780.0,42.8,70216.0,142800.0,810.0,10.998841549749002,2.53099173553719,12.765665706842178,80.1477522791575,20.997637652189713,0.0,32.56,57.925000000000004,49.93662864385298,46.19771863117871,3.738910012674271,20 to <30%
20141,"Osborne County, Kansas",3473.0,46.8,59408.0,84700.0,591.0,12.455410225921522,1.6022099447513811,20.621608288110508,76.44499689247981,23.043130990415335,0.0,22.18,55.55833333333334,23.610711200691046,51.540454938093866,-27.929743737402823,20 to <30%
20143,"Ottawa County, Kansas",5782.0,42.5,76755.0,164100.0,738.0,12.115316590024761,3.2356948228882834,11.438152011922504,78.03954564577198,24.272323630981745,0.0,22.939999999999998,57.208333333333336,50.50155655482532,41.33517813905223,9.166378415773089,20 to <30%
20145,"Pawnee County, Kansas",6220.0,44.9,63625.0,102400.0,806.0,11.223924681558058,1.2195121951219512,20.689655172413794,64.1407867494824,18.77567789646672,1.0,22.65,56.28333333333333,32.31511254019293,48.71382636655949,-16.39871382636656,Under 20%
20147,"Phillips County, Kansas",4874.0,44.6,61235.0,94700.0,621.0,13.842931937172775,3.1746031746031744,21.987844118698607,74.93125572868928,22.326399062408438,1.0,22.46,53.875,44.111612638489945,36.725482150184654,7.386130488305294,20 to <30%
20149,"Pottawatomie County, Kansas",25808.0,36.2,87694.0,223000.0,1011.0,7.1111460338663415,1.905811938888014,9.85412325096755,82.45266402465874,36.541965261751486,0.0,26.59,55.625,58.39274643521389,54.55672659640422,3.8360198388096713,30 to <40%
20151,"Pratt County, Kansas",9120.0,38.2,64348.0,114500.0,810.0,9.548978153629317,3.7154508382419573,19.52,70.69014484521443,26.559287183002056,0.0,26.0,57.925000000000004,40.24122807017544,39.69298245614035,0.5482456140350878,20 to <30%
20153,"Rawlins County, Kansas",2533.0,47.0,65000.0,99400.0,823.0,10.092110532639166,1.1661807580174928,14.453411592076302,68.61063464837049,17.29405346426623,1.0,21.45,52.4,17.370706671930517,21.713383339913147,-4.342676667982629,Under 20%
20155,"Reno County, Kansas",61693.0,40.7,60498.0,125000.0,857.0,12.436974789915967,3.928030053384301,10.473700943162951,69.20770202020202,20.54897891807763,0.0,24.9,57.75,36.92477266464591,33.58565801630655,3.3391146483393577,20 to <30%
20157,"Republic County, Kansas",4662.0,46.0,53611.0,76000.0,638.0,14.592933947772657,1.0478359908883828,25.37425149700599,76.17853560682046,25.372680255552176,0.0,22.27,55.300000000000004,40.32604032604033,37.75203775203775,2.574002574002574,20 to <30%
20159,"Rice County, Kansas",9389.0,39.0,63947.0,105500.0,717.0,7.362524294043672,3.349282296650718,15.739051094890511,77.12506767731456,24.26929392446634,1.0,26.42,57.050000000000004,45.37224411545426,41.218447118969,4.153796996485249,20 to <30%
20161,"Riley County, Kansas",71710.0,25.2,59560.0,231200.0,1065.0,22.03558602677114,4.692138013670652,11.530938253895808,44.853889523528764,47.976430883288614,0.0,25.83,56.300000000000004,76.09817319760145,81.88537163575512,-5.787198438153674,40% or more
20163,"Rooks County, Kansas",4869.0,46.0,61596.0,90000.0,679.0,5.317545748116254,2.1044111695669767,18.955732122587968,74.32306255835668,24.020156774916014,0.0,20.5,54.925000000000004,32.03943314849045,34.09324296570138,-2.0538098172109263,20 to <30%
20165,"Rush County, Kansas",2957.0,46.0,60288.0,79300.0,700.0,11.419645956265185,5.1080550098231825,18.753674309229865,79.59479015918959,21.516007532956685,0.0,21.18,55.65,34.49442002029083,33.818058843422385,0.6763611768684478,20 to <30%
20167,"Russell County, Kansas",6717.0,45.3,53902.0,106400.0,722.0,15.349334964072773,1.8571428571428572,15.947925142392188,76.44401419812843,18.075801749271136,1.0,23.6,56.69166666666666,35.28360875390799,39.30326038410004,-4.01965163019205,Under 20%
20169,"Saline County, Kansas",53801.0,39.8,63316.0,171900.0,915.0,12.343248203089157,3.593629950408605,7.6493000911124,66.79223283555316,29.086439983613275,0.0,25.64,57.76666666666667,37.52718350960019,43.28915819408561,-5.761974684485418,20 to <30%
20171,"Scott County, Kansas",5071.0,39.3,67788.0,170100.0,861.0,8.838435029393878,1.1139992573338284,3.5667107001321003,52.694063926940636,33.39155749636099,0.0,21.62,54.36666666666667,26.424768290278053,40.22875172549793,-13.803983435219878,30 to <40%
20173,"Sedgwick County, Kansas",524810.0,35.9,67675.0,190700.0,977.0,14.042854956182076,5.227110224664132,9.199052237649195,62.281976744186046,31.585493737256044,0.0,28.700000000000003,58.98333333333333,31.403746117642577,30.92928869495627,0.47445742268630553,30 to <40%
20175,"Seward County, Kansas",21640.0,31.0,62269.0,134000.0,924.0,12.977493774373913,4.236977256052825,13.146162188215447,61.237513873473915,12.662132236633976,0.0,27.0,56.69166666666666,33.364140480591495,46.99630314232902,-13.632162661737523,Under 20%
20177,"Shawnee County, Kansas",178315.0,39.6,66043.0,170400.0,970.0,12.368945000057543,4.15798768339069,7.858167251866871,66.98287891799055,32.33406296802225,0.0,28.39,57.25833333333333,31.831309760816534,31.971511089925134,-0.14020132910859995,30 to <40%
20179,"Sheridan County, Kansas",2442.0,43.4,70000.0,152000.0,663.0,10.43910521955261,0.6144393241167435,11.591695501730104,75.44031311154599,24.25531914893617,0.0,19.93,53.35833333333333,31.53153153153153,43.40704340704341,-11.875511875511876,20 to <30%
20181,"Sherman County, Kansas",5919.0,38.9,64444.0,126300.0,852.0,10.028808066258552,0.3777148253068933,19.74132062627638,66.49703138252757,25.138048908756247,0.0,20.54,52.074999999999996,34.803176212198004,51.36002703159318,-16.55685081939517,20 to <30%
20183,"Smith County, Kansas",3579.0,50.0,57024.0,91000.0,601.0,7.836990595611285,1.6255605381165918,21.99703410776075,83.01647655259822,24.558768306421328,0.0,24.88,54.166666666666664,31.573065101983794,18.161497625034926,13.411567476948868,20 to <30%
20185,"Stafford County, Kansas",4004.0,42.1,63786.0,96700.0,613.0,10.812195746861388,2.5793650793650795,24.049429657794676,82.22778473091364,26.334907373774065,1.0,23.61,56.85833333333333,27.47252747252747,39.96003996003996,-12.487512487512488,20 to <30%
20187,"Stanton County, Kansas",2018.0,36.5,70361.0,64200.0,691.0,12.877263581488934,2.2058823529411766,18.93491124260355,80.90024330900243,23.696319018404907,0.0,22.07,55.30833333333334,25.76808721506442,28.74132804757185,-2.9732408325074333,20 to <30%
20189,"Stevens County, Kansas",5212.0,38.0,61909.0,124500.0,930.0,15.282131661442007,4.479469099958523,20.276292335115865,73.00167691447736,16.2319729978521,0.0,24.96,56.324999999999996,28.204144282425172,50.84420567920184,-22.64006139677667,Under 20%
20191,"Sumner County, Kansas",22386.0,41.2,60348.0,118700.0,829.0,10.7548032936871,5.953164676008653,13.67003367003367,74.39268999331402,26.71634900745235,0.0,31.08,59.65833333333333,48.82515858125614,50.388635754489414,-1.5634771732332708,20 to <30%
20193,"Thomas County, Kansas",7913.0,35.3,73575.0,165900.0,753.0,6.891025641025641,0.14144271570014144,13.379888268156424,76.52370203160271,30.24716369529984,1.0,21.38,52.63333333333333,28.68697080753191,51.9398458233287,-23.25287501579679,30 to <40%
20195,"Trego County, Kansas",2778.0,47.7,73375.0,115400.0,694.0,5.510355029585799,1.0731052984574112,19.54572624028691,77.93462109955424,28.745890089243776,0.0,16.97,54.958333333333336,34.91720662347012,34.19726421886249,0.7199424046076314,20 to <30%
20197,"Wabaunsee County, Kansas",6961.0,43.2,70536.0,178200.0,771.0,7.054673721340388,3.9871944121071015,16.555023923444978,79.74006116207951,26.645768025078368,0.0,27.98,56.875,44.96480390748456,40.51142077287746,4.453383134607097,20 to <30%
20201,"Washington County, Kansas",5519.0,43.9,62452.0,106100.0,547.0,8.118081180811808,1.529051987767584,13.181984621017943,78.11050189793336,23.304529981670594,1.0,24.39,54.49166666666667,26.091683275955788,35.694872259467296,-9.603188983511506,20 to <30%
20203,"Wichita County, Kansas",2115.0,38.7,71282.0,98700.0,738.0,16.31679389312977,0.522466039707419,11.313131313131313,81.32118451025057,18.839590443686006,1.0,22.0,53.275,29.78723404255319,25.059101654846337,4.7281323877068555,Under 20%
20205,"Wilson County, Kansas",8559.0,42.3,57056.0,93900.0,727.0,15.790722505635307,3.546626984126984,21.749777382012468,74.25320056899004,21.2554695388758,0.0,31.71,59.225,40.42528332749153,48.25330061923122,-7.828017291739689,20 to <30%
20207,"Woodson County, Kansas",3118.0,49.9,48152.0,77100.0,597.0,12.309191295875284,2.512934220251293,33.441910966340934,83.5236541598695,22.6039016115352,1.0,27.7,58.90833333333333,33.03399615137909,32.7132777421424,0.3207184092366902,20 to <30%
20209,"Wyandotte County, Kansas",167277.0,34.2,60582.0,152700.0,1070.0,17.50016627667229,5.399231271303213,10.74562042731804,61.352688558318775,20.47053276756247,1.0,33.05,57.36666666666667,49.8813345528674,55.721946232895135,-5.840611680027738,20 to <30%
21001,"Adair County, Kentucky",19016.0,40.1,50316.0,134800.0,775.0,18.043759491534956,7.738380450407283,19.06858202038925,76.22387632407673,18.75683273465563,1.0,40.61,58.583333333333336,46.48716870004207,39.38788388725284,7.0992848127892305,Under 20%
21003,"Allen County, Kentucky",21029.0,40.7,59029.0,176300.0,750.0,15.041218724388951,7.532627684718939,15.214339704135622,76.74477840040754,17.380025940337223,1.0,45.13,59.474999999999994,54.3535118170146,38.85111037139189,15.502401445622711,Under 20%
21005,"Anderson County, Kentucky",24098.0,42.1,71747.0,213200.0,870.0,12.46758678377248,2.56993006993007,6.8654374264417415,77.9486099410278,25.716340966310995,1.0,43.22,58.05833333333334,54.817827205577224,42.949622375300855,11.86820483027637,20 to <30%
21007,"Ballard County, Kentucky",7678.0,44.2,64740.0,132900.0,826.0,13.77340948333112,4.113924050632911,15.807930941462098,79.71803909003525,18.65021770682148,0.0,54.39,60.26666666666666,58.86949726491274,41.67752018754884,17.191977077363898,Under 20%
21009,"Barren County, Kentucky",44670.0,40.1,49171.0,166900.0,784.0,21.046976797348268,4.8282265552460535,10.618192669219674,65.16247496105052,17.810393986521515,1.0,45.01,59.25,45.33243787777032,43.04902619207522,2.2834116856950972,Under 20%
21011,"Bath County, Kentucky",12812.0,39.0,54128.0,111800.0,600.0,23.45795866855971,3.994544037412315,13.433108231429093,72.80202403542062,14.399718342917497,0.0,40.8,56.666666666666664,46.753044021230096,43.865126443958786,2.887917577271308,Under 20%
21013,"Bell County, Kentucky",23878.0,41.2,32403.0,83000.0,617.0,27.104864864864865,10.51047284585476,17.935906271536872,61.06445517530968,13.943108783622947,1.0,46.2,56.625,32.2472568891867,37.189044308568555,-4.941787419381858,Under 20%
21015,"Boone County, Kentucky",137676.0,37.7,94752.0,253200.0,1253.0,6.597734022659774,2.8462659080289163,4.068526564524735,76.66315726743609,35.37601391135911,0.0,39.73,56.35833333333333,62.37833754612278,57.678898282925125,4.699439263197652,30 to <40%
21017,"Bourbon County, Kentucky",20174.0,42.0,56322.0,211600.0,745.0,13.66783743100853,4.385685462461506,11.14997813729777,64.82529527559055,25.45912855599568,1.0,42.97,56.96666666666667,54.823039555863986,49.37047685139288,5.452562704471101,20 to <30%
21019,"Boyd County, Kentucky",48043.0,42.4,60659.0,126300.0,839.0,17.719538431449248,6.58022533022533,12.493672633564954,68.39503575936054,19.37514572161343,0.0,34.5,57.025,44.79320608621443,42.02485273609059,2.7683533501238475,Under 20%
21021,"Boyle County, Kentucky",30708.0,39.5,61635.0,200700.0,770.0,14.20497498110083,5.886190648785792,8.967537975171563,69.4562087074369,27.37101211448429,1.0,42.62,57.916666666666664,52.26651035560766,52.13625113976814,0.13025921583952066,20 to <30%
21023,"Bracken County, Kentucky",8427.0,42.0,59521.0,116400.0,748.0,20.108043217286916,5.5372110744221485,15.180660254743957,77.62794973950352,16.99828473413379,0.0,43.99,55.94166666666666,43.669158656698706,42.95716150468731,0.7119971520113919,Under 20%
21025,"Breathitt County, Kentucky",13438.0,43.0,41101.0,61800.0,543.0,28.163265306122447,9.309249702262802,15.657874676017686,74.33116413593638,16.522633744855966,1.0,43.5,57.99166666666667,21.655008185741927,34.52894776008335,-12.87393957434142,Under 20%
21027,"Breckinridge County, Kentucky",20722.0,42.2,53673.0,141400.0,730.0,21.319222249569282,5.211428571428572,28.931226765799256,82.01909245455734,14.91461366181411,1.0,50.49,57.43333333333334,41.646559212431235,41.212238200945855,0.4343210114853779,Under 20%
21029,"Bullitt County, Kentucky",83209.0,41.3,77640.0,233700.0,973.0,9.528414791890814,4.113680590125356,5.4090662813798085,83.90453460620525,18.906429197868178,1.0,43.08,58.458333333333336,58.443197250297445,50.29504019997837,8.148157050319076,Under 20%
21031,"Butler County, Kentucky",12373.0,41.1,52003.0,105500.0,688.0,18.57868866116804,4.2342698852394145,16.357968090959105,73.14185485639115,9.51832219405393,1.0,47.91,59.63333333333333,33.70241655217005,43.64341711791805,-9.941000565748,Under 20%
21033,"Caldwell County, Kentucky",12631.0,42.3,57618.0,113500.0,724.0,13.866858928142273,2.802909348944474,14.75760065735415,71.7755928282244,18.069278818852926,2.0,44.47,59.800000000000004,39.50597735729554,45.28540891457525,-5.779431557279708,Under 20%
21035,"Calloway County, Kentucky",37882.0,35.4,51854.0,181200.0,828.0,17.238215391673357,4.354689456208154,16.346900299434402,63.688187723717355,32.32249786142002,1.0,51.14,60.074999999999996,47.859141544797,47.91193706773666,-0.05279552293965472,30 to <40%
21037,"Campbell County, Kentucky",93193.0,39.0,77271.0,234500.0,1079.0,10.752022635837129,3.687059340483752,6.107600995596401,71.03130097879283,39.4549817359275,0.0,38.79,56.49166666666667,53.416029100898136,53.89889798590023,-0.4828688850020924,30 to <40%
21039,"Carlisle County, Kentucky",4763.0,43.6,62019.0,104700.0,792.0,16.670215030870768,4.208512673362028,18.963282937365012,81.39658848614073,14.617940199335548,1.0,55.82,60.525000000000006,32.54251522149905,47.65903842116313,-15.116523199664078,Under 20%
21041,"Carroll County, Kentucky",10878.0,38.5,57753.0,129800.0,853.0,18.896968552271225,6.936416184971098,12.70824434002563,64.20357230242232,8.863763260748186,0.0,43.37,57.34166666666667,48.81412024269167,52.031623460194886,-3.2175032175032174,Under 20%
21043,"Carter County, Kentucky",26515.0,41.8,50389.0,126100.0,701.0,19.565974236973425,4.119373776908024,15.566229748432793,78.4495227075499,15.430916552667579,1.0,36.23,56.15833333333333,40.128229304167455,32.62304356024892,7.5051857439185365,Under 20%
21045,"Casey County, Kentucky",15951.0,41.5,41689.0,135700.0,645.0,24.440719489394624,8.935676392572944,15.997838129982435,78.57487534180473,11.804674759920275,1.0,42.72,57.69166666666666,38.179424487492945,36.29866466052285,1.880759826970096,Under 20%
21047,"Christian County, Kentucky",72599.0,28.6,54190.0,149200.0,999.0,17.21830671781604,7.759158222915043,12.389531511243048,52.16544633120424,19.974493478993214,1.0,42.69,59.90833333333333,90.85524594002672,102.41187895150071,-11.556633011473988,Under 20%
21049,"Clark County, Kentucky",37004.0,40.8,67824.0,197900.0,883.0,12.943413908106171,4.839977540707467,8.262178266478285,71.48118387571984,22.238042097972063,1.0,43.0,57.475,50.7512701329586,44.941087450005405,5.810182682953195,20 to <30%
21051,"Clay County, Kentucky",20105.0,40.6,39607.0,87300.0,698.0,31.76495980143528,10.214446952595937,16.940523027077067,77.55642240178322,16.576068258446295,2.0,45.489999999999995,57.68333333333334,22.979358368565034,29.097239492663515,-6.117881124098483,Under 20%
21053,"Clinton County, Kentucky",9240.0,42.5,42168.0,114000.0,629.0,18.415841584158414,5.63891577928364,22.65625,72.46145667198299,16.509577379142595,1.0,43.96,58.675000000000004,30.735930735930737,26.83982683982684,3.896103896103896,Under 20%
21055,"Crittenden County, Kentucky",8972.0,42.8,47003.0,115700.0,618.0,18.10048176187199,3.358106248279659,18.34061135371179,77.56825218125527,12.561148808584504,1.0,42.62,59.24166666666667,42.13107445385644,45.14043691484619,-3.009362460989746,Under 20%
21057,"Cumberland County, Kentucky",5948.0,45.1,39662.0,128600.0,553.0,33.89628113271921,3.007866728366497,28.508384819064432,72.26337448559671,17.451523545706372,1.0,41.97,59.31666666666667,51.9502353732347,34.46536650975118,17.484868863483523,Under 20%
21059,"Daviess County, Kentucky",103195.0,38.7,65323.0,185800.0,906.0,15.246154611976703,4.4452025928676075,6.8825086540419464,66.76628520057342,25.24151454854803,1.0,45.410000000000004,58.458333333333336,30.11773826251272,29.255293376617082,0.8624448858956345,20 to <30%
21061,"Edmonson County, Kentucky",12243.0,45.3,54512.0,136600.0,739.0,16.82552838789888,6.809338521400778,22.795263321907136,82.86579212916246,10.308486112635855,1.0,49.36,59.64166666666667,55.705300988319856,42.22821203953279,13.477088948787062,Under 20%
21063,"Elliott County, Kentucky",7336.0,44.4,40074.0,97400.0,427.0,27.161100196463654,6.715686274509804,25.31810766721044,83.31148973350808,6.224362404137685,1.0,36.8,56.324999999999996,17.5845147219193,27.535441657579064,-9.95092693565976,Under 20%
21065,"Estill County, Kentucky",14079.0,44.3,43905.0,111900.0,689.0,21.96415770609319,7.209344770943603,13.830874835694464,72.35593220338983,9.857213195470212,1.0,43.870000000000005,57.9,37.07649691029192,27.061581078201577,10.014915832090347,Under 20%
21067,"Fayette County, Kentucky",321122.0,35.2,67631.0,272100.0,1101.0,15.683673007099818,5.000535811980756,6.71337665854319,53.61349172369252,47.31032442183429,1.0,43.0,57.80833333333334,42.25185443538593,47.60184602736655,-5.349991591980618,40% or more
21069,"Fleming County, Kentucky",15221.0,41.0,49663.0,115200.0,677.0,22.930943595150236,6.929621036349575,14.713695395513577,75.60131510641979,16.36907634398224,0.0,41.67,55.98333333333333,46.448984954996384,45.594901780434924,0.8540831745614611,Under 20%
21071,"Floyd County, Kentucky",35342.0,43.1,41582.0,93300.0,713.0,26.6,7.12223291626564,17.253218884120173,72.12309820193637,15.086568835219321,2.0,39.34,57.775,28.096881896893215,34.26518023880935,-6.168298341916134,Under 20%
21073,"Franklin County, Kentucky",51563.0,40.6,66470.0,198700.0,946.0,13.414022199474118,5.634238836003405,6.369902831990698,64.36934539648749,31.831848398753205,1.0,43.35,57.81666666666666,46.991059480635336,44.06260302930396,2.928456451331381,30 to <40%
21075,"Fulton County, Kentucky",6440.0,41.2,36834.0,78100.0,542.0,25.689479060265576,7.274283269148481,21.424070573408947,64.07377706495589,17.267300464293612,0.0,54.96,60.81666666666666,39.440993788819874,44.409937888198755,-4.968944099378882,Under 20%
21077,"Gallatin County, Kentucky",8749.0,39.7,62247.0,169400.0,858.0,14.428091319967551,3.483655452159389,13.632739835237842,73.41538461538461,13.193403298350825,1.0,39.96,57.199999999999996,56.92079094753686,53.377528860441195,3.543262087095668,Under 20%
21079,"Garrard County, Kentucky",17346.0,42.9,62572.0,186800.0,793.0,17.07673426450821,6.108424535505217,8.897139713971397,79.75849056603774,19.07233214401557,1.0,41.589999999999996,58.083333333333336,67.10480802490488,56.727775856105154,10.377032168799722,Under 20%
21081,"Grant County, Kentucky",25238.0,36.4,67940.0,185500.0,855.0,12.27525598645489,4.738093286334945,9.300726772736201,73.77368706009746,15.113133300541072,1.0,40.48,56.708333333333336,56.30398605277756,57.37380141057136,-1.069815357793803,Under 20%
21083,"Graves County, Kentucky",36612.0,40.0,50576.0,139000.0,713.0,20.521488542215078,3.9984958636249686,13.901563545659183,76.38496325607687,17.43078715795395,1.0,54.910000000000004,60.31666666666666,35.97181252048509,35.944499071342726,0.0273134491423577,Under 20%
21085,"Grayson County, Kentucky",26586.0,40.3,49893.0,160100.0,653.0,19.29750479846449,5.0660222663329595,26.724655068986202,76.21776504297995,14.63001420920319,1.0,50.89,58.65,38.32844354171368,31.85887309110058,6.469570450613104,Under 20%
21087,"Green County, Kentucky",11278.0,45.2,41087.0,118900.0,612.0,21.483283770388393,8.460732984293193,16.969009826152682,76.55894401456531,16.607687614399023,1.0,39.66,58.925000000000004,51.959567299166515,33.07323993615889,18.886327363007627,Under 20%
21089,"Greenup County, Kentucky",35639.0,43.9,59613.0,135300.0,836.0,15.102308724066093,5.764167936815851,10.13725610882009,80.5068493150685,18.322944842996588,0.0,36.519999999999996,56.26666666666667,45.73641235724908,42.874379191335336,2.862033165913746,Under 20%
21091,"Hancock County, Kentucky",9032.0,41.5,66836.0,137600.0,752.0,15.881424706943193,3.863801014247766,9.562771669649706,78.39977381962115,16.796875,1.0,48.97,57.291666666666664,42.40478299379982,46.72276350752879,-4.317980513728964,Under 20%
21093,"Hardin County, Kentucky",111452.0,37.4,67608.0,205900.0,947.0,11.665388276391058,6.687262915020922,8.201393286890436,62.32034034724618,24.424700252701758,1.0,47.019999999999996,58.18333333333334,59.90919857876036,62.45738075584108,-2.5481821770807165,20 to <30%
21095,"Harlan County, Kentucky",26185.0,41.2,37198.0,73100.0,651.0,27.234142890827634,11.031088704837355,19.305256686135873,70.82857142857142,12.70135968983782,1.0,45.92,55.666666666666664,18.980332251288907,18.025587168226085,0.9547450830628222,Under 20%
21097,"Harrison County, Kentucky",18971.0,42.4,63205.0,188900.0,755.0,16.37215817261071,2.891098160210262,11.025073746312684,70.3826495372289,20.130659374050442,1.0,43.160000000000004,56.71666666666667,56.13831637762901,38.84876917400243,17.289547203626586,20 to <30%
21099,"Hart County, Kentucky",19470.0,40.6,49653.0,124600.0,692.0,21.220914894739618,4.47342759629449,18.744374437443746,73.70534477983938,10.713473349002957,2.0,45.61,59.074999999999996,45.557267591165896,39.548022598870055,6.00924499229584,Under 20%
21101,"Henderson County, Kentucky",44493.0,41.0,58239.0,165700.0,794.0,15.446016927770259,3.007816364895617,8.210254115072853,64.31899447394083,19.031843036346093,1.0,40.06,59.1,38.09588025082597,33.60079113568427,4.495089115141708,Under 20%
21103,"Henry County, Kentucky",15774.0,41.6,60736.0,181300.0,871.0,16.608157273249507,3.8716814159292037,7.951482479784366,75.80933788840085,14.812765172477402,1.0,43.800000000000004,57.025,57.68986940535058,51.73069608216052,5.959173323190059,Under 20%
21105,"Hickman County, Kentucky",4470.0,46.4,63750.0,92300.0,717.0,20.82070412683609,4.022988505747127,24.074074074074073,74.7560975609756,14.355528405620037,1.0,56.239999999999995,60.65833333333333,46.97986577181208,44.07158836689038,2.9082774049217,Under 20%
21107,"Hopkins County, Kentucky",45143.0,41.3,57610.0,128800.0,841.0,19.16106235039325,6.4222052457346575,13.336513236346292,71.75408663107491,16.627388535031848,1.0,45.45,59.925000000000004,34.933433754956475,35.81950690029462,-0.8860731453381476,Under 20%
21109,"Jackson County, Kentucky",13003.0,40.6,41410.0,107000.0,758.0,23.020401782224653,5.830388692579505,16.402733788964827,79.7208374875374,10.335689045936396,1.0,44.18,57.15833333333333,40.52910866723064,28.224255940936708,12.304852726293932,Under 20%
21111,"Jefferson County, Kentucky",777392.0,38.4,67849.0,237200.0,1097.0,14.526133381570704,4.799488054607509,7.971267563135088,61.81631612182445,36.57785935443202,1.0,42.74,58.0,31.473182126906373,36.583859880214874,-5.110677753308498,30 to <40%
21113,"Jessamine County, Kentucky",53792.0,38.7,74886.0,245100.0,994.0,10.497682081146316,3.2050073526639267,6.166411922048146,69.26444387884958,32.4103784023014,1.0,42.15,58.28333333333333,61.7935752528257,54.30175490779298,7.4918203450327185,30 to <40%
21115,"Johnson County, Kentucky",22464.0,42.0,43014.0,125300.0,698.0,23.366065311715005,4.725738396624473,16.020892687559353,66.40280447811828,16.59499114596509,2.0,38.45,57.28333333333333,34.49964387464387,33.8764245014245,0.6232193732193733,Under 20%
21117,"Kenton County, Kentucky",169817.0,37.8,79421.0,227500.0,1018.0,11.934501504823762,3.7790791730028794,7.274747585601404,70.03683813412631,37.60024092238857,0.0,39.06,56.291666666666664,57.52074291737576,55.235930442770744,2.284812474605016,30 to <40%
21119,"Knott County, Kentucky",14046.0,44.4,37736.0,74600.0,731.0,25.921004060538944,11.628383921246924,18.62584017923824,70.81497797356828,17.84913353720693,1.0,42.08,57.125,40.93692154349993,41.36408942047558,-0.42716787697565145,Under 20%
21121,"Knox County, Kentucky",30034.0,39.8,33153.0,109200.0,631.0,36.733230926779314,7.90182270091135,18.07002314814815,65.55712519865796,13.545387815023245,0.0,44.89,57.5,45.048944529533195,44.51621495638277,0.5327295731504295,Under 20%
21123,"Larue County, Kentucky",15028.0,41.3,67770.0,177500.0,816.0,18.889265154080597,1.7742873763816172,8.804646896973402,75.66208514917868,15.623511479470325,1.0,42.22,58.416666666666664,54.032472717593826,54.032472717593826,0.0,Under 20%
21125,"Laurel County, Kentucky",62731.0,39.9,56999.0,143400.0,789.0,21.312359110065668,3.5814786390381173,10.747051114023591,71.49569960142648,16.52183908045977,1.0,43.12,57.49166666666667,46.340724681576894,40.21934928504248,6.121375396534408,Under 20%
21127,"Lawrence County, Kentucky",16171.0,42.0,45584.0,108100.0,729.0,21.980691373403925,6.005314437555358,18.81188118811881,76.26016260162602,14.191829484902309,1.0,37.78,57.1,34.93908849174448,40.38092882320203,-5.441840331457548,Under 20%
21129,"Lee County, Kentucky",7375.0,43.4,34182.0,82100.0,593.0,28.8704216682056,7.058359621451104,19.24387976448714,75.01918649270914,7.534866871943488,2.0,44.39,57.925000000000004,22.372881355932204,24.677966101694917,-2.305084745762712,Under 20%
21131,"Leslie County, Kentucky",10261.0,42.2,40176.0,74100.0,520.0,27.296614451743306,7.414297103374967,20.435579075921027,82.57866462010745,10.427514387503425,1.0,45.65,57.23333333333333,17.834519052723905,23.097164019101452,-5.262644966377546,Under 20%
21133,"Letcher County, Kentucky",21146.0,43.3,40501.0,70500.0,651.0,26.761039713982026,5.833108290575209,21.02133282990372,72.60666905700968,13.67290458618872,1.0,39.75,56.10833333333333,18.774236262177244,25.915066679277405,-7.140830417100161,Under 20%
21135,"Lewis County, Kentucky",13028.0,42.1,41632.0,86100.0,757.0,22.621449635263076,7.631296891747053,19.219367588932805,79.00101936799184,11.289612676056338,0.0,41.06,55.60833333333334,33.54313785692355,27.556033159349095,5.987104697574455,Under 20%
21137,"Lincoln County, Kentucky",24415.0,41.9,50862.0,139300.0,730.0,18.539769656147353,7.599844901124467,10.902566933480541,77.75712515489467,15.24278176320626,1.0,42.56,57.50833333333333,54.187999180831454,42.67868113864428,11.50931804218718,Under 20%
21139,"Livingston County, Kentucky",8941.0,45.7,59713.0,116300.0,912.0,18.893645786390266,4.66501240694789,24.149880875027073,80.7824100513992,13.90482095799101,1.0,45.269999999999996,59.61666666666667,46.86276702829661,46.527234090146514,0.33553293815009505,Under 20%
21141,"Logan County, Kentucky",27731.0,40.6,61535.0,151500.0,719.0,14.03502358059445,4.847512038523274,12.336463600610001,75.39827870353415,16.56786107759299,1.0,48.26,59.125,50.376834589448634,38.40467347012369,11.972161119324943,Under 20%
21143,"Lyon County, Kentucky",8831.0,47.8,64464.0,183600.0,809.0,10.63713426305715,3.5445420326223336,31.023720349563046,81.56862745098039,16.30481055768412,1.0,46.21,60.025,56.392254557807725,39.97282300985166,16.419431547956062,Under 20%
21145,"McCracken County, Kentucky",67584.0,42.4,62385.0,182900.0,861.0,15.3332529466735,3.0559188490860953,15.139169647022236,67.42038333272254,27.939075630252102,1.0,53.58,60.291666666666664,44.49277935606061,40.74928977272727,3.7434895833333335,20 to <30%
21147,"McCreary County, Kentucky",16905.0,38.7,37355.0,77000.0,588.0,35.14364423455333,2.312022517088862,19.13571325336031,74.42359249329759,9.134453781512605,1.0,44.8,57.25,24.312333629103815,18.98846495119787,5.323868677905945,Under 20%
21149,"McLean County, Kentucky",9127.0,43.2,70549.0,145600.0,602.0,9.285872208711032,6.5931372549019605,13.497962119395828,81.18070953436808,18.422295701464336,1.0,45.72,59.50833333333333,45.90774624739783,46.56513640845842,-0.6573901610605895,Under 20%
21151,"Madison County, Kentucky",94064.0,34.7,62407.0,220700.0,851.0,15.810787816913392,5.259989621172807,8.011022044088177,62.401285333042864,34.17974709292471,1.0,42.27,58.025,58.236945058683446,44.78865453308386,13.448290525599592,30 to <40%
21153,"Magoffin County, Kentucky",11495.0,41.9,33632.0,88300.0,633.0,33.380493412326466,12.37410071942446,16.50201244054153,77.54163014899211,13.189389265885255,1.0,40.0,57.333333333333336,17.31187472814267,18.79077859939104,-1.4789038712483689,Under 20%
21155,"Marion County, Kentucky",19680.0,39.6,55404.0,158700.0,731.0,19.502979991485738,5.50275724510149,9.932360270558918,77.28590250329381,12.727000971526792,1.0,41.49,58.28333333333333,34.80691056910569,35.16260162601626,-0.3556910569105691,Under 20%
21157,"Marshall County, Kentucky",31728.0,44.9,63611.0,173700.0,773.0,13.404427209565357,3.7173686042464325,20.114209343296277,82.06844106463879,21.046012402966305,1.0,50.73,60.25,46.01613716591024,40.27987897125567,5.736258194654564,20 to <30%
21159,"Martin County, Kentucky",11181.0,40.3,46185.0,84900.0,441.0,29.22495660165424,5.940269117164424,18.81576232721271,80.15247776365946,10.733016221490425,1.0,42.38,57.574999999999996,22.80654682049906,26.3840443609695,-3.577497540470441,Under 20%
21161,"Mason County, Kentucky",16995.0,42.3,51473.0,157500.0,724.0,18.379186602870814,4.844704008494824,15.379916931346202,68.5866897646889,21.066308994886413,0.0,44.58,55.55833333333334,49.60282436010591,45.1309208590762,4.471903501029715,20 to <30%
21163,"Meade County, Kentucky",30032.0,39.3,70163.0,195000.0,976.0,13.738791684857441,3.7477275905467766,10.841383865907027,73.18021855899241,18.415652588880935,1.0,46.74,57.31666666666666,79.71497069792221,73.28849227490677,6.426478423015451,Under 20%
21165,"Menifee County, Kentucky",6203.0,45.1,44672.0,111500.0,634.0,28.162135764284553,4.90360435875943,29.524653085326246,72.64348554671135,10.865191146881287,1.0,41.81,56.666666666666664,59.64855714976624,41.2703530549734,18.378204094792842,Under 20%
21167,"Mercer County, Kentucky",22824.0,42.8,63115.0,189700.0,802.0,11.350319602272727,2.8568716780561885,12.228626320845342,77.13691583670789,22.451540053948936,1.0,42.69,58.291666666666664,58.62250262881178,46.267087276550996,12.355415352260778,20 to <30%
21169,"Metcalfe County, Kentucky",10372.0,41.9,48572.0,103100.0,549.0,25.660009741841208,5.383580080753701,10.044500953591863,75.26501766784452,13.093585115245766,1.0,41.74,58.63333333333333,43.578866178172,39.43308908600077,4.1457770921712305,Under 20%
21171,"Monroe County, Kentucky",11318.0,41.3,49430.0,116300.0,629.0,22.22818791946309,4.168282279953471,12.48091603053435,69.21064108155255,14.871794871794872,1.0,43.27,58.90833333333333,25.97632090475349,30.8358367202686,-4.859515815515109,Under 20%
21173,"Montgomery County, Kentucky",28271.0,40.6,57468.0,163800.0,796.0,15.242935409457901,4.089392410956778,10.275319567354966,66.28310502283105,20.823456662887768,0.0,42.54,56.925000000000004,50.263520922500085,48.07046089632485,2.1930600261752327,20 to <30%
21175,"Morgan County, Kentucky",13938.0,41.8,47493.0,106000.0,670.0,18.205631958087753,3.9409951563188024,15.982300884955752,78.23888771855908,17.5829522234115,1.0,38.96,56.78333333333333,29.272492466637967,30.92265748313962,-1.6501650165016502,Under 20%
21177,"Muhlenberg County, Kentucky",30712.0,42.8,52672.0,121300.0,712.0,17.780938833570413,4.06308266003729,11.793393925958767,81.93851051352937,12.971493728620297,1.0,47.45,59.65833333333333,28.099765563948946,25.07163323782235,3.0281323261265953,Under 20%
21179,"Nelson County, Kentucky",47102.0,39.7,67888.0,224100.0,932.0,9.707818752958389,3.058302967204581,6.3552985744193,77.27151753872359,22.8320933535023,1.0,42.89,58.300000000000004,41.97274001103987,38.087554668591565,3.885185342448304,20 to <30%
21181,"Nicholas County, Kentucky",7655.0,38.9,53616.0,119600.0,654.0,18.524416135881104,7.162619120811558,17.64176417641764,71.54826958105646,9.461285962541032,1.0,43.1,56.375,33.57282821685173,44.54604833442195,-10.973220117570216,Under 20%
21183,"Ohio County, Kentucky",23704.0,40.9,54369.0,113400.0,774.0,13.069606571552097,5.1889563344429215,10.236297676242769,78.56908793009285,14.17826951765291,1.0,48.54,58.925000000000004,40.07762402969963,33.327708403644955,6.749915626054674,Under 20%
21185,"Oldham County, Kentucky",68600.0,39.7,121491.0,375000.0,1142.0,3.960778855225104,3.3454228927897867,4.4870704321197685,88.05272298169835,45.62667889667824,0.0,44.55,56.800000000000004,55.36443148688047,49.19825072886297,6.166180758017493,40% or more
21187,"Owen County, Kentucky",11270.0,42.5,59706.0,165000.0,775.0,17.153873744619798,5.232666791253971,20.769802900706583,87.84322928889932,17.275958365067275,1.0,42.16,57.199999999999996,47.38243123336291,43.921916592724045,3.460514640638864,Under 20%
21189,"Owsley County, Kentucky",4021.0,47.9,31064.0,79900.0,551.0,24.857586742620406,11.311239193083573,25.59288537549407,68.26029216467464,11.406460296096904,2.0,45.01,58.00833333333333,30.589405620492414,24.123352399900522,6.466053220591893,Under 20%
21191,"Pendleton County, Kentucky",14683.0,41.7,66601.0,160800.0,800.0,14.331409498644044,4.883918459796149,15.147175815433572,73.99212450778174,16.555052196178845,0.0,41.37,56.56666666666666,55.574473881359395,50.46652591432269,5.107947967036709,Under 20%
21193,"Perry County, Kentucky",27847.0,41.4,45261.0,90700.0,795.0,25.53144211539886,5.862884160756501,14.808388654194328,72.186310103604,14.238139153601804,1.0,44.14,57.541666666666664,26.825151721909002,29.26706647035587,-2.4419147484468704,Under 20%
21195,"Pike County, Kentucky",57466.0,42.9,42179.0,104200.0,837.0,25.04535591049767,6.157611355849241,15.562079088240372,75.14417767597857,16.010319816969282,0.0,40.480000000000004,57.541666666666664,26.572234016635925,27.094281836216197,-0.5220478195802736,Under 20%
21197,"Powell County, Kentucky",13057.0,39.3,39811.0,142400.0,743.0,21.74942764664088,7.1103526734926055,17.618793379604913,69.21581335061569,17.317045583078837,2.0,44.19,57.46666666666667,38.37022286895918,36.07260473309336,2.297618135865819,Under 20%
21199,"Pulaski County, Kentucky",65503.0,42.2,50943.0,156300.0,835.0,20.2705651320096,5.238517467636106,18.16373567391785,71.86342592592592,17.913118465021018,1.0,42.65,57.76666666666667,38.71578400989268,30.67035097629116,8.045433033601514,Under 20%
21201,"Robertson County, Kentucky",2239.0,39.7,52337.0,123400.0,543.0,27.416267942583733,8.552631578947368,20.582329317269075,75.34766118836916,13.540290620871863,1.0,44.21,56.13333333333333,54.04198302813756,47.78919160339437,6.252791424743189,Under 20%
21203,"Rockcastle County, Kentucky",16144.0,42.8,48367.0,119300.0,678.0,24.373765058321116,6.056315872266793,12.86430798427545,76.40012445550715,13.694101270227945,1.0,42.730000000000004,57.35,41.12983151635282,39.76709613478692,1.362735381565907,Under 20%
21205,"Rowan County, Kentucky",24525.0,31.2,53657.0,155900.0,815.0,24.518453508245184,4.337802066433268,11.647915287888816,63.08186195826645,27.02198257984239,0.0,38.45,55.916666666666664,46.19775739041794,47.747196738022424,-1.5494393476044852,20 to <30%
21207,"Russell County, Kentucky",18117.0,42.2,50520.0,148200.0,660.0,23.440860215053764,6.027397260273973,28.937512320126157,73.50901525658807,15.804206990322323,1.0,41.980000000000004,58.46666666666667,39.90726941546614,33.007672351934644,6.899597063531489,Under 20%
21209,"Scott County, Kentucky",58269.0,36.4,83660.0,264200.0,1181.0,10.441562098519913,3.9545246052028045,5.211056353117635,72.14611872146119,33.24571220362804,0.0,43.71,57.375,64.03061662290412,55.74147488372891,8.289141739175205,30 to <40%
21211,"Shelby County, Kentucky",48599.0,40.9,82671.0,277500.0,998.0,8.614041777890767,2.8474711270410196,7.108659450457952,74.05042016806723,31.044696543348834,1.0,43.55,57.11666666666667,53.4167369698965,47.51126566390255,5.9054713059939505,30 to <40%
21213,"Simpson County, Kentucky",19786.0,39.0,57392.0,195700.0,1011.0,15.118028534370946,3.9491941509232578,9.070482497634815,66.28950448692937,16.75263511998206,1.0,47.49,59.46666666666667,69.19033660163753,53.77539674517335,15.414939856464166,Under 20%
21215,"Spencer County, Kentucky",19875.0,43.3,98333.0,297600.0,954.0,7.381764496258209,5.8777582503417305,7.066719305171733,86.61852166525064,22.104357798165136,1.0,43.01,57.76666666666667,62.893081761006286,51.57232704402516,11.320754716981131,20 to <30%
21217,"Taylor County, Kentucky",26205.0,37.7,61871.0,163700.0,691.0,16.63398038823294,5.042926753809266,10.360521149384258,67.56595321055251,21.975279986073232,1.0,40.1,58.40833333333333,47.85346307956497,42.39648921961458,5.456973859950391,20 to <30%
21219,"Todd County, Kentucky",12330.0,36.3,57759.0,157400.0,841.0,21.657842488418265,3.4255599472990776,14.069767441860465,74.10915651781687,15.937694704049845,1.0,44.78,59.275,50.12165450121655,44.76885644768856,5.35279805352798,Under 20%
21221,"Trigg County, Kentucky",14211.0,46.6,54630.0,192000.0,802.0,20.428662375327157,4.117344312918168,21.154098360655738,74.21823020625416,20.303418382425377,1.0,46.17,60.15833333333333,57.983252410104846,47.28731264513405,10.695939764970797,20 to <30%
21223,"Trimble County, Kentucky",8531.0,40.9,67813.0,172700.0,935.0,13.164466642882626,7.8101456554495226,15.322997416020671,81.9957277998169,14.693674248713267,1.0,46.16,56.958333333333336,60.36806939397491,54.03821357402415,6.329855819950768,Under 20%
21225,"Union County, Kentucky",13379.0,41.3,60989.0,109000.0,787.0,17.38832139045586,3.0654658815379285,12.610770279481937,71.7433697347894,11.793455163620909,1.0,39.160000000000004,59.10833333333333,31.990432767770386,36.02660886463861,-4.0361760968682265,Under 20%
21227,"Warren County, Kentucky",137549.0,33.4,64801.0,242600.0,963.0,16.793069382171897,4.544138929088278,7.436435974932978,56.70749704840614,33.359392582590054,1.0,46.52,59.916666666666664,48.97163919766774,43.99159572225171,4.980043475416034,30 to <40%
21229,"Washington County, Kentucky",12091.0,42.2,59762.0,168300.0,696.0,12.57495143991217,4.167375403980269,10.953657602451168,78.15053763440861,18.88823181549379,1.0,43.1,58.15833333333333,53.26275742287652,44.495906045819204,8.766851377057316,Under 20%
21231,"Wayne County, Kentucky",19592.0,43.4,41933.0,121700.0,666.0,24.316897392025716,4.937616140164587,20.8596214511041,71.98555057299451,13.721310310523698,1.0,43.33,58.03333333333333,31.237239689669252,30.624744793793386,0.6124948958758677,Under 20%
21233,"Webster County, Kentucky",12873.0,39.6,58786.0,97600.0,774.0,13.903487816531294,5.433056976539072,14.106145251396647,73.00813008130082,12.59743237047226,1.0,42.8,59.4,47.30831973898858,49.94950671949041,-2.6411869805018253,Under 20%
21235,"Whitley County, Kentucky",36755.0,35.4,41719.0,120600.0,720.0,25.05355153800017,5.182288029054337,12.777992029823885,66.72807663964628,19.811402370447272,2.0,44.64,57.36666666666667,46.769147054822476,46.17058903550537,0.5985580193170997,Under 20%
21237,"Wolfe County, Kentucky",6484.0,41.5,29052.0,66400.0,507.0,38.092219933449535,15.807174887892376,16.365428853105488,69.86247544204322,7.393428063943162,2.0,42.53,57.30833333333334,27.914867365823564,38.864898210980876,-10.950030845157311,Under 20%
21239,"Woodford County, Kentucky",27017.0,42.3,80006.0,270400.0,1000.0,10.045385779122542,3.5222700642337825,7.284025200655908,71.56287815321605,41.711971005223326,1.0,43.13,58.300000000000004,57.26024355035718,49.0061812932598,8.254062257097383,40% or more
22001,"Acadia Parish, Louisiana",57218.0,37.0,45266.0,146900.0,725.0,24.378568135881707,7.806888671237349,14.007828726633647,67.9502066979423,13.426354947178904,0.0,49.9,70.95833333333333,44.86350449159355,46.8384074941452,-1.9749030025516445,Under 20%
22003,"Allen Parish, Louisiana",22552.0,38.9,51138.0,110800.0,739.0,20.415848936508777,13.739409205404167,19.742219427852877,76.83770727248988,11.623846345722125,0.0,43.53,70.10000000000001,40.30684639943242,39.686058886129835,0.6207875133025895,Under 20%
22005,"Ascension Parish, Louisiana",128593.0,36.4,92266.0,265300.0,1283.0,10.335824113786588,4.524131709517365,8.236055796433266,82.85763153956343,28.473354194676787,0.0,46.52,71.34166666666667,47.522026859937945,45.50014386475158,2.0218829951863633,20 to <30%
22007,"Assumption Parish, Louisiana",20720.0,42.0,52546.0,141200.0,801.0,13.901170982945436,4.886820393484239,16.127104293256302,85.52256532066508,13.652108945187802,0.0,46.37,71.64166666666667,38.03088803088803,48.648648648648646,-10.617760617760618,Under 20%
22009,"Avoyelles Parish, Louisiana",39176.0,38.2,39439.0,120200.0,739.0,27.35911785892392,6.75613446483784,20.64618239371282,68.71389270976616,10.923105846963715,0.0,44.16,69.39999999999999,26.087400449254645,31.652031856238512,-5.564631406983867,Under 20%
22011,"Beauregard Parish, Louisiana",36646.0,36.9,64995.0,164500.0,882.0,14.143001459198564,7.457496136012365,14.259769539078157,83.1714264845519,17.832938678860128,1.0,41.09,70.35000000000001,53.21181029307428,56.240790263603124,-3.0289799705288436,Under 20%
22013,"Bienville Parish, Louisiana",12769.0,42.5,34992.0,93600.0,600.0,32.12651521233042,6.306306306306307,21.079429735234214,70.61751152073732,13.506898086337339,0.0,43.91,67.46666666666667,43.93452893726995,51.374422429321015,-7.439893492051061,Under 20%
22015,"Bossier Parish, Louisiana",129134.0,36.2,66336.0,215100.0,1168.0,16.42004697768955,5.5855666858971,11.512419372082249,66.07398159521556,27.319056278159348,0.0,51.800000000000004,67.43333333333334,65.06419688075952,65.39718432016355,-0.3329874394040299,20 to <30%
22017,"Caddo Parish, Louisiana",232973.0,39.2,50067.0,175900.0,962.0,22.296245290714758,8.355317633013037,15.6802999076114,60.6456166966929,25.288799598191865,0.0,50.77,67.79166666666667,36.72528576272787,45.19407828374962,-8.468792521021749,20 to <30%
22019,"Calcasieu Parish, Louisiana",208668.0,37.2,67849.0,208500.0,1096.0,17.818137612448336,5.532957810295647,18.491033431432747,72.24365218520683,24.705298156224362,0.0,41.06,70.99166666666666,33.531734621504015,31.787336822128932,1.7443977993750839,20 to <30%
22021,"Caldwell Parish, Louisiana",9563.0,40.7,44957.0,106000.0,756.0,25.386027426843754,9.874279727606076,20.62876830318691,69.01790558871406,10.724093077034253,0.0,39.4,68.01666666666667,37.95879953989334,42.5598661507895,-4.601066610896162,Under 20%
22023,"Cameron Parish, Louisiana",5222.0,43.0,72500.0,183300.0,807.9834791932752,6.3151796060254926,0.9325044404973357,40.992167101827675,96.90265486725664,15.048409405255878,0.0,42.36,71.625,38.8739946380697,64.91765607047108,-26.04366143240138,Under 20%
22025,"Catahoula Parish, Louisiana",8738.0,38.8,47753.0,88000.0,724.0,28.06575633037253,6.341301460823373,30.82977288059366,75.97529258777634,16.59657068909738,0.0,39.089999999999996,68.85833333333333,42.91599908445868,42.114900434882124,0.8010986495765622,Under 20%
22027,"Claiborne Parish, Louisiana",14019.0,41.9,31784.0,82400.0,619.0,35.013680457673495,4.855986669840514,26.418413722328104,70.49212990635584,10.993615323224262,0.0,49.02,66.05,29.745345602396746,39.94578785933376,-10.200442256937015,Under 20%
22029,"Concordia Parish, Louisiana",18325.0,37.7,37349.0,102400.0,774.0,34.77699530516432,11.732649463054976,27.154885885220473,70.37262357414448,17.37395129103201,0.0,39.84,69.075,36.289222373806275,50.20463847203274,-13.915416098226467,Under 20%
22031,"De Soto Parish, Louisiana",26897.0,40.1,46077.0,150700.0,719.0,21.79535232383808,6.144734406811031,18.04936305732484,75.2453123481978,14.893617021276595,0.0,46.89,67.95,49.18764174443246,40.45060787448414,8.737033869948322,Under 20%
22033,"East Baton Rouge Parish, Louisiana",452821.0,34.2,63075.0,241800.0,1121.0,18.555831220241895,7.580375322603655,14.650784846096206,59.06059016692511,38.23044339350028,0.0,47.86,70.95833333333333,34.68037038918248,40.96099783358104,-6.28062744439856,30 to <40%
22035,"East Carroll Parish, Louisiana",7195.0,35.7,28321.0,87400.0,767.0,35.69326958440603,12.620468104635155,26.408450704225352,59.96810207336523,10.950586264656616,0.0,39.98,67.36666666666666,25.99027102154274,33.35649756775538,-7.366226546212648,Under 20%
22037,"East Feliciana Parish, Louisiana",19378.0,44.6,72899.0,213700.0,745.0,13.53809093646492,6.004084411164057,20.009790723289683,83.84332925336598,17.03430519796813,0.0,46.660000000000004,69.825,46.03158220662607,39.6325730209516,6.399009185674476,Under 20%
22039,"Evangeline Parish, Louisiana",32162.0,37.7,42273.0,118500.0,663.0,22.95371338912134,10.919236859965311,15.719892584176822,64.82843137254902,12.570668440305953,0.0,44.65,69.89999999999999,29.600149244449973,40.07835333623531,-10.478204091785337,Under 20%
22041,"Franklin Parish, Louisiana",19590.0,39.1,44103.0,117200.0,719.0,25.638956147430722,9.762186309289186,17.74644735369811,73.70425792409196,16.19756116266585,0.0,40.96,68.34166666666667,33.996937212863706,35.324144971924454,-1.3272077590607452,Under 20%
22043,"Grant Parish, Louisiana",22123.0,38.5,61112.0,135900.0,806.0,16.12697399904291,4.5245026686074725,20.53236138723216,82.09867963863795,12.770287458661919,0.0,38.41,68.325,50.128825204538266,53.3381548614564,-3.2093296569181393,Under 20%
22045,"Iberia Parish, Louisiana",69194.0,37.8,57811.0,156000.0,891.0,22.638612703240145,6.123530385825468,13.922793528752203,67.9854106963415,14.65431908668969,0.0,45.18,71.68333333333334,35.72564095152759,45.48082203659277,-9.755181085065178,Under 20%
22047,"Iberville Parish, Louisiana",29950.0,40.3,57459.0,177100.0,817.0,15.54660656888462,6.139803401466687,17.788210745957226,75.73422770123278,16.643072857682146,0.0,47.58,71.325,47.913188647746246,48.74791318864774,-0.8347245409015025,Under 20%
22049,"Jackson Parish, Louisiana",14939.0,41.5,43345.0,107400.0,719.0,24.33757192583647,5.757689422355589,22.442198532465735,70.38557657979293,13.355356300141576,0.0,43.42,67.26666666666667,43.041702925229266,35.946181136622265,7.095521788607002,Under 20%
22051,"Jefferson Parish, Louisiana",432484.0,39.9,65246.0,243500.0,1162.0,16.280783410245707,5.885102346617544,8.821332344198362,62.31283830359463,29.945951643023943,1.0,42.91,72.03333333333333,34.64636842056585,44.71379288019904,-10.06742445963319,20 to <30%
22053,"Jefferson Davis Parish, Louisiana",32083.0,37.4,56500.0,145000.0,847.0,17.788109416297807,4.661804661804662,17.034096547813142,76.33287764866712,14.995331465919701,0.0,46.96,70.74166666666666,40.11470249041548,46.62905588629492,-6.5143533958794375,Under 20%
22055,"Lafayette Parish, Louisiana",245075.0,36.4,67660.0,234200.0,1022.0,17.42384284735345,5.027030934957064,10.002717391304348,66.1030425636845,34.85704636871845,0.0,47.84,71.41666666666667,46.189941854534325,44.24767928185249,1.9422625726818321,30 to <40%
22057,"Lafourche Parish, Louisiana",96670.0,39.0,63439.0,190800.0,933.0,17.990254880521437,5.451544340433229,9.15120007773783,78.30842046153435,20.443850754424847,0.0,38.7,72.10000000000001,34.34364332264405,39.702079238646945,-5.358435916002897,20 to <30%
22059,"LaSalle Parish, Louisiana",14804.0,38.6,67077.0,137200.0,576.0,15.461818181818181,7.640246653632125,21.28002579397066,82.85889821830841,17.351509250243428,0.0,38.07,68.63333333333334,29.451499594704135,31.613077546609023,-2.1615779519048908,Under 20%
22061,"Lincoln Parish, Louisiana",48160.0,28.6,38035.0,195500.0,821.0,30.659353216775227,4.13265306122449,11.181598062953995,53.50853279537648,35.95092953693537,0.0,45.14,66.7,44.082225913621265,46.096345514950166,-2.0141196013289036,30 to <40%
22063,"Livingston Parish, Louisiana",145583.0,36.4,78617.0,218900.0,1102.0,13.129520098185374,4.105606124804582,12.796482113448446,81.27214672325844,20.28000332101789,0.0,48.05,70.7,52.416834383135395,45.06020620539486,7.356628177740533,20 to <30%
22065,"Madison Parish, Louisiana",9757.0,34.6,37267.0,90600.0,625.0,36.68054729327781,5.120772946859903,31.175934366453966,56.390728476821195,12.795461708162621,0.0,43.25,68.05,30.029722250691812,46.12073383212053,-16.091011581428717,Under 20%
22067,"Morehouse Parish, Louisiana",24967.0,40.3,36981.0,108700.0,795.0,30.679546968687543,9.872673849167484,17.788986969314838,66.61212802945086,12.692307692307692,0.0,43.85,66.925,34.12504505947851,44.939319902270995,-10.814274842792486,Under 20%
22069,"Natchitoches Parish, Louisiana",37047.0,33.3,46798.0,163000.0,767.0,24.11549644471313,6.186419125127162,24.406579863901836,62.26963425007088,25.613559322033897,0.0,41.84,68.35000000000001,35.7653791130186,39.94925365076794,-4.183874537749346,20 to <30%
22071,"Orleans Parish, Louisiana",376035.0,38.4,55339.0,296400.0,1211.0,22.631894319624863,7.841974262564211,20.38324484745171,50.54559525345028,41.95147978448726,1.0,42.56,71.77499999999999,42.23808953953754,53.85668887204648,-11.618599332508943,40% or more
22073,"Ouachita Parish, Louisiana",158916.0,36.6,51241.0,183000.0,923.0,24.038511613373608,6.6367749784697825,13.957009636746996,59.49937504111572,27.544249908911347,0.0,43.36,67.23333333333333,34.57172342621259,37.46633441566614,-2.8946109894535477,20 to <30%
22075,"Plaquemines Parish, Louisiana",23070.0,36.8,82874.0,275800.0,1611.0,13.363383269256264,4.500795358847197,14.805194805194805,73.86585365853658,19.84708093047366,1.0,43.11,72.34166666666667,69.05071521456436,72.34503684438666,-3.29432162982228,Under 20%
22077,"Pointe Coupee Parish, Louisiana",20438.0,43.2,59351.0,174500.0,794.0,17.785467128027683,8.363397835355855,25.73342991669685,77.45671787368934,15.505540166204986,0.0,45.53,70.47500000000001,34.88599667286427,39.82777179763186,-4.94177512476759,Under 20%
22079,"Rapides Parish, Louisiana",128470.0,37.8,55946.0,179100.0,942.0,18.94494168700841,4.882917599680606,16.565216645805112,65.2918207973695,22.41916475104727,1.0,40.64,69.19166666666666,32.27990970654628,35.136607768350586,-2.856698061804312,20 to <30%
22081,"Red River Parish, Louisiana",7529.0,40.4,44539.0,103200.0,731.0,29.38487115544472,3.195554011809656,16.58794109474854,76.68221185876082,11.172741679873218,0.0,44.81,68.04166666666667,32.806481604462746,48.74485323416124,-15.9383716296985,Under 20%
22083,"Richland Parish, Louisiana",19908.0,39.8,52960.0,124500.0,836.0,23.5325141079057,8.400336013440537,16.636008277765004,67.03902909943456,18.106324608882627,0.0,40.44,67.72500000000001,43.55033152501507,46.865581675708256,-3.315250150693189,Under 20%
22085,"Sabine Parish, Louisiana",22085.0,41.3,52047.0,129400.0,664.0,22.696929238985312,6.537708129285015,37.692759582904976,80.3182086034178,14.471684398334766,0.0,45.02,68.60833333333333,31.333484265338466,38.080144894724924,-6.7466606293864615,Under 20%
22087,"St. Bernard Parish, Louisiana",44172.0,35.8,57638.0,192100.0,1083.0,22.613856865654604,7.383555488992062,12.225061097533882,70.13858128203506,17.19071811066868,1.0,43.13,71.81666666666666,46.77171058589151,49.080865706782575,-2.309155120891062,Under 20%
22089,"St. Charles Parish, Louisiana",51863.0,39.1,82172.0,256800.0,1144.0,9.834947483290138,6.259031105026998,9.579995144452537,82.68177424551605,27.214468812304187,0.0,41.18,71.81666666666666,41.93741202784258,47.837572064863195,-5.900160037020612,20 to <30%
22091,"St. Helena Parish, Louisiana",10849.0,42.4,50193.0,106400.0,802.0,30.004662004662006,21.297429620563037,22.768361581920903,74.49402584735431,11.749799946652441,0.0,47.67,69.34166666666667,75.1221310719882,76.68909576919532,-1.5669646972071158,Under 20%
22093,"St. James Parish, Louisiana",19797.0,40.8,64536.0,197800.0,821.0,10.486872291613562,5.379679144385027,14.044619119176973,85.46261430876815,20.19466474405191,0.0,44.82,71.51666666666667,33.64146082739809,44.350154063747034,-10.708693236348942,20 to <30%
22095,"St. John the Baptist Parish, Louisiana",41342.0,38.5,67418.0,184000.0,1118.0,12.580676706434579,9.040782872187174,16.12141652613828,79.68100790778716,18.716635799106655,0.0,42.120000000000005,71.39999999999999,55.730250108848146,57.375066518310675,-1.6448164094625322,Under 20%
22097,"St. Landry Parish, Louisiana",82128.0,37.5,45637.0,142900.0,742.0,23.98693946466703,5.587885804820084,14.49420285938218,70.03919337505532,14.329862151633204,0.0,47.26,70.3,39.6697837521917,43.48090785115917,-3.8111240989674653,Under 20%
22099,"St. Martin Parish, Louisiana",51559.0,39.7,53394.0,151000.0,865.0,16.562591758833317,5.110439237423364,15.782146473169085,78.86590191854931,15.343253008620444,0.0,47.230000000000004,71.39999999999999,47.55716751682539,47.130471886576544,0.4266956302488411,Under 20%
22101,"St. Mary Parish, Louisiana",48455.0,39.7,51768.0,128000.0,839.0,22.07463498305652,5.432206259372128,16.903598400710795,69.84228815824646,13.121567913594854,1.0,43.19,71.825,29.078526467856776,41.19285935403983,-12.114332886183057,Under 20%
22103,"St. Tammany Parish, Louisiana",269331.0,40.4,79277.0,272200.0,1305.0,12.184055813673748,4.8121212121212125,8.11998505524223,78.82288015800786,36.565436985605054,0.0,43.82,70.5,44.99296404795586,40.86050250435338,4.132461543602481,30 to <40%
22105,"Tangipahoa Parish, Louisiana",135218.0,35.7,57256.0,204600.0,974.0,19.429587297711787,5.31830346281729,14.4418117041406,71.51879819091072,22.228370732588736,0.0,45.05,69.77499999999999,42.9750477007499,38.36767294295138,4.607374757798518,20 to <30%
22107,"Tensas Parish, Louisiana",3992.0,47.4,36074.0,80300.0,613.0,32.8448050248626,13.314037626628075,41.90442225392297,69.61325966850829,13.141470180305133,0.0,40.84,68.49166666666666,38.07615230460922,35.32064128256513,2.755511022044088,Under 20%
22109,"Terrebonne Parish, Louisiana",107362.0,37.3,64819.0,189100.0,1010.0,16.454259033237772,4.73672297783905,11.421373528664578,73.62634736263473,17.738191783886574,0.0,35.69,72.20833333333333,33.62455990015089,40.90832883143011,-7.283768931279224,Under 20%
22111,"Union Parish, Louisiana",20914.0,43.5,45743.0,115400.0,758.0,28.599576375548004,5.772040915733074,20.82373271889401,76.07614890263126,15.963611859838275,0.0,51.629999999999995,66.46666666666667,41.981447833986806,41.64674380797552,0.3347040260112843,Under 20%
22113,"Vermilion Parish, Louisiana",57031.0,39.4,57537.0,159700.0,802.0,19.197545098178335,5.176677035973518,15.468291930257676,74.25390161540568,16.844490107747834,0.0,45.9,71.875,44.291701004716735,44.01115182970665,0.28054917501008225,Under 20%
22115,"Vernon Parish, Louisiana",47764.0,32.1,58281.0,143500.0,1038.0,18.27090213801495,6.172620105443991,19.566891677615185,55.76771431790019,19.088366517946326,3.0,39.879999999999995,69.46666666666667,98.00267984255925,113.22334812829746,-15.220668285738213,Under 20%
22117,"Washington Parish, Louisiana",45238.0,41.0,42776.0,139400.0,772.0,24.1941434171086,10.814700022138588,17.603398375501822,69.38417086850603,12.710443140037412,0.0,47.410000000000004,69.39999999999999,33.423228259427916,31.743224722578365,1.6800035368495512,Under 20%
22119,"Webster Parish, Louisiana",36189.0,41.2,37396.0,105600.0,777.0,26.850932205794717,5.449974118169045,19.519110190284064,68.19998645078246,12.798689363062415,0.0,48.75,66.86666666666666,42.250407582414546,43.604410179888916,-1.3540025974743706,Under 20%
22121,"West Baton Rouge Parish, Louisiana",27666.0,36.6,87320.0,225900.0,1021.0,15.974725887381528,6.583411535407493,12.065612581381584,75.85576923076923,23.057927770346744,0.0,46.89,71.16666666666667,53.748283091158825,51.54341068459481,2.2048724065640135,20 to <30%
22123,"West Carroll Parish, Louisiana",9622.0,41.4,48514.0,97600.0,692.0,15.737179487179487,3.849114703618168,17.395011724578982,73.75483870967741,14.124125613930644,0.0,38.73,67.20833333333333,36.686759509457495,37.7260444813968,-1.0392849719393058,Under 20%
22125,"West Feliciana Parish, Louisiana",15381.0,42.2,74277.0,263200.0,998.0,11.596227733147048,5.957230142566192,23.717573629803002,78.7778061876758,22.563223317616803,0.0,44.29,69.99166666666666,30.42715038033938,30.88225733047266,-0.45510695013328134,20 to <30%
22127,"Winn Parish, Louisiana",13506.0,41.6,46368.0,102600.0,640.0,22.02181208053691,4.254480992712232,23.367859384808536,71.14478804013926,16.102659629514644,0.0,40.33,67.89166666666667,30.57900192507034,33.91085443506589,-3.3318525099955574,Under 20%
23001,"Androscoggin County, Maine",112323.0,40.8,67298.0,232000.0,966.0,12.983295319180371,4.2494801077284965,7.1112704673120595,67.35717961914565,23.440359341207785,2.0,61.08,47.64166666666667,44.576800833311076,41.04235107680528,3.5344497565057913,20 to <30%
23003,"Aroostook County, Maine",67227.0,48.4,54254.0,131700.0,736.0,14.430763576219793,5.356614382953537,22.786390594110916,74.38350626600189,22.373819862167867,1.0,45.68,41.96666666666667,28.00957948443334,24.57346006812739,3.4361194163059485,20 to <30%
23005,"Cumberland County, Maine",305940.0,42.1,92983.0,411400.0,1492.0,7.062859993191937,3.1943161144811674,14.2001993149374,70.37145296647,52.163541773289836,1.0,59.59,47.833333333333336,43.95306269203112,43.116297313198665,0.8367653788324508,40% or more
23007,"Franklin County, Maine",30145.0,46.1,58522.0,176700.0,759.0,11.77182786771828,5.312940229422419,40.931291194461565,77.00088303764952,29.902073467886535,4.0,59.6,42.775,45.314314148283295,37.916735777077456,7.397578371205839,20 to <30%
23009,"Hancock County, Maine",56084.0,49.1,69630.0,278400.0,1000.0,10.224384177898067,3.7141578603146193,38.312682035839465,78.78921254801537,39.175980919421974,2.0,58.09,46.96666666666667,42.72163183795735,37.76478139932958,4.9568504386277725,30 to <40%
23011,"Kennebec County, Maine",125614.0,44.0,65062.0,219900.0,952.0,12.318542414167682,4.053328278520204,14.577130186886285,72.75660041530703,30.8932073060568,3.0,57.980000000000004,47.541666666666664,42.63855939624564,38.164535800149665,4.474023596095977,30 to <40%
23013,"Knox County, Maine",40860.0,49.2,71903.0,290800.0,1079.0,8.758377244589962,3.888724182231446,26.400032749304078,78.53606985928027,39.10289061505157,2.0,60.980000000000004,47.31666666666666,41.776798825256975,37.37151248164464,4.405286343612334,30 to <40%
23015,"Lincoln County, Maine",35840.0,51.1,72026.0,306200.0,1003.0,8.496043718335516,3.489709095090261,31.957160856782863,83.83433121412259,40.037593984962406,2.0,58.7,47.84166666666667,51.088169642857146,42.52232142857143,8.565848214285714,40% or more
23017,"Oxford County, Maine",58728.0,48.3,57933.0,192300.0,807.0,14.182763100909485,4.757505773672055,35.187920564582306,80.81370811175825,22.49882468826255,4.0,58.65,45.05833333333334,49.31208282250375,40.134177904917586,9.17790491758616,20 to <30%
23019,"Penobscot County, Maine",153571.0,42.5,63248.0,193800.0,997.0,13.547312517918822,4.083706333281885,14.105165439957563,70.28053544133768,30.47624202729889,2.0,52.82,45.275000000000006,36.321961828730686,33.02055726667144,3.301404562059243,30 to <40%
23021,"Piscataquis County, Maine",17125.0,51.4,55234.0,153300.0,807.0,16.510195539077916,4.098681634251403,44.63859122244215,76.92023178399704,21.806969314213536,2.0,54.96,42.65,46.13138686131387,40.40875912408759,5.7226277372262775,20 to <30%
23023,"Sagadahoc County, Maine",37093.0,47.3,82080.0,300200.0,1050.0,11.142319544053885,4.563771912149909,15.354021665183945,77.76816074188562,41.11319486217756,2.0,59.38,48.25,59.256463483676164,51.0608470600922,8.195616423583965,40% or more
23025,"Somerset County, Maine",50852.0,46.9,56199.0,155200.0,887.0,15.56086110386614,3.8890767669935746,24.232730180945715,77.26173197871312,20.310488849194883,3.0,53.95,42.791666666666664,49.830881774561476,39.369149689294424,10.46173208526705,20 to <30%
23027,"Waldo County, Maine",40006.0,46.9,68441.0,239100.0,969.0,12.75095785440613,4.448281115117046,20.987431051632154,80.91668574044404,34.81874624474264,3.0,58.38,46.89166666666666,46.91796230565415,42.16867469879518,4.749287606858971,30 to <40%
23029,"Washington County, Maine",31261.0,48.6,52237.0,147100.0,768.0,17.809168619426384,6.629147785411489,35.54347325254573,78.05418543141039,24.910541064884672,2.0,55.83,46.15,36.595118518281566,28.34202360769009,8.253094910591471,20 to <30%
23031,"York County, Maine",214731.0,45.3,82904.0,357200.0,1239.0,7.766164144601552,3.478438273021702,20.73111819627063,76.13739612188365,34.5706198874063,1.0,61.24,48.21666666666667,46.80740088762219,39.46332853663421,7.344072350987981,30 to <40%
24001,"Allegany County, Maryland",67762.0,41.7,57393.0,149200.0,786.0,17.233993852593027,5.863061618627701,16.37915269734837,70.3236623414492,21.1236752065426,0.0,32.32,53.78333333333333,28.52631268262448,23.169327941914347,5.356984740710132,20 to <30%
24003,"Anne Arundel County, Maryland",590936.0,39.0,120324.0,450300.0,1990.0,5.487057801764916,3.955472016279593,4.786602112900959,74.96265686353432,45.2402944007467,0.0,39.82,59.10833333333333,52.40330594176019,54.3662934734049,-1.9629875316447127,40% or more
24005,"Baltimore County, Maryland",849586.0,39.5,90904.0,330000.0,1566.0,10.01124249446009,5.01257133735084,5.7508507091145775,66.3314665107784,41.422138785726915,0.0,39.45,57.06666666666666,43.17279239535491,48.365909984392395,-5.1931175890374845,40% or more
24009,"Calvert County, Maryland",93791.0,40.5,132059.0,440200.0,1701.0,4.02709016481279,2.9366368805848904,6.882647385984427,87.15544273555324,35.26277586446541,0.0,38.56,59.1,47.200690897847345,47.392606966553295,-0.1919160687059526,30 to <40%
24011,"Caroline County, Maryland",33406.0,39.8,66368.0,272400.0,1070.0,12.356715011097936,5.386136241088011,9.877182598401895,71.85781134553814,17.573130145384482,0.0,41.52,57.949999999999996,42.14811710471173,43.8244626713764,-1.676345566664671,Under 20%
24013,"Carroll County, Maryland",174318.0,41.3,115876.0,406400.0,1370.0,5.316684359622524,3.1860779264637595,4.050357428929829,83.85496243325406,39.7411088512117,0.0,36.51,55.5,41.34398054130956,38.492869353709885,2.851111187599674,30 to <40%
24015,"Cecil County, Maryland",104366.0,40.8,91146.0,311800.0,1367.0,10.88915458866758,4.597944901775558,9.028737063792205,75.30618341133128,26.90086555739976,0.0,41.81,56.64166666666667,44.00858517141598,40.166337696184584,3.8422474752313973,20 to <30%
24017,"Charles County, Maryland",168710.0,38.8,120592.0,402300.0,1897.0,6.617677808644741,5.17499944864698,4.526350847699554,81.23058522566821,31.63794311335295,0.0,35.18,59.300000000000004,60.832197261573114,52.81251852290914,8.019678738663979,30 to <40%
24019,"Dorchester County, Maryland",32612.0,43.9,60495.0,252300.0,959.0,16.25447192409395,4.814456276218135,18.835282651072124,66.3239267487241,18.804074500277032,0.0,39.06,59.48333333333333,52.588004415552554,35.293756899300874,17.294247516251687,Under 20%
24021,"Frederick County, Maryland",280341.0,38.9,120458.0,437700.0,1706.0,6.2932728208623026,3.4421550205137876,4.388617580766341,77.03694244992977,44.88263401133189,0.0,34.38,55.89166666666667,55.27553943233419,46.39706642981226,8.878473002521929,40% or more
24023,"Garrett County, Maryland",28713.0,48.1,69031.0,217000.0,710.0,10.968732153055397,4.63138660482114,32.326170086712985,81.01870274572225,24.639501348962693,0.0,39.66,50.1,28.66297495907777,27.687806916727613,0.975168042350155,20 to <30%
24025,"Harford County, Maryland",262509.0,40.5,111317.0,367300.0,1557.0,7.001322016362347,3.7834445212338332,3.9632598722332366,79.71098323543198,39.4827839705506,0.0,38.79,56.74166666666667,41.888087646518784,40.1548137397194,1.7332739067993859,30 to <40%
24027,"Howard County, Maryland",333916.0,39.4,146982.0,576700.0,2038.0,5.112789681927959,3.616685431706294,3.552924354762268,71.71055919244415,64.47539159236565,0.0,39.13,56.925000000000004,58.23919788210208,61.39867511589741,-3.1594772337953256,40% or more
24029,"Kent County, Maryland",19265.0,48.4,74402.0,307100.0,1144.0,9.543615107913668,2.7828559821247207,17.392988572535348,72.063305978898,37.92163054399311,0.0,37.64,57.84166666666667,44.27718660783805,39.29405657928886,4.983130028549183,30 to <40%
24031,"Montgomery County, Maryland",1057586.0,40.1,128733.0,615200.0,2030.0,7.076990576475525,4.801596219194127,4.256936713672503,65.34168984817508,60.285796908504615,0.0,36.26,57.15833333333333,39.08712861176301,47.53561412499787,-8.448485513234857,40% or more
24033,"Prince George's County, Maryland",955584.0,38.5,100708.0,404300.0,1761.0,10.229375541776093,6.385345441495069,4.926056726630614,62.33828420191186,36.078753951026314,0.0,38.78,58.333333333333336,40.48623668876834,50.24152769405934,-9.755291005291005,30 to <40%
24035,"Queen Anne's County, Maryland",50951.0,44.8,113347.0,441800.0,1611.0,6.966198689134869,3.705033388382279,9.519421278164309,81.33625299180119,37.22942541285656,0.0,38.489999999999995,58.0,56.70153677062275,44.729249671252774,11.972287099369982,30 to <40%
24037,"St. Mary's County, Maryland",114372.0,37.0,114580.0,390900.0,1692.0,7.449600914236737,3.8475174311616835,9.407960414948565,72.64691085930575,35.100217496060324,0.0,38.84,59.666666666666664,49.618787815199525,48.40345539117966,1.215332424019865,30 to <40%
24039,"Somerset County, Maryland",24685.0,38.1,52462.0,164300.0,938.0,20.11777247576019,5.732093593542454,24.001465738365702,68.82835101253616,17.128241312400775,0.0,40.46,60.09166666666667,48.40996556613328,37.22908648977111,11.180879076362164,Under 20%
24041,"Talbot County, Maryland",37707.0,51.1,84378.0,398300.0,1248.0,10.201122418839452,3.7799315849486885,17.589344720654772,72.69138239467028,41.3258505787443,0.0,39.72,58.55833333333334,46.86132548333201,44.209298008327366,2.652027475004641,40% or more
24043,"Washington County, Maryland",155033.0,41.0,74157.0,275900.0,1100.0,12.455327777137315,4.875693941588221,7.119518486672399,65.88847183181565,23.521339497872496,0.0,31.8,55.14166666666667,47.00934639721866,41.836254216844154,5.173092180374501,20 to <30%
24045,"Wicomico County, Maryland",104117.0,36.2,72861.0,238900.0,1238.0,13.957732853281739,6.400770782962788,8.858281161070005,60.6834190937703,29.136614340263048,0.0,40.71,59.4,40.646580289482024,43.53755870799197,-2.8909784185099454,20 to <30%
24047,"Worcester County, Maryland",53279.0,50.7,81455.0,348100.0,1180.0,8.108570776429413,6.448234590065828,57.891667403022005,76.74486926595878,32.67351169908184,0.0,40.68,59.51666666666667,60.023649092513,55.763058615965015,4.260590476547983,30 to <40%
24510,"Baltimore city, Maryland",577193.0,36.1,59623.0,219300.0,1290.0,20.082428480907,6.551636796779802,14.652063303942704,47.5152429291962,35.42740539203562,0.0,40.28,59.44166666666666,52.38802272376831,58.11054534618403,-5.722522622415726,30 to <40%
25001,"Barnstable County, Massachusetts",230073.0,55.1,94452.0,575900.0,1596.0,7.4330829116901045,4.624725270098439,37.83630425990426,80.5527233178936,47.405665560512496,1.0,49.19,52.85833333333333,41.92582354296245,41.026109104501614,0.8997144384608363,40% or more
25003,"Berkshire County, Massachusetts",128047.0,47.8,72565.0,283800.0,1042.0,10.994128200946012,5.647354110018824,19.100785846180273,69.96478935541518,38.260079571442,1.0,57.31,48.458333333333336,27.060376268089062,27.10723406249268,-0.04685779440361742,30 to <40%
25005,"Bristol County, Massachusetts",578436.0,40.9,84198.0,421800.0,1181.0,11.645687827085077,5.596918212096471,4.89994511930408,62.24881783963962,30.631984613993545,2.0,55.14,53.1,30.302401648583423,29.21671541881902,1.0856862297643992,30 to <40%
25007,"Dukes County, Massachusetts",20751.0,50.4,102348.0,1104100.0,1371.0,5.37928341306258,6.745319312644268,58.437305933495175,74.64004346644933,49.02784746613146,1.0,45.62,53.458333333333336,36.046455592501566,45.443593079851574,-9.397137487350006,40% or more
25009,"Essex County, Massachusetts",807258.0,41.1,99431.0,584000.0,1673.0,9.378114826479294,5.067712125455055,5.109906837971138,63.960651445732104,42.31410411333955,1.0,58.370000000000005,51.21666666666667,30.77702543672531,33.94949322273672,-3.1724677860114117,40% or more
25011,"Franklin County, Massachusetts",70922.0,47.3,72584.0,303400.0,1169.0,12.157411905918664,6.237642034220031,8.499883801998605,68.73452282684615,40.301318267419965,1.0,58.89,49.93333333333334,37.01249259750148,37.4354925129015,-0.4229999154000169,40% or more
25013,"Hampden County, Massachusetts",462853.0,39.8,70535.0,276300.0,1105.0,15.714625055222188,6.03078188796163,6.588408295725369,62.220641960296824,28.92509019063518,1.0,61.22,50.875,23.95576997448434,26.371223693051572,-2.415453718567234,20 to <30%
25015,"Hampshire County, Massachusetts",156595.0,38.7,86391.0,363400.0,1332.0,10.89992758014218,5.071223038691113,7.098811851406227,68.78581835842643,51.12008960716857,1.0,59.660000000000004,50.375,39.3115999872282,42.14055365752419,-2.8289536702959865,40% or more
25017,"Middlesex County, Massachusetts",1622896.0,38.9,126779.0,687200.0,2126.0,7.516098290864721,4.240830881050594,4.520939326345991,61.63258254759969,58.98671735342701,1.0,59.57,51.89166666666667,40.050625548402365,46.21368220760911,-6.1630566592067515,40% or more
25019,"Nantucket County, Massachusetts",14299.0,40.8,119750.0,1387000.0,2070.0,3.0255902728686555,5.296856810244471,59.45055827777332,76.48573692551506,58.38277511961722,1.0,33.86,52.69166666666666,44.96817959297853,51.05252115532555,-6.084341562347017,40% or more
25021,"Norfolk County, Massachusetts",724540.0,40.9,126497.0,649400.0,2072.0,6.628655601975898,4.933382310370076,4.093790470997205,68.51795258130544,57.64559746342757,1.0,58.75,52.84166666666667,47.21340436690866,50.1877053026748,-2.9743009357661414,40% or more
25023,"Plymouth County, Massachusetts",531889.0,42.9,109698.0,513000.0,1655.0,7.088959377485602,5.126283987915408,7.227653308962678,77.62133386402647,41.20993489628332,1.0,54.8,53.574999999999996,36.45121444511919,35.15771147739472,1.293502967724469,40% or more
25025,"Suffolk County, Massachusetts",782172.0,33.8,92859.0,680700.0,2069.0,16.45692119563017,6.216028409308908,8.96957025400503,36.605790479974175,49.89227678060946,1.0,57.4,53.074999999999996,56.79185652260628,71.78600103302087,-14.99414451041459,40% or more
25027,"Worcester County, Massachusetts",861664.0,40.3,93561.0,390700.0,1347.0,10.332579761638618,5.34347232810368,5.6965804105771,65.66658565200301,39.02564536718409,2.0,59.92,50.88333333333333,28.737419690273704,30.553672893378394,-1.8162532031046905,30 to <40%
26001,"Alcona County, Michigan",10310.0,59.7,53568.0,157500.0,790.0,14.345950186311041,4.980443285528032,50.584371679706365,89.64034401876467,20.647583294228063,0.0,29.06,46.50833333333333,60.32977691561591,52.27934044616877,8.050436469447138,20 to <30%
26003,"Alger County, Michigan",8813.0,48.8,59406.0,165700.0,712.0,10.22537025112685,6.291919514532099,43.75503626107977,84.26934097421203,20.25446036852881,0.0,34.96,43.24166666666667,36.196527856575514,31.203903324634062,4.99262453194145,20 to <30%
26005,"Allegan County, Michigan",120913.0,40.8,80255.0,247000.0,1065.0,9.333956375894928,3.019116010923435,13.925988289770771,86.05504179263738,26.06627670946587,0.0,38.76,50.93333333333333,50.937450894444765,45.45416952684988,5.483281367594882,20 to <30%
26007,"Alpena County, Michigan",28908.0,47.6,51909.0,137800.0,660.0,16.978138222849083,7.0940701645451725,18.75717749138701,79.4251609863358,17.737527215453746,0.0,30.02,46.75833333333333,34.454130344541305,29.230662792306628,5.223467552234675,Under 20%
26009,"Antrim County, Michigan",23876.0,51.8,71421.0,222500.0,920.0,9.449649700346079,4.065836298932385,37.3530914665304,87.00380641653072,34.33850540051538,0.0,32.769999999999996,47.324999999999996,61.484335734628914,51.39051767465237,10.093818059976545,30 to <40%
26011,"Arenac County, Michigan",15054.0,50.1,56989.0,129000.0,741.0,13.40857181244122,6.256532775869792,32.66568791946309,85.68758760317708,15.802469135802468,0.0,30.36,48.81666666666666,49.289225455028564,47.03068951773615,2.258535937292414,Under 20%
26013,"Baraga County, Michigan",8249.0,46.2,55117.0,124400.0,557.0,13.512012220524927,6.415576125119694,34.19443896667324,76.95534911597242,16.116567380454033,0.0,33.29,42.050000000000004,32.61001333494969,22.669414474481755,9.940598860467935,Under 20%
26015,"Barry County, Michigan",62982.0,42.0,77873.0,243700.0,955.0,8.144151644199674,5.20867350271047,11.61603360249122,86.10348641894383,24.256313471735417,0.0,38.199999999999996,50.5,49.22041218125814,46.04490171795116,3.1755104633069764,20 to <30%
26017,"Bay County, Michigan",103235.0,43.8,60523.0,135100.0,809.0,14.030390384521425,4.566626365131905,7.616207322089675,76.36084333325913,21.403097886836644,0.0,33.7,49.84166666666667,35.85024458759142,33.951663679953505,1.8985809076379134,20 to <30%
26019,"Benzie County, Michigan",18177.0,50.6,72603.0,254400.0,974.0,10.17516456543568,4.13489037178265,38.958384432998116,87.82480578623091,34.34227513986516,0.0,28.31,47.81666666666666,61.45128459041646,46.59734829729879,14.853936293117677,30 to <40%
26021,"Berrien County, Michigan",153411.0,42.6,63152.0,211400.0,923.0,15.15089140466784,6.461202127517763,17.47248045431561,72.75769430173918,30.249212525477116,0.0,41.33,51.75,37.40931223966991,39.93846595094224,-2.529153711272334,30 to <40%
26023,"Branch County, Michigan",44914.0,40.8,61958.0,147500.0,900.0,15.410631399715438,5.167487684729064,18.95205709085684,77.49084032620257,16.896051571313457,0.0,35.6,50.958333333333336,38.98561695685087,40.165649908714435,-1.1800329518635615,Under 20%
26025,"Calhoun County, Michigan",133846.0,40.2,60385.0,151500.0,937.0,14.196906284014778,6.760794978417949,10.389762855130313,72.41301865957965,22.204047805984473,0.0,37.41,50.84166666666667,37.849468792492864,37.43854877994113,0.41092001255173854,20 to <30%
26027,"Cass County, Michigan",51606.0,45.5,68011.0,205200.0,870.0,13.19110694330481,4.6105246321177225,17.437262655130564,80.54435961875859,21.562010690567465,0.0,41.13,51.31666666666666,53.44339805448979,48.63775529977134,4.805642754718444,20 to <30%
26029,"Charlevoix County, Michigan",26143.0,50.0,76495.0,242800.0,929.0,8.667879679454918,3.7878204634690893,30.32768233018546,82.71413407365068,33.8676948051948,0.0,32.21,47.1,51.25655051065295,47.66094174348774,3.595608767165207,30 to <40%
26031,"Cheboygan County, Michigan",25778.0,51.9,61619.0,175200.0,822.0,12.76136675689459,6.9985950122936424,39.36985683688423,85.01440922190201,22.947125976366912,0.0,29.94,46.14166666666667,51.59438280704477,46.66770114050741,4.926681666537357,20 to <30%
26033,"Chippewa County, Michigan",36448.0,41.3,60631.0,153100.0,793.0,15.61433184683992,6.126807835479344,31.823992133726648,73.72178553400158,21.853242587811938,0.0,32.39,43.43333333333334,32.292581211589116,31.222563652326603,1.070017559262511,20 to <30%
26035,"Clare County, Michigan",31109.0,48.3,49805.0,117400.0,743.0,21.120479182265047,8.522440746343923,44.6544891358812,86.19753086419753,12.988540804322252,0.0,31.49,47.541666666666664,56.83242791475136,47.86396219743482,8.968465717316532,Under 20%
26037,"Clinton County, Michigan",79419.0,41.8,85928.0,243700.0,1039.0,9.35624832787637,3.7195092381552786,5.461461824110135,82.79683208788401,34.235285668115054,0.0,37.56,50.38333333333333,54.533549906193734,53.13589946990015,1.3976504362935822,30 to <40%
26039,"Crawford County, Michigan",13271.0,51.5,58614.0,149900.0,825.0,14.770031376750593,7.154500996196341,41.47837943124269,81.51106673323348,20.20033388981636,0.0,30.89,46.166666666666664,58.624067515635595,44.45784040388818,14.16622711174742,20 to <30%
26041,"Delta County, Michigan",36829.0,47.8,54829.0,146800.0,698.0,13.981729362735628,5.1262530135769575,19.862910135577845,78.62893081761007,20.01762049851327,0.0,29.17,44.13333333333333,31.334003095386787,26.36509272584105,4.968910369545738,20 to <30%
26043,"Dickinson County, Michigan",25940.0,47.4,61882.0,130300.0,744.0,9.789745193059247,4.057337220602527,15.092174162542142,81.785925487877,24.320360379236288,0.0,27.29,43.4,34.30994602929838,32.112567463377026,2.197378565921357,20 to <30%
26045,"Eaton County, Michigan",109000.0,41.2,78025.0,206700.0,1042.0,7.7466956448739355,4.449835322449268,5.320041972717734,74.23695001662418,30.406083532772332,1.0,38.75,50.48333333333333,56.4954128440367,55.96330275229358,0.5321100917431193,30 to <40%
26047,"Emmet County, Michigan",34159.0,46.4,73724.0,275300.0,1033.0,9.342601669488756,3.5514879410579634,33.27241158731609,76.78718159408382,40.24294052689699,0.0,29.79,46.125,50.20638777481776,46.37138089522527,3.835006879592494,40% or more
26049,"Genesee County, Michigan",404087.0,40.6,60673.0,172900.0,936.0,15.94078029549741,8.303564340716044,9.445433219578836,70.84297520661157,22.83822920976417,0.0,39.12,50.333333333333336,32.70335348575925,31.94856553168006,0.7547879540791959,20 to <30%
26051,"Gladwin County, Michigan",25543.0,50.8,55576.0,153200.0,689.0,13.189116507158111,6.2426614481409,34.95265541375051,87.10669077757686,15.446176378282248,0.0,31.64,48.61666666666667,54.57463884430177,45.88341228516619,8.691226559135576,Under 20%
26053,"Gogebic County, Michigan",14348.0,51.3,49672.0,99700.0,577.0,14.951940192239231,6.863514999214701,32.32692307692308,80.83262290423416,21.90790647867214,0.0,32.15,41.81666666666667,36.10259269584611,36.24198494563702,-0.13939224979091164,20 to <30%
26055,"Grand Traverse County, Michigan",95757.0,43.1,79486.0,296200.0,1215.0,8.559821419125504,3.609865913623887,14.72811456875202,76.52793211435498,40.263931722011044,0.0,29.02,47.85833333333334,49.71960274444688,46.04363127499817,3.675971469448709,40% or more
26057,"Gratiot County, Michigan",41478.0,39.7,61128.0,136800.0,808.0,14.267148830376314,4.732053700210806,9.594417793283908,78.85052718627249,19.01941543421883,0.0,37.01,49.708333333333336,37.6826269347606,35.994985293408554,1.687641641352042,Under 20%
26059,"Hillsdale County, Michigan",45658.0,42.8,60869.0,170500.0,801.0,15.495961521009166,4.468667421668554,16.90088413215449,81.01691118826297,20.630336115783795,0.0,33.3,50.666666666666664,39.90538350343861,38.96359893118402,0.9417845722545884,20 to <30%
26061,"Houghton County, Michigan",37428.0,32.3,56573.0,140300.0,767.0,15.930368199084736,5.661948376353039,24.120121399286514,71.20202091081327,36.59758283167134,0.0,28.85,43.375,33.93181575291226,37.111253606925295,-3.1794378540130386,30 to <40%
26063,"Huron County, Michigan",31258.0,49.4,56963.0,141300.0,743.0,12.155429015141712,4.578346785416087,32.08325152169645,82.08297195721306,17.620384366227597,0.0,33.97,49.23333333333333,30.232260541301425,32.2797363874848,-2.047475846183377,Under 20%
26065,"Ingham County, Michigan",282015.0,33.3,64354.0,187500.0,1058.0,16.384037732568906,6.349640278175987,7.349060502972689,59.547380882933275,41.252944270392646,1.0,36.96,50.23333333333333,45.497579915961914,50.046983316490255,-4.549403400528341,40% or more
26067,"Ionia County, Michigan",66706.0,38.8,73436.0,189400.0,840.0,11.400739318747918,4.909294931737423,7.079932110240039,77.24623814908237,18.02236963568837,1.0,37.77,49.94166666666666,41.43555302371601,39.89146403621863,1.5440889874973764,Under 20%
26069,"Iosco County, Michigan",25333.0,53.5,47777.0,122900.0,659.0,16.614157527417746,7.290110546758291,42.691961157273,82.89806970041052,17.578722103332314,0.0,30.17,47.675000000000004,50.52698061816603,43.22425295069672,7.302727667469309,Under 20%
26071,"Iron County, Michigan",11650.0,53.2,53614.0,101500.0,510.0,16.937272646615206,4.740454740454741,40.81361927923944,85.28203212551364,20.580416482055828,0.0,28.59,41.708333333333336,39.05579399141631,40.17167381974249,-1.1158798283261802,20 to <30%
26073,"Isabella County, Michigan",64475.0,29.8,53759.0,165100.0,863.0,23.162745164230497,6.795944830838147,12.79020979020979,61.27415604201748,30.804002094760342,0.0,35.660000000000004,48.75833333333333,48.530438154323384,51.02753005040714,-2.4970918960837536,30 to <40%
26075,"Jackson County, Michigan",160187.0,41.2,65004.0,182900.0,958.0,12.169035004542168,5.809094855654439,10.339943342776204,75.04916658606571,22.989027418106094,0.0,34.94,50.24166666666667,30.289599031132365,30.470637442489092,-0.18103841135672682,20 to <30%
26077,"Kalamazoo County, Michigan",261437.0,34.9,70525.0,227500.0,1049.0,13.253268147518334,5.641187031063364,7.174370757362642,63.95045693687589,40.84325522291881,0.0,39.71,51.375,38.71295952753436,40.02876409995525,-1.315804572420889,40% or more
26079,"Kalkaska County, Michigan",18116.0,44.0,60365.0,174300.0,767.0,14.088351623864966,4.280059376546264,33.7966537966538,87.45463970969415,18.240894665256157,0.0,32.08,46.75833333333333,60.60940604990064,49.735040847869286,10.874365202031354,Under 20%
26081,"Kent County, Michigan",658844.0,35.7,80390.0,265700.0,1176.0,10.565515667125256,4.158559362194408,4.572192413253404,70.35745114965079,39.6317563661671,1.0,36.27,49.89166666666667,35.122122991178486,37.56579706273412,-2.443674071555634,30 to <40%
26083,"Keweenaw County, Michigan",2106.0,56.7,53893.0,181400.0,679.0,8.7018544935806,4.784688995215311,52.44328097731239,91.74311926605505,43.556555993247045,0.0,30.03,43.00833333333333,37.03703703703704,26.115859449192783,10.921177587844255,40% or more
26085,"Lake County, Michigan",12393.0,50.3,49680.0,122900.0,863.0,20.606010431327096,7.554585152838428,63.28916021441334,81.18028797404178,12.492205362710456,0.0,28.29,47.63333333333333,74.15476478657307,56.322117324295974,17.83264746227709,Under 20%
26087,"Lapeer County, Michigan",88703.0,44.6,76228.0,229100.0,959.0,9.77809953919169,5.096158280680718,6.7631151974040025,85.97697148989239,19.804328490957605,0.0,41.11,50.11666666666667,44.835011217207985,41.72350427832204,3.1115069388859453,Under 20%
26089,"Leelanau County, Michigan",22607.0,55.3,91943.0,406900.0,1223.0,7.115453247680229,3.8633275092215102,39.60972488803583,90.56044072465303,49.89339019189765,0.0,30.04,47.76666666666667,57.415844649887205,53.21360640509577,4.202238244791436,40% or more
26091,"Lenawee County, Michigan",98823.0,42.2,67013.0,181100.0,965.0,11.614173228346457,5.40081302561676,11.292202893912725,78.63787461025073,22.27321115171045,0.0,33.91,51.800000000000004,32.745413517096225,33.170415793894136,-0.4250022767979114,20 to <30%
26093,"Livingston County, Michigan",195143.0,43.8,101315.0,331100.0,1236.0,4.916408157366353,3.6672332610437057,4.7761569416499,86.61815588600406,39.20047476726394,1.0,36.04,49.875,44.47507725104155,41.800115812506725,2.674961438534818,30 to <40%
26095,"Luce County, Michigan",6325.0,44.6,54338.0,110400.0,799.0,17.236817236817238,9.901873327386262,41.092869394756185,78.66056572379368,19.313745633860695,0.0,31.49,42.583333333333336,29.09090909090909,26.877470355731226,2.2134387351778657,Under 20%
26097,"Mackinac County, Michigan",10865.0,53.3,58598.0,165600.0,761.0,16.889804325437694,9.432773109243698,51.508274231678485,77.41809672386896,23.464861078683168,0.0,30.45,43.85,55.68338702254947,56.511734928670045,-0.8283479061205706,20 to <30%
26099,"Macomb County, Michigan",877624.0,41.1,76399.0,231400.0,1175.0,9.817367091111727,5.785044649673471,4.115161020437261,74.95553074130395,27.169256131808726,1.0,39.36,51.74166666666667,35.05829375677967,34.71418283912017,0.3441109176594988,20 to <30%
26101,"Manistee County, Michigan",25247.0,50.3,60879.0,166600.0,820.0,11.772829999162969,6.223155483439916,33.95176252319109,85.86788066640837,23.38918192160513,0.0,27.31,47.55833333333334,46.30253099378144,36.202321067849645,10.100209925931793,20 to <30%
26103,"Marquette County, Michigan",66430.0,39.2,64675.0,202000.0,923.0,13.60615767079409,4.898432257670957,16.886716538014486,71.22673647219135,35.83194563211666,0.0,34.98,42.61666666666667,32.86165888905615,30.347734457323497,2.513924431732651,30 to <40%
26105,"Mason County, Michigan",29177.0,47.2,62296.0,199300.0,840.0,14.617732759816844,4.6495542576083615,28.990228013029316,78.05408015451472,25.03151113393399,0.0,28.12,47.833333333333336,38.96905096480104,36.878363094218045,2.0906878705829937,20 to <30%
26107,"Mecosta County, Michigan",40321.0,40.6,57774.0,169900.0,867.0,19.166206950902357,4.982522332575043,22.48990258968876,75.9134379597842,22.72218073188947,0.0,30.37,47.96666666666667,57.637459388408026,53.94211453088961,3.695344857518415,20 to <30%
26109,"Menominee County, Michigan",23295.0,49.9,55688.0,142700.0,675.0,12.158852344296712,5.616650004544216,24.50795565945253,80.40155828588553,17.991894514527086,0.0,27.07,45.10833333333334,37.99098518995493,35.58703584460184,2.4039493453530802,Under 20%
26111,"Midland County, Michigan",83641.0,41.8,77538.0,184300.0,974.0,10.912623717287024,4.794299476127815,6.586050529043403,78.24491447064263,36.34928631402183,0.0,35.17,49.666666666666664,46.54415896510085,44.96598558123409,1.578173383866764,30 to <40%
26113,"Missaukee County, Michigan",15156.0,42.7,61868.0,163700.0,838.0,10.750116271344096,7.218866839229221,33.72521899492854,83.66956521739131,17.95038558022856,0.0,29.32,46.63333333333333,44.7347585114806,41.96357878068092,2.7711797307996835,Under 20%
26115,"Monroe County, Michigan",155001.0,42.6,75272.0,215700.0,1017.0,11.05663633511139,5.0258193837862235,5.717948717948718,81.15951303012366,23.409284381735525,1.0,34.42,52.666666666666664,38.644911968309884,37.46427442403597,1.1806375442739079,20 to <30%
26117,"Montcalm County, Michigan",67174.0,40.1,64892.0,172100.0,867.0,11.979578852629455,4.017024062858078,13.880767310846467,82.18026746159897,14.886568541116283,0.0,36.32,48.88333333333333,50.18310655908536,45.240718134992704,4.9423884240926546,Under 20%
26119,"Montmorency County, Michigan",9372.0,56.7,47803.0,142000.0,811.0,17.935135135135134,6.068449813057233,46.57181268205243,87.58649612078004,16.024777807702666,0.0,29.42,46.541666666666664,70.31583440034144,47.26845924029023,23.047375160051217,Under 20%
26121,"Muskegon County, Michigan",175378.0,39.9,63495.0,180900.0,960.0,12.598931743736536,6.8404730996682535,10.480331870506475,78.26469185838599,21.445691835036943,0.0,34.65,50.31666666666666,34.43989553991949,29.057236369442005,5.382659170477483,20 to <30%
26123,"Newaygo County, Michigan",50414.0,42.8,61931.0,178300.0,882.0,14.278833610949446,4.427174292699965,21.601226746297566,86.40621782993617,18.40585398676685,0.0,31.32,48.699999999999996,49.212520331653906,43.97587971595192,5.236640615701988,Under 20%
26125,"Oakland County, Michigan",1272294.0,41.2,95296.0,320400.0,1319.0,7.693796589437044,4.75748945527957,5.250565434479496,72.26607349233281,50.208178781347534,1.0,38.71,50.550000000000004,37.68232814113719,41.64053276994154,-3.958204628804349,40% or more
26127,"Oceana County, Michigan",26788.0,43.9,63624.0,167600.0,768.0,13.279441345022581,5.658512478379047,34.50303611377437,85.12735434761393,20.978100652769005,0.0,33.5,48.75833333333333,47.2972972972973,46.25205315813051,1.045244139166791,20 to <30%
26129,"Ogemaw County, Michigan",20853.0,50.8,51983.0,138600.0,828.0,17.461715348109006,7.302765473482581,40.480229675061985,82.52576189432142,15.876144455747712,0.0,30.7,47.208333333333336,50.2565578094279,40.76152112405889,9.495036685369012,Under 20%
26131,"Ontonagon County, Michigan",5870.0,59.4,51844.0,101000.0,571.0,12.562295927135247,7.594936708860759,43.340943683409435,87.27333781061115,16.683767699569053,0.0,29.39,42.833333333333336,33.901192504258944,29.81260647359455,4.088586030664395,Under 20%
26133,"Osceola County, Michigan",23122.0,43.8,57050.0,139600.0,764.0,15.830183703964138,6.547925460722743,28.193762862118096,83.70811287477954,16.353510006732357,0.0,28.18,46.94166666666666,59.55367182769657,52.11486895597267,7.438802871723899,Under 20%
26135,"Oscoda County, Michigan",8338.0,52.1,50581.0,126000.0,675.0,15.766529426011141,8.791924454575057,52.654120700843606,86.67763157894737,14.846388933569246,0.0,29.16,46.39166666666667,61.16574718157832,39.817702086831375,21.34804509474694,Under 20%
26137,"Otsego County, Michigan",25352.0,44.5,67285.0,196500.0,880.0,9.636676126144131,4.461983277330624,26.166655475726852,78.00109130592944,25.846624426480226,0.0,31.77,46.175000000000004,60.350268223414325,45.913537393499524,14.436730829914799,20 to <30%
26139,"Ottawa County, Michigan",298614.0,36.3,87144.0,291200.0,1148.0,8.156964656964657,3.6187735167327,5.297272171675002,78.49735045764822,37.521175071811115,0.0,35.04,50.90833333333333,45.27249224751686,41.74620078094128,3.526291466575579,30 to <40%
26141,"Presque Isle County, Michigan",13142.0,56.2,56713.0,135200.0,625.0,12.191192266380236,6.3268544228480765,35.91720779220779,89.69284357188094,20.155859149509332,0.0,30.25,46.291666666666664,46.72043828945366,35.68711002891493,11.033328260538731,20 to <30%
26143,"Roscommon County, Michigan",23639.0,57.4,54106.0,148000.0,789.0,15.399451397222698,4.845465866636477,50.47475183426845,84.34858387799564,20.320041972717732,0.0,30.72,46.80833333333333,61.72003891873599,52.62489953043699,9.095139388298998,20 to <30%
26145,"Saginaw County, Michigan",189210.0,41.1,58347.0,139400.0,921.0,18.075240308555095,6.648835420660522,9.924071795109946,73.52099605598949,23.446640075046332,0.0,37.72,50.14166666666667,32.5299931293272,34.37450451878865,-1.8445113894614449,20 to <30%
26147,"St. Clair County, Michigan",160089.0,44.3,69349.0,213900.0,999.0,10.987816591678884,6.398953630223988,8.071260021803027,80.54129514545619,20.325740259514518,0.0,40.09,51.05833333333334,34.35588953644535,31.14517549613028,3.2107140403150747,20 to <30%
26149,"St. Joseph County, Michigan",60870.0,39.8,64707.0,167600.0,825.0,11.967491589781167,5.229924502402196,13.35143863769818,75.15036001694197,17.1255453223461,0.0,37.15,51.59166666666667,38.72186627238377,38.17972728766223,0.5421389847215377,Under 20%
26151,"Sanilac County, Michigan",40574.0,45.3,59074.0,162200.0,814.0,13.980053490639138,6.124986485025408,19.76920601351662,81.65148129047046,15.983338497022272,0.0,36.65,49.625,37.85675555774634,36.7723172474984,1.084438310247942,Under 20%
26153,"Schoolcraft County, Michigan",8093.0,52.1,57708.0,123500.0,654.0,14.787407500313558,6.662820882607441,35.74911720195056,85.3703219052604,20.655843112039864,0.0,32.49,43.541666666666664,32.37365624613864,32.37365624613864,0.0,20 to <30%
26155,"Shiawassee County, Michigan",68061.0,43.1,64464.0,164600.0,876.0,11.68871757474737,4.365139678390126,8.76717758985201,79.31421536678978,19.489415975807944,0.0,39.56,50.074999999999996,40.64001410499405,41.63911785016382,-0.9991037451697742,Under 20%
26157,"Tuscola County, Michigan",53071.0,44.6,62847.0,136900.0,796.0,12.63029284868848,6.1513021909880115,10.551968339929182,85.2086438152012,15.531716417910447,0.0,37.24,49.69166666666666,40.85093553918336,37.59115147632417,3.2597840628591888,Under 20%
26159,"Van Buren County, Michigan",75681.0,41.2,66902.0,189900.0,845.0,13.796784308492894,4.43627660483802,19.176758048492335,80.45579881067074,22.882807444905417,0.0,41.339999999999996,51.19166666666666,47.515228392859505,44.78006368837621,2.735164704483292,20 to <30%
26161,"Washtenaw County, Michigan",368394.0,34.8,87156.0,353000.0,1400.0,13.842958634123983,4.366709707712173,5.602883976852291,61.63102320844723,58.1305056265594,0.0,34.56,50.30833333333334,46.02409376917105,53.38577718421038,-7.361683415039333,40% or more
26163,"Wayne County, Michigan",1773767.0,37.8,59521.0,170200.0,1087.0,20.11949751108574,8.676484924196746,12.896690067690885,64.4779838660833,26.887440201517357,1.0,36.85,52.083333333333336,26.42737180249717,31.228453342519057,-4.801081540021886,20 to <30%
26165,"Wexford County, Michigan",33868.0,42.2,63123.0,160300.0,877.0,12.925619834710744,5.687549774356252,18.775707718364384,81.37473935061067,21.176619326562435,0.0,29.08,46.89166666666667,49.338608716192276,49.60434628557931,-0.265737569387032,20 to <30%
27001,"Aitkin County, Minnesota",15930.0,56.5,59498.0,235100.0,912.0,12.347803914068974,5.827153019524746,51.17228754488488,85.30641672674838,18.95367412140575,1.0,25.09,42.78333333333333,57.6271186440678,55.1789077212806,2.4482109227871938,Under 20%
27003,"Anoka County, Minnesota",367095.0,38.8,98764.0,325800.0,1396.0,6.6462465699186675,3.9248339607023905,2.9056087161131154,79.96416270718434,31.660664456581365,0.0,28.02,46.99166666666667,52.923630122992684,50.89690679524374,2.026723327748948,30 to <40%
27005,"Becker County, Minnesota",35260.0,43.2,71117.0,266900.0,899.0,11.002749240341485,3.9784694593962087,27.50515879007499,77.80477645098584,27.537655533726262,0.0,21.45,42.075,43.817356778218944,40.27226318774816,3.5450935904707883,20 to <30%
27007,"Beltrami County, Minnesota",46421.0,35.1,67257.0,222300.0,991.0,15.957111321349732,5.128205128205129,17.027289996756707,69.47174447174447,32.28932341235508,0.0,19.4,41.53333333333333,36.750608560780684,38.5816763964585,-1.8310678356778183,30 to <40%
27009,"Benton County, Minnesota",41458.0,36.7,71480.0,247100.0,917.0,9.76352429830808,4.045208587886193,5.662319835277969,67.85497756760034,24.497496553225456,0.0,27.13,45.425000000000004,64.78846061073858,67.7311978387766,-2.9427372280380144,20 to <30%
27011,"Big Stone County, Minnesota",5152.0,47.4,65475.0,135700.0,718.0,11.46062913243839,2.982530890498509,26.97721179624665,79.39421753097751,21.336553945249598,1.0,24.01,45.31666666666666,26.591614906832298,32.8027950310559,-6.211180124223603,20 to <30%
27013,"Blue Earth County, Minnesota",69386.0,31.5,72623.0,252800.0,1076.0,16.279282159002694,4.188587107005311,7.9914703493095045,61.75550895780451,34.48529231673565,0.0,28.33,47.475,47.41590522583807,54.80932753004929,-7.393422304211224,30 to <40%
27015,"Brown County, Minnesota",25826.0,42.4,68690.0,181700.0,931.0,7.709090909090909,2.5671030498061875,7.253007964751737,79.43541019550521,24.193094124936632,0.0,28.8,47.18333333333334,31.208859289088515,34.190350809261986,-2.9814915201734684,20 to <30%
27017,"Carlton County, Minnesota",36457.0,41.7,80042.0,232000.0,967.0,11.11432204369437,4.0315264232252215,11.737207833228048,79.35156026338392,25.497869043006588,1.0,27.439999999999998,42.108333333333334,38.48369311791974,36.37161587623776,2.1120772416819813,20 to <30%
27019,"Carver County, Minnesota",108622.0,38.9,123144.0,426900.0,1444.0,4.220933371812655,3.1036724081897953,2.81193380843097,81.71310680818274,50.477984981573336,0.0,26.85,47.4,57.667875752609966,51.20509657343816,6.4627791791718066,40% or more
27021,"Cass County, Minnesota",30688.0,49.7,64937.0,262300.0,889.0,12.748043715125302,5.920490168139071,47.443813287231414,84.89974937343358,25.438480229732715,0.0,22.59,43.19166666666666,58.68743482794578,56.17831074035453,2.509124087591241,20 to <30%
27023,"Chippewa County, Minnesota",12388.0,41.8,69192.0,149000.0,846.0,14.447474997933714,4.352030947775629,8.019118428040361,71.4395688991532,19.63991527418216,1.0,24.93,45.925000000000004,33.90377784953181,41.00742654181466,-7.103648692282855,Under 20%
27025,"Chisago County, Minnesota",57434.0,40.8,98260.0,326600.0,1112.0,5.932248790156967,3.892388788891746,6.4241997270045355,85.63899868247694,23.988797462079905,0.0,27.75,46.31666666666666,53.5745377302643,48.124804122993346,5.449733607270955,20 to <30%
27027,"Clay County, Minnesota",65628.0,33.5,77664.0,256000.0,1000.0,14.379951443904933,3.887201493577061,4.779560221724607,66.63711014302787,39.04636288977926,1.0,21.650000000000002,42.88333333333333,52.56902541598098,51.090997744865,1.478027671115987,30 to <40%
27029,"Clearwater County, Minnesota",8579.0,41.8,64934.0,177100.0,740.0,11.19980936494698,7.354075597840062,27.062261182288154,81.1402157164869,18.27054794520548,0.0,20.4,41.61666666666667,40.68073202004896,39.398531297354005,1.2822007226949528,Under 20%
27031,"Cook County, Minnesota",5633.0,52.3,71643.0,294000.0,886.0,11.270638908829863,2.4455611390284755,55.179282868525895,79.62962962962963,45.63713456817675,0.0,28.580000000000002,38.53333333333333,53.25758920646192,58.760873424462986,-5.503284218001065,40% or more
27033,"Cottonwood County, Minnesota",11458.0,41.3,68239.0,154000.0,765.0,14.206773618538325,3.867305304239844,9.761766414875073,76.06782571367246,22.876323263619934,0.0,29.61,47.06666666666666,47.739570605690346,45.20858788619305,2.5309827194972945,20 to <30%
27035,"Crow Wing County, Minnesota",67113.0,45.4,71343.0,274400.0,962.0,9.670682244687935,5.161759360232643,31.7911402905833,77.37160330808257,28.57640097459102,0.0,25.4,44.025,47.81487938253394,41.05016911775662,6.764710264777316,20 to <30%
27037,"Dakota County, Minnesota",442204.0,38.4,105212.0,362100.0,1497.0,5.580662567077461,3.6183296485568968,2.7299982430984944,75.35221115189653,44.60812475716387,1.0,28.54,48.06666666666666,53.50924007923945,50.10809490642328,3.4011451728161664,40% or more
27039,"Dodge County, Minnesota",20962.0,38.5,92943.0,267500.0,1007.0,5.44865596596403,3.0529755761953905,4.536254315989999,87.66525318034422,29.745932058235798,0.0,30.39,46.93333333333334,43.31647743535922,47.03749642209713,-3.721018986737907,20 to <30%
27041,"Douglas County, Minnesota",39354.0,44.3,77264.0,291700.0,896.0,8.282208588957054,2.701768250518621,21.14818671616788,76.43546164446487,29.03626428216592,0.0,21.71,44.19166666666666,42.664023987396455,40.631193779539565,2.0328302078568887,20 to <30%
27043,"Faribault County, Minnesota",13909.0,44.6,64391.0,120200.0,837.0,11.81437697334606,3.830503718254525,10.851033087704089,78.0226904376013,21.56051276874937,0.0,27.42,47.76666666666667,41.196347688546986,39.1832626357035,2.0130850528434827,20 to <30%
27045,"Fillmore County, Minnesota",21346.0,42.3,75225.0,204000.0,763.0,8.915119236121107,2.9101002865329515,10.787051401385872,82.36726176675168,23.72546346782988,0.0,27.830000000000002,47.15,34.19844467347512,36.07233205284363,-1.8738873793685,20 to <30%
27047,"Freeborn County, Minnesota",30752.0,43.9,69012.0,164900.0,837.0,9.802557476976082,3.7707587105177467,8.72060073675262,79.32479627473806,18.08806753365275,0.0,26.67,47.48333333333333,35.477367325702396,35.867585848074924,-0.39021852237252863,Under 20%
27049,"Goodhue County, Minnesota",47844.0,42.3,82749.0,269400.0,939.0,9.264828203979782,3.5871215147399536,6.834037302453609,77.99908308287912,27.897867828955118,1.0,31.39,47.416666666666664,41.78162361006605,40.23493018978346,1.546693420282585,20 to <30%
27051,"Grant County, Minnesota",6108.0,43.7,72957.0,178600.0,779.0,10.698291590645216,3.1373844121532364,19.86649713922441,78.9765965886553,19.052023121387283,1.0,23.509999999999998,44.449999999999996,43.058284217419775,53.04518664047151,-9.986902423051735,Under 20%
27053,"Hennepin County, Minnesota",1268903.0,37.4,96339.0,376500.0,1439.0,10.006751229630915,4.3094766340817285,5.291607094452742,62.95136492116138,53.32582537681779,0.0,28.48,47.699999999999996,43.69837568356289,49.53885363971872,-5.840477956155829,40% or more
27055,"Houston County, Minnesota",18768.0,45.0,77087.0,226300.0,881.0,6.542963482388478,1.871143926367958,7.77841233580811,84.12187267773099,27.992565055762082,1.0,27.630000000000003,48.475,37.72378516624041,37.7770673486786,-0.05328218243819267,20 to <30%
27057,"Hubbard County, Minnesota",21700.0,48.3,70622.0,255900.0,923.0,9.676364825106244,4.578265598734302,39.803523035230356,82.61114237478897,30.457045325241797,0.0,21.11,42.76666666666667,56.22119815668203,48.663594470046085,7.557603686635945,30 to <40%
27059,"Isanti County, Minnesota",41934.0,40.1,86573.0,283200.0,1241.0,7.808995538405885,4.145678241875808,6.485626767200754,83.77952755905511,19.604211681585898,0.0,24.55,46.10833333333333,60.69060905232031,54.77655363189774,5.914055420422569,Under 20%
27061,"Itasca County, Minnesota",45141.0,46.9,66380.0,212000.0,944.0,12.719747106047167,5.7806854799336005,27.66423072413928,81.94489465153971,25.146021850316256,0.0,22.08,41.75,34.33685563013668,29.064486830154404,5.272368799982278,20 to <30%
27063,"Jackson County, Minnesota",9964.0,44.5,69955.0,145400.0,736.0,9.126094927683846,2.397003745318352,10.032560032560033,81.31644424338386,24.90523655763021,0.0,28.89,47.15,41.95102368526696,38.538739462063425,3.4122842232035326,20 to <30%
27065,"Kanabec County, Minnesota",16261.0,44.5,71915.0,221100.0,1003.0,9.757011680929477,4.883280757097792,16.9126138842551,83.7992277992278,15.777662696357673,0.0,27.4,44.88333333333333,48.33651066970051,49.4434536621364,-1.1069429924358896,Under 20%
27067,"Kandiyohi County, Minnesota",43757.0,39.8,75097.0,230500.0,843.0,9.99929582423773,3.5902116747076978,13.665149416188402,72.14899713467048,27.09762443821174,0.0,21.45,45.34166666666667,32.97758072994035,40.45067074982288,-7.473090019882533,20 to <30%
27069,"Kittson County, Minnesota",4163.0,48.4,69615.0,134400.0,728.0,9.679024632993283,4.420951465641519,22.860903905221587,82.42320819112628,27.993254637436763,1.0,14.419999999999998,41.108333333333334,17.535431179437904,27.624309392265193,-10.088878212827288,20 to <30%
27071,"Koochiching County, Minnesota",11950.0,50.5,69115.0,143700.0,774.0,10.71121800377942,4.156150092545852,23.025074143974116,82.01401050788091,20.331308669243512,0.0,23.24,40.916666666666664,25.523012552301257,34.56066945606695,-9.03765690376569,20 to <30%
27073,"Lac qui Parle County, Minnesota",6694.0,47.7,71639.0,143400.0,809.0,7.957153787299158,1.8159806295399517,17.069660333909038,82.9573064908018,22.098306484923587,1.0,24.48,46.00833333333333,36.749327756199584,37.64565282342396,-0.89632506722438,20 to <30%
27075,"Lake County, Minnesota",10911.0,49.6,75621.0,222900.0,1026.0,8.331778316850158,2.417452830188679,32.072923700202566,83.99602385685884,25.775453107894418,0.0,28.47,39.266666666666666,39.77637246815141,49.03308587663825,-9.256713408486847,20 to <30%
27077,"Lake of the Woods County, Minnesota",3800.0,50.8,70091.0,215000.0,867.0,8.15347721822542,1.8366360560657322,51.836852762510844,84.26426426426427,21.41350210970464,1.0,17.82,41.208333333333336,27.105263157894736,48.94736842105263,-21.842105263157894,20 to <30%
27079,"Le Sueur County, Minnesota",28936.0,41.4,90218.0,287700.0,885.0,7.094276446583656,4.07446875195888,11.396208969024503,80.95486564049048,25.392735021557066,0.0,28.74,47.275,51.769422173071604,52.35692562897429,-0.5875034559026818,20 to <30%
27081,"Lincoln County, Minnesota",5594.0,45.0,67715.0,152200.0,688.0,9.164818920916481,2.728561304039688,20.450833061091146,82.05338809034907,24.403855910705225,0.0,24.62,45.53333333333333,33.78619949946371,39.864140150160885,-6.077940650697175,20 to <30%
27083,"Lyon County, Minnesota",25498.0,37.3,72761.0,193100.0,742.0,12.456971611387843,3.353012412957917,11.10024884464984,70.54883534939518,28.64901147180864,0.0,26.37,46.64166666666667,35.57141736606793,43.53282610400816,-7.96140873794023,20 to <30%
27085,"McLeod County, Minnesota",36771.0,41.5,78468.0,233400.0,906.0,7.72180534098433,3.311655827913957,6.055471887550201,77.78371518268652,19.592391304347824,0.0,18.22,46.775,43.07742514481521,43.21340186560061,-0.13597672078540154,Under 20%
27087,"Mahnomen County, Minnesota",5371.0,35.2,53925.0,146500.0,685.0,20.92758030792625,10.229833258224426,26.684952978056426,72.47461250668091,14.285714285714286,1.0,20.89,41.24166666666667,22.714578290821077,39.47123440700056,-16.75665611617948,Under 20%
27089,"Marshall County, Minnesota",8961.0,43.2,71701.0,153300.0,737.0,7.4406452345791205,2.992021276595745,15.307971014492754,85.24064171122994,18.873015873015873,1.0,14.290000000000001,40.68333333333333,31.91608079455418,31.58129673027564,0.33478406427854035,Under 20%
27091,"Martin County, Minnesota",19864.0,44.5,62969.0,158800.0,735.0,11.05783943690707,4.383481401933027,9.006690684508492,72.3868778280543,23.78920418177939,0.0,29.66,47.541666666666664,32.11840515505437,38.5118807893677,-6.39347563431333,20 to <30%
27093,"Meeker County, Minnesota",23422.0,42.3,75037.0,228900.0,894.0,8.306584540643707,2.562830687830688,14.337925217880237,80.99770265835248,20.364021691703545,0.0,19.18,45.51666666666667,42.13986849970114,44.40269831782085,-2.2628298181197164,20 to <30%
27095,"Mille Lacs County, Minnesota",26912.0,41.2,71455.0,237500.0,909.0,10.541267376235748,4.369106744403656,17.124556258681896,77.71673340162026,17.55492596354306,1.0,25.83,44.86666666666667,56.108799048751486,53.24762187871581,2.861177170035672,Under 20%
27097,"Morrison County, Minnesota",34131.0,42.2,68640.0,237000.0,782.0,9.967183770883056,3.5035732961478123,14.46556405825722,80.92352092352093,18.98967861038852,1.0,24.29,44.875,36.30130965984003,36.59429843836981,-0.29298877852978233,Under 20%
27099,"Mower County, Minnesota",40069.0,38.9,71495.0,172000.0,848.0,12.147538484987045,3.746725322524838,8.21199080351353,76.04367373153501,23.46781180547708,0.0,28.97,47.15,36.287404227707206,41.97758865956226,-5.69018443185505,20 to <30%
27101,"Murray County, Minnesota",8119.0,46.6,74475.0,179400.0,768.0,8.088511063882985,2.6499638641291257,18.17768688934333,81.83837822826993,23.914541695382496,0.0,24.36,46.074999999999996,39.2905530237714,35.22601305579505,4.064539967976351,20 to <30%
27103,"Nicollet County, Minnesota",34350.0,37.8,80362.0,258500.0,931.0,9.600426546230084,1.6205266711681297,4.035476718403547,72.25046210720888,35.680604982206404,0.0,23.05,47.425000000000004,58.10771470160117,60.698689956331876,-2.590975254730713,30 to <40%
27105,"Nobles County, Minnesota",22067.0,36.3,65509.0,179200.0,863.0,12.609740319748637,2.6145655067503326,8.442486306263396,71.92092599817921,17.706134924677972,0.0,23.759999999999998,46.324999999999996,28.458784610504374,43.95703992386822,-15.498255313363847,Under 20%
27107,"Norman County, Minnesota",6411.0,43.9,69833.0,135700.0,752.0,10.259282970550576,5.061728395061729,17.100371747211895,81.57698056801196,20.890181167524045,1.0,19.84,41.94166666666667,31.820308844174075,32.75620028076743,-0.9358914365933552,20 to <30%
27109,"Olmsted County, Minnesota",163425.0,37.8,93494.0,304500.0,1283.0,7.920705724039971,3.582235128514902,5.16119849121059,70.71245253568266,48.52447779501425,0.0,29.63,47.09166666666667,45.36025699862322,49.68028147468257,-4.320024476059355,40% or more
27111,"Otter Tail County, Minnesota",60281.0,46.3,70912.0,252500.0,805.0,8.900028693435955,5.126999059266228,31.328915432654284,79.16286088717683,27.369371873262924,0.0,22.84,43.38333333333333,38.51959987392379,38.552777823858264,-0.03317794993447355,20 to <30%
27113,"Pennington County, Minnesota",13877.0,40.2,72561.0,188900.0,900.0,9.92147941586556,2.7708470124753775,8.660251665433012,71.3452188006483,19.33547251837284,0.0,15.57,40.666666666666664,40.282481804424584,47.632773654248034,-7.350291849823449,Under 20%
27115,"Pine County, Minnesota",29411.0,45.8,69666.0,225600.0,873.0,10.502741247715626,5.961026821025383,30.528341497550734,82.66599513136909,16.349722769555058,1.0,28.08,44.21666666666667,50.55931454217809,40.52905375539764,10.030260786780456,Under 20%
27117,"Pipestone County, Minnesota",9352.0,39.8,66073.0,126700.0,731.0,11.382734912146677,3.015397775876818,7.993512511584801,81.46562578695543,21.572387344199424,0.0,19.990000000000002,45.65,32.61334473909324,39.884516680923866,-7.271171941830625,20 to <30%
27119,"Polk County, Minnesota",30905.0,39.5,69136.0,211100.0,843.0,11.65534861830162,3.564282141070535,15.14655760054533,72.11600257069409,28.100086447027184,0.0,17.41,41.50833333333333,39.44345575149652,46.206115515288786,-6.762659763792267,20 to <30%
27121,"Pope County, Minnesota",11363.0,45.6,72205.0,242800.0,851.0,9.803745855363383,0.9038762384842691,22.211823428482298,82.65490274714257,23.849981793907027,1.0,22.06,44.75833333333333,46.46660212971926,38.72216844143272,7.744433688286544,20 to <30%
27123,"Ramsey County, Minnesota",544438.0,35.9,81004.0,304900.0,1298.0,12.40255298460634,4.653232685234196,5.410481593741094,61.03115371448134,45.516931252980854,0.0,32.73,47.88333333333333,54.86024120285506,62.918091683534215,-8.057850480679159,40% or more
27125,"Red Lake County, Minnesota",3922.0,42.8,77500.0,157200.0,628.0,7.802507035047327,1.5114578254509996,12.420382165605096,83.75757575757575,17.62773722627737,0.0,16.93,41.03333333333333,28.30188679245283,37.225905150433455,-8.924018357980621,Under 20%
27127,"Redwood County, Minnesota",15383.0,41.1,67024.0,150400.0,767.0,12.023090704001062,1.924119241192412,13.33239476277629,79.67836257309942,20.792268682422733,0.0,27.5,47.03333333333333,35.88376779561854,39.58915686147046,-3.7053890658519144,20 to <30%
27129,"Renville County, Minnesota",14587.0,42.1,69086.0,151900.0,760.0,10.749139928385874,2.4903154399557277,13.688322963391695,79.43000838222967,18.39159465828751,1.0,23.79,46.74166666666667,42.16082813464043,50.66154795365737,-8.500719819016933,Under 20%
27131,"Rice County, Minnesota",67389.0,37.1,82792.0,298500.0,1046.0,9.297572579699462,4.6120640690673635,7.2617486990029,75.8792032555151,29.69895166527507,0.0,32.36,47.26666666666667,40.14008220926264,42.82598050126875,-2.685898292006114,20 to <30%
27133,"Rock County, Minnesota",9628.0,41.1,70698.0,201600.0,745.0,9.478622454419448,2.570048309178744,6.610009442870632,75.96056622851366,26.328649969456322,0.0,21.46,46.85833333333333,33.23639385126714,35.72912339011217,-2.4927295388450355,20 to <30%
27135,"Roseau County, Minnesota",15301.0,42.3,73611.0,177100.0,886.0,10.990763505880789,4.210916275623611,15.720645520311631,80.83525916143942,20.489238646060492,1.0,15.9,40.38333333333333,29.801973727207372,41.827331546957716,-12.025357819750344,20 to <30%
27137,"St. Louis County, Minnesota",200056.0,41.3,69455.0,208500.0,970.0,13.391113344488708,4.467172162463998,16.993187329202108,71.97092645831401,32.50076017549194,1.0,27.62,40.625,32.86579757667853,32.86079897628664,0.004998600391890271,30 to <40%
27139,"Scott County, Minnesota",152957.0,37.3,120247.0,393500.0,1485.0,4.123151861705648,2.974368243281407,2.6020435649253866,84.3025185294443,43.07746057097225,0.0,29.38,47.81666666666666,53.96941624116582,53.67521591035389,0.29420033081192754,40% or more
27141,"Sherburne County, Minnesota",99178.0,36.9,102965.0,332700.0,1151.0,4.841383428918565,3.270943450872493,4.45586506656461,84.24651655174387,28.125239225292813,0.0,24.55,46.13333333333333,60.68886244933352,59.49908245780314,1.1897799915303797,20 to <30%
27143,"Sibley County, Minnesota",14933.0,42.2,76082.0,215000.0,858.0,9.887579574698632,3.8878504672897196,9.225547670472077,81.27124405166553,18.5684250764526,0.0,20.62,47.416666666666664,45.60369651108284,42.59023638920512,3.0134601218777206,Under 20%
27145,"Stearns County, Minnesota",159358.0,35.0,76447.0,256500.0,1057.0,12.156018812263293,4.307916851959543,7.965443808430623,67.81430001476936,28.58807319000628,0.0,23.65,45.09166666666667,45.54525031689655,48.66401435760991,-3.1187640407133626,20 to <30%
27147,"Steele County, Minnesota",37413.0,40.2,83448.0,234200.0,1006.0,7.442339485595035,3.0615384615384613,5.523365663181761,79.90133991067262,29.68203435129505,0.0,31.049999999999997,47.166666666666664,42.23130997246946,40.86814743538342,1.3631625370860396,20 to <30%
27149,"Stevens County, Minnesota",9686.0,33.6,71060.0,180800.0,833.0,10.33739355395063,1.5459882583170255,8.712211378243275,66.70143415906128,30.77319587628866,1.0,23.71,44.949999999999996,48.730125954986576,45.11666322527359,3.613462729712988,30 to <40%
27151,"Swift County, Minnesota",9787.0,43.4,62601.0,147100.0,900.0,10.833593506088043,3.9974484371677654,11.986374281456248,74.31059506531204,22.957140738543675,1.0,22.43,45.375,39.23572085419434,40.15530806171452,-0.9195872075201799,20 to <30%
27153,"Todd County, Minnesota",25402.0,42.8,63039.0,188400.0,850.0,11.769642714411319,4.526404023470243,22.275504679402893,83.06299134242214,15.157536190746523,0.0,22.689999999999998,44.49166666666667,46.80733800488151,47.004172899771675,-0.19683489489016612,Under 20%
27155,"Traverse County, Minnesota",3279.0,45.5,65931.0,110100.0,617.0,10.103871576959396,4.929143561306223,25.632911392405063,79.7872340425532,17.457553330430997,1.0,25.83,44.800000000000004,39.95120463555962,53.36992985666362,-13.418725221103996,Under 20%
27157,"Wabasha County, Minnesota",21519.0,44.8,80133.0,245800.0,798.0,8.438996900535361,2.2465993856954807,10.753739368462215,81.60806221930113,26.565329883570506,1.0,30.19,47.666666666666664,35.41056740554858,37.176448719736044,-1.7658813141874623,20 to <30%
27159,"Wadena County, Minnesota",14135.0,40.1,56882.0,170500.0,706.0,11.379285351888091,5.824128532491751,15.75107296137339,72.50806588554933,17.492341818950038,0.0,23.09,43.78333333333333,59.851432614078526,60.27591085956845,-0.42447824548991864,Under 20%
27161,"Waseca County, Minnesota",18958.0,40.4,75052.0,213200.0,819.0,7.2472594397076735,3.9652529381706696,5.120101137800253,79.28047968021319,20.924222847153608,0.0,29.23,47.21666666666667,39.29739423989872,46.4183985652495,-7.121004325350776,20 to <30%
27163,"Washington County, Minnesota",272298.0,39.9,114457.0,400900.0,1637.0,5.012005917467681,3.303814713896458,3.385808380436306,81.15094138921391,48.87828033551798,0.0,32.5,47.541666666666664,59.401831816612685,52.060610066911984,7.341221749700695,40% or more
27165,"Watonwan County, Minnesota",11169.0,40.6,70593.0,151600.0,807.0,13.043083900226758,5.509838998211091,12.030995106035888,78.18729717199814,18.189113280727565,0.0,32.53,47.24166666666667,24.621720834452503,44.4086310323216,-19.7869101978691,Under 20%
27167,"Wilkin County, Minnesota",6413.0,42.0,69635.0,172300.0,561.0,14.674952198852772,4.742715437073776,9.606986899563319,79.6729840208101,21.52576399732322,1.0,22.37,44.125,43.19351317636052,50.99017620458444,-7.79666302822392,20 to <30%
27169,"Winona County, Minnesota",49705.0,36.1,70198.0,222900.0,866.0,13.409129986244842,3.030409192825112,6.7775582410513255,68.75,32.05793757610716,0.0,31.64,48.06666666666666,32.45146363544915,34.48345236897696,-2.031988733527814,30 to <40%
27171,"Wright County, Minnesota",145270.0,37.4,106666.0,332800.0,1246.0,4.945363721511083,2.140524098037749,6.047762363542464,84.2561176715886,34.0087196444744,0.0,20.59,46.5,59.15880773731672,45.990225098093205,13.168582639223516,30 to <40%
27173,"Yellow Medicine County, Minnesota",9509.0,42.0,71573.0,148200.0,688.0,8.487242446888011,3.4215885947046845,11.502659574468085,84.24743300776359,18.981200727713766,0.0,26.31,46.60833333333333,37.43821642654328,42.591229361657376,-5.153012935114102,Under 20%
28001,"Adams County, Mississippi",29098.0,42.1,40250.0,106300.0,720.0,28.189791200322922,8.09954329387641,22.432975871313673,66.45640715458394,19.304202342289145,1.0,40.79,68.7,29.17726304213348,33.988590281118974,-4.8113272389854975,Under 20%
28003,"Alcorn County, Mississippi",34500.0,40.6,49404.0,132300.0,728.0,17.40072416453968,5.8220742771359575,12.073636251693141,65.40158252223233,18.435614728520907,0.0,54.03,62.23333333333334,40.81159420289855,35.53623188405797,5.27536231884058,Under 20%
28005,"Amite County, Mississippi",12611.0,48.8,35385.0,89800.0,689.0,27.040653008962867,6.624605678233438,19.57744546577034,83.24803821221425,7.985460953849543,1.0,45.83,68.43333333333334,41.07525176433273,41.392435175640315,-0.3171834113075886,Under 20%
28007,"Attala County, Mississippi",17685.0,39.6,48098.0,107600.0,774.0,20.737913486005088,6.04704679110202,22.46733005634816,76.58883562702954,15.767421975203078,1.0,46.95,65.36666666666666,33.30506078597681,40.48628781453209,-7.181227028555273,Under 20%
28009,"Benton County, Mississippi",7592.0,43.9,42139.0,109300.0,729.0,17.560715238857753,2.7280994240678993,26.170731707317074,83.2837793194582,12.111744164675612,0.0,52.69,62.583333333333336,58.74604847207587,67.17597471022128,-8.429926238145416,Under 20%
28011,"Bolivar County, Mississippi",30163.0,36.6,37315.0,123600.0,671.0,33.712134791181214,7.479979553586642,12.954163316031874,60.955740320819686,26.551357912304656,0.0,47.63,65.36666666666666,31.230315286940954,44.59105526638597,-13.360739979445015,20 to <30%
28013,"Calhoun County, Mississippi",13029.0,43.1,43942.0,82900.0,674.0,18.67011683525445,3.6893886156008433,15.539739027283511,73.05126404494382,13.075165887088001,0.0,41.63,64.625,34.46158569345307,37.838667587689,-3.377081894235935,Under 20%
28015,"Carroll County, Mississippi",9828.0,47.7,55275.0,105500.0,621.0,22.367015594958342,2.6015396867533847,15.05050505050505,79.83353151010702,18.492691430870323,2.0,43.19,66.18333333333334,40.29304029304029,48.63654863654864,-8.343508343508343,Under 20%
28017,"Chickasaw County, Mississippi",16994.0,39.0,43041.0,100400.0,702.0,24.05777750804151,3.9580082281174636,14.53242932071127,67.23544379583895,12.398589065255733,0.0,46.93,65.02499999999999,41.367541485230085,39.48452394962928,1.8830175356008003,Under 20%
28019,"Choctaw County, Mississippi",8172.0,43.0,48321.0,104500.0,661.0,15.894369706028899,8.29077801141484,20.92596837038735,80.28985507246377,18.582375478927204,0.0,46.86,64.61666666666666,43.930494371023,47.234459128732254,-3.303964757709251,Under 20%
28021,"Claiborne County, Mississippi",8908.0,33.8,34371.0,80800.0,651.0,27.17432828218515,8.734270910436713,28.18435046847303,75.17630465444287,20.56545313710302,1.0,41.36,68.25833333333334,25.59497081275258,35.02469690166143,-9.429726088908845,20 to <30%
28023,"Clarke County, Mississippi",15424.0,42.6,46054.0,114300.0,803.0,19.173964187687883,7.185534591194968,18.192534381139488,84.0537944284342,15.10958395245171,0.0,51.86,67.66666666666667,41.68827800829875,39.28941908713693,2.3988589211618256,Under 20%
28025,"Clay County, Mississippi",18462.0,40.1,39904.0,115600.0,718.0,24.776810316323157,6.691449814126394,14.465965688987271,70.71687370600414,18.209025754115146,0.0,48.93,65.59166666666667,38.565702524103564,39.81150471238219,-1.2458021882786263,Under 20%
28027,"Coahoma County, Mississippi",20808.0,35.7,36259.0,86400.0,719.0,36.281302583391074,10.146152917018963,16.93168433451119,51.97920359210682,18.973146170277694,0.0,46.73,65.22500000000001,30.997693194925027,42.53171856978086,-11.534025374855824,Under 20%
28029,"Copiah County, Mississippi",27994.0,39.8,47994.0,105600.0,682.0,22.965796412522746,6.347104519774011,20.478445853736854,74.06622249141934,20.32665906994411,1.0,44.6,68.18333333333334,31.86397085089662,37.007930270772306,-5.143959419875688,20 to <30%
28031,"Covington County, Mississippi",18226.0,37.7,47001.0,98500.0,639.0,17.734182875027944,4.68181247646542,15.322966507177034,75.98530865941517,15.911692559280457,1.0,49.26,68.52499999999999,43.45440579392077,44.387139251618564,-0.9327334576977944,Under 20%
28033,"DeSoto County, Mississippi",188598.0,37.0,82980.0,248700.0,1341.0,9.955055460067683,3.741996003099637,6.398347419868766,77.79652949067463,28.315941563653876,0.0,52.83,63.75833333333333,63.61679339123427,56.63898874855513,6.977804642679137,20 to <30%
28035,"Forrest County, Mississippi",78027.0,31.8,52821.0,152900.0,960.0,21.461842604127174,6.249519760264324,11.730814920408648,57.075566920126505,29.462270320443853,0.0,49.1,68.95833333333333,59.83826111474233,60.607225703923,-0.7689645891806682,20 to <30%
28037,"Franklin County, Mississippi",7655.0,42.7,45618.0,95100.0,706.0,23.267852402442262,4.296028880866426,31.466418777597024,80.02712783994575,18.0652460871205,1.0,43.53,68.09166666666667,37.36120182887002,38.27563683866754,-0.914435009797518,Under 20%
28039,"George County, Mississippi",24870.0,36.2,54822.0,168100.0,868.0,18.740360968696596,8.495040965933592,10.866614967041489,83.61065796628603,17.142504778935685,0.0,55.97,69.66666666666667,48.854041013269,38.480096501809406,10.37394451145959,Under 20%
28041,"Greene County, Mississippi",13595.0,40.5,55838.0,94200.0,811.0,20.513870406387554,10.588235294117647,25.676464862760366,78.02514405447879,11.916279988152828,1.0,56.54,68.99166666666666,37.881574108127985,37.072453107760204,0.8091210003677822,Under 20%
28043,"Grenada County, Mississippi",21342.0,38.9,47998.0,123400.0,823.0,22.348938617087548,4.353352399110264,18.074486465732384,62.91739894551846,23.66202974028644,0.0,43.49,65.53333333333333,42.0298003935901,41.7018086402399,0.3279917533502015,20 to <30%
28045,"Hancock County, Mississippi",46057.0,45.7,67728.0,206600.0,999.0,13.333771727932312,5.337519623233909,14.460626369377497,78.74039475666717,24.59035788228335,0.0,45.19,70.14166666666667,55.99583125257833,47.57148750461385,8.424343747964478,20 to <30%
28047,"Harrison County, Mississippi",209443.0,38.1,57233.0,199300.0,1074.0,17.444034416264525,7.6042380475462545,13.144751617560559,60.58930726229468,25.47183188463338,0.0,45.230000000000004,69.85,56.35423480374135,55.70966802423571,0.6445667795056411,20 to <30%
28049,"Hinds County, Mississippi",222494.0,36.6,49966.0,151200.0,1032.0,21.61945896369226,7.72049424797614,15.537773593786774,57.88452964779314,31.058970298929992,0.0,46.08,68.22500000000001,33.59191708540455,45.394482547843985,-11.802565462439437,30 to <40%
28051,"Holmes County, Mississippi",16491.0,35.8,29434.0,76500.0,589.0,37.965404154073696,8.821994083869845,20.731546282846956,60.55305680493087,13.723094275777799,1.0,43.33,67.10833333333333,28.136559335395063,46.9953307864896,-18.858771451094537,Under 20%
28053,"Humphreys County, Mississippi",7570.0,38.4,32976.0,88800.0,643.0,26.402993051843932,15.768981181051265,14.90507225843015,59.67365967365967,19.411057692307693,2.0,40.7,67.45,26.55217965653897,38.044914134742406,-11.492734478203435,Under 20%
28057,"Itawamba County, Mississippi",23942.0,39.4,59508.0,122400.0,832.0,10.812619929492614,2.932654315567653,12.277698525915358,79.33651344319168,14.767463405595702,1.0,52.52,64.18333333333334,46.320273995489096,43.313006432211175,3.0072675632779218,Under 20%
28059,"Jackson County, Mississippi",144437.0,39.7,64756.0,181700.0,1087.0,14.132393043161281,7.416741146649866,9.47233069816173,71.97117155031827,24.898858401762467,1.0,55.46,70.19166666666666,51.66958604789632,46.94088079924119,4.728705248655123,20 to <30%
28061,"Jasper County, Mississippi",16211.0,42.4,47157.0,118600.0,809.0,18.90999688570539,3.974438902743142,21.08188217858466,83.1924882629108,12.996518789609926,1.0,51.17,67.64166666666667,43.6740484855962,43.73573499475665,-0.06168650916044661,Under 20%
28063,"Jefferson County, Mississippi",7127.0,43.0,36207.0,81400.0,444.0,28.505300880991488,5.0212765957446805,29.88471770617795,78.83642495784149,19.933347219329306,1.0,40.92,68.14166666666667,28.623544268275573,35.91974182685562,-7.296197558580047,Under 20%
28065,"Jefferson Davis County, Mississippi",11183.0,45.7,37183.0,87100.0,695.0,25.006770786313982,8.29156223893066,22.63018534863195,81.72484599589322,13.544018058690744,1.0,48.51,68.69166666666666,42.74344987928105,44.531878744522935,-1.788428865241885,Under 20%
28067,"Jones County, Mississippi",66839.0,37.6,51143.0,126800.0,810.0,20.79018322201115,3.587242285872423,14.31556948798328,73.78048780487805,20.02514573094068,1.0,50.87,68.50833333333334,33.33383204416583,36.10167716452969,-2.767845120363859,20 to <30%
28069,"Kemper County, Mississippi",8855.0,40.7,43595.0,90200.0,470.0,24.644904061799153,11.046202867764206,18.491236982473964,77.56310377064506,17.759973293273244,1.0,47.57,65.81666666666666,33.76623376623377,35.347261434217955,-1.5810276679841897,Under 20%
28071,"Lafayette County, Mississippi",56920.0,30.9,64334.0,260500.0,1091.0,18.673117605578625,1.8052893829053278,34.86522626504328,63.23068611561318,44.27905851031645,0.0,48.64,64.0,54.95432185523542,51.45818692902319,3.496134926212228,40% or more
28073,"Lamar County, Mississippi",65081.0,37.5,69106.0,218700.0,1061.0,16.097084670107407,5.197042791805025,8.974312393271083,68.1275695525486,33.23823435431597,0.0,46.77,69.01666666666667,64.96519721577727,65.79493246876969,-0.8297352529924248,30 to <40%
28075,"Lauderdale County, Mississippi",71984.0,39.5,50033.0,124500.0,897.0,25.059221904111382,5.583379107564057,14.91447642886942,63.22628095121353,21.698170793741227,0.0,50.04,66.75833333333333,30.576239164258723,40.27283840853523,-9.696599244276506,20 to <30%
28077,"Lawrence County, Mississippi",11883.0,40.7,43368.0,104600.0,835.0,23.840891816569545,11.69060773480663,25.026014568158168,81.65625722877631,12.694168576521518,1.0,46.980000000000004,68.75833333333334,36.85937894471093,40.56214760582345,-3.7027686611125135,Under 20%
28079,"Leake County, Mississippi",21288.0,40.0,48418.0,114600.0,757.0,19.901268028264447,6.730444569499156,18.444886238126795,75.85319609967497,17.746696654484115,1.0,46.7,66.2,34.62044344231492,38.89515219842165,-4.274708756106727,Under 20%
28081,"Lee County, Mississippi",83138.0,37.7,67144.0,187800.0,929.0,13.794283758343317,5.110968315950768,15.154504492494734,70.22279483392515,28.749096167751265,0.0,52.79,64.79166666666667,47.33094373210806,47.030238879934565,0.3007048521734947,20 to <30%
28083,"Leflore County, Mississippi",27432.0,34.5,33188.0,98200.0,701.0,31.947323965292174,11.668724642794144,21.11840544174642,54.055951067883285,19.988351776354104,0.0,41.93,67.23333333333333,30.47535724701079,39.771070282881304,-9.295713035870516,Under 20%
28085,"Lincoln County, Mississippi",34830.0,41.2,48316.0,131800.0,754.0,21.30518234165067,3.7504261847937266,17.998111425873464,73.8062336864732,18.40723453908985,0.0,45.15,68.06666666666668,35.68762561010623,36.491530289979906,-0.8039046798736721,Under 20%
28087,"Lowndes County, Mississippi",58187.0,37.0,54460.0,157400.0,909.0,16.942711187315503,6.136796949475691,15.58571217275551,62.306715143019844,26.555555555555557,0.0,49.41,65.675,44.838194098338114,48.10352827951261,-3.265334181174489,20 to <30%
28089,"Madison County, Mississippi",110303.0,38.5,78794.0,286300.0,1097.0,11.03489549765215,4.415057744864674,7.9084576263942905,71.40636239181381,48.850644529931834,1.0,47.67,67.53333333333333,56.145345094875026,51.820893357388286,4.324451737486741,40% or more
28091,"Marion County, Mississippi",24303.0,40.7,42320.0,117000.0,700.0,20.403453286605693,9.028714588552708,17.608598298253472,78.18241113164474,12.478387885291838,0.0,46.41,69.425,37.11475949471259,31.35415380817183,5.760605686540757,Under 20%
28093,"Marshall County, Mississippi",33899.0,41.8,51875.0,172200.0,926.0,22.78659722657966,4.911699779249449,16.396655343611183,76.70729801531489,14.53281329489571,0.0,53.77,63.208333333333336,64.30868167202573,55.25236732646981,9.056314345555917,Under 20%
28095,"Monroe County, Mississippi",33928.0,41.6,51231.0,115200.0,721.0,16.666666666666668,5.78256479299899,18.564621798689696,76.6620346668617,16.396556090149407,1.0,50.94,64.95,37.34378684272577,37.04904503654799,0.2947418061777883,Under 20%
28097,"Montgomery County, Mississippi",9708.0,42.4,45057.0,110700.0,682.0,25.62199456408112,4.777470455116922,29.201719947653768,72.14153683654608,20.599195111044864,1.0,46.33,64.525,44.6023897816234,40.3790688092295,4.223320972393902,20 to <30%
28099,"Neshoba County, Mississippi",28927.0,37.7,53087.0,96600.0,759.0,25.09751995132949,8.129300688110098,14.901538970709913,75.30384054448226,16.344846342126733,1.0,46.57,65.75,30.14484737442528,33.70553462163377,-3.5606872472084903,Under 20%
28101,"Newton County, Mississippi",21151.0,37.8,50426.0,102700.0,722.0,21.967309964552975,3.539200750029298,15.833788955713505,78.9008704690139,17.530610748588607,1.0,49.63,66.81666666666666,43.11852867476715,41.605597844073564,1.5129308306935842,Under 20%
28103,"Noxubee County, Mississippi",10136.0,39.9,38814.0,85200.0,590.0,25.580927472085303,7.217782217782218,19.923857868020306,75.77918647649234,11.145694382688601,1.0,45.31,65.85833333333333,26.144435674822414,37.49013417521705,-11.345698500394633,Under 20%
28105,"Oktibbeha County, Mississippi",51473.0,25.5,43482.0,219500.0,873.0,28.577968651217546,6.265706148433574,16.227483678124756,47.53521126760563,45.759301442672744,0.0,46.769999999999996,65.78333333333333,49.21026557612729,55.19398519612224,-5.9837196199949485,40% or more
28107,"Panola County, Mississippi",32965.0,39.7,43990.0,121500.0,859.0,24.137085402489117,8.784806295399516,15.717105710979512,68.84994346632207,15.494625614866095,1.0,48.79,64.39999999999999,41.28621264978007,38.58637949340209,2.6998331563779767,Under 20%
28109,"Pearl River County, Mississippi",56781.0,41.1,56535.0,174500.0,887.0,16.4350975833919,5.733706517393043,14.512471655328799,82.85169156312531,15.958621043714865,0.0,48.71,69.29166666666667,44.609992779274755,33.866962540286366,10.743030238988394,Under 20%
28111,"Perry County, Mississippi",11459.0,42.9,50435.0,126000.0,650.0,18.1294964028777,6.1884024753609905,16.675819146988832,80.05272407732865,11.388217330449166,1.0,53.63,69.01666666666667,44.6810367396806,50.52796928178724,-5.846932542106641,Under 20%
28113,"Pike County, Mississippi",39930.0,37.1,41578.0,110500.0,879.0,27.478328373657654,5.8930020600536865,20.32026793657439,66.90529357677657,15.87689680599216,0.0,46.05,68.52499999999999,39.84472827448034,44.15226646631605,-4.307538191835713,Under 20%
28115,"Pontotoc County, Mississippi",31312.0,35.7,52741.0,141700.0,848.0,14.914401779669214,3.1920864318787707,17.0076726342711,70.55298750214004,17.713091651278063,0.0,49.13,64.53333333333333,48.54368932038835,47.904956566172714,0.6387327542156361,Under 20%
28117,"Prentiss County, Mississippi",24999.0,37.9,51466.0,116500.0,620.0,13.506351476402793,3.5490231224233733,15.105630610209447,78.9063334401367,18.55750721847931,0.0,55.480000000000004,63.38333333333333,41.72166886675467,36.16144645785831,5.560222408896355,Under 20%
28119,"Quitman County, Mississippi",5908.0,41.0,32131.0,68600.0,650.0,33.47280334728033,11.878339498561447,12.873563218390805,61.854504334715415,15.240904621435595,0.0,47.58,65.20833333333333,41.29993229519296,52.3019634394042,-11.002031144211239,Under 20%
28121,"Rankin County, Mississippi",158218.0,39.4,77454.0,223400.0,1210.0,10.025680064298177,4.189784290796905,6.947999250889569,77.61639608211459,32.78667672151404,1.0,45.85,67.8,43.876170852873884,42.662655323667344,1.2135155292065378,30 to <40%
28123,"Scott County, Mississippi",27754.0,37.2,48492.0,89900.0,888.0,20.67945205479452,4.3553255713669685,15.363739823163792,71.91766652875465,12.082408514028797,1.0,47.54,66.95833333333333,30.482092671326654,39.34567990199611,-8.863587230669452,Under 20%
28125,"Sharkey County, Mississippi",3848.0,36.6,35741.0,108000.0,622.0,31.848492931448387,10.463733650416172,16.317991631799163,62.92857142857143,15.444489963129865,1.0,41.43,67.40833333333333,37.16216216216216,54.57380457380457,-17.41164241164241,Under 20%
28127,"Simpson County, Mississippi",25817.0,41.0,54111.0,111600.0,819.0,19.3647783835032,5.231109880985331,17.905839979418573,80.4763397054215,16.501650165016503,1.0,47.839999999999996,68.14166666666667,38.57923073943525,39.43138242243483,-0.8521516829995739,Under 20%
28129,"Smith County, Mississippi",14193.0,42.9,51396.0,114000.0,664.0,19.324497648567764,4.449033226957011,19.254937163375224,86.34426533259219,14.042640426404263,1.0,49.99,67.78333333333333,43.049390544634676,46.78362573099415,-3.734235186359473,Under 20%
28131,"Stone County, Mississippi",18515.0,39.3,59307.0,163300.0,839.0,17.872005398717803,8.228748867900116,12.890059249506255,80.03325272067714,14.585898382992696,0.0,48.2,69.18333333333334,51.90386173372941,42.073994058871186,9.829867674858223,Under 20%
28133,"Sunflower County, Mississippi",25328.0,37.6,40265.0,103400.0,670.0,29.892552116815136,10.907247845919919,14.413170472650027,56.29188384214445,16.90238411360619,0.0,44.980000000000004,66.325,28.348073278584966,39.56096020214782,-11.212886923562856,Under 20%
28135,"Tallahatchie County, Mississippi",12363.0,38.4,37383.0,82200.0,695.0,26.472562510488338,10.17175572519084,21.246355685131196,66.91346598796854,11.919075144508671,0.0,46.12,66.08333333333333,26.207231254549868,42.46542101431692,-16.258189759767046,Under 20%
28137,"Tate County, Mississippi",28135.0,38.5,63995.0,173000.0,897.0,16.75671591037896,5.365853658536586,7.041276448144294,72.93843283582089,20.91981647367271,0.0,51.31,63.833333333333336,45.9214501510574,47.05882352941177,-1.137373378354363,20 to <30%
28139,"Tippah County, Mississippi",21621.0,39.7,51141.0,128400.0,720.0,18.867565122148672,5.301350534166499,20.579360289680146,76.15248226950355,16.363254446156002,0.0,54.059999999999995,62.59166666666667,35.01225660237732,37.18606909948661,-2.173812497109292,Under 20%
28141,"Tishomingo County, Mississippi",18738.0,43.5,46257.0,132500.0,703.0,19.92826476821912,3.109839532280134,18.162859038771447,77.63234101702768,16.381564204078582,0.0,52.34,62.69166666666666,46.48308250613726,40.93286369943431,5.550218806702957,Under 20%
28143,"Tunica County, Mississippi",9586.0,34.7,38402.0,154500.0,938.0,33.77356480988391,13.123116160445166,23.599320882852293,40.77777777777778,16.059244466633384,0.0,49.26,64.35833333333333,58.73148341331108,72.50156478197371,-13.770081368662632,Under 20%
28145,"Union County, Mississippi",28009.0,38.4,56807.0,159100.0,910.0,14.257332755382171,3.9368810884791885,17.999179991799917,74.77,17.088948787061994,0.0,51.82,63.958333333333336,46.6635724231497,48.341604484272914,-1.6780320611232105,Under 20%
28147,"Walthall County, Mississippi",13864.0,41.4,45444.0,120600.0,718.0,18.10769117755087,5.966325036603221,21.545837570826674,79.22222222222223,13.161262798634812,0.0,46.57,68.96666666666667,43.56607039815349,42.55626081938834,1.009809578765147,Under 20%
28149,"Warren County, Mississippi",43623.0,40.3,56648.0,144400.0,889.0,20.282252448818532,5.477784540474741,21.938538668647293,71.20599429115128,26.471875315582185,1.0,45.05,68.2,32.04731449006258,35.71510441739449,-3.667789927331912,20 to <30%
28151,"Washington County, Mississippi",43674.0,38.3,40117.0,99300.0,786.0,28.82068530586504,8.92887264548777,17.55049296448741,56.75393277993847,20.534570508603675,1.0,41.62,66.26666666666667,30.887942482941796,41.67239089618538,-10.784448413243577,20 to <30%
28153,"Wayne County, Mississippi",19699.0,39.1,36791.0,88000.0,786.0,22.853065592987107,7.881231671554252,18.184814855510382,88.31587429492345,16.707250019637105,1.0,55.48,68.05833333333334,31.575206863292554,35.07792273719478,-3.5027158739022286,Under 20%
28155,"Webster County, Mississippi",9942.0,40.3,59964.0,109500.0,618.0,15.110702989490868,6.817185444980272,19.49352179034158,78.00536454523287,20.09435353088604,0.0,43.160000000000004,64.53333333333333,48.179440756387045,36.51176825588413,11.667672500502917,20 to <30%
28157,"Wilkinson County, Mississippi",8376.0,39.1,35930.0,80200.0,674.0,28.184206887014245,7.518504090377873,25.304347826086957,78.95809080325961,11.585365853658537,0.0,43.86,69.14166666666667,22.08691499522445,34.14517669531996,-12.05826170009551,Under 20%
28159,"Winston County, Mississippi",17609.0,42.3,49071.0,121200.0,654.0,30.410958904109588,7.8665740097289785,14.105212003401773,69.71711456859971,18.562479393339927,1.0,44.5,65.31666666666666,32.25623260832529,31.574762905332502,0.6814697029927878,Under 20%
28161,"Yalobusha County, Mississippi",12439.0,42.4,49171.0,97200.0,810.0,22.732878401710103,6.723503197054835,22.22050648548487,70.2997816160413,12.327240303165404,0.0,45.57,64.725,46.949111664924835,46.14518851997749,0.8039231449473431,Under 20%
28163,"Yazoo County, Mississippi",26837.0,38.4,40974.0,129200.0,804.0,31.35764016123122,8.986737400530505,15.09596104268118,55.3306342780027,13.252432374639152,1.0,45.95,67.825,24.741960725863546,27.27577598092186,-2.533815255058315,Under 20%
29001,"Adair County, Missouri",25224.0,29.8,56583.0,159500.0,782.0,21.222141108773137,4.8855905998763145,21.695957820738137,60.58803725732241,35.048460661345494,1.0,36.15,54.324999999999996,45.75007928956549,47.811607992388204,-2.0615287028227085,30 to <40%
29003,"Andrew County, Missouri",18086.0,42.1,74007.0,196200.0,944.0,7.380404912792328,4.027655838454785,7.628128724672229,76.9605734767025,26.922473320778405,0.0,32.82,54.833333333333336,54.24084927568285,48.324671016255664,5.9161782594271815,20 to <30%
29005,"Atchison County, Missouri",5216.0,47.7,59260.0,100600.0,595.0,12.495111458740713,2.2568093385214008,15.810711665443874,73.63834422657952,22.044979079497907,0.0,27.18,53.958333333333336,30.099693251533743,25.30674846625767,4.792944785276074,20 to <30%
29007,"Audrain County, Missouri",24688.0,40.3,56232.0,121600.0,698.0,18.031878622570748,4.095624718087506,14.906303236797275,72.7394060727394,16.12020266728787,0.0,27.48,56.34166666666667,43.17887232663642,41.31561892417369,1.863253402462735,Under 20%
29009,"Barry County, Missouri",34831.0,43.0,56611.0,172900.0,750.0,16.66569445254623,4.055944055944056,21.54099130843317,74.90269461077844,13.380800392830837,1.0,44.75,58.925000000000004,58.9130372369441,52.826505124745196,6.0865321121989036,Under 20%
29011,"Barton County, Missouri",11685.0,40.6,49503.0,136000.0,777.0,22.2173988539677,4.0600893219650835,16.430594900849858,69.62711864406779,17.956041226871974,1.0,31.3,58.9,49.379546427043216,41.42062473256311,7.958921694480103,Under 20%
29013,"Bates County, Missouri",16121.0,40.8,57914.0,154800.0,760.0,18.71535079334735,6.126321496340472,16.92157953281424,72.3347280334728,15.272172899291544,1.0,33.74,58.36666666666667,49.00440419328826,43.04943862043297,5.954965572855282,Under 20%
29015,"Benton County, Missouri",19887.0,54.4,52200.0,164700.0,823.0,16.65136210590756,3.9287656334964653,39.86302378672951,83.7252020573108,15.189544183627024,1.0,30.79,57.525,57.42444813194549,46.462513199577614,10.961934932367878,Under 20%
29017,"Bollinger County, Missouri",10591.0,44.3,57286.0,142400.0,677.0,12.166427546628407,4.874706342991386,22.98395086189816,80.08747105737072,14.17406278977348,1.0,45.44,57.99166666666667,59.48446794448116,46.26569729015202,13.218770654329147,Under 20%
29019,"Boone County, Missouri",185874.0,32.2,69913.0,254100.0,1060.0,17.145096168588903,3.718526423969327,7.202887087205854,58.116243141015396,51.004339739615624,0.0,29.509999999999998,57.31666666666666,46.832800714462486,47.69359888957035,-0.8607981751078688,40% or more
29021,"Buchanan County, Missouri",83855.0,38.9,59423.0,156600.0,889.0,16.881711064936358,4.477463598866968,13.060002603149812,64.89610156296784,23.346153846153847,0.0,33.95,55.65833333333333,38.97203506052114,40.09301770914078,-1.120982648619641,20 to <30%
29023,"Butler County, Missouri",42166.0,40.5,49213.0,138800.0,768.0,20.299145299145298,4.89001509596722,14.541873963515755,64.99090357792602,15.228111314183248,0.0,42.480000000000004,60.324999999999996,39.771379784660624,40.38799032395769,-0.616610539297064,Under 20%
29025,"Caldwell County, Missouri",8890.0,42.7,62520.0,156700.0,628.0,13.04849884526559,4.469548133595285,15.881939564300772,80.95238095238095,18.387785256936464,0.0,30.67,55.03333333333333,41.84476940382452,49.38132733408324,-7.536557930258717,Under 20%
29027,"Callaway County, Missouri",44541.0,39.3,72645.0,196200.0,850.0,11.471272816366533,5.545086215019316,12.868358786835879,76.3438869345183,25.363020329138433,0.0,31.09,57.71666666666667,52.08684133719495,43.82479064232954,8.262050694865405,20 to <30%
29029,"Camden County, Missouri",43416.0,53.0,62927.0,270700.0,838.0,13.15335478155453,4.757601530937699,56.90152865282763,83.11589982527664,24.46116490302467,1.0,31.88,58.975,68.66132301455684,60.27731711811314,8.384005896443707,20 to <30%
29031,"Cape Girardeau County, Missouri",82180.0,37.0,68912.0,208300.0,881.0,14.070557002093224,2.9122620341884295,9.327983951855567,65.95071288102261,33.87379574291586,0.0,44.39,58.65833333333333,40.05840837186663,39.851545388172305,0.2068629836943295,30 to <40%
29033,"Carroll County, Missouri",8459.0,43.7,61712.0,110500.0,785.0,10.777511961722489,5.228593079060369,21.39269406392694,72.5820505373221,20.238095238095237,0.0,32.73,55.96666666666667,34.99231587658116,38.420617094219175,-3.4283012176380185,20 to <30%
29035,"Carter County, Missouri",5269.0,39.6,45083.0,147600.0,661.0,19.15471112834432,2.907769195820082,27.00594353640416,64.07124681933843,13.340807174887892,0.0,41.410000000000004,58.875,59.21427215790472,42.892389447713036,16.321882710191687,Under 20%
29037,"Cass County, Missouri",109393.0,40.1,87413.0,269000.0,1147.0,6.461700729994541,4.588324383863418,5.824875356125356,75.89279383611827,28.849912902410807,0.0,37.41,57.800000000000004,65.09557284286929,51.840611373671074,13.254961469198212,20 to <30%
29039,"Cedar County, Missouri",14440.0,44.5,45577.0,162500.0,783.0,16.988824066915022,2.4977856510186007,19.069500287191268,73.93541518807665,17.757102841136454,0.0,30.2,59.4,59.69529085872576,52.285318559556785,7.409972299168975,Under 20%
29041,"Chariton County, Missouri",7406.0,45.2,63307.0,118900.0,540.0,11.869850579527998,3.1908488862131246,30.076376086383988,80.90395480225989,19.37354988399072,0.0,31.58,56.09166666666667,29.70564407237375,30.380772346745882,-0.6751282743721307,Under 20%
29043,"Christian County, Missouri",91229.0,39.3,81245.0,249700.0,979.0,8.665869906823362,3.571817726153377,4.770376959857667,75.98668846333489,32.572583906186814,1.0,44.86,57.699999999999996,71.4575409135253,63.05012660447884,8.407414309046466,30 to <40%
29045,"Clark County, Missouri",6680.0,43.5,51458.0,117600.0,589.0,9.39463601532567,5.763888888888889,29.941231054747913,78.49889624724062,12.256684491978609,1.0,31.85,54.19166666666666,27.095808383233532,38.47305389221557,-11.377245508982035,Under 20%
29047,"Clay County, Missouri",255566.0,37.6,86150.0,256400.0,1220.0,8.489520673716203,3.901435905491571,5.324822615264929,68.87573261523839,36.00556229541969,0.0,34.0,56.25833333333333,57.851983440676776,54.142569825407136,3.7094136152696366,30 to <40%
29049,"Clinton County, Missouri",21259.0,42.1,70625.0,204300.0,985.0,12.768007708985786,4.387586341083763,8.65949661825036,76.14712308812818,22.73065224738087,0.0,31.8,55.05833333333334,68.5356790065384,62.655816360129826,5.87986264640858,20 to <30%
29051,"Cole County, Missouri",76924.0,39.7,73273.0,214400.0,804.0,9.330888839876488,2.9961866715089887,7.904747641156208,67.35835555844663,37.46784097951212,0.0,29.24,58.791666666666664,44.70646352243773,43.48447818626177,1.2219853361759658,30 to <40%
29053,"Cooper County, Missouri",16835.0,39.9,67548.0,197100.0,763.0,10.832471561530507,4.543684278852395,15.214403518416713,78.19743880693791,24.03563397336101,0.0,30.66,57.550000000000004,44.66884466884467,43.302643302643304,1.3662013662013661,20 to <30%
29055,"Crawford County, Missouri",22890.0,42.3,56345.0,166000.0,807.0,13.624598357729383,5.396573918209723,17.11459336426508,72.41233629066329,12.762530202589678,1.0,39.91,56.85833333333333,51.725644386194844,48.36173001310616,3.363914373088685,Under 20%
29057,"Dade County, Missouri",7627.0,46.7,49899.0,157200.0,650.0,14.11322779715589,4.266666666666667,19.84168865435356,76.39894667544438,15.204467663484056,1.0,37.87,59.21666666666667,54.41195751933919,41.43175560508719,12.980201914252,Under 20%
29059,"Dallas County, Missouri",17344.0,42.5,53177.0,151200.0,685.0,21.367921766118172,3.9900613855597777,12.996057818659658,76.13653526657605,14.795748920624376,0.0,34.89,57.96666666666667,64.86392988929889,52.17942804428044,12.68450184501845,Under 20%
29061,"Daviess County, Missouri",8449.0,40.6,60665.0,149200.0,731.0,13.231029482841953,1.840168243953733,25.82125603864734,77.66199934874633,18.40717299578059,0.0,32.21,54.824999999999996,59.53367262397917,46.514380400047344,13.019292223931826,Under 20%
29063,"DeKalb County, Missouri",11176.0,42.3,69093.0,167500.0,796.0,8.654383026242323,2.3076923076923075,11.737198971241524,71.97350993377484,14.817065759085937,0.0,32.94,54.791666666666664,51.360057265569075,46.438797423049394,4.921259842519685,Under 20%
29065,"Dent County, Missouri",14506.0,43.8,54306.0,149700.0,615.0,14.282722513089006,4.204297726564933,16.959321041849577,76.82819383259911,18.120674529681256,0.0,37.45,56.65,48.60057907072935,40.948573004274095,7.65200606645526,Under 20%
29067,"Douglas County, Missouri",11850.0,46.6,49828.0,164400.0,687.0,16.86428388637721,5.269709543568465,13.13692792292014,79.30887372013652,15.523550938496046,0.0,42.15,58.05833333333334,67.76371308016877,57.89029535864979,9.873417721518987,Under 20%
29069,"Dunklin County, Missouri",27795.0,39.5,47368.0,93800.0,632.0,21.446568845412777,4.667769746581904,16.995018957698313,61.79131213613972,12.637602179836513,0.0,46.21,61.85,38.20831084727469,41.55423637344846,-3.3459255261737724,Under 20%
29071,"Franklin County, Missouri",105316.0,41.4,71973.0,214900.0,874.0,8.220708788086041,4.371178789783441,7.800536614095936,76.39529656706178,22.958443495356246,0.0,36.41,57.349999999999994,41.00991302366212,34.14485928064112,6.8650537430210035,20 to <30%
29073,"Gasconade County, Missouri",14774.0,46.3,65096.0,168900.0,671.0,11.257269454444753,2.9224732783114598,20.534421482164014,81.0501904919662,18.556219648860665,0.0,38.56,57.48333333333333,43.9285230810884,42.50710708000541,1.4214160010829837,Under 20%
29075,"Gentry County, Missouri",6224.0,40.5,57458.0,123000.0,620.0,15.556284870364292,2.7045769764216367,17.96448087431694,74.81265611990008,20.478786442284903,1.0,32.84,54.550000000000004,39.04241645244216,36.79305912596401,2.2493573264781492,20 to <30%
29077,"Greene County, Missouri",301121.0,36.4,57488.0,203500.0,940.0,14.354119692249437,3.496811654310747,4.510983832378743,56.859112582379204,32.42787711689592,1.0,43.45,58.09166666666667,49.91681085012337,47.42943866419147,2.487372185931901,30 to <40%
29079,"Grundy County, Missouri",9822.0,39.7,53839.0,107000.0,679.0,16.835016835016834,2.7771010962241167,21.08843537414966,69.27899686520377,15.903942002718622,1.0,32.12,54.5,41.03034005294237,44.593769089798414,-3.5634290368560375,Under 20%
29081,"Harrison County, Missouri",8198.0,40.9,53364.0,107400.0,666.0,16.08963867556339,3.3429394812680115,23.837931891623168,73.13968668407311,17.565872020075282,0.0,32.16,54.11666666666667,29.153452061478408,40.863625274457185,-11.710173212978775,Under 20%
29083,"Henry County, Missouri",22194.0,44.1,56621.0,153500.0,740.0,16.25807634147459,5.477903391572457,13.63466567052671,73.8538062283737,16.129032258064516,1.0,31.0,57.96666666666667,60.55690727223574,49.02225826800036,11.534649004235378,Under 20%
29085,"Hickory County, Missouri",8501.0,55.2,35084.0,123200.0,699.0,19.515413218183998,12.12438853948288,37.168302435478004,84.81342204223316,11.993164517632437,0.0,30.06,58.199999999999996,76.81449241265733,52.699682390307025,24.114810022350312,Under 20%
29087,"Holt County, Missouri",4254.0,47.8,58516.0,122300.0,702.0,9.794437726723096,2.118003025718608,28.84297520661157,78.397212543554,20.483091787439612,0.0,29.82,54.86666666666667,29.854254818993887,38.787023977433,-8.932769158439116,20 to <30%
29089,"Howard County, Missouri",10141.0,38.3,62628.0,145300.0,807.0,12.830631399317406,4.064694615875719,20.817165030814884,80.28250216200634,27.98094652735095,0.0,29.54,56.89166666666667,46.93817177793117,35.10501922887289,11.833152549058278,20 to <30%
29091,"Howell County, Missouri",40168.0,40.1,49814.0,161000.0,722.0,21.388867737759842,5.045737924605255,11.638311975254087,68.65037194473963,17.517554125219426,0.0,41.86,59.35833333333333,40.15634335789683,40.629356701852224,-0.47301334395538736,Under 20%
29093,"Iron County, Missouri",9482.0,45.3,51161.0,113000.0,671.0,20.66242597060759,3.288100208768267,19.15391156462585,76.33447278464371,18.312937062937063,1.0,42.33,56.699999999999996,48.40750896435351,49.25121282429867,-0.8437038599451593,Under 20%
29095,"Jackson County, Missouri",717021.0,36.9,67178.0,213300.0,1151.0,13.832013638732187,4.773323085669766,9.196274577440496,58.84892609158116,33.456991964576204,0.0,35.55,57.199999999999996,44.53426050283046,44.392005255076214,0.14225524775424989,30 to <40%
29097,"Jasper County, Missouri",123532.0,36.6,57525.0,158500.0,904.0,18.35378238684215,4.056284626321725,10.013209548084616,63.21872350983109,25.14681801952649,0.0,33.55,59.699999999999996,50.82893501279021,44.59573227989509,6.23320273289512,20 to <30%
29099,"Jefferson County, Missouri",228227.0,40.2,80522.0,218800.0,972.0,8.550654515915678,3.580092565760604,6.701616707405978,81.43866704969837,23.615405887824622,0.0,33.24,58.40833333333333,41.66904003470229,36.24461610589457,5.424423928807722,20 to <30%
29101,"Johnson County, Missouri",54331.0,31.3,67123.0,221400.0,905.0,11.894774688398849,4.9149787942447185,8.749944844018886,63.86363636363637,29.101647497668637,0.0,32.61,57.56666666666666,72.68410299828827,72.79453718871362,-0.1104341904253557,20 to <30%
29103,"Knox County, Missouri",3760.0,39.8,53333.0,97200.0,661.0,14.676141022137196,4.051565377532229,37.422680412371136,85.91433278418451,16.89243027888446,1.0,30.67,54.300000000000004,28.98936170212766,35.638297872340424,-6.648936170212766,Under 20%
29105,"Laclede County, Missouri",36245.0,39.6,50825.0,158000.0,796.0,18.5629915749993,5.4844392248972405,9.391260736004012,70.10309278350516,15.656524568825253,0.0,36.17,58.39166666666667,46.627120982204445,43.75775969099186,2.869361291212581,Under 20%
29107,"Lafayette County, Missouri",32974.0,40.9,79091.0,200300.0,848.0,9.723760305155654,2.2023736693992415,12.303461890996264,76.45923781958514,24.417744112141396,0.0,32.51,56.89166666666667,52.89015588039061,47.21902104688542,5.671134833505186,20 to <30%
29109,"Lawrence County, Missouri",38392.0,39.0,55849.0,159800.0,785.0,16.533375986351036,5.026290495844406,9.742014742014742,72.79842112426842,16.591612170576028,0.0,42.42,58.51666666666667,57.61617003542405,53.76120025005209,3.8549697853719525,Under 20%
29111,"Lewis County, Missouri",9945.0,38.2,52340.0,118900.0,627.0,15.283842794759826,5.9681986495316925,25.469293163383547,76.99004975124379,16.5373039759227,0.0,26.17,54.55833333333334,28.5570638511815,35.193564605329314,-6.636500754147813,Under 20%
29113,"Lincoln County, Missouri",61636.0,37.5,85276.0,224800.0,972.0,10.651219592698947,3.1702544031311155,5.0,78.33630686886708,18.434853733641262,0.0,32.88,56.69166666666666,56.41183723797781,42.102018300992924,14.309818936984879,Under 20%
29115,"Linn County, Missouri",11850.0,42.4,61975.0,117300.0,612.0,16.20489139729776,2.6393471088730682,20.026635591809555,78.66361365528726,20.070939334637966,0.0,34.93,55.041666666666664,40.75949367088607,40.25316455696203,0.5063291139240507,20 to <30%
29117,"Livingston County, Missouri",14330.0,39.9,60148.0,138300.0,747.0,12.22707423580786,2.7527289985761745,13.378293601003763,68.49538294405214,18.31222793826672,0.0,34.26,55.38333333333333,47.592463363572925,38.52058618283322,9.071877180739707,Under 20%
29119,"McDonald County, Missouri",23492.0,38.1,48145.0,134100.0,764.0,17.207540673151417,7.226107226107226,13.204853675945753,67.83364661654136,13.421271691105845,0.0,46.730000000000004,60.35,65.2136897667291,63.89409160565299,1.319598161076111,Under 20%
29121,"Macon County, Missouri",15163.0,42.9,58318.0,127000.0,719.0,10.030150753768844,3.5200938691698447,19.905723905723907,76.05515385908862,18.47826086956522,0.0,33.89,55.05833333333334,44.780056717008506,43.92270658840599,0.8573501286025192,Under 20%
29123,"Madison County, Missouri",12665.0,41.4,58435.0,155900.0,817.0,13.993229082701918,6.891798759476223,21.33948402528618,75.36924413553432,15.326719124187479,1.0,38.7,57.13333333333333,45.71654165021713,39.00513225424398,6.7114093959731544,Under 20%
29125,"Maries County, Missouri",8435.0,45.4,61359.0,193100.0,594.0,14.88827816943482,4.5059288537549405,17.17029749355821,77.85633484162896,16.005873715124817,1.0,32.57,58.60833333333333,50.62240663900415,45.40604623592176,5.216360403082395,Under 20%
29127,"Marion County, Missouri",28493.0,39.4,63908.0,158100.0,813.0,13.59417652411283,3.5210742260350614,12.672668011795748,69.81249444592554,25.741547396805643,0.0,25.72,55.416666666666664,42.080511002702416,41.799740287088056,0.2807707156143614,20 to <30%
29129,"Mercer County, Missouri",3501.0,40.8,60357.0,95300.0,548.0,14.709302325581396,2.3458445040214477,32.494758909853246,79.11490683229813,17.941176470588236,0.0,31.57,53.4,43.98743216223936,42.559268780348475,1.4281633818908883,Under 20%
29131,"Miller County, Missouri",25081.0,40.8,55172.0,169800.0,724.0,14.59220505333171,5.153937744514373,19.779341221618164,76.06139126968307,20.976481438782567,0.0,31.0,59.23333333333333,54.264184043698414,52.03141820501575,2.2327658386826683,20 to <30%
29133,"Mississippi County, Missouri",12079.0,42.2,46258.0,100300.0,782.0,23.022797635800732,3.806672369546621,13.687996970844377,60.8686115376179,14.066346266557261,1.0,54.57,60.541666666666664,32.03907608245716,37.254739630764135,-5.215663548306979,Under 20%
29135,"Moniteau County, Missouri",15303.0,38.0,65161.0,168300.0,766.0,10.448932981229035,2.4857142857142858,6.5242026873887,77.77970211291999,17.194174757281555,0.0,28.259999999999998,58.166666666666664,40.384238384630464,38.35849179899366,2.0257465856368033,Under 20%
29137,"Monroe County, Missouri",8672.0,45.8,48299.0,147400.0,667.0,15.968063872255488,1.5551235767842266,22.676496872207327,75.0072233458538,17.36099854109256,0.0,26.29,55.50833333333333,47.739852398523986,45.2029520295203,2.53690036900369,Under 20%
29139,"Montgomery County, Missouri",11422.0,43.8,61042.0,171300.0,767.0,14.513369946880346,2.7624309392265194,20.83836467138175,73.28393985617781,16.493685131924472,0.0,31.34,56.875,44.91332516196813,43.24986867448783,1.6634564874803013,Under 20%
29141,"Morgan County, Missouri",21430.0,45.4,49663.0,180400.0,692.0,16.97044686622567,3.456669912366115,45.927049666908516,79.72676262503049,14.900947459086995,1.0,30.78,57.925000000000004,59.58936070928605,46.66355576294914,12.92580494633691,Under 20%
29143,"New Madrid County, Missouri",16041.0,41.8,49237.0,105500.0,734.0,18.55009294276008,3.3788746878213605,13.821962972356074,63.62566215420836,13.254320094092101,1.0,48.18,61.13333333333333,41.83030983105792,47.12923134467926,-5.2989215136213454,Under 20%
29145,"Newton County, Missouri",59490.0,40.2,64583.0,175300.0,777.0,13.427549687091672,4.849576652855341,10.814958404006138,76.84749139648615,23.003329854380993,0.0,38.56,60.449999999999996,67.22138174483106,61.10270633719953,6.118675407631534,20 to <30%
29147,"Nodaway County, Missouri",20959.0,33.9,55970.0,165100.0,754.0,18.645366013787065,2.9096181730304496,11.489765773369909,62.272022887114076,25.596615851225156,0.0,30.15,53.94166666666666,31.394627606278924,45.37430220907486,-13.979674602795935,20 to <30%
29149,"Oregon County, Missouri",8704.0,44.6,44259.0,117700.0,735.0,21.93883575392608,4.144927536231884,22.437673130193907,76.72619047619048,14.430297094351943,0.0,47.06,59.81666666666666,62.04044117647059,54.572610294117645,7.467830882352941,Under 20%
29151,"Osage County, Missouri",13379.0,40.8,75355.0,205700.0,644.0,10.0942023435705,1.7675651789659743,20.29275808936826,81.2487918035956,24.812279151943464,0.0,33.57,58.51666666666667,30.64504073548098,34.23275282158607,-3.58771208610509,20 to <30%
29153,"Ozark County, Missouri",8773.0,51.9,42329.0,156400.0,626.0,21.68813247470101,5.723370429252782,28.99326198969481,80.35166061959252,12.37593984962406,1.0,47.97,59.01666666666667,70.44340590447965,52.661575287814884,17.781830616664767,Under 20%
29155,"Pemiscot County, Missouri",15232.0,38.9,40748.0,95900.0,708.0,27.35503628253778,9.720633883352393,17.019576508190173,57.69539399775317,12.765744083433614,0.0,43.67,62.074999999999996,39.52205882352941,44.83981092436975,-5.317752100840337,Under 20%
29157,"Perry County, Missouri",18947.0,41.6,63356.0,189400.0,923.0,11.01438304314913,4.78388585816198,13.917949923592335,77.6184623788065,22.05613178767541,1.0,42.97,57.708333333333336,28.60611178550694,30.928379162928167,-2.3222673774212277,20 to <30%
29159,"Pettis County, Missouri",43205.0,37.9,60232.0,161500.0,863.0,13.436485914499364,4.03053724690597,8.980008598452278,70.11867509003956,18.628818524201424,0.0,33.51,57.31666666666666,42.171045017937736,41.708135632449945,0.46290938548779076,Under 20%
29161,"Phelps County, Missouri",44948.0,36.2,55427.0,194900.0,801.0,17.224834697920894,4.383838383838384,12.85192136718364,61.907730673316706,31.5434344861695,0.0,35.2,58.15833333333333,49.07893565898372,49.23467117558067,-0.15573551659695647,30 to <40%
29163,"Pike County, Missouri",17623.0,39.7,57572.0,129400.0,742.0,16.271741870431057,4.831190846164713,15.44108008913357,73.29096264145093,16.606939240918717,0.0,31.55,56.13333333333333,34.103160642342395,34.670600919253246,-0.5674402769108551,Under 20%
29165,"Platte County, Missouri",108751.0,38.7,95748.0,317600.0,1247.0,6.847660460103318,3.54355762467763,5.926810728635031,67.02142395419706,45.59973270965586,0.0,34.47,56.541666666666664,78.12341955476272,73.60851854235823,4.514901012404484,40% or more
29167,"Polk County, Missouri",32109.0,38.9,56686.0,189600.0,792.0,17.883104606056655,3.473491773308958,10.994491588506774,71.28042151041231,21.019380581417444,0.0,35.36,58.791666666666664,56.09019278084026,55.2181631318322,0.8720296490080662,20 to <30%
29169,"Pulaski County, Missouri",53850.0,27.5,66435.0,189700.0,1072.0,12.789053591790195,4.989358016136217,15.174976772994736,59.407326274796155,27.896543520375218,0.0,34.1,59.050000000000004,96.7502321262767,99.44289693593315,-2.692664809656453,20 to <30%
29171,"Putnam County, Missouri",4675.0,45.6,56875.0,111600.0,575.0,16.230366492146597,3.824626865671642,34.13005272407733,81.1632870864461,19.28948913681738,0.0,31.72,53.18333333333334,34.224598930481285,43.42245989304813,-9.197860962566844,Under 20%
29173,"Ralls County, Missouri",10394.0,45.8,62054.0,153400.0,765.0,12.610169491525424,3.937823834196891,21.386020651310563,86.08234402626925,17.52426539024066,0.0,26.41,56.00833333333333,55.320377140658074,50.12507215701366,5.1953049836444105,Under 20%
29175,"Randolph County, Missouri",24524.0,40.1,55310.0,141900.0,742.0,15.830748781568454,4.3802754331408265,14.420497641291277,70.36316472114137,17.095663339753692,0.0,32.660000000000004,55.833333333333336,37.962811939324745,41.388028054151036,-3.4252161148262927,Under 20%
29177,"Ray County, Missouri",23149.0,42.2,72152.0,187400.0,808.0,12.016773686279649,2.115504775506561,8.635491364508635,77.4596506743312,15.0357847976308,0.0,31.73,55.90833333333333,55.3371635923798,52.44287010238023,2.894293489999568,Under 20%
29179,"Reynolds County, Missouri",6058.0,46.1,44357.0,119900.0,627.0,17.859577368779824,10.557401255075673,33.333333333333336,80.66608996539793,15.43264942016057,0.0,41.45,57.208333333333336,33.344338065368106,37.63618355893034,-4.291845493562231,Under 20%
29181,"Ripley County, Missouri",10755.0,41.4,43898.0,110800.0,666.0,19.723476297968396,4.625850340136054,22.36563282604508,78.8833746898263,12.930690435013968,0.0,45.11,60.06666666666666,63.31938633193863,50.2092050209205,13.110181311018131,Under 20%
29183,"St. Charles County, Missouri",409830.0,39.6,102912.0,296800.0,1312.0,4.695620218653861,2.8337370623210747,3.591868476372164,80.69283220529108,42.39777857854463,0.0,32.29,57.86666666666667,43.49364370592685,38.97225678940048,4.521386916526365,40% or more
29185,"St. Clair County, Missouri",9451.0,47.2,46731.0,142500.0,607.0,16.28034113273562,2.4719673802242608,22.75731822474032,75.69682151589242,13.668750908826523,1.0,29.29,58.43333333333333,58.30070891969104,39.466723098084856,18.83398582160618,Under 20%
29186,"Ste. Genevieve County, Missouri",18551.0,43.2,61310.0,215600.0,774.0,7.91044776119403,4.646965937288518,14.538027153670551,81.55489947982566,18.414671112458322,1.0,37.35,57.65833333333333,39.02754568486874,39.83612743248342,-0.8085817476146838,Under 20%
29187,"St. Francois County, Missouri",66864.0,39.2,54813.0,155100.0,786.0,17.019783233220164,4.946213878928496,16.317889987853547,69.13283291170738,15.983763335741914,0.0,38.62,57.225,40.03649198372816,35.026322086623594,5.0101698971045705,Under 20%
29189,"St. Louis County, Missouri",996618.0,40.2,81340.0,260700.0,1164.0,9.591286975839816,4.202671156863495,6.898974570792328,69.04390472080031,46.927028201821585,0.0,32.78,58.43333333333334,38.32060027011352,41.71608379539603,-3.3954835252825055,40% or more
29195,"Saline County, Missouri",23177.0,35.4,56566.0,139600.0,733.0,14.652980071207287,2.5316455696202533,18.559951184785923,70.8041958041958,26.033898305084747,0.0,31.02,56.949999999999996,39.56508607671398,36.37226560814601,3.192820468567977,20 to <30%
29197,"Schuyler County, Missouri",4044.0,38.8,56023.0,118200.0,382.0,9.663032705649158,4.66949666464524,34.36516264428122,78.97681854516387,10.648854961832061,0.0,32.96,53.78333333333333,29.426310583580612,42.0375865479723,-12.611275964391691,Under 20%
29199,"Scotland County, Missouri",4698.0,36.3,67568.0,141100.0,516.0,7.132018209408194,0.8018867924528302,30.33860045146727,83.0200907323396,14.48439620081411,1.0,32.14,54.074999999999996,20.22137079608344,31.28991060025543,-11.068539804171989,Under 20%
29201,"Scott County, Missouri",37967.0,39.4,58847.0,143700.0,809.0,14.455046364735923,3.1706369037703372,9.920988534426424,68.75948031392204,21.67503014743066,1.0,50.46,59.93333333333333,46.224352727368505,49.22696025495825,-3.002607527589749,20 to <30%
29203,"Shannon County, Missouri",7137.0,45.5,59000.0,151000.0,509.0,16.707652249385216,3.032544378698225,20.442930153321978,83.19057815845824,14.564242542405927,0.0,36.6,58.525,48.75998318621269,41.33389379291019,7.426089393302508,Under 20%
29205,"Shelby County, Missouri",6011.0,43.6,52127.0,86200.0,570.0,15.613640297732386,1.036653091447612,19.579945799457995,74.97893850042124,18.007202881152462,1.0,26.240000000000002,54.475,31.94144069206455,30.444185659624022,1.4972550324405256,Under 20%
29207,"Stoddard County, Missouri",28547.0,41.9,54067.0,135400.0,737.0,16.969179301017867,3.7192704203013482,14.96492013733393,70.72763977881155,16.377803306528147,0.0,45.39,60.199999999999996,40.31947314954286,40.49462290258171,-0.17514975303884822,Under 20%
29209,"Stone County, Missouri",31697.0,54.4,61323.0,236500.0,892.0,13.97143589086717,7.214577910003719,35.06192332362954,83.66385533014208,22.989205421637855,0.0,42.11,58.5,77.19973499069313,64.01236710098748,13.18736788970565,20 to <30%
29211,"Sullivan County, Missouri",5903.0,44.2,55500.0,103300.0,692.0,14.739583333333334,2.3961063272182703,32.71767810026385,73.77450980392157,14.685314685314685,0.0,33.71,53.949999999999996,46.586481450110114,48.1111299339319,-1.5246484838217855,Under 20%
29213,"Taney County, Missouri",56382.0,42.0,58258.0,203800.0,925.0,14.424751186788614,4.520356327762644,25.8744769874477,66.90449311356966,25.378670788253476,1.0,45.36,58.958333333333336,60.55123975736937,60.9059628959597,-0.3547231385903302,20 to <30%
29215,"Texas County, Missouri",24956.0,42.8,48055.0,123300.0,647.0,19.337556868914493,4.58484482063684,13.612470545586369,76.52119177507343,15.754158443755285,0.0,37.17,58.05833333333333,50.528930918416414,44.438211251803175,6.090719666613239,Under 20%
29217,"Vernon County, Missouri",19713.0,41.7,54519.0,136700.0,722.0,18.986742424242426,3.866591294516676,12.671806905799532,72.60396673064619,18.0331541218638,1.0,28.63,58.725,39.97362146806676,35.96611373205499,4.007507736011769,Under 20%
29219,"Warren County, Missouri",36467.0,40.8,77989.0,241200.0,913.0,9.32776617954071,3.794316644113667,15.283567007704939,82.36171164455047,19.582421952674487,0.0,33.51,56.975,62.87876710450544,52.32127677077906,10.557490333726383,Under 20%
29221,"Washington County, Missouri",23483.0,40.2,51886.0,118400.0,680.0,18.18545163868905,3.750921926035191,17.43666169895678,76.3312274368231,12.39321454722968,0.0,43.25,57.166666666666664,46.544308648809775,36.83515734786867,9.709151300941107,Under 20%
29223,"Wayne County, Missouri",10942.0,48.2,43393.0,113100.0,632.0,25.14450867052023,7.712830463254911,26.756668835393622,75.99378192316233,10.964530180460486,1.0,40.87,58.31666666666666,56.84518369585085,46.70078596234692,10.14439773350393,Under 20%
29225,"Webster County, Missouri",39868.0,36.9,69731.0,219100.0,777.0,16.104627143152243,4.2210592903559725,10.475260416666666,76.5835211984583,18.63583365720948,0.0,42.41,57.13333333333333,69.55452994883115,56.73723286846594,12.817297080365206,Under 20%
29227,"Worth County, Missouri",1956.0,49.0,46167.0,94600.0,353.0,17.576703068122725,1.2331838565022422,28.430493273542602,77.81954887218045,17.59656652360515,1.0,31.27,53.84166666666667,23.006134969325153,29.652351738241308,-6.6462167689161555,Under 20%
29229,"Wright County, Missouri",18722.0,41.2,47304.0,152300.0,558.0,17.551220575414124,4.13569401270442,16.798088410991635,77.55600229753016,14.260407440212578,0.0,38.21,57.65833333333333,62.546736459779936,50.9560944343553,11.590642025424634,Under 20%
29510,"St. Louis city, Missouri",293109.0,36.6,55279.0,185100.0,978.0,19.761104758553962,5.046709365320302,16.944572217111315,45.35202492211838,40.17424384745444,0.0,32.52,58.775,59.827572677741045,75.0608135540021,-15.23324087626105,40% or more
30001,"Beaverhead County, Montana",9590.0,43.4,58072.0,282000.0,800.0,14.682799215173317,2.7321237993596585,17.132515584154433,67.31375879640864,35.5092936802974,0.0,20.57,38.13333333333333,64.75495307612096,54.535974973931175,10.218978102189782,30 to <40%
30003,"Big Horn County, Montana",12963.0,32.3,56680.0,148200.0,686.0,23.601993197816974,13.70982386054113,18.574895212883302,68.24708751015984,20.876770916867148,0.0,20.0,46.14166666666667,31.859908971688654,33.09419115945383,-1.2342821877651777,20 to <30%
30005,"Blaine County, Montana",6997.0,33.9,65050.0,124900.0,689.0,20.2441505595117,14.245193822880555,18.661473087818695,63.169351327818895,25.843735552473415,1.0,13.870000000000001,44.041666666666664,17.72188080605974,24.581963698728025,-6.860082892668286,20 to <30%
30007,"Broadwater County, Montana",7310.0,46.2,63636.0,364800.0,978.0,10.72511717673008,4.325631380977969,8.723135271807838,82.16759002770083,26.347414420975966,0.0,17.43,43.775,85.49931600547195,55.677154582763336,29.822161422708618,20 to <30%
30009,"Carbon County, Montana",10877.0,50.5,71017.0,379300.0,882.0,8.516020236087689,5.008912655971479,26.667703312082104,74.06700593723494,30.278408411996654,1.0,20.62,43.958333333333336,67.38990530477153,55.89776592810517,11.49213937666636,30 to <40%
30013,"Cascade County, Montana",84601.0,38.3,66203.0,243300.0,902.0,13.188538054389488,2.9976169572306532,11.055340399510802,70.15382852559512,28.736878334193772,0.0,17.37,44.94166666666666,50.7677214217326,52.54075010933677,-1.7730286876041654,20 to <30%
30015,"Chouteau County, Montana",5888.0,42.9,56927.0,185100.0,485.0,12.420655343969806,3.199691595990748,22.87308228730823,65.91320072332731,22.626506024096386,0.0,12.42,46.40833333333333,41.27038043478261,34.98641304347826,6.283967391304348,20 to <30%
30017,"Custer County, Montana",11938.0,42.6,63585.0,204200.0,918.0,11.67274622199062,2.705223880597015,12.582322357019065,68.49722442505947,29.79539641943734,0.0,15.53,46.875,43.72591723906852,43.05578823923605,0.6701289998324678,20 to <30%
30021,"Dawson County, Montana",8874.0,43.5,70953.0,187400.0,823.0,8.8023598820059,3.4598214285714284,15.238748000913867,72.42587601078166,25.532255482631662,0.0,16.45,44.80833333333334,41.35677259409511,40.11719630380888,1.2395762902862295,20 to <30%
30023,"Deer Lodge County, Montana",9512.0,49.6,49533.0,209700.0,661.0,18.148800352190182,4.912430585219991,17.181256810751908,69.47368421052632,22.276444209970983,0.0,23.23,38.1,55.92935239697225,44.99579478553406,10.933557611438184,20 to <30%
30025,"Fallon County, Montana",2817.0,37.2,72284.0,237000.0,772.0,12.059571376679985,0.0,21.08890420399724,69.78165938864629,16.52173913043478,0.0,17.93,45.0,16.32942847000355,48.27831025914093,-31.94888178913738,Under 20%
30027,"Fergus County, Montana",11581.0,45.3,59731.0,202700.0,868.0,14.925240299038803,3.486583490001709,13.448735019973368,66.01923076923077,23.765177413650832,1.0,19.39,45.65833333333333,43.00146792159572,39.97927640100164,3.0221915205940766,20 to <30%
30029,"Flathead County, Montana",108445.0,42.1,71327.0,467700.0,1094.0,9.572375474283797,3.033775304195995,14.485357619533643,74.04287550495776,36.03414533656075,0.0,26.74,42.0,55.10627507031214,42.75900225920974,12.347272811102401,30 to <40%
30031,"Gallatin County, Montana",122194.0,33.8,87454.0,604900.0,1574.0,10.210406548245762,2.344400644050858,9.998380974653259,61.52185644900162,53.142171414135035,0.0,25.08,40.416666666666664,61.08319557425078,59.78198602222695,1.301209552023831,40% or more
30035,"Glacier County, Montana",13713.0,34.2,45129.0,153400.0,553.0,30.291620524178665,9.318472501370364,21.922933034044146,64.87781504551988,18.055054694073807,0.0,18.61,42.28333333333334,23.62721505141107,25.37737912929337,-1.7501640778823015,Under 20%
30039,"Granite County, Montana",3419.0,53.9,54646.0,339500.0,734.0,10.427248282043621,6.449422946367957,47.216890595009595,76.43636363636364,31.230529595015575,0.0,21.22,40.4,71.95086282538755,41.5326118748172,30.418250950570343,30 to <40%
30041,"Hill County, Montana",16260.0,34.0,55313.0,187600.0,752.0,19.656236227412958,4.214002642007926,13.910398230088495,66.81657565049791,25.581163324353987,1.0,11.67,43.43333333333334,34.31734317343174,39.36039360393604,-5.043050430504305,20 to <30%
30043,"Jefferson County, Montana",12501.0,47.3,76576.0,408000.0,886.0,6.289256872501835,2.8462050599201065,9.242761692650333,83.12883435582822,32.676393728223,0.0,20.68,41.858333333333334,75.75393968482521,57.195424366050716,18.558515318774496,30 to <40%
30045,"Judith Basin County, Montana",2053.0,50.9,55417.0,214200.0,502.0,15.812591508052709,1.4591439688715953,26.439578264395784,75.303197353914,28.263795423956932,0.0,21.21,43.18333333333334,24.354603019970774,31.17389186556259,-6.819288845591817,20 to <30%
30047,"Lake County, Montana",32073.0,43.8,61965.0,369200.0,884.0,17.71928163368368,6.389063262886238,26.019323084401773,73.79876796714579,30.515600796636424,0.0,20.88,45.050000000000004,50.44741683035575,38.318835157297414,12.128581673058335,30 to <40%
30049,"Lewis and Clark County, Montana",72580.0,41.3,74543.0,358200.0,1062.0,8.716832795170575,3.513841998649561,9.403906965747554,69.68846843908008,42.81138997263145,0.0,20.38,42.35,48.1124276660237,44.65417470377515,3.458252962248553,40% or more
30051,"Liberty County, Montana",1968.0,37.5,53264.0,116800.0,668.0,25.463917525773194,0.24906600249066002,17.66826923076923,64.23357664233576,27.34785875281743,0.0,11.38,44.0,19.817073170731707,51.32113821138211,-31.504065040650406,20 to <30%
30053,"Lincoln County, Montana",20656.0,52.6,47018.0,258700.0,810.0,16.168192275686526,5.398361876396128,19.406787371485763,79.01332129148793,18.045868677348412,0.0,24.41,43.73333333333333,55.81913245546088,37.42254066615027,18.396591789310612,Under 20%
30057,"Madison County, Montana",8975.0,54.1,67420.0,440500.0,1159.0,6.772997865887903,1.4965001206854935,42.185792349726775,80.6373210910073,34.33385247062155,0.0,24.96,40.1,71.53203342618384,57.15877437325905,14.37325905292479,30 to <40%
30059,"Meagher County, Montana",1979.0,59.9,56215.0,244400.0,871.0,10.729166666666666,0.09784735812133072,38.56164383561644,82.38573021181716,28.543435662965383,0.0,22.89,41.19166666666667,37.39262253663466,33.85548256695301,3.5371399696816574,20 to <30%
30061,"Mineral County, Montana",4796.0,50.1,61117.0,313600.0,746.0,17.85332478084242,3.953712632594021,17.010509926041262,80.30018761726079,26.57946006123017,0.0,27.77,43.51666666666667,67.97331109257715,49.41618015012511,18.557130942452044,20 to <30%
30063,"Missoula County, Montana",119639.0,37.0,71246.0,423100.0,1125.0,10.9275426696964,4.455765229245892,7.795314955006428,59.656868440416716,45.8939898413007,0.0,25.2,42.84166666666667,49.8833992260049,46.422989159053486,3.460410066951412,40% or more
30065,"Musselshell County, Montana",5068.0,51.3,59010.0,221200.0,865.0,15.3,5.945945945945946,20.39596563317146,82.54340685124355,21.93074501573977,1.0,17.39,46.96666666666667,54.064719810576165,46.369376479873715,7.695343330702447,20 to <30%
30067,"Park County, Montana",17484.0,46.2,66607.0,429700.0,927.0,13.065036900369003,2.8834816164647874,13.962696676044597,69.61366113600582,38.08682855040471,1.0,27.88,40.06666666666667,71.09357126515671,58.73941889727751,12.354152367879204,30 to <40%
30071,"Phillips County, Montana",4224.0,44.9,58156.0,175000.0,623.0,9.409772617319787,3.404471544715447,20.850111856823265,74.84454494064443,20.613456464379947,1.0,12.74,44.541666666666664,20.833333333333332,21.306818181818183,-0.4734848484848485,20 to <30%
30073,"Pondera County, Montana",6012.0,41.2,53500.0,179200.0,806.0,22.851330734022717,6.452788917243893,18.634217217580822,66.65178571428571,19.51395572666025,0.0,13.43,44.18333333333334,36.09447771124418,31.76979374584165,4.324683965402528,Under 20%
30077,"Powell County, Montana",7029.0,43.3,63432.0,255700.0,770.0,6.3428571428571425,4.1233140655105975,20.91613337824183,69.4633730834753,19.03039073806078,0.0,23.57,40.925000000000004,42.680324370465215,39.40816616872955,3.2721582017356665,Under 20%
30081,"Ravalli County, Montana",45807.0,48.9,71323.0,435000.0,1054.0,8.282996902936718,3.3165070528848424,10.991563181344203,78.58245912987913,29.78255204563222,0.0,24.009999999999998,41.25833333333333,57.48029777108302,44.49101665684284,12.989281114240182,20 to <30%
30083,"Richland County, Montana",11329.0,38.0,69578.0,259000.0,866.0,7.14854463416792,3.769808173477898,19.499105545617173,69.8,19.410676532769557,0.0,14.56,44.300000000000004,40.25068408509136,49.872009886132936,-9.621325801041575,Under 20%
30085,"Roosevelt County, Montana",10665.0,30.5,53125.0,119400.0,707.0,30.5978898007034,8.431915429146741,26.367668802365696,68.57429718875503,19.859889214727925,1.0,12.02,43.425000000000004,20.909517112048757,27.47304266291608,-6.563525550867323,Under 20%
30087,"Rosebud County, Montana",8236.0,36.7,56430.0,188900.0,644.0,21.58423114593536,8.960573476702509,18.91677675033025,66.3408276311502,18.884369552585706,0.0,17.92,46.675000000000004,42.860611947547355,38.9752306945119,3.885381253035454,Under 20%
30089,"Sanders County, Montana",12936.0,54.6,54035.0,323800.0,774.0,15.087223008015087,4.227184045089963,19.67889232582118,79.97432605905007,21.559725585149312,1.0,22.650000000000002,44.11666666666667,60.52875695732838,40.275200989486706,20.25355596784168,20 to <30%
30091,"Sheridan County, Montana",3677.0,44.7,63654.0,111600.0,749.0,10.013908205841446,2.4622271964185787,28.257686676427525,76.59863945578232,24.650283553875237,1.0,11.03,42.625,10.334511830296437,30.459613815610552,-20.125101985314114,20 to <30%
30093,"Silver Bow County, Montana",35589.0,40.3,57504.0,223500.0,810.0,16.165359117621517,4.333791619343654,11.778569786157737,70.48934645207532,27.70782922527991,0.0,21.42,39.86666666666667,41.97926325550029,37.5115906600354,4.467672595464891,20 to <30%
30095,"Stillwater County, Montana",9052.0,47.4,81503.0,355600.0,968.0,8.254322364751813,3.3435314685314683,16.920764440627014,80.77022486430602,29.76659593816308,1.0,21.37,44.38333333333333,63.07998232434821,60.2076889085285,2.8722934158197084,20 to <30%
30097,"Sweet Grass County, Montana",3713.0,44.0,69426.0,295500.0,1073.0,7.815468113975577,2.192513368983957,22.3950233281493,76.15230460921843,23.068181818181817,0.0,23.98,43.48333333333333,47.40102343118772,44.16913546997037,3.2318879612173443,20 to <30%
30099,"Teton County, Montana",6291.0,43.0,67766.0,235500.0,750.0,10.463791700569569,1.5047879616963065,16.655336505778383,74.9184339314845,25.877702859800046,0.0,15.92,43.708333333333336,52.77380384676522,42.2826259736131,10.491177873152122,20 to <30%
30101,"Toole County, Montana",5028.0,38.8,53693.0,187400.0,753.0,12.264792564044434,4.0,21.52389151958674,64.56390565002742,21.515151515151516,0.0,10.45,44.9,48.13046937151949,33.41288782816229,14.7175815433572,20 to <30%
30105,"Valley County, Montana",7540.0,43.2,64515.0,198600.0,769.0,12.877756602232507,3.290375651220181,30.44909475664237,77.65382014874915,21.518752320831787,1.0,11.99,43.10833333333333,31.16710875331565,37.79840848806366,-6.63129973474801,20 to <30%
30107,"Wheatland County, Montana",2049.0,47.3,47054.0,172700.0,741.0,23.675086676572562,0.9389671361502347,25.36669542709232,76.18497109826589,17.788141239173886,0.0,18.95,43.80833333333333,27.81844802342606,38.55539287457296,-10.736944851146902,Under 20%
30111,"Yellowstone County, Montana",167340.0,38.7,74400.0,317600.0,1084.0,10.22918958562523,3.4214211706839426,5.5763804642667285,69.31227624437003,33.9223135907845,0.0,17.47,47.666666666666664,40.65375881438987,38.066212501493965,2.5875463128959004,30 to <40%
31001,"Adams County, Nebraska",31034.0,38.8,65680.0,185800.0,853.0,12.75718774282915,2.280190842059607,6.899538106235566,68.67441860465117,28.81679389312977,0.0,22.3,52.449999999999996,38.73171360443385,41.1161951408133,-2.3844815363794547,20 to <30%
31003,"Antelope County, Nebraska",6302.0,42.7,63750.0,116900.0,746.0,10.035438144329897,1.7017326732673268,14.535623409669212,75.62337179010048,19.920966992096698,0.0,28.68,50.06666666666666,36.496350364963504,35.70295144398604,0.7933989209774674,Under 20%
31011,"Boone County, Nebraska",5366.0,43.2,71367.0,164700.0,734.0,9.196275888276649,1.380813953488372,13.477406679764243,79.24613987284287,18.88412017167382,0.0,28.779999999999998,50.708333333333336,33.54453969437197,31.308237048080507,2.2363026462914646,Under 20%
31013,"Box Butte County, Nebraska",10754.0,40.7,68778.0,161100.0,771.0,9.955647824856092,1.6008732035655813,13.11757947146687,75.4683711703769,20.075553157042634,0.0,22.63,47.86666666666667,36.45155291054491,38.497303328993866,-2.0457504184489492,20 to <30%
31015,"Boyd County, Nebraska",1704.0,54.9,58984.0,104000.0,650.0,10.23339317773788,2.456140350877193,34.612176814011676,83.03571428571429,19.568567026194145,0.0,28.2,49.583333333333336,19.366197183098592,24.061032863849764,-4.694835680751174,Under 20%
31017,"Brown County, Nebraska",2739.0,45.9,51538.0,100200.0,932.0,12.148148148148149,0.8064516129032258,26.565349544072948,73.84105960264901,21.199796644636503,0.0,28.74,49.00833333333333,27.01715954728003,34.68419131069734,-7.667031763417306,20 to <30%
31019,"Buffalo County, Nebraska",50323.0,34.6,74570.0,236800.0,911.0,11.0198052758592,2.7858100007052684,7.171521646758888,65.16122469738582,34.6373346086402,0.0,24.990000000000002,51.56666666666667,42.62464479462671,42.98233412157463,-0.35768932694791644,30 to <40%
31021,"Burt County, Nebraska",6730.0,44.8,57303.0,125400.0,688.0,13.689759036144578,2.641509433962264,14.110245656081485,77.1886989884897,25.72866429020759,0.0,24.11,51.53333333333333,41.90193164933135,48.588410104011885,-6.686478454680535,20 to <30%
31023,"Butler County, Nebraska",8413.0,42.7,82603.0,165700.0,753.0,7.562008469449486,1.1915269196822595,12.23021582733813,80.29960429621255,25.227858985382632,0.0,21.060000000000002,52.15833333333333,37.67978129085938,44.57387376678949,-6.894092475930108,20 to <30%
31025,"Cass County, Nebraska",26963.0,41.0,88255.0,247200.0,987.0,4.868024132730015,1.9927536231884058,10.348047538200339,83.83675788277625,31.882813757579008,1.0,27.08,53.1,57.337833327152026,55.520528131142676,1.817305196009346,30 to <40%
31027,"Cedar County, Nebraska",8344.0,41.9,73977.0,175500.0,683.0,6.211637613552664,1.4722536806342015,12.423155737704919,78.73647265282246,24.98655673059688,0.0,28.09,49.46666666666667,34.87535953978907,38.95014381591563,-4.074784276126558,20 to <30%
31029,"Chase County, Nebraska",3639.0,41.8,62782.0,178700.0,749.0,7.769985974754558,1.7038777908343126,23.155080213903744,77.52261656228254,24.095427435387673,0.0,19.11,51.324999999999996,42.59411926353394,41.22011541632317,1.3740038472107723,20 to <30%
31031,"Cherry County, Nebraska",5468.0,43.5,63750.0,136000.0,873.0,7.197039777983349,0.44262853251617296,25.798934753661783,62.00089726334679,24.20943494038362,0.0,29.34,49.05833333333334,41.69714703730797,40.23408924652524,1.463057790782736,20 to <30%
31033,"Cheyenne County, Nebraska",9478.0,42.0,57594.0,129100.0,912.0,11.091984938138784,2.8946828166700884,10.949652067130577,66.9271431854746,22.092501122586437,0.0,21.779999999999998,48.800000000000004,48.42793838362524,46.423296054019836,2.004642329605402,20 to <30%
31035,"Clay County, Nebraska",6084.0,40.1,75938.0,146300.0,701.0,8.142067347964483,1.4655441222326162,12.109375,80.64646464646465,22.861920688007643,0.0,22.95,52.71666666666667,38.62590401051939,43.0637738330046,-4.437869822485207,20 to <30%
31037,"Colfax County, Nebraska",10541.0,35.0,79720.0,128800.0,902.0,8.708301008533747,1.4908890115958033,8.933933933933934,76.06485298158834,14.093343534812547,0.0,22.71,52.225,36.33431363248269,46.674888530499956,-10.340574898017266,Under 20%
31039,"Cuming County, Nebraska",8976.0,40.8,70708.0,174900.0,800.0,7.759303246239114,2.121524201853759,8.867469879518072,71.25859333685881,24.818121693121693,0.0,23.66,51.03333333333333,32.53119429590018,36.76470588235294,-4.233511586452763,20 to <30%
31041,"Custer County, Nebraska",10544.0,42.3,66310.0,160500.0,794.0,8.638894221539642,2.867184609692934,16.413430876008253,70.8931777378815,25.621754577753485,0.0,26.88,50.05833333333334,42.77314112291351,39.92792109256449,2.845220030349014,20 to <30%
31043,"Dakota County, Nebraska",21331.0,32.1,71655.0,168100.0,1053.0,11.166429587482218,4.277152197602615,6.363053239255933,64.55678860117824,15.123175182481752,0.0,27.53,50.166666666666664,48.520931976934975,59.678402325254325,-11.157470348319347,Under 20%
31045,"Dawes County, Nebraska",8212.0,35.2,54381.0,146500.0,1014.0,12.603110209601082,1.523897483260217,15.748816346872664,65.72020112392784,35.165913999607305,0.0,24.68,48.69166666666666,47.12615684364345,51.388212372138334,-4.262055528494885,30 to <40%
31047,"Dawson County, Nebraska",24020.0,35.8,65383.0,157800.0,861.0,12.337635041405692,1.9016288213110808,9.318525996971227,64.6626586506346,17.538161740824943,0.0,21.4,50.9,44.004995836802664,48.00166527893422,-3.996669442131557,Under 20%
31049,"Deuel County, Nebraska",1865.0,50.7,61438.0,97200.0,827.0,9.086021505376344,3.255813953488372,17.5,82.66666666666667,22.496371552975326,0.0,19.169999999999998,49.4,25.201072386058982,64.87935656836461,-39.67828418230563,20 to <30%
31051,"Dixon County, Nebraska",5561.0,42.1,69156.0,141400.0,661.0,7.07624794295118,2.2790055248618786,11.511075949367088,77.29101475189987,23.74698472259448,0.0,27.61,49.38333333333333,36.863873404064016,44.41647185757957,-7.552598453515555,20 to <30%
31053,"Dodge County, Nebraska",37146.0,38.9,71294.0,188100.0,985.0,9.321071438464308,3.078456052024334,10.209629674379267,66.76983112426832,21.546307629538962,0.0,23.47,52.35,46.223011898993164,42.211812846605284,4.011199052387875,20 to <30%
31055,"Douglas County, Nebraska",585461.0,35.5,79081.0,245800.0,1162.0,11.246619309424835,3.7954978583693415,5.473437022501729,61.7457886676876,42.23655936411241,0.0,25.400000000000002,53.025,38.91804919542036,42.02329446367905,-3.1052452682586886,40% or more
31059,"Fillmore County, Nebraska",5551.0,46.3,76354.0,131200.0,667.0,7.893263668594887,0.6010756089844985,12.843029637760702,80.14273719563393,21.93642319825285,0.0,22.68,53.15833333333333,35.1288056206089,30.084669428931726,5.044136191677175,20 to <30%
31061,"Franklin County, Nebraska",2868.0,49.0,57692.0,99100.0,613.0,14.122681883024251,3.264094955489614,16.396629941672067,79.45736434108527,20.009394081728512,0.0,25.78,52.84166666666667,42.189679218967925,33.82147838214784,8.368200836820083,20 to <30%
31063,"Frontier County, Nebraska",2562.0,42.8,68207.0,138800.0,605.0,12.059064807219032,3.8338658146964857,23.250728862973762,71.88983855650523,26.09699769053118,0.0,23.68,51.574999999999996,53.08352849336456,47.61904761904762,5.46448087431694,20 to <30%
31065,"Furnas County, Nebraska",4605.0,46.4,60625.0,91800.0,805.0,12.34485815602837,1.172607879924953,20.20684168655529,76.91924227318046,22.256190767349434,0.0,23.38,52.36666666666667,46.68838219326819,47.33984799131379,-0.6514657980456026,20 to <30%
31067,"Gage County, Nebraska",21646.0,42.8,64426.0,167100.0,770.0,13.195391488361157,1.4854208692462865,11.819056785370549,72.27679545950666,22.12785568503522,0.0,25.26,53.6,42.68687055345099,38.39046475099325,4.296405802457729,20 to <30%
31069,"Garden County, Nebraska",1620.0,54.1,44777.0,95500.0,675.0,14.061519146264908,2.5714285714285716,28.89079965606191,78.35550181378477,20.70626003210273,0.0,20.14,48.75833333333333,25.925925925925927,42.592592592592595,-16.666666666666668,20 to <30%
31071,"Garfield County, Nebraska",1797.0,45.0,68611.0,144900.0,519.0,11.652173913043478,1.8181818181818181,23.23439099283521,74.4,32.67871170463472,0.0,28.82,48.93333333333334,40.62326099053979,39.51029493600445,1.1129660545353366,30 to <40%
31073,"Gosper County, Nebraska",1929.0,49.2,79145.0,202700.0,797.0,7.018469656992084,1.8789144050104385,35.732009925558316,82.1106821106821,28.80658436213992,0.0,21.61,51.48333333333333,52.87713841368585,55.46915500259202,-2.592016588906169,20 to <30%
31077,"Greeley County, Nebraska",2211.0,44.5,58894.0,87800.0,643.0,11.177278973889143,2.3099133782483157,21.713810316139767,82.2529224229543,18.448500651890484,0.0,27.759999999999998,50.43333333333334,33.46901854364541,33.921302578018995,-0.4522840343735866,Under 20%
31079,"Hall County, Nebraska",62431.0,36.0,67549.0,207900.0,911.0,11.751767734367363,3.301565690946222,3.8262994049730072,63.242645251167744,21.11330615919378,0.0,20.72,52.36666666666667,36.232000128141465,45.57030962182249,-9.338309493681024,20 to <30%
31081,"Hamilton County, Nebraska",9438.0,41.3,79884.0,238700.0,776.0,6.7255874110799745,3.3582089552238807,15.114022319262494,82.96656187482138,29.577901924270638,0.0,20.16,52.85,48.95104895104895,36.87221869040051,12.078830260648443,20 to <30%
31083,"Harlan County, Nebraska",3006.0,47.1,70536.0,147200.0,708.0,7.208121827411167,1.646090534979424,36.507936507936506,84.83333333333333,24.17530631479736,0.0,25.32,52.80833333333334,36.260811709913504,40.58549567531603,-4.324683965402528,20 to <30%
31085,"Hayes County, Nebraska",854.0,48.7,60313.0,112800.0,419.0,12.295081967213115,0.25510204081632654,25.46972860125261,71.1484593837535,15.9375,0.0,22.1,51.275,32.78688524590164,49.18032786885246,-16.39344262295082,Under 20%
31087,"Hitchcock County, Nebraska",2601.0,44.7,52016.0,88800.0,715.0,11.617933723196881,2.0903010033444818,28.160919540229884,79.11111111111111,19.771863117870723,0.0,24.12,52.125,28.450595924644368,42.67589388696655,-14.225297962322184,Under 20%
31089,"Holt County, Nebraska",10093.0,41.8,67225.0,152000.0,724.0,10.834170854271356,1.3650546021840875,17.145769622833843,72.83464566929133,27.014080418057773,0.0,28.94,49.09166666666667,26.553056573863074,32.39869216288517,-5.845635589022095,20 to <30%
31093,"Howard County, Nebraska",6492.0,42.3,74508.0,205200.0,811.0,5.443453777569216,3.398496240601504,13.79191151054269,74.05773857257418,22.96994167788246,0.0,22.73,51.63333333333333,33.271719038817004,36.814540973505856,-3.5428219346888477,20 to <30%
31095,"Jefferson County, Nebraska",7155.0,44.7,60568.0,117600.0,659.0,9.874069834001144,1.084010840108401,15.010917030567686,72.15799614643545,19.698173153296267,0.0,22.46,54.025,35.779175401816914,49.75541579315164,-13.97624039133473,Under 20%
31097,"Johnson County, Nebraska",5263.0,40.1,59457.0,131500.0,777.0,6.809202881710434,2.036949313121743,16.267942583732058,68.45714285714286,18.977907905243544,0.0,27.76,53.458333333333336,32.30096902907087,33.82101463043891,-1.520045601368041,Under 20%
31099,"Kearney County, Nebraska",6697.0,40.3,79167.0,218300.0,787.0,6.690887072358462,1.4238773274917853,8.542713567839195,78.3882783882784,32.90561113527621,0.0,24.23,51.85,45.54278034941019,41.06316261012394,4.4796177392862475,30 to <40%
31101,"Keith County, Nebraska",8239.0,49.0,58132.0,157000.0,772.0,10.717361880152577,2.0423412204234124,26.85820203892493,70.78053725291434,21.346280447662934,0.0,19.04,50.175000000000004,39.32516082048792,44.78698871222236,-5.461827891734433,20 to <30%
31105,"Kimball County, Nebraska",3348.0,48.5,59438.0,109900.0,853.0,11.090686274509803,0.18438844499078058,15.507726269315674,71.91378184193337,14.285714285714286,0.0,21.4,47.09166666666667,46.59498207885304,41.51732377538829,5.077658303464755,Under 20%
31107,"Knox County, Nebraska",8362.0,44.5,64821.0,116900.0,692.0,13.185873151655873,3.8527188490612048,28.53987187983212,78.57805255023185,19.67927488234269,0.0,28.36,49.775,28.34250179382923,30.375508251614445,-2.033006457785219,Under 20%
31109,"Lancaster County, Nebraska",323673.0,34.3,72625.0,258900.0,1045.0,11.680917185965251,3.1513269182773636,4.391168470397592,58.842178538460374,41.07453278506882,0.0,24.67,53.65833333333333,32.93138445282739,33.864424897968014,-0.9330404451406203,40% or more
31111,"Lincoln County, Nebraska",34122.0,42.4,64342.0,183100.0,867.0,12.837594526467411,3.0784393298162214,12.037874675833786,64.1549537195749,20.41537038594131,0.0,22.330000000000002,50.24166666666667,35.16792685071215,41.93775276947424,-6.769825918762089,20 to <30%
31119,"Madison County, Nebraska",35535.0,37.1,64637.0,196000.0,851.0,11.783062209251929,2.5378545532096397,7.930518508880359,67.54522328999435,23.494727781364322,0.0,27.41,50.94166666666666,41.70536091177712,44.29435767553117,-2.588996763754045,20 to <30%
31121,"Merrick County, Nebraska",7696.0,42.8,62849.0,168000.0,772.0,8.742229863774632,0.6134969325153374,10.435267857142858,80.59190031152647,17.56007393715342,0.0,20.25,52.68333333333334,45.08835758835759,39.11122661122661,5.977130977130977,Under 20%
31123,"Morrill County, Nebraska",4544.0,41.3,59773.0,112000.0,744.0,12.434998869545558,4.081632653061225,16.95957820738137,77.98941798941799,21.816449666560814,0.0,21.08,48.93333333333334,41.153169014084504,48.63556338028169,-7.482394366197183,20 to <30%
31125,"Nance County, Nebraska",3342.0,43.6,65438.0,122800.0,776.0,16.129032258064516,3.0391583869082406,17.016029593094945,78.67756315007429,18.40068787618229,0.0,23.56,51.86666666666667,27.22920406941951,34.70975463794135,-7.480550568521843,Under 20%
31127,"Nemaha County, Nebraska",7035.0,39.0,60132.0,125100.0,727.0,13.01223241590214,6.3341931785611925,15.22460054265903,70.59032716927453,29.162156310889802,0.0,28.32,53.98333333333333,37.38450604122246,28.855721393034827,8.528784648187633,20 to <30%
31129,"Nuckolls County, Nebraska",4089.0,50.5,70201.0,90900.0,616.0,7.434944237918216,0.9602194787379973,17.989179440937782,81.47333699835075,26.64941785252264,0.0,21.87,53.46666666666667,25.434091464905844,36.68378576669112,-11.249694301785278,20 to <30%
31131,"Otoe County, Nebraska",16075.0,41.8,81430.0,185000.0,905.0,9.541816348396042,2.829741889651906,8.07213396307428,80.16503191654989,27.18129926610492,0.0,28.71,53.31666666666666,48.95800933125972,47.153965785381025,1.8040435458786936,20 to <30%
31133,"Pawnee County, Nebraska",2539.0,47.1,54926.0,74800.0,616.0,14.066908504635228,1.6507384882710687,23.617021276595743,80.87279480037141,20.37564029595902,0.0,28.78,53.55833333333334,37.41630563213864,45.687278456085075,-8.270972823946435,20 to <30%
31135,"Perkins County, Nebraska",2835.0,41.0,67500.0,149200.0,783.0,7.656529516994634,1.5625,14.116777531411678,77.71084337349397,25.72151898734177,0.0,18.06,50.425000000000004,45.14991181657848,35.27336860670194,9.876543209876543,20 to <30%
31137,"Phelps County, Nebraska",8983.0,40.7,65988.0,173300.0,724.0,13.613406795224977,1.164835164835165,8.064516129032258,69.8612202147159,26.74418604651163,0.0,23.2,51.6,37.960592229767336,43.971947011020816,-6.011354781253479,20 to <30%
31139,"Pierce County, Nebraska",7312.0,39.7,75938.0,182700.0,850.0,7.971619365609349,2.2240085744908895,8.86197003506535,78.52395942637285,22.922983626440267,0.0,26.72,50.083333333333336,32.822757111597376,42.806345733041574,-9.983588621444202,20 to <30%
31141,"Platte County, Nebraska",34358.0,38.4,72335.0,207800.0,867.0,8.724238582421794,2.5741071912426166,5.714285714285714,72.50335871025526,24.086645824028583,0.0,23.46,51.73333333333333,38.68094766866523,44.47290296291985,-5.791955294254613,20 to <30%
31143,"Polk County, Nebraska",5209.0,43.7,71771.0,177800.0,692.0,6.2243100411039345,1.5034965034965035,18.462757527733757,81.63265306122449,18.579686209744015,0.0,20.94,52.74166666666667,41.466692263390286,43.38644653484354,-1.919754271453254,Under 20%
31145,"Red Willow County, Nebraska",10611.0,41.2,60000.0,143500.0,778.0,14.107681822607342,1.4581026208933185,13.981409759876065,73.16524088248536,26.032714166897698,0.0,23.51,52.56666666666666,34.96371689755914,43.539722929035904,-8.57600603147677,20 to <30%
31147,"Richardson County, Nebraska",7797.0,45.9,55578.0,96500.0,692.0,10.577800965175427,4.540736896730669,12.757100881488736,74.5158574235195,22.377622377622377,0.0,28.44,54.708333333333336,30.524560728485316,28.47248941900731,2.0520713094780043,20 to <30%
31149,"Rock County, Nebraska",1335.0,45.2,57500.0,124400.0,608.0,10.484511517077046,1.2012012012012012,29.79493365500603,75.77319587628865,29.04255319148936,0.0,29.55,48.55833333333334,41.19850187265918,29.213483146067414,11.985018726591761,20 to <30%
31151,"Saline County, Nebraska",14642.0,37.4,77027.0,180700.0,833.0,9.500321681321038,2.7210884353741496,10.529961898164185,73.63530778164925,20.12667904335481,0.0,22.62,53.63333333333333,41.592678595820246,46.16855620816828,-4.57587761234804,20 to <30%
31153,"Sarpy County, Nebraska",194051.0,35.5,101402.0,287600.0,1284.0,5.178474851270957,2.4339168261039243,3.4956768889538203,70.61697471821196,41.86825337480411,0.0,25.21,53.150000000000006,76.74271196747247,66.97723794260271,9.76547402486975,40% or more
31155,"Saunders County, Nebraska",22761.0,40.4,89395.0,241100.0,930.0,6.420588628166882,2.06286836935167,13.137679732125271,81.66666666666667,30.303615077833527,0.0,23.700000000000003,53.050000000000004,53.380782918149464,49.99780325996222,3.38297965818725,30 to <40%
31157,"Scotts Bluff County, Nebraska",35937.0,39.8,60960.0,161400.0,889.0,13.921451185077437,3.427442123094297,8.382906397960422,68.33631484794276,25.90235289286741,0.0,20.830000000000002,49.225,34.92222500486963,35.395275064696555,-0.47305005982691933,20 to <30%
31159,"Seward County, Nebraska",17636.0,37.6,81122.0,232400.0,969.0,6.885787734116783,1.8933417481855475,6.906696553656486,72.08427389014297,31.621231269182164,0.0,21.23,53.074999999999996,45.0782490360626,41.90292583352234,3.1753232025402585,30 to <40%
31161,"Sheridan County, Nebraska",5058.0,46.6,56900.0,102900.0,771.0,10.738392309265699,1.2981744421906694,21.523668639053255,69.83977379830348,21.73793103448276,0.0,25.220000000000002,48.09166666666667,41.913799920917356,43.69315935152234,-1.7793594306049823,20 to <30%
31163,"Sherman County, Nebraska",2974.0,47.9,61935.0,135000.0,866.0,9.492803289924606,4.590163934426229,27.991096271563716,76.35239567233384,18.849391955098223,0.0,25.849999999999998,50.875,28.9172831203766,40.68594485541358,-11.768661735036988,Under 20%
31167,"Stanton County, Nebraska",5835.0,42.0,78275.0,184300.0,817.0,7.080874696286012,0.41949015811552115,7.515151515151516,77.28265618173874,22.347066167290887,0.0,25.23,51.333333333333336,51.9280205655527,42.50214224507284,9.425878320479862,20 to <30%
31169,"Thayer County, Nebraska",4938.0,46.2,63095.0,106200.0,738.0,9.002079002079002,3.023070803500398,17.31532962668785,75.64841498559078,23.021788990825687,0.0,22.64,53.78333333333333,38.679627379505874,36.452004860267316,2.227622519238558,20 to <30%
31173,"Thurston County, Nebraska",6666.0,28.7,64838.0,105100.0,698.0,18.00397371236436,10.260640052787858,13.406113537117903,61.069087241553206,20.249052517596102,0.0,25.86,50.34166666666667,33.903390339033905,36.003600360036,-2.1002100210021,20 to <30%
31175,"Valley County, Nebraska",4094.0,45.4,58902.0,122200.0,616.0,9.253287025551971,0.38113387327298714,13.89413988657845,72.88693743139407,27.63836369886559,0.0,27.51,49.699999999999996,29.066927210552027,39.81436248168051,-10.74743527112848,20 to <30%
31177,"Washington County, Nebraska",20989.0,42.6,90188.0,278300.0,958.0,6.906849051151141,1.8671645772205923,3.162146566647432,82.19520915266357,36.514234008491684,0.0,24.9,52.50833333333333,53.64714850636047,54.88589261041498,-1.2387441040545046,30 to <40%
31179,"Wayne County, Nebraska",9786.0,31.6,67687.0,203700.0,732.0,13.171556199444646,3.446399419553782,5.3108482255222755,67.99574694311536,29.36435244550284,0.0,25.97,49.949999999999996,36.58287349274474,42.50970774575925,-5.92683425301451,20 to <30%
31181,"Webster County, Nebraska",3385.0,44.6,65197.0,102000.0,673.0,9.93939393939394,0.7291082445316882,14.940577249575552,81.30405854956753,21.87629721876297,0.0,24.330000000000002,53.23333333333333,36.04135893648449,30.428360413589363,5.612998522895126,20 to <30%
31185,"York County, Nebraska",14231.0,39.0,74058.0,175900.0,885.0,9.035964781375913,2.1352313167259784,11.928774030885597,74.64662730363213,23.862687813021704,0.0,20.36,53.0,43.98847586255358,47.71273979340876,-3.7242639308551753,20 to <30%
32001,"Churchill County, Nevada",25614.0,39.8,73268.0,298000.0,1203.0,9.139828126254919,6.498101484294097,10.948370560234347,68.05098684210526,18.608322995376113,0.0,8.98,50.89166666666667,63.24666198172874,64.22269071601468,-0.9760287342859374,Under 20%
32003,"Clark County, Nevada",2293764.0,38.3,73845.0,400800.0,1518.0,13.208193681651421,7.423350155681512,9.464293345869482,57.04833026111133,27.30858178753908,0.0,8.56,63.800000000000004,37.73709937029267,33.92807629729998,3.809023072992688,20 to <30%
32005,"Douglas County, Nevada",49624.0,54.2,88018.0,587400.0,1545.0,8.287762790132458,3.1653198803518015,14.240416277084435,78.36556693211983,32.05157607726219,1.0,22.85,47.76666666666667,64.12219893599871,57.1497662421409,6.972432693857811,30 to <40%
32007,"Elko County, Nevada",53852.0,35.4,83427.0,282400.0,1126.0,11.027033162444903,4.2583852721835935,11.287614033495212,70.44919676660186,17.537643932683793,0.0,15.950000000000001,44.14166666666667,45.327935824110526,46.94347470846022,-1.6155388843496992,Under 20%
32011,"Eureka County, Nevada",1660.0,50.1,73095.0,196601.2522249945,940.0,22.0677146311971,0.0,38.23529411764706,85.39682539682539,18.132854578096946,1.0,12.73,45.275,87.34939759036145,76.50602409638554,10.843373493975903,Under 20%
32013,"Humboldt County, Nevada",17299.0,37.6,79946.0,256800.0,998.0,12.159953298307064,5.41246290801187,9.294788695877624,73.56009718450764,19.7978021978022,0.0,13.5,48.725,45.60957280767674,58.500491357881955,-12.890918550205214,Under 20%
32015,"Lander County, Nevada",5745.0,37.3,84474.0,210500.0,1066.0,11.418563922942207,9.20611256056653,17.912048623525205,66.94250871080139,16.568047337278106,0.0,12.680000000000001,47.31666666666666,46.12706701479547,48.38990426457789,-2.2628372497824194,Under 20%
32017,"Lincoln County, Nevada",4452.0,43.6,69496.0,208900.0,754.0,6.596962907642519,1.7289459007250418,29.974160206718345,73.73923739237392,18.986549890522365,1.0,14.97,54.449999999999996,52.33602875112309,35.714285714285715,16.621743036837376,Under 20%
32019,"Lyon County, Nevada",60630.0,42.9,73460.0,342600.0,1259.0,11.009204688431229,6.298231650344326,6.300504040323226,76.58284592067626,17.20576552037226,1.0,12.53,50.18333333333334,79.94392215075045,62.7906976744186,17.15322447633185,Under 20%
32021,"Mineral County, Nevada",4557.0,41.9,50584.0,175000.0,1130.0,18.043576940535633,5.231509320505111,21.344232515894642,73.96073903002309,11.470408785845027,1.0,10.98,49.94166666666667,47.39960500329164,31.160851437349134,16.238753565942506,Under 20%
32023,"Nye County, Nevada",53207.0,52.4,55975.0,266000.0,1013.0,15.528439661798616,9.53757225433526,12.87620106408322,75.23128104634735,12.673745173745173,0.0,10.9,51.458333333333336,66.88969496494822,52.4930930140771,14.396601950871126,Under 20%
32027,"Pershing County, Nevada",6505.0,40.9,72007.0,166200.0,667.0,8.054260279779568,6.029477445288075,19.45050152638465,74.28262046561993,9.34844192634561,0.0,9.25,50.35,36.587240584166025,46.11837048424289,-9.531129900076865,Under 20%
32029,"Storey County, Nevada",4139.0,56.8,96000.0,393100.0,1007.0,7.073643410852713,6.824754193175246,11.268939393939394,97.38527214514407,31.630824372759857,1.0,15.2,49.708333333333336,78.27977772408795,65.47475235564146,12.805025368446485,30 to <40%
32031,"Washoe County, Nevada",491770.0,38.9,85600.0,496600.0,1507.0,10.68508982839217,4.965571932928178,8.279129489390417,59.474262357900116,33.182900476789115,0.0,14.82,48.416666666666664,40.43353600260284,38.757955955019625,1.6755800475832199,30 to <40%
32033,"White Pine County, Nevada",8856.0,41.7,72294.0,196700.0,933.0,8.385430823593367,4.924141602342295,18.0418571084917,77.51687701790432,14.15278403121717,0.0,16.259999999999998,44.80833333333334,43.699186991869915,41.327913279132794,2.3712737127371275,Under 20%
32510,"Carson City, Nevada",58364.0,42.1,71809.0,426700.0,1172.0,11.095160335205556,4.141428370192985,5.0196771343667175,63.20818535430408,24.50615380967061,0.0,18.67,49.199999999999996,60.87656774724145,62.76129120690837,-1.884723459666918,20 to <30%
33001,"Belknap County, New Hampshire",64300.0,48.3,87983.0,340000.0,1184.0,8.761730228443236,2.522075544136322,32.543003254300324,78.69285550195268,32.57467120088499,1.0,55.9,48.166666666666664,60.20217729393468,50.342146189735615,9.860031104199066,30 to <40%
33003,"Carroll County, New Hampshire",51259.0,54.2,82961.0,348900.0,1179.0,7.461654016445288,5.345322364645112,44.91149339316878,81.19116582186821,38.79496756437979,2.0,62.92,46.78333333333333,57.23872880859947,45.57248483193195,11.666243976667513,30 to <40%
33005,"Cheshire County, New Hampshire",76945.0,43.5,81001.0,257200.0,1220.0,8.94371309982055,3.2569686839388425,14.696592783072925,70.29063861856548,35.31541315956195,1.0,52.94,48.15833333333333,41.18526220027292,36.246669699135744,4.938592501137176,30 to <40%
33007,"Coos County, New Hampshire",31386.0,49.9,58439.0,169600.0,843.0,12.856948599401687,4.132622054156256,32.88649278741075,73.997684180055,20.16981671225048,2.0,55.41,42.86666666666667,42.34372012999427,39.15758618492321,3.1861339450710506,20 to <30%
33009,"Grafton County, New Hampshire",91759.0,44.0,84021.0,298500.0,1292.0,10.125158205596962,2.924999473162919,29.859357395392205,70.96407898745396,44.83746740251077,2.0,54.480000000000004,45.49166666666667,56.69198661711658,54.784816748220884,1.9071698688956942,40% or more
33011,"Hillsborough County, New Hampshire",424732.0,41.0,100436.0,385500.0,1532.0,6.510219167298665,3.331351830059809,5.103732327032639,67.5333269739823,40.62034820813797,0.0,57.43,49.583333333333336,41.699236224254356,42.17953909759566,-0.480302873341307,40% or more
33013,"Merrimack County, New Hampshire",155018.0,42.6,93944.0,330600.0,1293.0,7.09465119863817,3.0978475218414983,8.527542372881356,73.49822152369923,38.07981296068248,0.0,53.45,48.300000000000004,47.987975589931494,43.36270626636907,4.625269323562425,30 to <40%
33015,"Rockingham County, New Hampshire",317163.0,44.8,113927.0,461400.0,1619.0,4.774125516527285,3.4782608695652173,7.384347495262692,78.61645653616456,44.78056459676218,1.0,59.99,50.11666666666667,46.96638636915403,43.43823207625101,3.5281542929030185,40% or more
33017,"Strafford County, New Hampshire",131743.0,37.9,86564.0,332400.0,1413.0,8.81095649483361,3.6456176443084813,7.973362771981055,66.98204473337977,38.49487476001752,0.0,61.17,48.475,47.7065195114731,44.51849434125532,3.1880251702177724,30 to <40%
33019,"Sullivan County, New Hampshire",43529.0,47.3,75929.0,236300.0,1159.0,10.802534072048063,2.2795356674780005,26.59666742752796,74.82430499409168,30.516160447988312,1.0,53.27,47.041666666666664,49.00181488203267,43.12067816857727,5.881136713455398,30 to <40%
34001,"Atlantic County, New Jersey",274704.0,42.2,76819.0,272700.0,1325.0,13.106579505142678,8.139748351291429,17.706015048977306,67.83611744793583,31.161307053941908,0.0,44.57,56.85833333333333,29.47900285398101,31.637690022715358,-2.158687168734347,30 to <40%
34003,"Bergen County, New Jersey",954717.0,42.1,123715.0,593200.0,1863.0,6.718557620786332,5.450908771353356,4.132036305913957,65.36043724013393,52.61504255811656,0.0,56.79,55.31666666666666,39.732192890668124,40.79638259295687,-1.064189702288741,40% or more
34005,"Burlington County, New Jersey",464226.0,41.7,105271.0,326700.0,1669.0,6.769813133327311,5.123021109510377,5.156316501182543,75.73304704452245,41.99622955164189,0.0,46.72,56.775000000000006,47.62335586546208,43.444356843434015,4.178999022028064,40% or more
34007,"Camden County, New Jersey",524042.0,38.8,86384.0,262200.0,1346.0,12.15284616899744,6.91823448690985,5.919188697300036,65.02998967936222,35.27554408374422,0.0,46.15,57.14166666666667,39.33081699558432,39.781162578571944,-0.4503455829876231,30 to <40%
34009,"Cape May County, New Jersey",95236.0,51.4,88046.0,395000.0,1345.0,8.688114863068332,6.031162464985995,55.463989962358845,79.28959408596091,37.44732420745311,0.0,45.09,57.291666666666664,44.2584736864211,43.995967911294045,0.2625057751270528,30 to <40%
34011,"Cumberland County, New Jersey",152915.0,37.6,64499.0,205600.0,1254.0,16.252091389376783,7.522815215010587,6.751394157649075,65.55182692487955,17.94214715589206,0.0,43.879999999999995,57.13333333333333,27.799758035509925,27.40084360592486,0.3989144295850636,Under 20%
34013,"Essex County, New Jersey",854130.0,37.7,76712.0,494400.0,1459.0,15.029941483184954,8.332792247773899,5.387274623752049,44.531975947560895,37.88794210990507,0.0,58.63,55.949999999999996,38.13353939095922,45.85484645194526,-7.721307060986033,30 to <40%
34015,"Gloucester County, New Jersey",304504.0,40.1,102807.0,283500.0,1480.0,7.598049891939889,5.151469297581938,4.878754360588786,79.42502415113242,35.78302044321462,0.0,44.39,57.333333333333336,42.09468512728897,37.42479573338938,4.669889393899587,30 to <40%
34017,"Hudson County, New Jersey",710478.0,35.8,90032.0,508600.0,1811.0,14.801935396521133,5.885766190141586,6.775341290469101,31.182330012992637,47.90299671824087,0.0,57.0,57.291666666666664,55.68363833925892,70.47931111167411,-14.795672772415191,40% or more
34019,"Hunterdon County, New Jersey",129448.0,46.2,139453.0,498800.0,1707.0,3.8481195794903247,4.580368236755902,3.0554057178084304,84.79392710941536,56.499703113071504,0.0,55.21,53.64166666666667,45.41591990606267,43.0906618873988,2.325258018663865,40% or more
34021,"Mercer County, New Jersey",383286.0,39.2,96333.0,351000.0,1515.0,11.073541611339113,6.136191677175284,6.066401062416999,61.89136458745688,44.900184565116035,0.0,50.36,55.583333333333336,37.05066190781818,43.78975490886701,-6.7390930010488255,40% or more
34023,"Middlesex County, New Jersey",861535.0,39.4,109028.0,439300.0,1810.0,8.499631688207327,6.403518180843077,3.481317487438138,63.467491247014166,45.12754754320159,0.0,54.480000000000004,56.333333333333336,42.5310637408811,48.83608907357217,-6.305025332691069,40% or more
34025,"Monmouth County, New Jersey",643615.0,43.2,122727.0,566500.0,1771.0,6.4274056870252965,5.248815674600335,7.241739826788469,75.37240952057395,50.60127214563148,0.0,55.11,56.35833333333333,35.50725200624597,36.24993202457991,-0.7426800183339419,40% or more
34027,"Morris County, New Jersey",510375.0,42.7,134929.0,557000.0,1860.0,5.086991290924499,5.207455015551692,3.4091767324065634,73.90064637197665,57.24733473714423,0.0,57.43,53.19166666666666,42.20230222875337,43.2035268185158,-1.0012245897624297,40% or more
34029,"Ocean County, New Jersey",646434.0,41.4,86411.0,366600.0,1702.0,10.414067020062236,5.506279209066697,18.184220243156357,80.17108243175542,33.696207497422705,0.0,49.79,56.349999999999994,32.47663334539953,30.861619283639165,1.6150140617603654,30 to <40%
34031,"Passaic County, New Jersey",518289.0,38.1,87137.0,439400.0,1553.0,13.67171887367654,7.756191987423185,4.030975145465625,52.825852419590476,30.311067339369227,0.0,54.78,53.39166666666667,34.42287989905246,44.847565740349495,-10.424685841297038,30 to <40%
34033,"Salem County, New Jersey",64973.0,41.9,78412.0,223000.0,1185.0,12.764120435779096,7.482736974262398,10.306416726748377,71.2913468108195,23.977691069814608,0.0,42.75,57.300000000000004,47.019531189878876,41.30946700937312,5.710064180505748,20 to <30%
34035,"Somerset County, New Jersey",346203.0,41.9,135960.0,523900.0,1921.0,5.490316004077472,4.773457845052083,2.5385640400207783,74.47454406414386,57.35099175176748,0.0,54.18,54.88333333333333,53.01225003827234,53.454187283183565,-0.4419372449112226,40% or more
34037,"Sussex County, New Jersey",145117.0,44.1,114316.0,342800.0,1503.0,5.414906625166741,5.273614964321626,8.749701551929965,84.91138710577728,39.97198667474258,0.0,51.96,51.60833333333334,44.763880179441415,40.160697919609696,4.603182259831722,30 to <40%
34039,"Union County, New Jersey",572549.0,39.1,100117.0,488800.0,1664.0,8.92153122217983,6.310356948838399,4.546809991054059,57.61493184173597,38.56379846271233,0.0,57.08,56.55833333333334,44.755994683424476,49.38965922567326,-4.633664542248786,30 to <40%
34041,"Warren County, New Jersey",110238.0,43.9,99596.0,323100.0,1368.0,8.1246260757513,5.570647726900796,3.710765934654526,74.28520570500412,36.43010698930107,1.0,56.42,52.791666666666664,50.11883379596872,45.927901449590884,4.190932346377837,30 to <40%
35001,"Bernalillo County, New Mexico",674357.0,39.3,66514.0,268500.0,1087.0,15.79446944255874,5.254398617202053,5.864683116589993,64.26876439041074,37.44285699245112,1.0,8.290000000000001,54.800000000000004,33.2464851703178,37.43566093330387,-4.189175762986074,30 to <40%
35003,"Catron County, New Mexico",3685.0,62.6,46439.0,171800.0,740.0,21.156481227733625,7.081911262798635,50.645064506450645,87.72036474164133,20.673712021136062,0.0,11.629999999999999,49.06666666666666,51.28900949796472,35.549525101763905,15.739484396200814,20 to <30%
35005,"Chaves County, New Mexico",64446.0,36.9,52029.0,141900.0,838.0,22.258341015315448,5.597982453024544,11.90191833992685,68.68883711078162,18.200004763152254,0.0,9.54,62.449999999999996,26.937280824255968,33.981938367004936,-7.044657542748968,Under 20%
35006,"Cibola County, New Mexico",27059.0,38.4,51765.0,120000.0,724.0,27.63343799058085,8.520865195542932,25.22603168919524,70.46570094576799,18.834322719913654,1.0,10.120000000000001,49.574999999999996,31.191100927602648,29.786762260246128,1.4043386673565172,Under 20%
35007,"Colfax County, New Mexico",12336.0,49.1,52690.0,161000.0,704.0,16.952771372448545,3.518662519440124,43.48506995197327,72.01182338813966,23.996537920588555,0.0,16.25,47.775,40.12645914396887,42.31517509727627,-2.188715953307393,20 to <30%
35009,"Curry County, New Mexico",47932.0,31.9,56259.0,160800.0,987.0,20.85313128718805,7.691115702479339,13.14304523652779,61.25818851172107,21.2915838080151,0.0,17.05,59.1,65.42602019527664,74.48051406158724,-9.054493866310606,20 to <30%
35011,"De Baca County, New Mexico",1580.0,35.1,40804.0,158000.0,727.0,20.561941251596423,11.740890688259109,37.59656652360515,69.05089408528198,8.318098720292504,0.0,12.63,60.50833333333333,25.949367088607595,31.0126582278481,-5.063291139240507,Under 20%
35013,"Doña Ana County, New Mexico",221665.0,34.0,55663.0,205400.0,903.0,22.213110956682883,6.899396638271225,8.6125030086869,65.29630073027654,31.398717678751662,0.0,5.79,63.59166666666667,39.93864615523425,39.68150136467192,0.2571447905623351,30 to <40%
35015,"Eddy County, New Mexico",61114.0,35.9,79605.0,199400.0,1183.0,12.445584705784988,4.329333656073861,12.72106033867758,74.65691546569154,19.82151362462711,0.0,9.01,64.22500000000001,45.046961416369406,43.31249795464215,1.7344634617272638,Under 20%
35017,"Grant County, New Mexico",27856.0,49.0,45921.0,164400.0,810.0,19.52962962962963,8.40288315629742,24.51582105837425,73.2405818050411,28.750060582561915,0.0,10.86,57.375,37.08357265939115,37.263067202757036,-0.17949454336588166,20 to <30%
35019,"Guadalupe County, New Mexico",4379.0,41.6,40149.0,107200.0,515.0,23.03184713375796,4.716451431779899,32.69944341372913,78.35975189524466,15.519901265041653,0.0,11.959999999999999,56.96666666666667,25.119890385932862,26.946791504909797,-1.8269011189769353,Under 20%
35023,"Hidalgo County, New Mexico",4097.0,42.3,49076.0,114000.0,803.0,20.49813200498132,4.107142857142857,32.35691753041911,75.34976682211858,17.769310703152062,0.0,6.7,61.074999999999996,47.107639736392485,56.382719062728825,-9.275079326336344,Under 20%
35025,"Lea County, New Mexico",73154.0,32.5,68750.0,176000.0,1119.0,18.650136571420486,7.041105812760307,12.64711111111111,69.48876587430804,15.277333211395126,0.0,11.66,62.875,32.24704048992536,35.568800065615,-3.321759575689641,Under 20%
35027,"Lincoln County, New Mexico",20227.0,52.7,51643.0,212200.0,883.0,16.023397660233975,5.679622074296757,47.23097703737055,79.51151877133105,28.7753807106599,0.0,9.129999999999999,56.708333333333336,52.652395313195235,54.53107232906511,-1.878677015869877,20 to <30%
35028,"Los Alamos County, New Mexico",19374.0,41.1,143188.0,452500.0,1308.0,2.9274369355341014,2.156232267826745,5.184757505773672,74.54634027524052,68.24698367636621,0.0,14.16,47.800000000000004,71.2294828120161,75.61680602869825,-4.387323216682152,40% or more
35029,"Luna County, New Mexico",25420.0,36.6,37917.0,112500.0,685.0,26.12547604730407,5.459138840070299,21.48353073398461,69.16978639066285,14.726550565230676,0.0,5.96,62.74166666666667,34.97246262785208,44.492525570416994,-9.520062942564909,Under 20%
35031,"McKinley County, New Mexico",71172.0,34.1,44496.0,72100.0,810.0,35.68363925669148,9.420289855072463,16.3606076230516,68.80216236722306,12.461770311599663,1.0,9.6,49.74166666666667,24.644523127072443,36.222109818467935,-11.577586691395492,Under 20%
35033,"Mora County, New Mexico",4176.0,58.5,50178.0,119900.0,785.0,18.761996161228407,5.475504322766571,32.23281143635126,89.1511803114013,25.397310513447433,1.0,16.26,49.01666666666667,36.877394636015325,22.74904214559387,14.128352490421456,20 to <30%
35035,"Otero County, New Mexico",68235.0,36.3,52717.0,149500.0,926.0,19.950213371266003,9.068210191805697,25.046296296296298,65.03603047148445,21.59534360738144,0.0,9.01,59.666666666666664,65.27441928629003,63.33992818934564,1.9344910969443834,20 to <30%
35037,"Quay County, New Mexico",8616.0,48.1,43698.0,82200.0,752.0,25.419094043514445,4.5268611944368695,25.59405042626519,72.7450024378352,20.413274890419537,0.0,14.73,58.90833333333333,33.310120705663884,33.89043639740019,-0.5803156917363046,20 to <30%
35039,"Rio Arriba County, New Mexico",40165.0,42.4,53901.0,230900.0,760.0,20.099584646949907,5.111763648349014,23.9709688879866,78.08411214953271,18.828301683598376,1.0,14.22,45.80833333333334,29.453504294784015,29.378812398854723,0.07469189592929167,Under 20%
35041,"Roosevelt County, New Mexico",19002.0,32.0,52445.0,136000.0,863.0,21.564789441306413,5.837449483610238,15.413489736070382,61.9747607821384,21.346308365324525,0.0,13.54,60.05833333333334,51.62614461635617,54.62582886011999,-2.9996842437638143,20 to <30%
35043,"Sandoval County, New Mexico",151538.0,41.1,84053.0,282300.0,1408.0,10.031441534665287,5.375508334605616,6.723673421576667,83.61170413160869,33.39504548530186,1.0,9.58,50.791666666666664,60.79663186791432,49.69050667159392,11.106125196320395,30 to <40%
35045,"San Juan County, New Mexico",121178.0,38.0,53020.0,185100.0,917.0,23.19420207569698,7.758637896964011,14.624103150670686,70.18001120502765,16.6460820639495,1.0,7.53,52.275,29.5515687666078,29.76612916536005,-0.21456039875224875,Under 20%
35047,"San Miguel County, New Mexico",27036.0,46.8,47400.0,177600.0,774.0,21.968643805993203,5.287434868027676,19.633349059782976,73.25561891982557,26.23757405361984,1.0,12.72,53.958333333333336,29.997040982393845,33.36292350939488,-3.3658825270010357,20 to <30%
35049,"Santa Fe County, New Mexico",155175.0,48.5,74689.0,416900.0,1318.0,12.495012591163293,5.4012892722570145,10.732950595988981,70.61919593932053,44.165445696289936,0.0,12.14,50.25,44.053487997422266,43.37683260834542,0.6766553890768487,40% or more
35051,"Sierra County, New Mexico",11511.0,57.3,37840.0,144800.0,695.0,24.933451641526176,3.5674470457079153,33.41933898513331,70.23436058313342,16.335180958591458,0.0,8.5,59.4,54.20901746155851,42.567978455390495,11.641039006168013,Under 20%
35053,"Socorro County, New Mexico",16308.0,39.7,47556.0,143200.0,653.0,28.964807308756352,2.4115197779319915,31.667102852656374,73.51589429337419,20.999433213678444,1.0,8.92,55.875,38.63134657836645,43.2916360068678,-4.660289428501349,20 to <30%
35055,"Taos County, New Mexico",34516.0,51.9,58908.0,354000.0,1069.0,14.4169631919734,5.02092050209205,31.44469204874117,78.83671069921849,37.06023554121971,0.0,15.57,43.23333333333333,33.81040676787577,33.984239193417544,-0.17383242554177772,30 to <40%
35057,"Torrance County, New Mexico",15290.0,42.5,46250.0,145100.0,845.0,20.447200052766966,11.649701082565842,20.22658192870959,81.65916175961205,14.874667156367643,1.0,10.54,52.300000000000004,64.55199476782211,50.22890778286462,14.323086984957488,Under 20%
35059,"Union County, New Mexico",4039.0,40.3,45319.0,135900.0,650.0,19.456762749445677,6.61049902786779,28.0726924916308,68.15159574468085,18.07528409090909,0.0,17.580000000000002,52.875,32.92894280762565,44.07031443426591,-11.141371626640257,Under 20%
35061,"Valencia County, New Mexico",77382.0,39.0,58333.0,206800.0,970.0,18.444623791064128,6.931670884513301,11.889722331885775,82.0513777910537,20.809564153252378,0.0,6.83,56.475,48.939029748520326,38.04502339045256,10.894006358067768,20 to <30%
36001,"Albany County, New York",315374.0,38.3,83149.0,277400.0,1252.0,12.918128440244477,5.207277697909547,9.683653263835492,56.72126454101621,45.15350217946791,0.0,46.14,50.35833333333333,42.914127353554825,45.71397768998079,-2.799850336425958,40% or more
36003,"Allegany County, New York",47027.0,38.9,61233.0,97900.0,754.0,16.799659034404375,7.218511450381679,27.534200016993797,80.30720525297532,24.561933534743204,0.0,34.65,48.449999999999996,29.94024709209603,31.40748931464903,-1.4672422225530015,20 to <30%
36005,"Bronx County, New York",1419250.0,35.6,49036.0,517000.0,1436.0,26.94714976944917,11.118512874173291,4.18703941030058,20.26894713309827,21.956129323920745,0.0,57.49,56.958333333333336,27.215782983970406,49.08014796547472,-21.864364981504316,20 to <30%
36007,"Broome County, New York",197738.0,39.4,61059.0,145100.0,914.0,18.92669695820942,6.658902440339469,11.958358901484567,64.57490126068402,30.586797066014668,0.0,47.45,49.00833333333333,26.090078791127652,29.9588344172592,-3.8687556261315477,30 to <40%
36009,"Cattaraugus County, New York",76479.0,42.5,58248.0,109400.0,759.0,17.59791616055281,5.206884561891516,20.99605253357829,74.57733643391364,20.673885518831376,0.0,37.67,48.300000000000004,27.98153741549968,31.185031185031185,-3.2034937695315056,20 to <30%
36011,"Cayuga County, New York",75464.0,43.7,66583.0,164200.0,895.0,13.767723479009568,3.8919626066337796,14.779155787641427,71.91229973830345,23.878642366037322,0.0,43.24,49.099999999999994,28.87469521891233,27.867592494434433,1.0071027244778967,20 to <30%
36013,"Chautauqua County, New York",126329.0,42.7,56507.0,119300.0,797.0,17.014579463830767,5.492783648740403,19.186467253648534,69.06458714227081,25.09742790335152,0.0,42.17,49.625,22.480982197278536,23.035090913408638,-0.5541087161301047,20 to <30%
36015,"Chemung County, New York",82805.0,41.9,63469.0,132100.0,1020.0,15.761534290794003,6.344527044347603,10.798865697570447,69.83617825638676,26.885307602819406,0.0,40.09,49.449999999999996,32.184046857073845,35.505102348891974,-3.321055491818127,20 to <30%
36017,"Chenango County, New York",46685.0,44.9,62093.0,128100.0,819.0,12.200544959128065,6.880997656215452,19.051512673753066,76.32323232323232,19.178366210532552,0.0,49.08,47.541666666666664,35.36467816215058,38.92042411909607,-3.555745956945486,Under 20%
36019,"Clinton County, New York",78961.0,41.5,69208.0,175100.0,956.0,13.786747136010487,3.9925817989137635,11.171618483222552,68.8514244500541,26.820872415991257,1.0,46.84,45.88333333333333,22.821392839503044,23.986524993351146,-1.1651321538481023,20 to <30%
36021,"Columbia County, New York",61245.0,49.5,83619.0,309800.0,1199.0,11.390100068494295,5.261457963244081,21.700519036332544,75.36209671239176,38.092223277408465,0.0,52.03,51.21666666666667,36.917299371377254,40.96660951914442,-4.049310147767165,30 to <40%
36023,"Cortland County, New York",46401.0,36.5,67527.0,158100.0,911.0,12.8130976258221,5.7387354503792025,9.951060358890702,66.38959931798806,28.33230642842473,0.0,45.41,47.291666666666664,33.14583737419452,37.671601905131354,-4.525764530936833,20 to <30%
36025,"Delaware County, New York",44551.0,48.8,60226.0,176200.0,848.0,14.85898431068144,6.364480046891027,36.9232305746055,76.68760225893281,26.695413563308506,0.0,47.45,47.15833333333333,39.011470000673384,38.06873021929923,0.9427397813741555,20 to <30%
36027,"Dutchess County, New York",297144.0,42.6,97273.0,368100.0,1522.0,8.260447724198494,4.796914317667692,6.0765191297824455,68.83247673287957,39.725612640741794,1.0,55.29,52.19166666666666,36.770050884419675,37.45658670543575,-0.686535821016073,30 to <40%
36029,"Erie County, New York",950044.0,40.3,71175.0,217400.0,1037.0,14.023568751179786,4.8385611404785145,7.108391838849784,65.45431857718535,36.92683166240569,0.0,40.48,49.96666666666667,19.70540311817137,23.174716118411357,-3.469313000239989,30 to <40%
36031,"Essex County, New York",37077.0,49.5,70215.0,200000.0,890.0,11.804427728865715,5.017252107019628,36.64981436132396,78.05972940956418,31.302303063835673,1.0,57.19,43.925000000000004,38.67626830649729,36.92315991045662,1.7531083960406721,30 to <40%
36033,"Franklin County, New York",47066.0,41.8,63747.0,128600.0,819.0,16.532332350773764,4.709715639810427,24.400597437308388,71.1864406779661,23.77098142285407,1.0,51.49,44.449999999999996,25.559852122551312,27.939489227892746,-2.3796371053414354,20 to <30%
36035,"Fulton County, New York",52787.0,44.1,62615.0,156100.0,883.0,14.53661172656039,3.756237475934148,19.745109872554938,69.20422877869686,21.15566037735849,0.0,53.55,47.21666666666667,38.02072479966658,34.004584462083464,4.016140337583117,20 to <30%
36037,"Genesee County, New York",57943.0,42.4,72055.0,157800.0,909.0,10.579982771048329,4.169590057131402,5.063242621694136,74.20969760587832,23.613904050560183,0.0,34.5,49.23333333333334,33.3603713994788,30.46097026388002,2.899401135598778,20 to <30%
36039,"Greene County, New York",47554.0,47.4,74011.0,248300.0,993.0,11.006499287749287,3.2639104755983834,37.362675207493886,77.5621288761821,28.931910316869363,0.0,49.19,48.824999999999996,45.37998906506287,45.42204651554023,-0.042057450477352064,20 to <30%
36041,"Hamilton County, New York",5102.0,57.2,68950.0,242000.0,860.0,10.015835312747427,5.388205345778532,73.25478271886482,82.47276172430128,26.892382103990325,1.0,57.84,43.40833333333333,46.648373186985495,40.18032144257154,6.468051744413955,20 to <30%
36043,"Herkimer County, New York",59932.0,44.6,68858.0,135000.0,811.0,13.282867714450592,4.41956797096984,21.643193935098154,75.89082042004247,22.61627365085283,0.0,53.76,45.225,33.404525128478944,34.45571647867583,-1.05119135019689,20 to <30%
36045,"Jefferson County, New York",116130.0,33.2,64978.0,181000.0,1214.0,13.397284773595644,6.3830683373696955,24.33531537078142,54.12732061411961,25.674553200610916,0.0,44.72,47.50833333333333,68.29415310427969,80.02238870231636,-11.728235598036683,20 to <30%
36047,"Kings County, New York",2646306.0,36.3,78548.0,889700.0,1784.0,18.8857948288268,7.4594023253579325,7.392401487084326,29.71743152706627,41.325918261489456,1.0,57.33,57.40833333333333,33.11370642699673,48.126331573143844,-15.01262514614712,40% or more
36049,"Lewis County, New York",26618.0,42.0,68329.0,158000.0,821.0,12.247374208470784,5.442774936061381,29.630105317236065,80.41613433108232,19.407912539914488,0.0,51.31,45.291666666666664,30.994064167104966,32.19625817116237,-1.2021940040574048,Under 20%
36051,"Livingston County, New York",61588.0,41.4,72464.0,169600.0,912.0,11.594559017112768,4.49899766669953,10.548569747775572,77.10551194048256,30.597712723872547,0.0,31.15,49.84166666666667,34.876924076118726,33.366889653828665,1.5100344222900566,30 to <40%
36053,"Madison County, New York",67572.0,42.6,73141.0,176800.0,891.0,9.724214632259313,4.1162153002433985,16.667753292476203,78.42193795720377,28.01710106556132,0.0,48.32,47.675000000000004,39.54300597880779,39.97217782513467,-0.42917184632688093,20 to <30%
36055,"Monroe County, New York",754068.0,39.5,74409.0,197100.0,1126.0,13.05751378755181,5.105157851328029,6.272654047523157,63.51601549417705,41.176537661177676,0.0,35.94,50.15,22.58814854893723,26.72438029461534,-4.136231745678109,40% or more
36057,"Montgomery County, New York",49461.0,40.1,62923.0,141600.0,921.0,14.708418891170432,4.726482510761001,16.169804741980474,69.33555162732661,20.515367535351174,0.0,46.51,49.30833333333334,42.983360627565155,41.9926811022826,0.9906795252825459,20 to <30%
36059,"Nassau County, New York",1388138.0,41.8,143408.0,658700.0,2195.0,5.313479119902731,4.78499556263232,4.558657347340225,81.9304238767223,48.713801887219496,1.0,51.93,56.10833333333333,33.585277544451635,37.65763922607118,-4.072361681619551,40% or more
36061,"New York County, New York",1627788.0,38.9,104553.0,1108900.0,2132.0,15.83846859840042,7.008032065106987,15.610477075683006,24.716137718990527,64.00278318158594,0.0,57.49,57.36666666666667,60.59327135966109,66.61309703720632,-6.019825677545233,40% or more
36063,"Niagara County, New York",211341.0,43.2,67809.0,177400.0,870.0,13.017665937412659,5.9577109748297525,8.812478198036578,70.90159902943394,27.1635151626491,0.0,34.19,50.10833333333333,28.939013253462413,29.18032942022608,-0.2413161667636663,20 to <30%
36065,"Oneida County, New York",229645.0,40.8,68819.0,171100.0,917.0,14.605071141919007,4.722035543608124,10.375647053236454,67.78859910344316,27.750221601946325,0.0,51.04,47.63333333333333,23.976137081146987,26.99383831566113,-3.017701234514141,20 to <30%
36067,"Onondaga County, New York",471611.0,39.5,74740.0,185300.0,1067.0,13.929739919412897,5.097651298207405,7.898603099918274,65.66015090042725,38.134168421830545,0.0,45.44,49.40833333333333,25.01213924187519,29.848752467605717,-4.836613225730528,30 to <40%
36069,"Ontario County, New York",112405.0,43.9,79814.0,202900.0,1126.0,9.160972289921183,4.027848590868334,10.031886190826588,72.80848922070297,37.17133848101894,1.0,37.42,49.541666666666664,42.70272674703082,42.24011387393799,0.46261287309283394,30 to <40%
36071,"Orange County, New York",403840.0,36.9,96497.0,361100.0,1602.0,12.958457468601575,5.421033981604638,7.509766940590058,68.42787540692296,32.24233660181262,1.0,58.7,51.699999999999996,39.00802297939778,41.74673137876387,-2.7387083993660855,30 to <40%
36073,"Orleans County, New York",39686.0,43.6,63838.0,126200.0,877.0,13.040613551906807,5.787866020644618,11.310533515731874,77.36303060217176,17.50077179021027,0.0,35.15,49.6,34.067429320163285,32.47996774681248,1.5874615733508037,Under 20%
36075,"Oswego County, New York",117945.0,40.6,68461.0,139600.0,943.0,16.5322903240144,6.87297713623068,13.830740259977695,73.91368921327336,21.92422148344602,0.0,46.67,48.84166666666667,30.505744202806394,29.68332697443724,0.8224172283691551,20 to <30%
36077,"Otsego County, New York",59738.0,40.4,67086.0,175900.0,942.0,14.126170185587329,5.30359620104578,24.667621871980273,74.34094125973107,33.85222929936306,0.0,50.32,46.791666666666664,37.21249455957682,37.66446817770933,-0.45197361813251197,30 to <40%
36079,"Putnam County, New York",97988.0,44.2,127405.0,448000.0,1824.0,6.54177602347641,4.126996241247067,8.639787328311918,83.0290409083129,43.5438305527836,1.0,61.769999999999996,52.73333333333333,47.35273706984529,49.59790994815692,-2.24517287831163,40% or more
36081,"Queens County, New York",2330124.0,40.4,84961.0,699200.0,1915.0,12.249753546392531,7.000689440076167,8.340877248510953,44.888255677770665,35.26114601669068,0.0,57.35,56.800000000000004,30.711670280208264,47.98113748452872,-17.269467204320456,30 to <40%
36083,"Rensselaer County, New York",160341.0,40.2,86663.0,244300.0,1182.0,11.783887509481177,5.624377380603574,10.962789697263,64.0949375688856,37.27220630372493,0.0,48.9,50.208333333333336,44.97913821168634,46.56326204776071,-1.5841238360743666,30 to <40%
36085,"Richmond County, New York",492734.0,40.4,98290.0,658500.0,1689.0,10.898779915436437,5.498629612042753,7.6203048773862685,67.94239239739602,35.775537618843586,0.0,57.11,57.46666666666667,34.32074912630344,37.72014920829494,-3.3994000819915007,30 to <40%
36087,"Rockland County, New York",338936.0,35.1,110631.0,564200.0,1826.0,15.555156467471827,5.87122171029315,4.874005305039788,68.25452151349677,42.119619931541656,1.0,60.0,53.958333333333336,26.205537328581208,35.112823659924,-8.90728633134279,40% or more
36089,"St. Lawrence County, New York",107796.0,39.0,61900.0,119800.0,799.0,17.434481621888906,5.729640522184373,19.56672577287796,71.50388191316017,24.640042703226623,0.0,43.57,46.175000000000004,21.04901851645701,22.19933949311663,-1.1503209766596163,20 to <30%
36091,"Saratoga County, New York",237075.0,43.4,99653.0,324800.0,1347.0,6.7347437045159575,3.1125430022388465,10.161346927389383,72.16707567486353,43.766168981078664,0.0,48.1,49.074999999999996,44.35305283138248,42.64473267953179,1.70832015185068,40% or more
36093,"Schenectady County, New York",159603.0,39.6,76989.0,223100.0,1159.0,12.468882470619263,5.788524266086784,6.6529675866631015,63.81852722996201,35.05889843998727,0.0,44.94,50.05833333333334,44.034260007643965,42.93152384353677,1.1027361641071909,30 to <40%
36095,"Schoharie County, New York",29979.0,45.7,71188.0,182000.0,916.0,10.83173496076722,5.39647577092511,24.812620889748548,77.67505426481229,25.0127545104587,0.0,44.03,47.84166666666667,37.99326195003169,36.358784482471066,1.6344774675606257,20 to <30%
36097,"Schuyler County, New York",17749.0,47.4,65625.0,163300.0,858.0,15.126384549843795,6.299487657196088,23.58889691466309,78.05536799459824,25.364453508573156,0.0,38.1,48.958333333333336,40.90371288523297,39.044453208631474,1.8592596766014986,20 to <30%
36099,"Seneca County, New York",33125.0,42.8,66007.0,142700.0,925.0,13.318205062643825,4.718940672465274,15.28981917265296,71.99356678119746,24.13620011712541,0.0,39.4,49.80833333333334,36.22641509433962,36.6188679245283,-0.39245283018867927,20 to <30%
36101,"Steuben County, New York",93034.0,43.1,64740.0,128600.0,878.0,13.67369419874137,5.808097764050225,18.183538315988645,73.52759790317607,26.021209740769834,0.0,34.72,48.833333333333336,33.40714147515962,34.92271642625277,-1.5155749510931487,20 to <30%
36103,"Suffolk County, New York",1525680.0,41.7,128329.0,539500.0,2190.0,6.37509241391827,4.602637277564152,11.643871056761931,81.91438275942843,39.861800664836714,0.0,47.45,54.6,25.313958366105606,29.979419013161344,-4.665460647055739,30 to <40%
36105,"Sullivan County, New York",79147.0,41.7,69826.0,234800.0,999.0,15.189423835832676,6.080902207867846,39.164837819880404,69.28346847592256,29.68562256774448,0.0,55.35,49.03333333333333,48.113004914905176,47.557077337106904,0.5559275777982741,20 to <30%
36107,"Tioga County, New York",48106.0,44.8,71791.0,153200.0,914.0,12.22334427333165,5.267201639064368,7.975962851679869,78.21806668645493,25.599884359641514,0.0,43.82,49.125,43.63281087598221,41.408556105267536,2.224254770714672,20 to <30%
36109,"Tompkins County, New York",102879.0,32.8,73012.0,271500.0,1374.0,15.290930639426604,5.325307671663536,8.64194924200836,53.828375973560746,59.24992684592125,0.0,41.84,48.46666666666667,42.1174389331156,49.67972083709989,-7.562281903984292,40% or more
36111,"Ulster County, New York",182109.0,44.2,81804.0,315100.0,1335.0,14.327737572326972,5.0969963143607515,15.169764905196221,69.98563709732576,37.050437372045415,0.0,58.37,49.98333333333333,39.728953538814665,38.04314998160442,1.685803557210242,30 to <40%
36113,"Warren County, New York",65560.0,46.8,78239.0,247600.0,1089.0,9.131502912501352,3.7621213935113134,25.228364487144386,71.46899237708465,34.61538461538461,0.0,52.69,46.09166666666667,48.39841366687004,44.386821232458814,4.011592434411226,30 to <40%
36115,"Washington County, New York",60883.0,45.0,72342.0,185000.0,1000.0,10.840182962478936,5.390359357290486,16.684414826010787,76.55644429784778,21.229667609618105,0.0,44.65,48.73333333333333,38.82857283642396,37.64597670942628,1.1825961269976841,20 to <30%
36117,"Wayne County, New York",91128.0,43.6,73914.0,163400.0,929.0,11.270133150187208,3.4503232616440163,9.800589970501475,79.87808068651562,25.532338004038426,0.0,35.04,49.50833333333333,36.015275217276795,35.126415591256254,0.8888596260205426,20 to <30%
36119,"Westchester County, New York",996888.0,41.5,118411.0,638400.0,1876.0,8.879149519468665,6.014354157592743,5.513434610742074,62.19858692364202,52.51003296031853,1.0,58.76,54.550000000000004,36.156519087399985,41.156077713845484,-4.9995586264454985,40% or more
36121,"Wyoming County, New York",39980.0,43.1,68913.0,154700.0,782.0,10.643776824034335,3.8022409856088366,10.662491760052736,76.97226833917482,18.231485228652367,0.0,35.36,48.4,30.440220110055026,33.71685842921461,-3.27663831915958,Under 20%
36123,"Yates County, New York",24637.0,41.6,67521.0,178000.0,802.0,14.142619666680874,2.9313852413538006,30.799665221030207,77.22924683892248,25.026949335249732,0.0,36.73,49.375,32.59325404878841,36.205706863660346,-3.6124528148719404,20 to <30%
37001,"Alamance County, North Carolina",174286.0,38.7,64445.0,221200.0,1007.0,14.148200673639426,4.884662952583028,9.296808736217134,65.60833418564896,27.70895592279465,0.0,47.7,60.34166666666667,56.252366799398686,45.57451545161401,10.677851347784676,20 to <30%
37003,"Alexander County, North Carolina",36440.0,43.8,65268.0,190000.0,745.0,12.066243793232111,5.159734070718362,13.834800942577205,81.66966534724722,15.406470187135389,0.0,45.19,59.01666666666667,40.834248079034026,36.05927552140505,4.774972557628979,Under 20%
37005,"Alleghany County, North Carolina",11075.0,51.4,44272.0,199000.0,755.0,17.383773928896993,5.37180910099889,34.86842105263158,77.06476530005942,22.82432118821072,0.0,50.42,53.88333333333333,40.270880361173816,36.93002257336343,3.340857787810384,20 to <30%
37007,"Anson County, North Carolina",21903.0,42.4,44245.0,119300.0,849.0,21.203624893606367,6.936798062100859,16.290777285541683,65.61222035121482,10.882917466410749,0.0,47.65,62.99166666666667,41.820755147696666,39.90320960599005,1.9175455417066156,Under 20%
37009,"Ashe County, North Carolina",26831.0,49.8,50827.0,221900.0,774.0,14.050709326894054,5.423213380638622,29.87551867219917,78.38153179431619,22.408610491612528,0.0,48.7,52.300000000000004,43.12176214080728,34.549588162945845,8.572173977861429,20 to <30%
37011,"Avery County, North Carolina",17643.0,46.5,57657.0,233200.0,791.0,10.963388562266168,4.818092428711898,53.32004839513202,79.96645830157036,21.873380229544612,0.0,52.660000000000004,51.46666666666667,47.44091140962421,43.359972793742564,4.080938615881653,20 to <30%
37013,"Beaufort County, North Carolina",44597.0,47.1,57997.0,181200.0,859.0,18.013536840192604,5.436323637252506,21.66085708427312,70.09893733968487,20.58572560492473,0.0,49.9,62.63333333333333,46.124178756418594,42.78314684844272,3.341031907975873,20 to <30%
37015,"Bertie County, North Carolina",17482.0,45.9,45931.0,95800.0,824.0,19.785324210658466,8.35127653029837,21.851357365376057,74.4874715261959,17.84745251733494,0.0,44.54,62.09166666666667,38.89715135568013,38.4967395034893,0.40041185219082487,Under 20%
37017,"Bladen County, North Carolina",29591.0,44.8,44528.0,125800.0,752.0,21.241572841449642,4.250105618926912,23.814824515453118,69.8495917490331,20.569830283492937,0.0,49.480000000000004,63.675000000000004,48.32550437633064,39.40387279916191,8.921631577168734,20 to <30%
37019,"Brunswick County, North Carolina",145889.0,56.1,74034.0,314700.0,1267.0,9.379838531298386,5.16347237880496,31.434287112804196,83.83977900552486,33.22168814345129,0.0,56.19,64.49166666666666,93.13245001336632,49.7090253548931,43.42342465847322,30 to <40%
37021,"Buncombe County, North Carolina",271790.0,42.4,70578.0,360000.0,1281.0,11.774028610565004,3.500660501981506,22.330567133919857,64.43723702664796,44.62484478809556,0.0,44.53,55.35,54.33238897678355,49.82155340520254,4.5108355715810005,40% or more
37023,"Burke County, North Carolina",87863.0,44.9,55684.0,170500.0,805.0,17.92892070845324,4.82824427480916,10.447351340556194,74.77211273102333,20.170863448532028,0.0,49.86,59.14166666666667,45.2408863799324,37.33084461035931,7.910041769573086,20 to <30%
37025,"Cabarrus County, North Carolina",231262.0,37.7,86084.0,318600.0,1303.0,8.921248713071702,4.519926646363428,12.009108923898882,72.13263655592883,37.66173752310536,0.0,46.87,61.28333333333333,71.63736368274944,61.22493103060598,10.412432652143456,30 to <40%
37027,"Caldwell County, North Carolina",80618.0,45.5,55401.0,174000.0,735.0,12.680872462128354,4.764365440264572,11.992694260159544,74.01269608740768,18.58510110089544,0.0,51.79,58.550000000000004,41.51678285246471,33.56570492942023,7.9510779230444815,Under 20%
37029,"Camden County, North Carolina",10743.0,40.9,87781.0,289800.0,1220.0,5.021976994295334,4.875753012048193,6.578324656885944,83.76393110435663,25.761250336836433,0.0,44.08,62.18333333333334,64.04170157311738,56.78115982500233,7.260541748115052,20 to <30%
37031,"Carteret County, North Carolina",68652.0,50.1,70235.0,304200.0,1062.0,10.044289078816785,4.299758158233613,39.55633052407246,73.5047118405026,32.337561086919315,0.0,61.89,63.78333333333333,59.38647089669638,48.927926353201656,10.458544543494726,30 to <40%
37033,"Caswell County, North Carolina",22689.0,46.2,59407.0,151200.0,699.0,15.7128680119087,5.70095354027186,17.283126787416588,76.06315546847989,16.04789698537818,0.0,42.96,59.666666666666664,50.641279915377496,39.22605667944819,11.415223235929306,Under 20%
37035,"Catawba County, North Carolina",162051.0,41.8,64544.0,218100.0,891.0,12.821061374476171,4.194254990790063,9.47825845504526,72.7197435622153,24.93345242622284,0.0,45.18,60.199999999999996,53.71148589024443,43.82570919031663,9.885776699927801,20 to <30%
37037,"Chatham County, North Carolina",78319.0,47.6,88534.0,397800.0,1066.0,10.47121094758585,3.0135596839632712,7.882786393625225,80.41422503333023,48.0009011975529,0.0,50.05,61.50833333333333,72.05148176049235,49.54097983886413,22.51050192162821,40% or more
37039,"Cherokee County, North Carolina",29197.0,53.3,51496.0,208700.0,800.0,14.625013002323081,5.355287347134522,28.269717302826972,83.61447630731483,24.206505992361386,0.0,57.09,57.050000000000004,57.43740795287187,41.922115285817036,15.515292667054835,20 to <30%
37041,"Chowan County, North Carolina",13814.0,47.9,56982.0,204400.0,766.0,20.53886925795053,5.942275042444821,16.45975728832473,69.67774252796794,24.521291797656474,0.0,47.65,62.550000000000004,49.153033154770526,40.2490227305632,8.904010424207327,20 to <30%
37043,"Clay County, North Carolina",11391.0,54.5,53645.0,263300.0,791.0,13.473160327052968,4.248441468483029,31.97031039136302,79.82543146201151,31.414678276602963,0.0,56.61,56.166666666666664,75.58598893863577,51.61969976297077,23.966289175664997,30 to <40%
37045,"Cleveland County, North Carolina",100170.0,41.2,55769.0,180200.0,835.0,17.235234215885946,5.7163485019004945,15.411713902588696,70.65398463109248,21.0712736735579,0.0,46.5,60.30833333333334,48.36777478286912,39.33313367275631,9.034641110112808,20 to <30%
37047,"Columbus County, North Carolina",50453.0,42.4,48184.0,128300.0,775.0,18.79264653715335,4.697921230709313,18.391341256366722,72.25776252145421,15.065502183406114,0.0,52.19,64.06666666666668,35.419102927477056,33.29831724575347,2.1207856817235844,Under 20%
37049,"Craven County, North Carolina",101074.0,39.2,64635.0,206200.0,1100.0,13.905300823832903,4.515125079574659,12.513711923044468,69.94598765432099,26.02783554631259,0.0,52.5,63.01666666666667,70.16641272730871,65.0909234818054,5.075489245503294,20 to <30%
37051,"Cumberland County, North Carolina",336749.0,31.8,58780.0,183700.0,1156.0,17.220636856198222,7.707445789171102,10.52212537713711,53.65522409029176,27.1895418606757,0.0,44.71,63.31666666666666,74.44714015483342,82.01063700263401,-7.563496847800588,20 to <30%
37053,"Currituck County, North Carolina",29612.0,41.7,91548.0,351200.0,1126.0,7.637426105863967,2.9292533019484766,30.890839144025005,87.50978516134644,29.28742543097374,0.0,44.12,62.416666666666664,76.52303120356612,57.78062947453735,18.74240172902877,20 to <30%
37055,"Dare County, North Carolina",37534.0,48.5,81214.0,425400.0,1307.0,7.541764831869779,5.875935934943224,52.68807945118976,77.78317053934357,42.80952882152756,0.0,50.83,63.28333333333333,55.62956252997282,52.72552885383919,2.904033676133639,40% or more
37057,"Davidson County, North Carolina",171063.0,42.3,62426.0,200100.0,863.0,13.825645516294701,4.049248277046084,9.393638828274813,73.52872489490892,20.722272840221983,0.0,43.07,60.15833333333333,55.55847845530594,41.48763905695562,14.070839398350316,20 to <30%
37059,"Davie County, North Carolina",43526.0,45.0,73234.0,235300.0,889.0,9.980086139026536,4.536808065436561,11.562450862204518,83.38766075979375,26.76980476665273,0.0,40.89,59.625,61.18182235904976,47.075311308183615,14.10651105086615,20 to <30%
37061,"Duplin County, North Carolina",49053.0,40.7,51880.0,123200.0,815.0,17.890822427218374,4.707616281590012,15.644545187423917,70.03881369426752,17.49871798739103,0.0,53.14,62.541666666666664,44.115548488369726,40.8945426375553,3.221005850814425,Under 20%
37063,"Durham County, North Carolina",329405.0,35.8,79501.0,351700.0,1415.0,12.00928821912615,4.160073221699648,7.139121689574254,55.021588135911394,53.54261071342572,0.0,48.09,61.34166666666667,67.1635221080433,70.72145231553863,-3.5579302074953323,40% or more
37065,"Edgecombe County, North Carolina",48777.0,41.7,48480.0,116800.0,818.0,21.880071574216636,7.955559521684812,16.015994496517326,59.38667895356576,16.72666115897557,0.0,42.84,61.916666666666664,59.02372019599402,51.78670274924657,7.237017446747442,Under 20%
37067,"Forsyth County, North Carolina",386740.0,38.3,65541.0,227800.0,1046.0,14.695191939803596,5.326920862857562,10.08948158411269,62.685963414086025,36.872520766883795,0.0,43.95,59.291666666666664,47.6573408491493,45.57842478150695,2.0789160676423437,30 to <40%
37069,"Franklin County, North Carolina",71962.0,40.9,71386.0,240900.0,988.0,10.090728664587468,5.545961002785515,10.873660279311466,78.12112819765323,24.39392735076703,0.0,46.59,61.01666666666666,83.7525360606987,55.55709958033407,28.195436480364638,20 to <30%
37071,"Gaston County, North Carolina",231485.0,39.5,65472.0,235000.0,1085.0,12.761116674572639,4.792734932062637,7.813483303199512,65.82183839544031,25.968110754852983,0.0,46.54,61.40833333333333,58.09015702961315,49.510767436334966,8.579389593278183,20 to <30%
37073,"Gates County, North Carolina",10437.0,47.7,61612.0,163900.0,940.0,11.838249658136355,8.966376089663761,12.268662923684758,82.29438255510784,10.788985967699233,0.0,44.269999999999996,61.78333333333333,40.72051355753569,38.42100220369838,2.2995113538373095,Under 20%
37075,"Graham County, North Carolina",8041.0,45.5,49038.0,155800.0,581.0,8.702270709120892,6.449819293855991,36.8421052631579,80.82729468599034,16.75030282055719,0.0,55.78,55.09166666666667,28.72777017783858,29.59830866807611,-0.8705384902375326,Under 20%
37077,"Granville County, North Carolina",61439.0,42.5,70975.0,235700.0,1008.0,14.058336839152995,4.440953876909896,9.78764949963388,76.60533910533911,24.03470715835141,0.0,46.95,60.541666666666664,50.27751102719771,48.04765702566773,2.229854001529973,20 to <30%
37079,"Greene County, North Carolina",20421.0,39.6,50904.0,114000.0,845.0,22.35618908107499,5.601781319582797,13.630041724617524,65.31986531986531,12.220924641066153,0.0,45.85,62.34166666666667,53.67024141814799,44.904754909162136,8.765486508985848,Under 20%
37081,"Guilford County, North Carolina",542987.0,37.4,66027.0,234900.0,1108.0,15.221946634288827,4.735264305899292,8.49160210827153,59.95959352569657,38.10167831272663,0.0,46.12,59.958333333333336,46.64752563136871,45.43386858248908,1.2136570488796232,30 to <40%
37083,"Halifax County, North Carolina",48219.0,43.8,45071.0,102500.0,776.0,25.15527950310559,8.669995460735361,18.43132520423357,63.47624451132271,15.457312654007827,0.0,44.89,61.050000000000004,34.88251519110724,38.304402828760445,-3.421887637653207,Under 20%
37085,"Harnett County, North Carolina",136503.0,35.4,69012.0,220700.0,1080.0,14.535520766101797,5.00447596749759,10.012765721263252,69.49361623388639,23.923067521471985,0.0,46.57,62.525000000000006,100.82562288008322,81.9542427638953,18.87138011618792,20 to <30%
37087,"Haywood County, North Carolina",62432.0,47.8,61001.0,254900.0,1052.0,11.277829989953657,3.3526999316473,24.173676608038065,75.01494098311669,29.401807063204892,0.0,51.68,52.083333333333336,50.15056381342901,39.08252178370066,11.068042029728344,20 to <30%
37089,"Henderson County, North Carolina",117387.0,47.2,67623.0,317800.0,1120.0,11.672688702430948,3.3445891622447337,12.060064878440127,74.21414830533685,35.06130276946962,0.0,47.31,56.125,55.65352211062554,47.6713775801409,7.982144530484637,30 to <40%
37091,"Hertford County, North Carolina",20492.0,42.3,47472.0,111100.0,806.0,21.41513995594477,5.240422871433443,15.278201607161021,66.38251890983311,16.746143057503506,0.0,44.18,61.75833333333333,37.42924067928948,40.50361116533281,-3.074370486043334,Under 20%
37093,"Hoke County, North Carolina",53102.0,33.7,60095.0,196000.0,1047.0,17.360228104650716,7.38092937880398,8.842248457464898,71.68363268134094,21.316049526245422,0.0,47.230000000000004,63.375,101.7287484463862,94.17724379496065,7.551504651425558,20 to <30%
37095,"Hyde County, North Carolina",4625.0,48.5,47338.0,119600.0,1237.0,22.421972534332085,2.9708853238265003,33.23863636363637,71.53664302600473,13.71801850843767,0.0,55.730000000000004,63.425000000000004,28.10810810810811,22.054054054054053,6.054054054054054,Under 20%
37097,"Iredell County, North Carolina",191800.0,40.9,78678.0,292300.0,1183.0,9.096846574000432,4.378109452736318,9.625236901632329,71.47457145563027,33.331336129418816,0.0,42.96,59.88333333333333,67.64859228362879,50.5318039624609,17.116788321167885,30 to <40%
37099,"Jackson County, North Carolina",43089.0,38.9,53479.0,253900.0,855.0,19.31067886914625,6.394734313442875,33.671718093847,62.59634441752918,30.007137758743756,0.0,54.64,53.61666666666667,52.68165889206062,47.529531899092575,5.152126992968043,30 to <40%
37101,"Johnston County, North Carolina",226623.0,38.3,79838.0,267600.0,1007.0,11.190481505457955,3.934765726119596,6.817718595013249,77.1001178715079,27.630389005142288,0.0,47.47,62.43333333333334,70.92837002422526,51.411374838387985,19.51699518583727,20 to <30%
37103,"Jones County, North Carolina",9245.0,48.1,55659.0,122600.0,725.0,21.268207206220566,4.143920595533499,16.25668449197861,75.63218390804597,17.85092807424594,0.0,50.72,62.65833333333333,57.22011898323418,45.42996214169821,11.790156841535966,Under 20%
37105,"Lee County, North Carolina",64565.0,39.9,63060.0,213800.0,962.0,15.465693246104738,4.041031001927411,8.173828852312505,65.95157954499372,21.613846013334552,0.0,49.03,62.09166666666667,67.59079996902346,58.251374583752806,9.339425385270658,20 to <30%
37107,"Lenoir County, North Carolina",54917.0,42.2,44795.0,111400.0,814.0,22.460230542201103,7.24322995616371,14.334815257593306,59.25861317051897,15.811685758473354,0.0,47.12,62.025,50.476173134002224,42.0998962070033,8.376276926998926,Under 20%
37109,"Lincoln County, North Carolina",90359.0,44.3,78490.0,279500.0,977.0,9.04571454106712,3.550608267153574,7.535826271735469,78.46753173958129,27.02694408641748,0.0,46.25,60.71666666666667,69.54481567967773,50.642437388638655,18.902378291039078,20 to <30%
37111,"McDowell County, North Carolina",44679.0,44.3,55527.0,168300.0,741.0,13.976509679950158,4.664931353034247,14.10942956926659,74.04174573055029,17.55690161527166,0.0,54.879999999999995,58.4,39.929273260368404,36.97486514917523,2.954408111193178,Under 20%
37113,"Macon County, North Carolina",37533.0,50.1,53298.0,229000.0,791.0,14.396698227725176,2.9273516986969716,33.17325452530476,76.3460475400774,24.562274048344793,0.0,54.07,55.050000000000004,50.24911411291397,38.97903178536222,11.270082327551755,20 to <30%
37115,"Madison County, North Carolina",21640.0,44.5,58628.0,263500.0,764.0,11.443695861405198,2.5563173359451516,25.015623605035266,77.93784974401714,31.4703080342966,0.0,47.3,55.98333333333333,57.11645101663586,45.19408502772643,11.922365988909426,30 to <40%
37117,"Martin County, North Carolina",21773.0,46.7,46793.0,109900.0,729.0,19.642438177467035,7.01666332061835,15.666666666666666,68.48627283409893,15.149225538345297,0.0,45.03,62.28333333333333,44.55059018049878,37.11018233592063,7.440407844578147,Under 20%
37119,"Mecklenburg County, North Carolina",1130906.0,35.4,83765.0,371200.0,1521.0,10.410459324599264,4.239219774739011,7.367389230884994,55.50347534764454,48.60848327741535,0.0,45.87,61.916666666666664,58.467281984532754,58.358519629394486,0.10876235513826966,40% or more
37121,"Mitchell County, North Carolina",14973.0,48.0,58089.0,202100.0,744.0,12.956104252400548,6.53797379174299,26.080940850916637,77.56980190297925,23.09619686800895,0.0,50.69,52.699999999999996,44.01255593401456,36.33206438255527,7.680491551459293,20 to <30%
37123,"Montgomery County, North Carolina",25874.0,43.6,55849.0,150300.0,753.0,16.086765469580154,2.902163268939731,32.51841929002009,73.13151364764268,19.306532123879556,0.0,47.33,62.80833333333334,44.44616217051867,37.450722733245726,6.995439437272938,Under 20%
37125,"Moore County, North Carolina",102840.0,42.8,82837.0,315300.0,1181.0,9.960462587723633,4.649719591799209,13.365304842267145,76.33250805811183,40.91314452491623,0.0,45.67,62.88333333333333,67.28899260987943,58.12913263321665,9.159859976662776,40% or more
37127,"Nash County, North Carolina",95451.0,41.6,60704.0,171100.0,924.0,14.032610091154192,6.204443663827171,12.435399774904104,63.70432547281169,21.72325721153846,0.0,44.8,61.48333333333333,53.30483703680422,49.35516652523284,3.9496705115713824,20 to <30%
37129,"New Hanover County, North Carolina",231214.0,40.1,72892.0,353700.0,1343.0,12.370873381620441,4.721840110048306,12.675287454365554,60.700750175822456,44.76682844481958,0.0,59.010000000000005,64.76666666666667,61.579316131376125,54.18789519665764,7.391420934718486,40% or more
37131,"Northampton County, North Carolina",17212.0,51.6,47935.0,102200.0,749.0,19.978277921921197,6.472757066775912,28.465160075329567,73.21311043833092,19.043959422071932,0.0,45.87,61.050000000000004,49.790843597490124,45.607715547292585,4.183128050197537,Under 20%
37133,"Onslow County, North Carolina",208537.0,27.1,64568.0,219500.0,1198.0,11.716700356973893,5.767225149327518,15.597611648451412,60.96309779910641,26.057347036244316,0.0,53.22,63.25833333333333,99.95348547260198,97.45512786699723,2.498357605604761,20 to <30%
37135,"Orange County, North Carolina",147292.0,36.2,88553.0,428500.0,1387.0,12.428264516318903,3.602157610840679,9.128076359714777,64.24295026215106,61.82293732380023,0.0,48.29,60.51666666666666,61.55799364527605,68.73421502865057,-7.176221383374521,40% or more
37137,"Pamlico County, North Carolina",12315.0,54.1,61624.0,209800.0,909.0,12.367707513338582,4.460887949260043,27.780080121563753,83.32058148431523,25.376782077393074,0.0,56.04,63.39166666666667,66.58546488022736,44.011368250101505,22.57409663012586,20 to <30%
37139,"Pasquotank County, North Carolina",40830.0,39.0,63912.0,223300.0,1146.0,10.032506684842447,6.5862215607059325,12.359806433247936,65.07730284526438,26.855489677834132,0.0,44.46,62.36666666666667,60.00489835904972,56.110702914523635,3.894195444526084,20 to <30%
37141,"Pender County, North Carolina",63475.0,41.8,76838.0,267100.0,1072.0,10.693008727015103,6.00535842645233,22.107911116844583,81.81931103014243,29.82589795872639,0.0,57.94,63.81666666666666,92.72942103190232,61.20519889720362,31.5242221346987,20 to <30%
37143,"Perquimans County, North Carolina",13146.0,50.5,61224.0,211600.0,1061.0,11.388063114566659,5.040284804197115,19.340849956634866,72.72401433691756,20.405654578979718,0.0,46.24,62.416666666666664,68.8422333789746,49.064354176175264,19.77787920279933,20 to <30%
37145,"Person County, North Carolina",39275.0,43.9,64927.0,192800.0,796.0,18.446601941747574,3.8523598225090763,12.287631208743642,75.88674356918142,19.832142857142856,0.0,43.64,59.925000000000004,42.36791852323361,31.215786123488225,11.152132399745385,Under 20%
37147,"Pitt County, North Carolina",172279.0,33.6,58851.0,194300.0,971.0,19.403065955371442,7.550745484850561,10.105809738414813,50.929104680943816,33.86605783866058,0.0,45.64,62.416666666666664,50.66200755750846,47.55077519604827,3.1112323614601896,30 to <40%
37149,"Polk County, North Carolina",19689.0,54.4,61005.0,281100.0,1089.0,13.65609176397644,4.332050577240242,20.294090784546533,76.64718689125702,32.905049466786586,0.0,49.78,60.01666666666667,67.44882929554574,56.782975265376606,10.66585403016913,30 to <40%
37151,"Randolph County, North Carolina",145322.0,41.4,59047.0,171600.0,857.0,14.764965150365207,3.683581749914666,8.912125863392172,72.67333684395295,17.630138073321696,0.0,46.83,61.15,41.56287416908658,36.21612694567925,5.34674722340733,Under 20%
37153,"Richmond County, North Carolina",42818.0,40.3,43626.0,120800.0,744.0,25.168139892390467,9.56021963360189,15.005040322580646,64.69192907549072,16.186184119994497,0.0,46.84,63.39166666666667,33.210332103321036,31.738988275958707,1.4713438273623243,Under 20%
37155,"Robeson County, North Carolina",116858.0,36.5,40318.0,88600.0,784.0,28.774682651622,6.272472156450057,12.542456111633998,65.62090585813213,14.559300409334963,0.0,47.87,64.10000000000001,36.23200807818036,32.50954149480566,3.722466583374694,Under 20%
37157,"Rockingham County, North Carolina",91585.0,44.7,55796.0,156000.0,789.0,16.848147775879205,6.306452359998147,10.683300904200527,72.35122251268645,16.128204353996196,0.0,41.57,59.61666666666667,44.05743298575094,35.1149205655948,8.94251242015614,Under 20%
37159,"Rowan County, North Carolina",148487.0,40.5,63196.0,216100.0,990.0,15.835588375746587,5.883992918577582,10.116241071845385,71.24407049617396,21.52160752992638,0.0,43.08,60.4,51.2637469946864,42.077757648817744,9.185989345868663,20 to <30%
37161,"Rutherford County, North Carolina",64850.0,45.3,49771.0,180800.0,748.0,17.597409741760057,5.496998464330588,18.643289884340003,74.0870284704201,20.684160203973228,0.0,46.27,60.25833333333333,40.38550501156515,32.45952197378566,7.925983037779491,20 to <30%
37163,"Sampson County, North Carolina",59245.0,39.7,53159.0,128400.0,811.0,20.239554029098567,5.241289929099642,17.164614009868295,72.78739271141129,15.820489573889393,0.0,50.94,62.84166666666667,44.375052747067265,39.15942273609587,5.21563001097139,Under 20%
37165,"Scotland County, North Carolina",34353.0,38.3,43500.0,109900.0,766.0,26.56799029820579,10.10336094188514,14.180708688717843,58.88817065287653,14.81179799365515,0.0,47.28,63.93333333333334,43.89718510755975,40.14205455127645,3.755130556283294,Under 20%
37167,"Stanly County, North Carolina",63557.0,40.6,61631.0,214300.0,830.0,14.249947162203906,4.0904488693891325,13.629294500212074,73.64953347520053,19.69853072925999,0.0,50.33,62.25833333333333,54.596661264691534,35.432761143540446,19.163900121151094,Under 20%
37169,"Stokes County, North Carolina",44889.0,47.6,60039.0,186800.0,766.0,11.966276856132717,4.559068219633944,9.268018545403455,78.38856199029627,18.48954415525801,0.0,46.34,58.76666666666667,51.8835349417452,40.633562788210924,11.249972153534273,Under 20%
37171,"Surry County, North Carolina",71407.0,43.7,56095.0,166400.0,741.0,16.691819243144735,4.954499494438827,12.624594602636199,73.32970101477899,19.401277904867083,0.0,52.54,58.11666666666667,36.24294536950159,33.65216295321187,2.5907824162897195,Under 20%
37173,"Swain County, North Carolina",14065.0,42.6,55429.0,209800.0,715.0,21.050331415252387,8.292451337236905,31.562903036698323,73.25681000513963,21.27310061601643,0.0,57.46,53.025,57.09207252044081,48.418059011731245,8.674013508709562,20 to <30%
37175,"Transylvania County, North Carolina",33243.0,51.9,64523.0,336100.0,909.0,14.178156467854377,3.6022084567734987,23.800073118504205,75.12679917751885,38.640191125210514,0.0,56.25,55.31666666666666,51.04834100412117,42.625515146045785,8.422825858075385,30 to <40%
37177,"Tyrrell County, North Carolina",3376.0,46.0,43952.0,138400.0,612.0,20.803698435277383,5.117790414297319,28.842315369261478,78.61150070126227,14.725360342812621,0.0,49.75,63.125,33.47156398104266,40.28436018957346,-6.812796208530806,Under 20%
37179,"Union County, North Carolina",244975.0,39.1,99243.0,374400.0,1390.0,7.660316830373383,4.161288817702583,5.18736308082555,81.84626235847794,39.02742590708929,0.0,45.4,62.31666666666666,64.6351668537606,47.4048372282886,17.230329625471988,30 to <40%
37181,"Vance County, North Carolina",42361.0,39.9,46943.0,146300.0,860.0,18.954810356358077,6.846791525944121,17.206404777840703,57.35961693924507,18.47496073983598,0.0,47.68,60.416666666666664,45.655201718561884,44.64011708883171,1.0150846297301763,Under 20%
37183,"Wake County, North Carolina",1151009.0,37.2,101763.0,422800.0,1508.0,7.931606432353402,4.152905936954828,7.544206523250049,64.42679675789209,56.27691000220144,0.0,48.33,61.958333333333336,57.3705331582985,51.2567668888775,6.113766269421004,40% or more
37185,"Warren County, North Carolina",18751.0,48.6,45279.0,124700.0,771.0,22.237032100410975,8.027262400605832,31.30035519362384,69.74779319041615,19.047619047619047,0.0,46.58,60.574999999999996,56.26366593781665,43.624340035198124,12.639325902618527,Under 20%
37187,"Washington County, North Carolina",10905.0,49.3,41750.0,107000.0,829.0,24.706545215513195,11.233927362959621,20.066170388751033,68.70860927152317,12.176100628930818,0.0,50.36,62.64166666666667,36.22191655204035,39.79825767996332,-3.576341127922971,Under 20%
37189,"Watauga County, North Carolina",54607.0,32.2,51367.0,321500.0,1066.0,24.68336211859528,8.962522226781562,35.851398813128256,61.17902487374333,47.66468985414329,0.0,51.95,52.375,46.14792975259582,51.47691687878844,-5.3289871261926125,40% or more
37191,"Wayne County, North Carolina",117606.0,37.4,58082.0,162700.0,932.0,16.912193381655545,5.413191811978772,11.755185003952272,61.52107148950691,21.334200525416378,0.0,48.43,62.44166666666666,51.85109603251535,49.852898661632906,1.9981973708824379,20 to <30%
37193,"Wilkes County, North Carolina",65983.0,45.3,50438.0,161400.0,715.0,16.43180869000294,4.914070002317958,15.023311491935484,73.92400370713624,16.667715082510327,0.0,52.51,58.35833333333333,30.947365230438145,25.567191549338467,5.380173681099677,Under 20%
37195,"Wilson County, North Carolina",78648.0,40.7,51381.0,171800.0,915.0,21.003443187407772,6.000898169978669,10.46809438177756,59.090079123554474,20.263853217789766,0.0,45.94,62.525,45.29040789339843,41.92096429661276,3.369443596785678,20 to <30%
37197,"Yadkin County, North Carolina",37419.0,44.3,60321.0,176400.0,734.0,13.642380527865575,5.407969639468691,13.236236527818235,77.08319344658564,15.75186141355184,0.0,46.02,58.78333333333333,45.85905556000962,35.489991715438684,10.36906384457094,Under 20%
37199,"Yancey County, North Carolina",18676.0,47.9,54961.0,222300.0,807.0,14.900501536968129,6.0493368042642865,27.64867014226385,77.23497801660967,22.99644128113879,0.0,51.87,52.55833333333334,43.371171557078604,32.07324908974084,11.29792246733776,20 to <30%
38001,"Adams County, North Dakota",2179.0,50.0,55417.0,108300.0,545.0,14.535984848484848,2.108433734939759,23.727544910179642,73.79784102060844,20.755925688661115,0.0,19.11,44.208333333333336,17.898118402937126,20.65167508031207,-2.7535566773749425,20 to <30%
38003,"Barnes County, North Dakota",10794.0,42.9,70230.0,168100.0,779.0,11.27686720973599,3.0937052932761087,14.966701717490361,73.41302555647155,29.997341839447103,2.0,21.189999999999998,42.09166666666666,36.96498054474708,43.26477672781175,-6.299796183064665,20 to <30%
38005,"Benson County, North Dakota",5861.0,32.4,68049.0,83100.0,616.0,22.20507544581619,1.9167835437120149,24.449685534591193,74.19354838709677,22.105892910559376,0.0,16.53,40.71666666666666,23.204231359836207,32.41767616447705,-9.213444804640845,20 to <30%
38007,"Billings County, North Dakota",948.0,44.7,81250.0,322500.0,630.0,12.964930924548353,1.6260162601626016,29.41176470588235,81.18279569892474,32.436260623229465,0.0,16.830000000000002,44.175000000000004,39.029535864978904,44.30379746835443,-5.274261603375527,30 to <40%
38009,"Bottineau County, North Dakota",6390.0,43.8,83460.0,190900.0,763.0,7.550886408404465,1.5915119363395225,32.15005035246727,79.36920222634508,27.437388193202146,0.0,12.23,40.608333333333334,35.0547730829421,39.906103286384976,-4.851330203442879,20 to <30%
38011,"Bowman County, North Dakota",2935.0,42.7,83773.0,176400.0,869.0,9.500523925951798,3.5380507343124163,24.43494196701283,83.02344381568311,27.27725236436038,0.0,17.89,44.64166666666667,25.55366269165247,24.190800681431003,1.362862010221465,20 to <30%
38013,"Burke County, North Dakota",2163.0,41.1,96339.0,141900.0,725.0,5.1317614424410545,4.413145539906103,33.64219529579473,78.08807733619764,23.533333333333335,1.0,13.85,40.13333333333333,30.513176144244106,41.14655570966251,-10.6333795654184,20 to <30%
38015,"Burleigh County, North Dakota",98986.0,38.0,84948.0,314700.0,996.0,8.212789253153096,3.0500164083161208,6.974439348191854,71.56661133272219,38.72184389732844,0.0,20.25,41.35,42.67270119006728,41.72307194956863,0.9496292404986564,30 to <40%
38017,"Cass County, North Dakota",189286.0,32.9,75023.0,284700.0,930.0,10.341858919172216,3.0362209689284336,6.66194269517812,51.997110251261205,43.28492050854418,1.0,19.8,42.625,48.60898323172342,47.161438246885666,1.4475449848377588,40% or more
38019,"Cavalier County, North Dakota",3663.0,47.1,67064.0,122300.0,859.0,7.679324894514768,1.0913268236645606,27.23404255319149,82.78102664067576,22.217883639203436,0.0,12.540000000000001,39.425000000000004,16.653016653016653,36.03603603603604,-19.383019383019384,20 to <30%
38021,"Dickey County, North Dakota",4959.0,38.6,63125.0,167100.0,749.0,10.775492716366752,2.916346891788181,18.147527242246436,78.08499743983614,27.060653188180403,2.0,24.27,41.975,23.593466424682397,35.28937285743093,-11.695906432748538,20 to <30%
38025,"Dunn County, North Dakota",4043.0,40.8,94688.0,244000.0,941.0,7.247106190236537,2.5614754098360657,28.497164461247635,71.84401850627891,20.550847457627118,1.0,15.97,43.51666666666667,49.715557754142964,55.65174375463764,-5.936186000494682,20 to <30%
38027,"Eddy County, North Dakota",2319.0,48.7,55389.0,115500.0,615.0,12.759242560865644,2.051282051282051,14.648729446935725,71.97898423817864,28.193584693303322,0.0,16.06,41.025,48.296679603277276,31.910306166451058,16.38637343682622,20 to <30%
38029,"Emmons County, North Dakota",3269.0,51.5,67368.0,112400.0,551.0,8.409162221524944,1.918158567774936,26.012689116642264,81.39841688654353,20.696638315107332,0.0,21.93,42.46666666666667,19.57785255429795,25.69593147751606,-6.11807892321811,20 to <30%
38031,"Foster County, North Dakota",3372.0,43.3,83412.0,162800.0,756.0,9.11863372979567,0.10810810810810811,14.983164983164983,77.42574257425743,27.217984745082298,0.0,16.66,40.949999999999996,22.538552787663107,41.518386714116254,-18.979833926453143,20 to <30%
38035,"Grand Forks County, North Dakota",72764.0,30.6,68450.0,244200.0,971.0,13.902146224343396,2.7105230617039693,7.976642162674888,52.05991302947334,37.16070808746963,1.0,16.63,41.416666666666664,50.87680721235776,56.11291297894563,-5.236105766587873,30 to <40%
38039,"Griggs County, North Dakota",2340.0,50.6,64737.0,128200.0,606.0,10.097431355181577,1.4834205933682374,30.08130081300813,79.38689217758986,27.353463587921848,0.0,18.720000000000002,40.833333333333336,30.34188034188034,27.77777777777778,2.5641025641025643,20 to <30%
38041,"Hettinger County, North Dakota",2453.0,42.6,70827.0,110900.0,830.0,9.299307958477508,6.0606060606060606,23.018080667593882,79.67479674796748,18.732782369146005,1.0,19.22,43.275,27.721157766000815,37.097431716265795,-9.37627395026498,Under 20%
38043,"Kidder County, North Dakota",2374.0,47.8,61850.0,138500.0,847.0,10.340425531914894,1.4705882352941178,31.617201695941855,75.99645704162977,21.25075895567699,0.0,19.93,40.458333333333336,19.376579612468408,32.855939342881214,-13.479359730412805,20 to <30%
38045,"LaMoure County, North Dakota",4107.0,46.7,70263.0,118000.0,607.0,10.804020100502512,1.630695443645084,17.454194792671167,84.92990654205607,24.205801104972377,2.0,23.03,42.35,26.78354029705381,31.409788166544924,-4.626247869491113,20 to <30%
38047,"Logan County, North Dakota",1848.0,49.9,61339.0,101800.0,847.0,11.467116357504215,1.1111111111111112,27.621722846441948,82.66494178525227,26.22222222222222,1.0,21.9,41.324999999999996,21.103896103896105,33.00865800865801,-11.904761904761905,20 to <30%
38049,"McHenry County, North Dakota",5264.0,43.4,80614.0,143200.0,737.0,9.828813233314099,4.675716440422323,20.021186440677965,80.30905077262693,20.887096774193548,1.0,14.24,41.43333333333334,26.0258358662614,35.90425531914894,-9.878419452887538,20 to <30%
38053,"McKenzie County, North Dakota",14280.0,31.2,88289.0,357300.0,1153.0,12.804834696054035,1.5498464116168669,23.15693667923547,55.10998307952622,22.79601209812927,0.0,14.120000000000001,43.833333333333336,82.49299719887955,67.71708683473389,14.775910364145659,20 to <30%
38055,"McLean County, North Dakota",9807.0,47.4,81847.0,233100.0,768.0,8.34887093432774,1.563503962304562,26.458405246807043,83.43111945552687,23.86744966442953,0.0,16.55,42.291666666666664,33.03762618537779,36.19863362904048,-3.16100744366269,20 to <30%
38057,"Mercer County, North Dakota",8341.0,42.8,79405.0,196200.0,1043.0,10.65473271211378,1.884760366182014,22.825853553789994,80.52309404563161,22.567043346264125,1.0,18.009999999999998,42.958333333333336,35.36746193501978,29.372976861287615,5.994485073732166,20 to <30%
38059,"Morton County, North Dakota",33479.0,37.7,79483.0,249600.0,1036.0,7.009245979677154,1.4174644311630613,11.771227337941829,75.06098011678617,29.256657125509584,1.0,20.97,42.675000000000004,59.529854535679085,61.59084799426506,-2.0609934585859793,20 to <30%
38061,"Mountrail County, North Dakota",9567.0,35.1,81292.0,222200.0,864.0,13.157059756742465,2.9444321452291344,24.324857086536568,60.01562907007033,22.36626189694782,1.0,13.31,41.458333333333336,64.3880004181039,51.74035747883349,12.647642939270408,20 to <30%
38063,"Nelson County, North Dakota",3015.0,50.4,68051.0,114500.0,593.0,9.955063947459385,1.1627906976744187,27.975528364849833,76.91119691119691,28.154050464807437,1.0,17.470000000000002,40.541666666666664,19.90049751243781,27.529021558872305,-7.628524046434494,20 to <30%
38065,"Oliver County, North Dakota",1821.0,46.1,76953.0,217000.0,725.0,4.725274725274725,0.9433962264150944,20.285087719298247,93.39752407152682,20.46362909672262,0.0,19.21,42.583333333333336,35.694673256452496,23.613399231191654,12.081274025260846,20 to <30%
38067,"Pembina County, North Dakota",6787.0,45.5,66884.0,116600.0,692.0,8.702220879286902,4.02975821450713,15.865794711401763,74.51841838458938,22.929806714140387,1.0,13.030000000000001,40.96666666666666,41.550022101075584,42.72874613231177,-1.1787240312361869,20 to <30%
38069,"Pierce County, North Dakota",3961.0,44.3,63214.0,143400.0,807.0,12.17459900078885,1.353461738677772,11.410688493018776,78.91304347826087,27.911931818181817,0.0,14.22,40.449999999999996,20.954304468568544,25.498611461752084,-4.54430699318354,20 to <30%
38071,"Ramsey County, North Dakota",11563.0,40.2,61319.0,197400.0,687.0,16.260162601626018,1.8702228004553585,11.74468085106383,58.66923818707811,27.645136969087712,0.0,16.39,40.55833333333333,44.01971806624579,38.917236011415724,5.102482054830062,20 to <30%
38073,"Ransom County, North Dakota",5662.0,41.1,74521.0,174800.0,710.0,10.882730776289227,2.0899752036840242,9.180457052797479,75.66160520607376,20.956256358087487,2.0,22.32,42.86666666666667,35.323207347227125,40.798304486047336,-5.475097138820205,20 to <30%
38075,"Renville County, North Dakota",2277.0,42.5,76311.0,163400.0,846.0,7.142857142857143,0.8726003490401396,29.725609756097562,81.45336225596529,22.038216560509554,0.0,11.93,40.916666666666664,50.94422485726834,42.59991216512956,8.344312692138779,20 to <30%
38077,"Richland County, North Dakota",16550.0,38.0,72524.0,177600.0,751.0,10.369690613529103,1.7741935483870968,10.434322033898304,69.08633944411591,24.981371087928466,2.0,24.32,43.90833333333333,41.99395770392749,44.77341389728097,-2.7794561933534743,20 to <30%
38079,"Rolette County, North Dakota",12065.0,32.1,57355.0,93000.0,479.0,25.07729302645139,5.719275267408863,19.88698109106716,65.19262072707542,16.568462401795735,0.0,10.91,40.00833333333333,21.05263157894737,23.704931620389555,-2.6523000414421882,Under 20%
38081,"Sargent County, North Dakota",3822.0,44.1,77697.0,149600.0,835.0,7.871720116618076,1.1499760421657883,13.169754631947923,73.93310265282584,19.086987778576564,2.0,23.07,42.775,43.17111459968603,44.47933019361591,-1.3082155939298796,Under 20%
38085,"Sioux County, North Dakota",3789.0,28.7,41676.0,87400.0,466.0,42.74193548387097,21.53960029607698,16.379310344827587,46.01686972820993,11.170212765957446,0.0,21.93,43.38333333333333,15.307468989179203,15.307468989179203,0.0,Under 20%
38089,"Stark County, North Dakota",33116.0,34.5,80744.0,260400.0,966.0,10.993040019885658,3.103326672152345,14.480750566159818,64.9466596050541,27.166736901250175,0.0,18.47,43.25,49.25111728469622,47.13733542698394,2.113781857712284,20 to <30%
38091,"Steele County, North Dakota",1731.0,46.4,80313.0,120400.0,630.0,13.287117273252456,3.5322777101096223,34.732142857142854,77.83857729138167,29.579698651863602,2.0,17.28,40.25833333333333,29.462738301559792,47.37146158290006,-17.908723281340265,20 to <30%
38093,"Stutsman County, North Dakota",21525.0,40.6,60172.0,200300.0,742.0,12.430146503549313,3.643284393692224,10.599211310955083,63.63636363636363,24.4258872651357,1.0,20.05,41.76666666666667,35.86527293844367,36.79442508710802,-0.9291521486643438,20 to <30%
38095,"Towner County, North Dakota",2113.0,50.3,63017.0,122800.0,719.0,11.510441962117532,1.3631937682570594,24.14885193982581,77.24425887265136,18.91174518911745,1.0,11.370000000000001,40.18333333333333,20.82347373402745,44.01325130146711,-23.18977756743966,Under 20%
38097,"Traill County, North Dakota",7980.0,40.7,88289.0,193200.0,758.0,6.946473635276929,2.214369846878681,9.299781181619256,74.57780458383594,31.21429887599042,1.0,17.5,41.36666666666667,39.22305764411028,37.84461152882206,1.3784461152882206,30 to <40%
38099,"Walsh County, North Dakota",10488.0,43.8,69976.0,125700.0,766.0,10.503303536727556,2.1417740712661106,14.538121759170348,77.79775280898876,19.538651654537965,1.0,15.48,41.025,29.84363081617086,38.424866514111365,-8.581235697940503,Under 20%
38101,"Ward County, North Dakota",69232.0,33.3,79273.0,259100.0,1000.0,7.787030999940726,3.437419502561607,12.609662671444458,61.92294096854012,29.66397335193896,0.0,13.879999999999999,41.641666666666666,56.93898775132887,67.02103073723134,-10.082042985902472,20 to <30%
38103,"Wells County, North Dakota",3942.0,47.9,61346.0,106400.0,630.0,10.511289903970932,1.6111707841031149,19.644444444444446,73.5066371681416,22.250546249089584,1.0,17.93,40.225,27.904616945712835,29.17300862506342,-1.2683916793505834,20 to <30%
38105,"Williams County, North Dakota",39368.0,32.3,90224.0,267800.0,1108.0,8.758936378130947,2.5475856056569963,24.557685673451285,57.23804546642278,23.743662543094707,0.0,14.35,42.76666666666667,71.14915667547247,58.575492786019105,12.573663889453362,20 to <30%
39001,"Adams County, Ohio",27510.0,42.3,49521.0,157500.0,700.0,20.329224182475826,6.49851898393322,19.68281384941509,70.99706744868035,14.25149063032368,0.0,41.56,55.26666666666667,34.278444202108325,33.07888040712468,1.1995637949836424,Under 20%
39003,"Allen County, Ohio",101685.0,39.7,62001.0,158400.0,898.0,13.10514797619291,5.851596168378914,8.432333266214735,68.31508991399531,19.93422014325391,0.0,34.06,53.65833333333333,34.13482814574421,36.15085804199243,-2.0160298962482175,Under 20%
39005,"Ashland County, Ohio",52296.0,41.4,64991.0,175900.0,841.0,13.778689171070274,3.68761009982384,8.273748723186925,78.87576256415223,22.064225289403385,0.0,38.660000000000004,51.800000000000004,41.819642037631944,39.92657182193667,1.893070215695273,20 to <30%
39007,"Ashtabula County, Ohio",97343.0,42.7,55507.0,149600.0,816.0,18.267709848299877,6.896019406770317,15.967818472024502,73.89306707051003,15.970845481049563,0.0,37.39,51.30833333333334,29.12381989459951,27.326053234439044,1.7977666601604636,Under 20%
39009,"Athens County, Ohio",61573.0,32.8,53837.0,173800.0,903.0,22.11004917880672,5.751659764674949,14.146452051688959,61.92676700994631,35.42646532992271,0.0,37.480000000000004,54.56666666666666,36.200932226787714,37.12666266058175,-0.9257304337940331,30 to <40%
39011,"Auglaize County, Ohio",46209.0,40.6,76454.0,182000.0,853.0,7.473520317536896,2.4725274725274726,5.405810122791255,75.87990079679173,20.755732927910806,0.0,33.34,53.31666666666666,39.81908286264581,38.86688740288688,0.9521954597589214,20 to <30%
39013,"Belmont County, Ohio",65982.0,44.1,58411.0,143000.0,769.0,14.271237151543424,5.675237433402826,16.29481945631191,73.96219281663517,18.71861113981606,0.0,41.55,52.85,27.689369828134947,28.08341668940014,-0.39404686126519356,Under 20%
39015,"Brown County, Ohio",43710.0,42.1,69990.0,181100.0,822.0,17.41089051433879,4.312695186635602,11.896197327852004,76.14464858559347,15.778105056455573,0.0,43.06,55.050000000000004,50.880805307709906,43.399679707160836,7.481125600549073,Under 20%
39017,"Butler County, Ohio",389910.0,37.1,81194.0,243000.0,1098.0,11.723124263108085,4.792838064888439,6.166936947996149,69.86683375564614,32.53044149109621,0.0,39.74,55.06666666666666,42.899643507476085,41.95070657331179,0.9489369341642944,30 to <40%
39019,"Carroll County, Ohio",26731.0,45.5,64675.0,174500.0,780.0,12.462411023562103,3.9229960365607055,14.30064969009036,77.96270477518298,14.030625486633792,0.0,40.32,52.275,44.14350379708952,44.92910852568179,-0.7856047285922712,Under 20%
39021,"Champaign County, Ohio",38772.0,41.6,74239.0,186300.0,884.0,8.199984286200666,5.187621468081925,8.234737340274492,76.65678184631253,19.107417441605037,0.0,39.62,53.1,47.095842360466314,44.851955019085935,2.2438873413803777,Under 20%
39023,"Clark County, Ohio",135445.0,41.2,60846.0,155900.0,840.0,15.572133280876434,6.518886493579529,9.439861192954888,69.15860822413013,18.535855509244417,0.0,39.92,54.28333333333333,34.11716933072465,34.493705932297246,-0.37653660157259405,Under 20%
39025,"Clermont County, Ohio",209862.0,40.8,83178.0,245600.0,1040.0,8.837487172322087,4.0843142622502056,3.655722347887678,73.38084283918704,31.392009604300107,0.0,40.16,55.81666666666666,49.28476808569441,42.52318190048699,6.761586185207422,30 to <40%
39027,"Clinton County, Ohio",42014.0,41.0,68125.0,192800.0,893.0,14.774987110554614,4.725201072386059,7.970611154402761,70.53344623200677,20.055207559188872,0.0,41.68,55.13333333333333,48.86466415956586,46.674917884514684,2.1897462750511734,20 to <30%
39029,"Columbiana County, Ohio",101203.0,44.7,58474.0,139100.0,736.0,13.853438049658445,4.804152707118336,10.313658335681616,73.12386706948641,16.03532768199626,0.0,39.02,51.60833333333333,29.811369228184937,31.0563916089444,-1.2450223807594636,Under 20%
39031,"Coshocton County, Ohio",36679.0,41.0,54687.0,142300.0,723.0,18.78986190449781,5.282742634051119,8.95165737393542,72.51682368775235,16.74789016997504,0.0,39.14,52.875,33.779546879685924,26.091223861064915,7.688323018621009,Under 20%
39033,"Crawford County, Ohio",41767.0,43.3,55477.0,123600.0,761.0,13.20428115171758,5.634635275575038,8.68776456359605,70.99337748344371,15.503928705057994,0.0,39.17,52.666666666666664,40.17525797878708,40.27102736610242,-0.09576938731534465,Under 20%
39035,"Cuyahoga County, Ohio",1249418.0,40.5,62823.0,183200.0,1005.0,16.204236293851146,6.935264617109679,9.965670911906004,59.0530393938355,35.91746048190844,0.0,42.37,52.916666666666664,25.386219823950032,30.98962877115585,-5.603408947205819,30 to <40%
39037,"Darke County, Ohio",51655.0,42.0,64654.0,169100.0,747.0,11.222267992702877,2.7047788469313496,5.789868833635119,71.99981248828051,16.48317524841915,0.0,34.71,53.36666666666667,30.74242570903107,32.15564804955958,-1.4132223405285065,Under 20%
39039,"Defiance County, Ohio",38258.0,40.8,73615.0,150900.0,826.0,9.970071081182192,4.046863808451858,7.205793602896802,78.59001040582726,20.116972389958605,0.0,31.75,52.625,39.73025249620994,37.06414344712217,2.6661090490877726,20 to <30%
39041,"Delaware County, Ohio",221160.0,39.9,130088.0,419500.0,1433.0,5.046165390141013,2.9693954420152484,4.464762809475746,78.18780684854887,58.03664157372776,0.0,38.8,53.65833333333333,67.52125158256466,53.68963646228975,13.831615120274915,40% or more
39043,"Erie County, Ohio",74938.0,45.2,68431.0,183900.0,882.0,12.526810197377351,6.125296130560674,16.348958333333332,71.09769005665899,27.925007827031806,0.0,39.29,53.00833333333333,40.006405295043905,41.18070938642611,-1.1743040913822094,20 to <30%
39045,"Fairfield County, Ohio",161289.0,39.5,87069.0,272200.0,1114.0,8.18806597158323,3.606725395934503,5.391422307049229,74.2243118424782,31.90876175362755,0.0,36.2,53.59166666666667,62.65151374241269,51.52862253470479,11.122891207707903,30 to <40%
39047,"Fayette County, Ohio",28880.0,40.8,60047.0,162200.0,807.0,16.041401723894307,4.3240446448370164,8.342524027099417,63.042544048130644,13.841722255912675,0.0,37.76,54.541666666666664,42.03601108033241,43.5595567867036,-1.5235457063711912,Under 20%
39049,"Franklin County, Ohio",1321635.0,34.7,73795.0,265700.0,1233.0,14.536010351466974,4.546651597116303,6.957133056655549,52.96721066137151,41.970529400163414,0.0,38.84,54.80833333333334,36.89142615018519,44.05528001301418,-7.163853862828996,40% or more
39051,"Fulton County, Ohio",42434.0,41.6,72866.0,176000.0,832.0,8.677410126823686,3.6136205698401667,4.670205556810481,81.34589183105267,18.83766167286626,0.0,32.93,52.65,41.54687279068671,40.203610312485274,1.3432624782014422,Under 20%
39053,"Gallia County, Ohio",29162.0,41.3,56455.0,135000.0,798.0,14.806106334444639,3.6384126217499797,15.972944849115505,76.35559486952675,17.901265695123797,0.0,37.33,54.916666666666664,29.387559152321515,31.650778410259928,-2.263219257938413,Under 20%
39055,"Geauga County, Ohio",95479.0,45.0,100783.0,305100.0,1018.0,5.809216443574414,2.995041991298189,5.396496264986575,86.99244105993762,38.72429470388101,0.0,44.39,51.166666666666664,37.97693733700604,39.443228353878865,-1.4662910168728203,30 to <40%
39057,"Greene County, Ohio",168531.0,38.7,85218.0,238000.0,1089.0,9.777422017039285,4.012206950391521,6.182829336114008,67.57609887667091,41.286985092364425,0.0,38.83,55.14166666666667,62.39208216885914,58.51742409408358,3.8746580747755606,40% or more
39059,"Guernsey County, Ohio",38283.0,42.7,55756.0,154100.0,803.0,15.771244249378668,5.0296028050813355,14.59735071488646,71.63784083215363,15.349493299677048,0.0,39.64,53.75,38.24151712248256,32.59932607162448,5.6421910508580835,Under 20%
39061,"Hamilton County, Ohio",827878.0,36.9,70816.0,225700.0,1005.0,14.857191580648788,5.045505202719556,7.421651148485597,58.993244950749755,41.35964450660307,0.0,38.89,55.958333333333336,33.32012687859805,38.91756998011785,-5.597443101519789,40% or more
39063,"Hancock County, Ohio",74885.0,39.6,69699.0,196500.0,926.0,10.27127003699137,3.256354018836279,6.651707950754332,69.19159972167752,29.73230613594802,0.0,30.71,53.81666666666666,40.19496561394138,44.21446217533551,-4.019496561394138,20 to <30%
39065,"Hardin County, Ohio",30527.0,35.3,58001.0,134800.0,733.0,18.189198729262266,4.069688308152988,9.364600263137529,73.29006916574161,18.878484554945647,0.0,32.29,53.55833333333334,41.96285255675304,37.86811674910735,4.094735807645691,Under 20%
39067,"Harrison County, Ohio",14408.0,46.1,53851.0,118000.0,753.0,14.56447963800905,4.536958368734069,19.954035419764768,76.67623712210775,12.981414063996935,0.0,40.19,52.708333333333336,38.03442531926707,38.65907828983898,-0.6246529705719045,Under 20%
39069,"Henry County, Ohio",27581.0,41.7,79267.0,166000.0,866.0,8.429569694740714,3.5843309485018064,6.861362316435742,81.54284696240869,18.66889912097112,0.0,32.55,53.21666666666667,39.33867517493927,37.67086037489576,1.6678148000435082,Under 20%
39071,"Highland County, Ohio",43403.0,40.8,62008.0,157000.0,757.0,14.420289855072463,3.9994067629029066,11.52854511970534,73.24848340668491,15.60307609282245,0.0,40.43,54.708333333333336,42.2781835357003,39.375158399189,2.903025136511301,Under 20%
39073,"Hocking County, Ohio",27938.0,42.6,61366.0,172300.0,806.0,17.087554269175108,4.8940998487140694,11.134163208852005,78.79809770860355,14.355562276324411,0.0,36.24,53.76666666666667,38.084329586942516,41.19836781444627,-3.1140382275037584,Under 20%
39075,"Holmes County, Ohio",44312.0,32.5,74774.0,251800.0,773.0,8.807706455766047,2.036737413153136,8.475274725274724,79.50622842563409,10.954344290199343,0.0,38.47,52.041666666666664,25.613829211048927,31.007402058133238,-5.393572847084311,Under 20%
39077,"Huron County, Ohio",58412.0,40.4,65972.0,158900.0,824.0,11.95559942507836,4.119889483440002,8.379276637341153,73.58313417548652,16.94463980709334,0.0,39.88,52.25833333333333,39.35835102376224,39.46106964322399,-0.10271861946175444,Under 20%
39079,"Jackson County, Ohio",32588.0,40.2,58409.0,140400.0,773.0,17.663951056590818,4.054054054054054,12.546583850931677,73.37436868686869,16.61461586508432,0.0,37.59,54.925000000000004,32.34319381367374,31.269178838836382,1.0740149748373635,Under 20%
39081,"Jefferson County, Ohio",64855.0,44.2,56983.0,120600.0,792.0,16.93147884962394,4.9864553024982445,12.825374381386979,71.79931433627014,20.55668939163663,0.0,38.01,52.49166666666667,32.765399737876805,30.63757613136998,2.127823606506823,20 to <30%
39083,"Knox County, Ohio",62888.0,39.4,73988.0,218300.0,925.0,11.040102792993846,2.4649748876553,9.99692756740149,75.05013868145936,24.345291155708676,0.0,42.12,51.81666666666666,38.97404910316754,37.92456430479583,1.0494847983717084,20 to <30%
39085,"Lake County, Ohio",232101.0,44.0,77952.0,199900.0,1073.0,8.179154531044631,4.293958849561025,5.249487612984879,75.065540924451,30.52761215680934,0.0,43.730000000000004,52.458333333333336,33.860259111335154,31.45613332126962,2.4041257900655317,30 to <40%
39087,"Lawrence County, Ohio",57385.0,41.9,54842.0,135600.0,830.0,17.52132215026365,3.0491270807957775,15.212148617077398,72.50788853828719,18.57783472133248,0.0,35.69,56.11666666666667,32.02927594319073,32.081554413174175,-0.05227846998344515,Under 20%
39089,"Licking County, Ohio",180311.0,40.2,81033.0,250700.0,999.0,10.134326750245236,3.1725930249204373,6.458416072088851,73.72520313300637,29.280838615309605,0.0,39.44,52.708333333333336,48.69919195168348,44.68390724914176,4.015284702541719,20 to <30%
39091,"Logan County, Ohio",46140.0,42.1,69183.0,186200.0,832.0,11.2948080670944,3.5810482624630193,17.81316972727655,77.6817670518458,18.297264569814015,0.0,36.99,52.65833333333333,43.88816644993498,41.54746423927178,2.340702210663199,Under 20%
39093,"Lorain County, Ohio",314588.0,42.1,70693.0,207200.0,916.0,12.78648974668275,4.443969315295703,7.174887892376682,73.70486905669972,27.895331786795715,0.0,39.81,52.449999999999996,36.46674380459522,31.050135415209734,5.416608389385482,20 to <30%
39095,"Lucas County, Ohio",428748.0,38.3,60095.0,155200.0,911.0,17.811878875696493,6.822741235284034,9.273574943715008,61.65768120079497,28.500270264722584,0.0,30.67,54.09166666666667,27.713248808157704,31.722596956720498,-4.009348148562792,20 to <30%
39097,"Madison County, Ohio",44126.0,41.5,83229.0,231400.0,944.0,9.6857041143264,4.00268122187111,6.112095837662735,75.94557645986589,22.35110207909958,0.0,38.55,54.44166666666666,60.077958573176815,49.69859040021756,10.379368172959254,20 to <30%
39099,"Mahoning County, Ohio",227063.0,43.4,55576.0,141100.0,775.0,18.278874589637613,6.406873442108051,9.148107367895111,70.28414298808433,26.36059966657849,0.0,38.89,51.75,32.13645552115492,31.634392217137975,0.5020633040169469,20 to <30%
39101,"Marion County, Ohio",65145.0,40.5,57306.0,146200.0,850.0,15.346792193190018,5.950448224747653,10.434242723056133,67.81112379709673,13.698391625133306,0.0,33.96,53.49166666666667,34.33878271548085,31.268708266175455,3.0700744493053955,Under 20%
39103,"Medina County, Ohio",183049.0,43.1,92660.0,268000.0,1090.0,6.13476310656072,3.039949873166985,4.233538075424344,80.02206896551724,36.24683022329102,0.0,38.17,52.26666666666667,42.349316303284915,40.688558801195306,1.6607575020896044,30 to <40%
39105,"Meigs County, Ohio",22072.0,43.8,46701.0,113400.0,704.0,22.04422695166428,6.125436324738205,16.815071703064955,75.42535211267605,11.781427668982944,0.0,38.96,54.48333333333333,31.351939108372598,33.390721275824575,-2.0387821674519753,Under 20%
39107,"Mercer County, Ohio",42438.0,39.1,78036.0,208600.0,812.0,6.136811260027862,1.7977936169246833,9.682072906841258,79.6473768276201,22.15624552868794,0.0,32.85,52.9,24.43564729723361,28.70069277534285,-4.265045478109242,20 to <30%
39109,"Miami County, Ohio",109549.0,41.1,74175.0,209200.0,942.0,8.618622496034234,3.6225538379054596,5.243684613421792,73.4033481441587,24.92350925111289,0.0,35.44,54.60833333333333,46.11634976129403,40.8584286483674,5.257921112926636,20 to <30%
39111,"Monroe County, Ohio",13308.0,46.0,58962.0,132000.0,626.0,15.133125995600395,6.004499048278249,22.904715265146216,82.37749546279491,10.733229329173167,0.0,44.73,53.40833333333333,32.16110610159303,23.519687406071537,8.641418695521491,Under 20%
39113,"Montgomery County, Ohio",535528.0,38.8,64403.0,167400.0,968.0,14.898581041572992,5.846893242344288,8.84285572828993,62.32527623409183,30.521120137856432,0.0,36.04,55.34166666666667,39.28459389611748,40.01471445003809,-0.7301205539206167,30 to <40%
39115,"Morgan County, Ohio",13758.0,44.4,55971.0,134200.0,713.0,14.286768504169434,2.9675638371290547,22.95171659143756,77.17024676016332,14.203104392817288,0.0,39.56,54.21666666666667,34.452682075883125,34.888791975577846,-0.4361098996947231,Under 20%
39117,"Morrow County, Ohio",35214.0,43.3,71047.0,200800.0,942.0,10.870565234891611,3.017166637766603,7.978104686965446,81.76816120157632,18.195687959208254,0.0,41.44,52.275,57.33515079229852,44.92531379564946,12.40983699664906,Under 20%
39119,"Muskingum County, Ohio",86382.0,40.5,59203.0,170100.0,811.0,15.638418079096045,4.604249700467027,10.692955689434838,68.73521595654586,20.324214792299898,0.0,40.03,53.93333333333334,32.91194924868607,31.650112291912667,1.2618369567734018,20 to <30%
39121,"Noble County, Ohio",14252.0,51.3,55360.0,149300.0,730.0,11.675972997749813,2.921792618629174,20.872865275142313,81.90538478308262,13.745767365242061,0.0,39.82,53.96666666666667,28.066236317709794,26.382262138647206,1.6839741790625877,Under 20%
39123,"Ottawa County, Ohio",40161.0,50.3,75728.0,200700.0,909.0,8.35229858898498,2.9210499438259627,37.10103608928447,83.59405229119452,28.536345776031435,0.0,32.16,53.583333333333336,46.81158337690795,44.32160553771072,2.489977839197231,20 to <30%
39125,"Paulding County, Ohio",18800.0,41.7,68167.0,126800.0,750.0,9.59530728662146,3.929421952803637,11.602015703738427,80.16704229086571,15.733969671310907,0.0,32.55,53.13333333333333,35.265957446808514,38.98936170212766,-3.723404255319149,Under 20%
39127,"Perry County, Ohio",35474.0,41.1,64737.0,178300.0,727.0,14.69823026560311,3.993208401458936,11.131083150256307,76.52258596149524,15.038481899254794,0.0,38.88,53.50833333333333,46.710266674183906,40.649489767153405,6.060776907030501,Under 20%
39129,"Pickaway County, Ohio",59407.0,39.5,72927.0,235700.0,965.0,12.097900829145273,4.17654241183653,5.218892479305918,72.10442742387447,21.256980550741382,0.0,35.0,54.78333333333333,60.81774875014729,47.0819937044456,13.735755045701685,20 to <30%
39131,"Pike County, Ohio",27080.0,41.1,49552.0,148500.0,833.0,19.920453266293947,5.3512623490669595,10.39681882197001,65.7914201183432,14.556996072946367,0.0,38.53,55.4,40.43574593796159,37.44460856720827,2.9911373707533233,Under 20%
39133,"Portage County, Ohio",161421.0,39.3,72822.0,210500.0,1036.0,11.399222618051095,5.296096288499382,9.121621621621621,70.14250309789344,31.52110185659113,0.0,38.99,51.90833333333333,46.418991333221825,45.59505888329276,0.8239324499290674,30 to <40%
39135,"Preble County, Ohio",40802.0,43.2,71237.0,171100.0,803.0,11.248919085855466,3.521842194378598,7.533414337788578,79.37522398757615,17.897638069985696,0.0,36.31,53.40833333333333,38.52752316062938,35.51296505073281,3.0145581098965737,Under 20%
39137,"Putnam County, Ohio",34352.0,40.0,82785.0,191600.0,857.0,7.139705233430412,2.149236531259003,5.025234318673395,85.78152281181204,26.299322092821136,0.0,32.06,53.53333333333333,21.891010712622265,28.440847694457382,-6.549836981835119,20 to <30%
39139,"Richland County, Ohio",125138.0,40.9,57649.0,154000.0,791.0,13.94035016286645,4.774744804160174,8.327230115717006,68.46688503635056,17.881391713167414,0.0,40.73,51.85833333333333,34.066390704662055,32.46016397896722,1.6062267256948328,Under 20%
39141,"Ross County, Ohio",76748.0,41.0,59819.0,158500.0,858.0,16.802349979018043,4.538564422648239,8.154921665314275,70.60722416663835,17.10579280565009,0.0,36.62,55.025,32.95199874915307,33.52530359097305,-0.5733048418199823,Under 20%
39143,"Sandusky County, Ohio",58770.0,42.5,62500.0,152500.0,786.0,13.24198543277798,3.897499913311835,7.641170915958451,74.29658105676427,19.105330101514316,0.0,35.4,53.31666666666666,35.05189722647609,34.43933979921729,0.6125574272588055,Under 20%
39145,"Scioto County, Ohio",73118.0,40.6,49571.0,132300.0,749.0,22.36574538164113,6.575146963879167,13.621693361083462,69.01560917693892,17.951033710953606,0.0,38.74,55.75,23.345824557564484,23.701414152465876,-0.35558959490139225,Under 20%
39147,"Seneca County, Ohio",54861.0,40.5,65020.0,136200.0,814.0,11.911996615254433,3.948596453442458,7.797897196261682,73.41961174713788,20.712358337830544,0.0,36.29,53.0,40.37476531598039,35.72665463626255,4.648110679717832,20 to <30%
39149,"Shelby County, Ohio",48007.0,40.1,72822.0,190300.0,904.0,11.104787200404731,4.594279277467112,6.5977228658081835,73.74640689875439,20.611946337971176,0.0,35.01,53.26666666666667,38.53604682650447,36.682150519715876,1.8538963067885934,20 to <30%
39151,"Stark County, Ohio",373764.0,41.9,65740.0,177700.0,877.0,12.743562930803217,3.873497881094866,7.2580211908670345,68.57034357581453,24.98283255253239,0.0,37.480000000000004,52.63333333333333,30.19552444858253,28.509968857353837,1.6855555912286897,20 to <30%
39153,"Summit County, Ohio",538087.0,41.2,71016.0,195700.0,998.0,12.649193998030592,5.219803370786517,7.173625520245593,67.28931647952314,35.286154457287864,0.0,35.93,52.85833333333333,35.447799333565015,35.821344875456944,-0.3735455418919245,30 to <40%
39155,"Trumbull County, Ohio",201367.0,43.8,55088.0,128100.0,783.0,16.789371544966734,4.471366122619335,8.861496137974818,71.50055145991757,20.29348827224188,0.0,39.5,51.675000000000004,32.33896318661946,30.680300148485106,1.6586630381343517,20 to <30%
39157,"Tuscarawas County, Ohio",92585.0,41.2,64494.0,176800.0,876.0,12.972878275246636,5.285723856099685,6.642997061704212,68.6783644136701,19.591836734693878,0.0,40.93,53.050000000000004,28.805962088891288,31.246962250904573,-2.4410001620132853,Under 20%
39159,"Union County, Ohio",65293.0,38.1,109506.0,306600.0,1188.0,5.063999105131114,2.4017778284281603,3.30479874886822,79.36582251542882,39.10229035085748,0.0,36.85,53.35,78.03286722925888,52.42522169298393,25.607645536274944,30 to <40%
39161,"Van Wert County, Ohio",28824.0,41.4,65344.0,137300.0,792.0,9.516786065458632,3.6636595275807453,7.340543979640528,80.6111063428032,16.996542566518013,0.0,35.730000000000004,53.333333333333336,35.73411046350264,35.42187066333611,0.3122398001665279,Under 20%
39163,"Vinton County, Ohio",12686.0,43.5,53813.0,131700.0,663.0,16.71749598715891,3.609302325581395,12.043119420582785,75.16277288395251,15.118356409111211,0.0,36.92,54.38333333333333,45.87734510483998,42.33012769982658,3.5472174050134004,Under 20%
39165,"Warren County, Ohio",246364.0,39.8,107843.0,319700.0,1293.0,5.420587230283281,3.1294695603507243,4.869876725318723,79.59640262271841,45.686895244227436,0.0,39.1,55.775,54.97150557711354,53.148999042067835,1.8225065350457048,40% or more
39167,"Washington County, Ohio",59318.0,44.1,61355.0,174100.0,828.0,12.887501084222396,4.64817851286804,11.05114550198363,74.81416000321452,20.702693816200476,0.0,41.22,55.09166666666667,32.60393135304629,33.39627094642436,-0.792339593378064,20 to <30%
39169,"Wayne County, Ohio",116618.0,38.9,71769.0,204600.0,849.0,8.73464734540467,3.27923619292107,5.5807195966156735,76.0590152063722,24.715299017374893,0.0,36.44,52.06666666666666,31.530295494692073,35.32902296386493,-3.7987274691728548,20 to <30%
39171,"Williams County, Ohio",36862.0,41.8,61834.0,140000.0,805.0,11.939044204157096,3.4865206171416023,6.751538554362254,75.61307020381753,14.234352650094715,0.0,32.0,51.74166666666667,34.37143942271174,35.022516412565786,-0.6510769898540503,Under 20%
39173,"Wood County, Ohio",131795.0,35.7,73124.0,214400.0,950.0,12.039860250913133,4.590200507543434,5.4572116895359795,64.55609720067952,37.364549458197835,0.0,31.4,53.949999999999996,50.36609886566258,49.07621685192913,1.2898820137334497,30 to <40%
39175,"Wyandot County, Ohio",21699.0,41.6,71878.0,159500.0,785.0,7.485029940119761,2.506536831665314,8.305513404147698,73.75330979699912,20.675853018372703,0.0,32.88,53.791666666666664,39.58707774551823,39.909673256832114,-0.3225955113138854,20 to <30%
40001,"Adair County, Oklahoma",19595.0,38.1,48028.0,111500.0,650.0,21.549259162984143,6.958600729835158,14.735934999384463,67.99018192318799,11.802457540893794,0.0,48.83,61.083333333333336,50.42102577188058,44.705281959683596,5.7157438121969895,Under 20%
40003,"Alfalfa County, Oklahoma",5685.0,44.4,67870.0,103000.0,614.0,13.993325917686319,4.335664335664336,23.79032258064516,78.73015873015873,20.70474435743897,0.0,32.0,60.175000000000004,28.14423922603342,25.857519788918207,2.2867194371152153,20 to <30%
40005,"Atoka County, Oklahoma",14255.0,40.2,52034.0,138000.0,708.0,17.634190171107118,4.460829493087558,19.085619285120533,75.77563180604068,15.326162044804105,1.0,44.62,64.39999999999999,42.020343739038935,34.5843563661873,7.435987372851631,Under 20%
40007,"Beaver County, Oklahoma",5041.0,41.1,64266.0,117900.0,782.0,9.775349119611414,1.913265306122449,31.293068504256183,79.70501474926253,22.97377830750894,1.0,30.939999999999998,58.31666666666666,46.81610791509621,46.61773457647292,0.19837333862328904,20 to <30%
40009,"Beckham County, Oklahoma",22202.0,37.1,52323.0,153400.0,821.0,23.170992203353627,5.804900389283261,19.051383399209485,66.36962890625,13.2888389612106,0.0,26.83,62.300000000000004,46.52733987929015,46.257093955499506,0.2702459237906495,Under 20%
40011,"Blaine County, Oklahoma",8603.0,41.6,59304.0,126200.0,842.0,15.284015852047556,7.465382299819386,26.07843137254902,71.38225758915414,17.985012489592005,0.0,34.5,60.98333333333333,50.33127978612112,55.67825177263745,-5.346971986516332,Under 20%
40013,"Bryan County, Oklahoma",47237.0,36.8,54280.0,163700.0,914.0,17.38647984160484,4.808758314855876,11.506915797136617,63.56257540857738,24.38776482546136,0.0,40.5,65.76666666666667,57.772508838410566,45.43048881173656,12.342020026674005,20 to <30%
40015,"Caddo County, Oklahoma",26626.0,37.8,52817.0,109900.0,715.0,18.98673866433733,5.3709806715952615,21.326768592899715,70.344751866491,15.469309110927608,0.0,32.94,62.25833333333333,42.96552242169308,40.14872680838278,2.816795613310298,Under 20%
40017,"Canadian County, Oklahoma",162621.0,36.1,85427.0,230300.0,1208.0,8.569438867697249,4.01144781937885,5.781275618953927,74.75636920506751,31.754657665093244,0.0,36.839999999999996,61.65,83.35946771942123,60.939239089662465,22.420228629758764,30 to <40%
40019,"Carter County, Oklahoma",48255.0,38.3,58856.0,153500.0,945.0,15.088207985143919,3.9228963524738174,12.637032240159119,67.66029544130883,20.003097893432464,0.0,37.42,64.45833333333333,47.60128484094913,41.03201740752254,6.569267433426588,20 to <30%
40021,"Cherokee County, Oklahoma",47621.0,37.3,53668.0,160300.0,803.0,19.341429441977887,5.132058287795993,17.375297445337402,65.80448839863065,29.416949595194566,0.0,48.53,61.625,49.200982759706854,42.46025912937569,6.740723630331156,20 to <30%
40023,"Choctaw County, Oklahoma",14299.0,42.1,45456.0,119700.0,676.0,22.010521825678943,4.235414186086069,17.666900913562895,65.73916012290884,15.241329628486158,1.0,47.03,65.00833333333334,42.31065109448213,46.71655360514721,-4.405902510665081,Under 20%
40027,"Cleveland County, Oklahoma",297545.0,35.1,74446.0,222800.0,1128.0,12.801673017677565,4.83766296351031,6.4127020204070035,64.0819477331668,35.62315944742885,1.0,38.89,62.48333333333333,57.91056814935556,58.50543615251475,-0.594868003159186,30 to <40%
40029,"Coal County, Oklahoma",5275.0,40.3,48162.0,92500.0,679.0,21.303930968360497,6.150234741784038,19.798527702440914,70.82125603864735,16.830294530154276,0.0,43.019999999999996,64.05,52.322274881516584,44.170616113744074,8.151658767772512,Under 20%
40031,"Comanche County, Oklahoma",121699.0,33.7,59000.0,154300.0,940.0,17.748480514837325,6.904428712545275,15.060687218644937,54.971152556017714,24.170773011446833,1.0,30.04,63.65833333333333,63.673489511006665,68.88306395286732,-5.209574441860656,20 to <30%
40033,"Cotton County, Oklahoma",5475.0,43.2,60313.0,113200.0,742.0,22.875209224474613,2.216645754914262,24.233468784632436,79.5709410043881,20.945945945945947,1.0,29.38,65.03333333333333,46.39269406392694,48.0365296803653,-1.643835616438356,20 to <30%
40035,"Craig County, Oklahoma",14215.0,40.8,50182.0,132900.0,826.0,19.525204717902486,4.741229593608892,17.768724537762456,73.20884146341463,14.871949989917322,1.0,37.230000000000004,60.449999999999996,50.93211396412241,42.06823777699613,8.863876187126275,Under 20%
40037,"Creek County, Oklahoma",72353.0,40.6,61849.0,170900.0,910.0,13.909024499887614,3.5521803037726603,11.332717367062797,74.47358965145527,18.40109712810584,1.0,40.28,61.53333333333333,64.58612635274281,55.132475502052436,9.453650850690366,Under 20%
40039,"Custer County, Oklahoma",28332.0,32.8,57562.0,177000.0,779.0,16.458815622432976,3.539038527105353,16.700139039085432,64.15059347181008,33.32532003125188,0.0,34.29,61.208333333333336,53.19073838768883,53.29662572356346,-0.1058873358746294,30 to <40%
40041,"Delaware County, Oklahoma",41017.0,47.0,55114.0,164900.0,868.0,18.591012570523606,4.8414985590778095,30.27757186393213,75.90076786769049,19.21295524974176,1.0,49.65,60.541666666666664,63.41273130653144,52.90489309310774,10.507838213423703,Under 20%
40043,"Dewey County, Oklahoma",4433.0,38.0,60550.0,118200.0,900.0,14.423740510697032,4.455958549222798,27.33485193621868,74.67084639498432,19.76825842696629,0.0,32.06,60.375,39.92781412136251,49.853372434017594,-9.925558312655086,Under 20%
40045,"Ellis County, Oklahoma",3717.0,43.4,56992.0,122500.0,728.0,13.84235100247185,6.499429874572406,31.905882352941177,82.30822391154112,19.976905311778292,0.0,31.21,59.583333333333336,30.131826741996232,55.15200430454668,-25.020177562550444,Under 20%
40047,"Garfield County, Oklahoma",62322.0,35.7,67302.0,149800.0,915.0,12.694696290392216,4.2244001351808045,13.937081563602332,64.57549142618151,22.301160977300295,0.0,32.980000000000004,60.824999999999996,44.36635538012259,46.80530149866821,-2.438946118545618,20 to <30%
40049,"Garvin County, Oklahoma",25779.0,38.8,57127.0,132600.0,828.0,15.336333491236381,2.774556160228388,17.170545846102875,68.13,17.682750650101127,0.0,38.89,63.60833333333333,55.083595174366735,52.21304162302649,2.870553551340238,Under 20%
40051,"Grady County, Oklahoma",55868.0,39.9,75730.0,187900.0,874.0,12.317938959232965,5.182104316546763,11.96639807989028,75.28237585199611,21.93985041609607,0.0,33.16,62.65833333333333,61.62740746044247,50.690914297988115,10.936493162454356,20 to <30%
40053,"Grant County, Oklahoma",4137.0,42.9,61824.0,79500.0,856.0,13.490683229813664,4.046563192904657,28.50574712643678,75.11254019292605,22.73676880222841,0.0,31.6,60.40833333333333,33.840947546531304,35.774715977761666,-1.9337684312303602,20 to <30%
40055,"Greer County, Oklahoma",5498.0,40.6,60183.0,103600.0,624.0,14.6875,4.673342870767764,22.34123947972456,77.78325123152709,15.257214554579674,0.0,25.49,63.166666666666664,40.56020371044016,36.74063295743907,3.8195707530010914,Under 20%
40057,"Harmon County, Oklahoma",2452.0,40.3,54286.0,75700.0,663.0,16.962025316455698,9.652173913043478,30.04418262150221,72.0,16.266822703335283,0.0,23.7,63.64166666666667,49.75530179445351,38.743882544861336,11.01141924959217,Under 20%
40059,"Harper County, Oklahoma",3231.0,41.3,59191.0,99300.0,791.0,15.936507936507937,2.151983860121049,26.77946324387398,80.3187250996016,26.642335766423358,1.0,31.64,59.06666666666666,27.545651501083256,25.069637883008358,2.4760136180748993,20 to <30%
40061,"Haskell County, Oklahoma",11667.0,41.4,49930.0,122300.0,757.0,19.98266897746967,5.922233300099701,19.506607929515418,77.1891418563923,15.22741433021807,0.0,50.17,63.73333333333333,56.484100454272735,40.54169880860547,15.942401645667267,Under 20%
40063,"Hughes County, Oklahoma",13411.0,39.2,47923.0,94900.0,615.0,20.90299584146652,5.545964609408718,30.76790038049118,72.8203847114664,15.102999252855161,0.0,46.06,62.93333333333334,54.209231228096336,47.05092834240549,7.15830288569085,Under 20%
40065,"Jackson County, Oklahoma",24730.0,35.0,61497.0,145000.0,865.0,15.970680628272252,5.236441357200107,18.82782666445293,61.28042544487625,24.198617221873036,0.0,22.93,64.29166666666667,66.84189243833401,76.22321067529316,-9.381318236959158,20 to <30%
40067,"Jefferson County, Oklahoma",5377.0,41.2,48750.0,77500.0,588.0,22.776821572002294,4.1314971123944915,21.2253829321663,72.36111111111111,15.736179529282978,1.0,33.03,65.20833333333333,43.51869071973219,59.6987167565557,-16.180026036823506,Under 20%
40069,"Johnston County, Oklahoma",10334.0,39.5,50911.0,110700.0,732.0,21.939860281461982,5.098605098605098,16.878980891719745,70.21711366538953,21.34289057928613,0.0,39.73,64.66666666666667,46.15831236694407,55.15773175924134,-8.999419392297272,20 to <30%
40071,"Kay County, Oklahoma",43731.0,38.3,56673.0,116800.0,830.0,15.541461122856472,5.982778358468966,20.107059217129475,67.73151471643934,18.523374159047783,0.0,32.74,60.73333333333333,38.119411858864424,41.18359973474195,-3.064187875877524,Under 20%
40073,"Kingfisher County, Oklahoma",15288.0,38.5,70617.0,206400.0,915.0,11.70241108298921,1.9055180627233028,12.247121070650483,71.98084766802624,22.82069454287739,0.0,34.72,61.4,50.56253270538985,43.56357927786499,6.998953427524856,20 to <30%
40075,"Kiowa County, Oklahoma",8458.0,42.0,42063.0,90300.0,675.0,25.015113045580947,4.29664508534432,28.5866780529462,71.30044843049328,18.424657534246574,0.0,28.01,63.1,41.853866162213286,36.88815322771341,4.965712934499882,Under 20%
40077,"Latimer County, Oklahoma",9495.0,41.5,41048.0,103300.0,720.0,19.18138922418523,7.315068493150685,17.727466894489535,70.45690550363447,10.409320864632837,0.0,52.870000000000005,63.28333333333333,63.71774618220116,59.18904686677199,4.528699315429173,Under 20%
40079,"Le Flore County, Oklahoma",48728.0,38.8,50027.0,121600.0,773.0,19.982153100898717,5.212591986917416,16.194255479969765,71.99549041713641,14.82782853127196,0.0,54.54,63.14166666666667,42.0292234444262,38.84830077163027,3.1809226727959286,Under 20%
40081,"Lincoln County, Oklahoma",33917.0,41.3,59425.0,152000.0,760.0,16.480889340465588,3.5608308605341246,10.636538991457702,80.25747764415665,15.472375336495322,0.0,40.839999999999996,61.875,64.06816640622696,53.89627620367367,10.171890202553293,Under 20%
40083,"Logan County, Oklahoma",50905.0,40.2,82735.0,234300.0,895.0,13.676166538290023,3.3254756693045966,9.430843921082532,85.82915145985402,30.457623161335512,1.0,33.19,61.425000000000004,67.5572144190158,55.79019742657892,11.767016992436892,30 to <40%
40085,"Love County, Oklahoma",10196.0,38.6,62940.0,167500.0,903.0,14.779936558287075,4.658651781880636,20.25825571549534,72.94929652243164,15.969082689222692,1.0,37.53,65.35000000000001,55.8061985092193,55.70812083169871,0.09807767752059632,Under 20%
40087,"McClain County, Oklahoma",43779.0,38.9,84778.0,233900.0,964.0,7.807255506000276,4.660059921640931,6.423357664233577,78.48985959438377,28.043626448534425,1.0,37.85,62.81666666666666,91.11674547157313,70.21631375773772,20.9004317138354,20 to <30%
40089,"McCurtain County, Oklahoma",30825.0,37.9,50175.0,126100.0,705.0,21.08944050433412,4.181048007530593,19.36657393537342,71.83297947629158,15.516477020836412,1.0,56.339999999999996,63.68333333333334,28.223844282238442,26.958637469586375,1.2652068126520681,Under 20%
40091,"McIntosh County, Oklahoma",19237.0,47.3,46203.0,135800.0,763.0,20.896471336229734,4.199514857489388,35.859223709691,77.21186663166185,14.442477876106194,1.0,45.15,63.14166666666667,71.94468992046576,55.46602900660186,16.47866091386391,Under 20%
40093,"Major County, Oklahoma",7656.0,42.0,69229.0,134700.0,619.0,11.404561824729893,1.871042026482441,13.789388634527336,79.78756638550453,17.96004610065309,1.0,31.509999999999998,60.53333333333333,42.58098223615465,31.08672936259143,11.494252873563218,Under 20%
40095,"Marshall County, Oklahoma",15628.0,42.0,56495.0,139700.0,819.0,16.519709543568464,5.363748458692972,34.819099466938866,79.57195058291282,16.936903548596312,0.0,38.32,65.38333333333334,58.35679549526491,57.4609674942411,0.8958280010238034,Under 20%
40097,"Mayes County, Oklahoma",39406.0,40.5,57279.0,171900.0,846.0,17.603691387621478,6.5621176732287845,16.86904437789273,74.26475404467152,16.458687144650373,1.0,45.95,61.125,53.34213064000406,47.09942648327666,6.2427041567274015,Under 20%
40099,"Murray County, Oklahoma",13807.0,41.5,61904.0,154900.0,859.0,12.801442416046878,2.0738820479585223,24.01466544454629,71.67269802975473,17.798643714136674,0.0,39.22,64.03333333333333,51.71289925400159,43.67349894980807,8.039400304193524,Under 20%
40101,"Muskogee County, Oklahoma",66471.0,38.2,51999.0,138800.0,824.0,20.286125319693095,5.909916454776607,12.16156387290127,66.38880272952854,19.029117441098737,1.0,44.86,62.975,46.817409095695865,43.83866648613681,2.9787426095590557,Under 20%
40103,"Noble County, Oklahoma",10909.0,41.7,70071.0,142600.0,758.0,11.471556182416549,2.294882209585703,17.05150976909414,79.89531287175826,20.278330019880716,0.0,33.3,61.44166666666666,54.175451462095516,41.89201576679805,12.283435695297461,20 to <30%
40105,"Nowata County, Oklahoma",9392.0,41.6,52679.0,121900.0,776.0,16.38564634673584,5.118012422360248,15.240702715035363,73.2436069986541,16.444239914097253,0.0,30.5,60.43333333333334,63.13884156729131,50.14906303236797,12.989778534923339,Under 20%
40107,"Okfuskee County, Oklahoma",11304.0,40.3,45441.0,110800.0,689.0,27.376648754274548,3.10077519379845,18.225570202971333,71.08495394063459,13.100824350031706,0.0,47.089999999999996,62.28333333333333,51.2208067940552,42.99363057324841,8.227176220806793,Under 20%
40109,"Oklahoma County, Oklahoma",800487.0,35.1,65374.0,207800.0,1073.0,15.713025925435064,4.842935196760585,9.494477544629227,58.61121255826333,35.09476706410888,1.0,37.18,61.949999999999996,45.299923671464995,46.32430008232488,-1.024376410859889,30 to <40%
40111,"Okmulgee County, Oklahoma",36922.0,39.4,53123.0,114600.0,811.0,17.621368797723367,7.2112640324728865,15.14843188891549,69.95132961839599,17.299458760804587,0.0,41.85,62.35833333333334,49.37435675207193,47.61388873842154,1.760468013650398,Under 20%
40113,"Osage County, Oklahoma",45963.0,43.3,60482.0,172300.0,786.0,12.637027326356712,5.378093266292024,13.77203171556992,78.25934168911796,21.498321635642355,0.0,31.75,60.60833333333333,67.1844744685943,54.71792528773143,12.466549180862868,20 to <30%
40115,"Ottawa County, Oklahoma",30360.0,37.3,48656.0,114300.0,764.0,20.713160238405152,3.47244094488189,14.165753924790069,67.26499361973629,14.968963060954513,0.0,41.06,61.14166666666667,48.78129117259552,46.9038208168643,1.8774703557312253,Under 20%
40117,"Pawnee County, Oklahoma",15689.0,41.7,57551.0,125700.0,872.0,17.004599339249854,3.553000147427392,18.195447730680115,78.15728090636455,16.3199558173785,1.0,33.660000000000004,61.46666666666667,71.96124673338008,58.894767034227804,13.066479699152273,Under 20%
40119,"Payne County, Oklahoma",82290.0,27.7,48937.0,217700.0,922.0,23.868965517241378,4.462313106920824,12.355013550135501,50.913700875050246,40.10511014201051,1.0,35.66,61.75833333333333,51.95041924899745,53.40867663142544,-1.4582573824279985,40% or more
40121,"Pittsburg County, Oklahoma",43629.0,40.3,54787.0,146300.0,857.0,18.239115210934294,5.775956284153006,20.51432174382994,71.43747521106012,19.707885127800257,0.0,47.74,63.15,43.961585184166495,39.72128630039653,4.240298883769969,Under 20%
40123,"Pontotoc County, Oklahoma",38158.0,37.5,62564.0,170500.0,880.0,12.55647845025838,3.5180299032541775,14.351083910084082,66.44183250968345,29.73240832507433,0.0,41.38,63.65833333333333,47.87986791760574,41.93091881125845,5.948949106347293,20 to <30%
40125,"Pottawatomie County, Oklahoma",73011.0,38.0,60828.0,155700.0,869.0,15.682119587153318,5.3879719218364635,11.875476577263536,69.89202814040104,20.998561742346414,1.0,41.79,62.68333333333334,56.840750023968994,48.80086562298832,8.039884400980673,20 to <30%
40127,"Pushmataha County, Oklahoma",10787.0,43.8,44634.0,116800.0,620.0,23.673777609967907,6.2114863199408425,23.147172462240956,75.79981718464352,14.337521046496567,1.0,50.99,63.63333333333333,50.80189116529156,36.89626402150737,13.905627143784185,Under 20%
40129,"Roger Mills County, Oklahoma",3378.0,42.0,62721.0,152600.0,708.0,15.428230378991346,3.3486539724228495,23.08108108108108,81.16654954321855,23.87483926275182,0.0,29.4,61.23333333333333,38.484310242747185,51.805802249851986,-13.321492007104796,20 to <30%
40131,"Rogers County, Oklahoma",97235.0,39.3,77688.0,222200.0,1018.0,9.562821493300367,4.660008543009988,7.7093990595773265,77.78399865629024,25.60235507246377,1.0,39.06,61.15833333333333,66.92034761145678,55.54584254640819,11.374505065048593,20 to <30%
40133,"Seminole County, Oklahoma",23550.0,39.2,46191.0,91200.0,730.0,22.442969539800448,7.1451770055212735,19.353044767819075,69.60119526491208,15.120954873300567,0.0,45.64,62.824999999999996,52.016985138004245,51.54989384288747,0.46709129511677283,Under 20%
40135,"Sequoyah County, Oklahoma",39676.0,40.6,49795.0,127500.0,796.0,20.31206180047421,4.782338308457711,16.818231620466747,70.99578503688093,15.150281314776429,0.0,48.51,63.175000000000004,45.41788486742615,41.13317874785765,4.284706119568505,Under 20%
40137,"Stephens County, Oklahoma",43314.0,40.9,60236.0,135100.0,865.0,17.53182693662799,5.284099952252109,15.178967062183053,74.49500812630602,19.490428955313007,1.0,35.71,63.78333333333333,43.84263748441612,37.05499376644965,6.7876437179664775,Under 20%
40139,"Texas County, Oklahoma",20880.0,33.4,59275.0,155600.0,939.0,18.526490876180226,2.482025017236285,18.81351926258568,69.41775836972343,24.417042131056835,0.0,24.52,57.63333333333333,35.53639846743295,53.68773946360153,-18.15134099616858,20 to <30%
40141,"Tillman County, Oklahoma",6967.0,39.6,47445.0,71900.0,704.0,17.17755071819932,5.886310124453414,29.6875,74.87758945386064,17.2789406236651,0.0,25.490000000000002,64.90833333333333,42.6295392564949,46.36141811396584,-3.7318788574709343,Under 20%
40143,"Tulsa County, Oklahoma",673708.0,36.0,67317.0,213500.0,1060.0,14.658055709490425,5.394677151066082,9.07089984355847,59.735225114512346,33.715839460438076,1.0,37.37,61.55833333333334,41.25377760097847,41.350258568994285,-0.09648096801581695,30 to <40%
40145,"Wagoner County, Oklahoma",84339.0,38.8,78520.0,216000.0,1050.0,9.31263063601075,4.804519666722054,8.845545912737467,80.98151480451497,26.859833142936267,1.0,42.2,62.15833333333333,79.42944545228187,62.580775204828136,16.84867024745373,20 to <30%
40147,"Washington County, Oklahoma",52895.0,39.4,61205.0,160900.0,903.0,14.629651185349008,3.8641686182669788,13.261739313539692,71.82462614099825,30.458055702695923,1.0,29.88,60.525,49.513186501559694,47.26344645051517,2.249740051044522,30 to <40%
40149,"Washita County, Oklahoma",10857.0,40.7,61980.0,113300.0,775.0,12.622826908541194,6.073361395069152,20.074059637497562,74.95732748110217,20.38079914186109,0.0,34.980000000000004,61.833333333333336,60.053421755549415,67.3298332872801,-7.27641153173068,20 to <30%
40151,"Woods County, Oklahoma",8619.0,33.9,50512.0,141900.0,806.0,19.0643732082356,6.796785304247991,21.84629173201882,64.39220183486239,32.53079507278835,0.0,32.04,59.51666666666667,42.23227752639517,39.79579997679545,2.4364775495997217,30 to <40%
40153,"Woodward County, Oklahoma",20260.0,36.5,65060.0,178000.0,847.0,11.065341640492251,4.7572531014945785,13.55841942698903,71.88270083785116,21.61945093457944,1.0,30.89,59.56666666666666,41.80651530108588,43.23790720631787,-1.4313919052319841,20 to <30%
41001,"Baker County, Oregon",16796.0,47.6,57844.0,247700.0,814.0,13.785504407443682,4.597360225418953,16.392310348797054,72.77984304006608,26.972477064220183,0.0,20.37,45.833333333333336,39.83091212193379,41.974279590378664,-2.143367468444868,20 to <30%
41003,"Benton County, Oregon",96359.0,33.8,76011.0,481700.0,1359.0,19.203966912942164,6.725215602500198,5.618143719955627,56.03092514234969,54.356895333580056,0.0,52.019999999999996,53.06666666666667,55.41776066584335,62.495459687211365,-7.0776990213680095,40% or more
41005,"Clackamas County, Oregon",422308.0,42.1,100360.0,577900.0,1693.0,7.48379774241391,4.570428200533879,5.6993377713659985,71.34036200095845,39.68836384412908,0.0,60.11,49.56666666666666,53.06079922710439,53.245498546084846,-0.18469931898045977,30 to <40%
41007,"Clatsop County, Oregon",41343.0,45.2,68705.0,437800.0,1130.0,12.323271855584364,4.4318595105730765,22.1753903057933,61.674495717048906,26.298523783488246,0.0,74.49,50.93333333333334,55.92240524393489,53.16498560820453,2.7574196357303533,20 to <30%
41009,"Columbia County, Oregon",53178.0,43.2,86359.0,390600.0,1221.0,8.724154359218675,4.438033512488144,5.7779799818016375,75.71221632061805,19.174285788287705,0.0,49.62,51.958333333333336,49.324908796870886,42.32953477001767,6.99537402685321,Under 20%
41011,"Coos County, Oregon",64832.0,48.6,60313.0,302800.0,992.0,15.595077386745361,5.50864495375955,10.350810776705154,70.70767498328465,21.691889794334497,0.0,63.18,52.74166666666667,41.73864758144126,40.48926456071076,1.2493830207305034,20 to <30%
41013,"Crook County, Oregon",25651.0,47.7,81675.0,423300.0,1224.0,9.694856829488034,5.319236805154043,7.610204790003471,75.6269371653987,22.52563297761038,0.0,13.3,46.39166666666667,76.0204280534872,55.78729874078983,20.23312931269736,20 to <30%
41015,"Curry County, Oregon",23463.0,57.2,64769.0,366700.0,1156.0,13.29094892392285,5.332448279676956,14.044044806827706,74.84929078014184,24.183210880100045,0.0,81.64,52.74166666666667,51.9541405617355,53.445850914205344,-1.491710352469846,20 to <30%
41017,"Deschutes County, Oregon",203026.0,42.6,87640.0,596000.0,1674.0,9.332942660482116,4.679248835129665,14.28645017720267,70.74293544238374,43.36590647897803,0.0,18.45,44.9,58.79049973894969,50.06747904209313,8.72302069685656,40% or more
41019,"Douglas County, Oregon",111807.0,46.6,58983.0,283200.0,995.0,15.641345857993521,5.891767962970974,7.123385797003403,71.76125286543694,18.946672278001564,0.0,45.25,51.425000000000004,36.54511792642679,33.200067974277104,3.3450499521496866,Under 20%
41021,"Gilliam County, Oregon",2002.0,50.3,64219.0,158400.0,1084.0,12.627291242362526,1.7381228273464657,21.782178217821784,75.60414269275029,20.9472981987992,0.0,9.71,51.34166666666667,28.97102897102897,35.964035964035965,-6.993006993006993,20 to <30%
41023,"Grant County, Oregon",7238.0,50.8,59800.0,225100.0,840.0,15.213068181818182,6.225425950196592,19.170484687726066,80.63842482100239,19.65235899255055,0.0,21.54,44.76666666666667,46.836142580823434,41.724233213594914,5.111909367228516,Under 20%
41025,"Harney County, Oregon",7515.0,45.8,48338.0,190600.0,675.0,12.788487645940808,4.438322620140802,15.519096288327058,67.17605858007005,15.632307969059184,0.0,13.55,46.11666666666667,35.66200931470392,40.7185628742515,-5.056553559547572,Under 20%
41027,"Hood River County, Oregon",23958.0,40.2,82095.0,571200.0,1381.0,5.492472032971654,3.5243292405638926,11.645445641527914,68.08557809555482,39.38177679266759,0.0,47.3,46.666666666666664,49.71199599298773,55.51381584439436,-5.801819851406628,30 to <40%
41029,"Jackson County, Oregon",222563.0,42.7,71443.0,400200.0,1310.0,12.43185140988445,5.427825138494216,6.5964174984291795,64.97866099096814,30.583521037370733,0.0,30.36,50.791666666666664,37.032211104271596,35.04625656555672,1.9859545387148807,30 to <40%
41031,"Jefferson County, Oregon",24973.0,41.3,73051.0,339200.0,957.0,11.745779709175999,7.675263671009484,17.17838354854137,71.42857142857143,20.022988505747126,0.0,14.48,48.50833333333333,51.21531253754054,44.88847955792256,6.326832979617987,20 to <30%
41033,"Josephine County, Oregon",88069.0,47.5,59097.0,383100.0,1157.0,15.786747098913244,7.764932562620424,7.346303898819389,71.68923381770145,19.713916153085293,0.0,51.769999999999996,51.35833333333333,43.590820833664516,38.45848141797909,5.132339415685428,Under 20%
41035,"Klamath County, Oregon",69812.0,41.3,59353.0,255700.0,973.0,18.306257083902466,7.914869940186396,12.616652526966428,68.73092926490985,21.512216864540704,1.0,23.650000000000002,44.791666666666664,41.31094940697874,40.379877384976794,0.931072022001948,20 to <30%
41037,"Lake County, Oregon",8254.0,45.9,61222.0,219400.0,861.0,17.834971546818416,4.433352906635349,18.967558607624913,61.542957334891874,20.85909534656687,0.0,13.34,45.25,45.91713108795735,46.15943784831597,-0.242306760358614,20 to <30%
41039,"Lane County, Oregon",382628.0,40.2,69311.0,395800.0,1287.0,15.275684400688409,6.784446140997197,5.232419971957508,59.38410998752421,33.43287608613383,0.0,54.09,50.550000000000004,34.129755271438576,34.270884514463134,-0.14112924302455648,30 to <40%
41041,"Lincoln County, Oregon",50632.0,52.5,61314.0,387700.0,1150.0,15.736344412081554,7.911214953271028,29.481357921724893,71.36536861010119,28.810860003033522,0.0,82.88,52.050000000000004,57.355032390583034,51.3509243166377,6.004108073945331,20 to <30%
41043,"Linn County, Oregon",129794.0,40.2,73396.0,344600.0,1273.0,12.797742033573217,5.930656934306569,4.182783466059917,67.0459492618831,20.77451647603785,0.0,56.599999999999994,50.10833333333333,52.18268949258055,44.96355763748709,7.219131855093456,20 to <30%
41045,"Malheur County, Oregon",31701.0,36.2,49902.0,221300.0,819.0,17.842559386429002,5.03891518895932,14.034937489296112,63.4027293555135,15.457794089240872,0.0,14.14,48.050000000000004,41.48134128260938,43.18475757862528,-1.7034162960158985,Under 20%
41047,"Marion County, Oregon",346532.0,37.2,74624.0,383300.0,1333.0,13.125033400431088,5.176225854383358,3.9716692189892804,62.24314863690367,25.982327586206896,1.0,54.05,50.875,38.77275403137373,40.397423614557965,-1.624669583184237,20 to <30%
41049,"Morrow County, Oregon",12249.0,36.2,70217.0,229800.0,910.0,14.179165642160479,3.034708340904961,10.201537502597132,70.91624248033318,9.788741634956043,0.0,12.64,50.925000000000004,46.9426075598008,47.43244346477263,-0.48983590497183443,Under 20%
41051,"Multnomah County, Oregon",803863.0,38.5,86247.0,528000.0,1582.0,12.524423182364405,5.429868097188862,5.524008441572569,54.10400930361091,48.61830742659758,0.0,55.41,52.75,49.38776881135218,55.87519266342648,-6.487423852074296,40% or more
41053,"Polk County, Oregon",88553.0,37.6,81318.0,419500.0,1270.0,12.24185207038978,5.176085176085176,5.434593276432677,64.59139190765642,30.632082426154188,0.0,61.49,52.86666666666667,61.578941424909374,60.540015583887616,1.038925841021761,30 to <40%
41055,"Sherman County, Oregon",1908.0,45.8,59500.0,206700.0,945.0,17.872117400419288,0.8423586040914561,19.918283963227783,67.09183673469387,16.129032258064516,0.0,11.84,51.23333333333333,38.78406708595388,52.935010482180296,-14.150943396226415,Under 20%
41057,"Tillamook County, Oregon",27471.0,48.9,66551.0,408600.0,1169.0,11.995797531049492,4.95565988523735,38.108207196354684,73.16577811627316,25.096396439282145,0.0,93.88,50.4,49.47035055149066,47.39543518619635,2.07491536529431,20 to <30%
41059,"Umatilla County, Oregon",80087.0,36.7,68958.0,256100.0,962.0,12.596711164730257,5.350518013685455,11.040292809137664,67.141945094701,17.99281265875181,0.0,18.34,49.916666666666664,33.37620337882553,34.512467691385616,-1.1362643125600909,Under 20%
41061,"Union County, Oregon",26192.0,40.1,64212.0,260500.0,982.0,15.80850898343315,5.573106520858647,7.890717800780587,64.58179808400884,24.91315984283355,0.0,24.8,44.96666666666667,38.217776420281005,39.401343921808184,-1.1835675015271838,20 to <30%
41063,"Wallowa County, Oregon",7532.0,50.2,65559.0,371900.0,858.0,7.803895231699127,5.170421721548238,22.565759113982462,76.40047675804529,36.93262411347518,0.0,21.72,44.26666666666667,39.03345724907063,35.31598513011152,3.717472118959108,30 to <40%
41065,"Wasco County, Oregon",26603.0,40.5,63602.0,332500.0,978.0,12.153378716203223,7.778122094824915,13.97289704181127,66.21842282201517,21.77860366339262,0.0,16.4,49.50833333333333,43.30338683607112,46.949592151261136,-3.646205315190016,20 to <30%
41067,"Washington County, Oregon",600266.0,37.8,104434.0,558500.0,1773.0,7.980533806871687,4.544606869999399,3.3455486275472217,60.86992072850589,46.68987391468838,0.0,52.64,52.074999999999996,47.16575651461186,53.69286283081167,-6.527106316199818,40% or more
41069,"Wheeler County, Oregon",1434.0,57.3,51250.0,259000.0,782.0,10.021171489061397,3.3009708737864076,26.740331491712706,69.23076923076923,20.397579948141747,0.0,14.17,47.800000000000004,46.72245467224547,34.17015341701534,12.552301255230125,20 to <30%
41071,"Yamhill County, Oregon",108122.0,39.5,87084.0,442700.0,1377.0,10.395423055966374,4.505660811095573,4.682898095425093,69.94283654341332,29.24226685912396,0.0,56.43,52.666666666666664,49.53663454246129,45.994339727345036,3.5422948151162577,20 to <30%
42001,"Adams County, Pennsylvania",105183.0,43.8,81071.0,256100.0,1084.0,8.374516225066984,3.079763123263635,6.8377250616686265,79.05768231422138,24.765906849166992,0.0,36.72,54.76666666666667,44.70304136600021,36.76449616382875,7.938545202171453,20 to <30%
42003,"Allegheny County, Pennsylvania",1240476.0,40.6,76393.0,216700.0,1111.0,11.214604696498016,4.93896366444626,9.602221788480179,64.92872003469306,44.77672598062349,0.0,35.089999999999996,53.824999999999996,25.807028914706937,31.27267274820311,-5.465643833496174,40% or more
42005,"Armstrong County, Pennsylvania",65069.0,47.2,64295.0,146300.0,802.0,11.2656380964207,4.6337482799449585,12.924387513990798,78.6374834862713,18.857731958762887,0.0,42.0,51.725,29.829872904147905,29.64545328804807,0.18441961609983248,Under 20%
42007,"Beaver County, Pennsylvania",166993.0,44.7,70156.0,185500.0,867.0,10.093352089004183,5.102675063622184,9.07540519713488,74.52865578325807,28.295204754538794,0.0,38.6,52.31666666666666,33.38463288880372,30.378518860071978,3.0061140287317434,20 to <30%
42009,"Bedford County, Pennsylvania",47503.0,47.5,60302.0,172900.0,771.0,10.977792932952559,4.173133298844628,16.14477257298031,78.10049081617163,16.34775136064165,0.0,34.79,52.666666666666664,27.51405174410037,26.124665810580385,1.3893859335199883,Under 20%
42011,"Berks County, Pennsylvania",429989.0,39.9,77684.0,239700.0,1143.0,11.689423478123247,5.260611924053695,5.519232005235265,71.04594282039072,27.16939162140192,0.0,48.04,54.050000000000004,30.558921274730285,30.414731539644038,0.14418973508624638,20 to <30%
42013,"Blair County, Pennsylvania",121854.0,42.9,60594.0,156700.0,854.0,13.023680958748752,4.442115582900898,9.392700939270094,72.44797024610271,24.08435836240132,0.0,39.8,51.56666666666666,22.666469709652535,23.322993090091423,-0.6565233804388859,20 to <30%
42015,"Bradford County, Pennsylvania",59971.0,43.7,62482.0,182300.0,868.0,13.447874297480212,5.500277418161643,16.770334115087863,72.26691713970678,21.209129586535976,0.0,41.92,49.34166666666667,29.597638858781746,29.597638858781746,0.0,20 to <30%
42017,"Bucks County, Pennsylvania",645993.0,44.1,111951.0,421700.0,1537.0,6.0722244891553405,4.556223750063765,3.409303631598652,78.01464828766846,43.94964001012003,0.0,49.980000000000004,54.666666666666664,35.1350556430178,34.879634918644626,0.2554207243731743,40% or more
42019,"Butler County, Pennsylvania",195870.0,43.3,86775.0,275600.0,1018.0,7.959444858224847,4.284474939863559,7.122767624625285,76.37485201570192,38.638739731872974,0.0,39.82,51.75,38.188594475927914,35.05896768264665,3.129626793281258,30 to <40%
42021,"Cambria County, Pennsylvania",132355.0,45.7,56292.0,115900.0,733.0,14.161705366132088,4.726093786557037,13.647781188947809,75.80981110392875,22.991992107555546,0.0,43.69,49.708333333333336,26.01337312530694,26.104038381625173,-0.09066525631823505,20 to <30%
42023,"Cameron County, Pennsylvania",4475.0,52.5,47681.0,88200.0,699.0,16.032425129475342,9.34094447327452,43.325705568268496,68.86496186630777,11.251073575722874,0.0,43.01,49.525,22.56983240223464,22.56983240223464,0.0,Under 20%
42025,"Carbon County, Pennsylvania",65191.0,46.3,67877.0,193700.0,975.0,12.048400225408553,7.089021400248207,21.009358873436543,77.23766286494667,18.34253226542723,0.0,57.03,50.30833333333334,46.77025969842463,39.008452086944516,7.761807611480112,Under 20%
42027,"Centre County, Pennsylvania",158041.0,33.8,72748.0,308100.0,1181.0,16.9083844729293,3.9947396518274503,10.628114444966148,61.75643154933397,46.49672384975852,0.0,42.51,50.875,29.618896362336354,35.09215962946324,-5.473263267126884,40% or more
42029,"Chester County, Pennsylvania",540896.0,40.7,123041.0,461800.0,1691.0,5.9366116653802905,3.847152049129217,3.950552840127177,74.94577703119982,56.58162386723206,0.0,46.55,55.0,38.044282080104125,38.17369697686801,-0.12941489676388807,40% or more
42031,"Clarion County, Pennsylvania",37297.0,41.6,60668.0,152100.0,785.0,13.92768531682975,5.076419213973799,20.63777942578663,71.43906020558003,23.28707718993929,0.0,41.85,50.56666666666666,29.814730407271362,31.208944419122183,-1.394214011850819,20 to <30%
42033,"Clearfield County, Pennsylvania",78902.0,45.6,60181.0,125000.0,788.0,13.779665587918014,5.821629404254163,15.909329140461216,78.32902240643212,20.057063279100575,0.0,40.58,50.1,24.942333527667234,24.536767128843376,0.4055663988238574,20 to <30%
42035,"Clinton County, Pennsylvania",37707.0,39.8,58842.0,179100.0,815.0,14.19412140220378,5.704365079365079,18.143776824034333,71.64110630488923,21.29003878913904,0.0,42.0,50.40833333333333,27.607606014798314,28.350173707799613,-0.7425676930012995,20 to <30%
42037,"Columbia County, Pennsylvania",65055.0,41.4,61992.0,199200.0,904.0,15.70630905012199,5.529982777516831,13.10159529806885,70.42591018010359,24.877959760937998,0.0,48.33,51.25,35.23172700023058,31.696257013296442,3.5354699869341326,20 to <30%
42039,"Crawford County, Pennsylvania",83189.0,43.9,60254.0,143400.0,800.0,12.823524953579144,4.89221668576301,20.318574002085903,73.67027605901951,21.224073444406663,0.0,40.89,49.90833333333333,28.32105206217168,29.583238168507854,-1.2621861063361743,20 to <30%
42041,"Cumberland County, Pennsylvania",264422.0,40.3,85634.0,261900.0,1184.0,7.750972205084524,3.421412168250923,4.60526912438217,71.37098690902869,39.562941908555835,0.0,37.65,54.75,53.10072535568145,44.26636210300202,8.83436325267943,30 to <40%
42043,"Dauphin County, Pennsylvania",287484.0,39.4,74159.0,222300.0,1153.0,12.286633890991405,4.3424900072430725,5.890349601992787,63.32339704249225,34.28962364863849,0.0,42.44,54.28333333333333,45.13990343810438,47.369592742552626,-2.2296893044482475,30 to <40%
42045,"Delaware County, Pennsylvania",576195.0,39.0,88576.0,302400.0,1315.0,10.170588648940065,6.862140052785692,5.549500850080649,69.64275823871503,41.596937074080955,0.0,44.43,56.824999999999996,35.993023195272436,39.28357587275141,-3.2905526774789786,40% or more
42047,"Elk County, Pennsylvania",30703.0,48.5,64103.0,128600.0,720.0,9.086712825585229,6.224354523073038,20.117326380658923,78.85913507900007,19.944622687118184,0.0,41.17,49.65833333333333,17.327297006807154,17.848418721297595,-0.5211217144904406,Under 20%
42049,"Erie County, Pennsylvania",269544.0,40.1,61476.0,169500.0,876.0,15.419019246966341,5.539493465941945,8.259525575117273,68.3350589432002,29.62708700945557,0.0,42.78,49.925000000000004,18.954233817113348,23.131659395126583,-4.177425578013237,20 to <30%
42051,"Fayette County, Pennsylvania",126967.0,45.4,56093.0,126900.0,771.0,17.44788695666346,6.714060031595577,11.437318723815663,72.46461191368581,18.930379611629746,0.0,44.5,52.03333333333333,24.31340427040097,24.392164893239975,-0.07876062283900541,Under 20%
42053,"Forest County, Pennsylvania",6785.0,48.6,50061.0,111900.0,808.0,14.695177434030937,3.141361256544503,72.10503659061558,76.90329218106996,12.104909213180902,0.0,41.02,49.60833333333333,33.60353721444363,32.86661753868828,0.7369196757553427,Under 20%
42055,"Franklin County, Pennsylvania",156626.0,42.2,74946.0,236300.0,1071.0,7.7597862581592585,3.572345780471519,5.628340844775181,73.21507901250239,23.95240465095236,0.0,33.53,54.333333333333336,35.8752697508715,31.980641783611915,3.8946279672595865,20 to <30%
42057,"Fulton County, Pennsylvania",14545.0,45.9,64798.0,206000.0,781.0,11.719939117199392,3.015358602226293,13.64847804741198,77.63157894736842,17.121354656632175,0.0,33.93,53.824999999999996,32.863526985218286,30.31969749054658,2.5438294946717086,Under 20%
42059,"Greene County, Pennsylvania",35265.0,43.0,66870.0,146200.0,754.0,12.539410020290308,6.059376479339961,12.705475219379558,78.06880928783804,21.10211337151886,0.0,40.839999999999996,53.041666666666664,27.023961434850417,26.003119240039698,1.020842194810719,20 to <30%
42061,"Huntingdon County, Pennsylvania",43844.0,43.5,65429.0,180300.0,795.0,11.039679070126263,5.152027027027027,23.380470093636536,78.56964708816561,18.189814960258868,0.0,38.4,52.94166666666666,27.939968980932395,26.0697016695557,1.8702673113766992,Under 20%
42063,"Indiana County, Pennsylvania",83213.0,39.5,58739.0,145400.0,786.0,12.803580129766882,6.624758220502901,14.283818220428966,71.11579077761606,26.918557685246384,0.0,44.11,50.96666666666667,30.247677646521577,29.346376167185415,0.9013014793361614,20 to <30%
42065,"Jefferson County, Pennsylvania",44099.0,43.7,56898.0,126700.0,746.0,15.258237689744538,4.732794320646815,17.439804108284587,74.16378316032295,17.491109982219964,0.0,41.86,50.38333333333333,29.388421506156604,31.22519785029139,-1.8367763441347877,Under 20%
42067,"Juniata County, Pennsylvania",23419.0,43.1,63923.0,206300.0,730.0,9.991349480968859,2.5197409280454264,14.987621405446582,73.15188172043011,14.998478856099787,0.0,42.010000000000005,53.416666666666664,26.004526239378283,28.90815150091806,-2.9036252615397755,Under 20%
42069,"Lackawanna County, Pennsylvania",215834.0,41.9,64691.0,189900.0,973.0,14.042506162576702,4.7212886340742415,11.745473088498494,65.36831849183152,30.135799470979343,0.0,52.56,49.791666666666664,31.334266148984867,30.27789875552508,1.0563673934597886,30 to <40%
42071,"Lancaster County, Pennsylvania",555151.0,39.1,83703.0,279400.0,1289.0,8.703083351676709,3.300728853411041,3.363122696373409,69.94480753885321,30.97516011633266,0.0,40.17,55.041666666666664,27.001662610713122,27.91853027374534,-0.9168676630322201,30 to <40%
42073,"Lawrence County, Pennsylvania",85423.0,44.9,60779.0,136700.0,778.0,11.58631976702207,6.189975807042838,9.071394297547794,75.43119011248437,22.77950234848608,0.0,39.76,51.925000000000004,31.197686805661238,29.254416257916485,1.9432705477447525,20 to <30%
42075,"Lebanon County, Pennsylvania",143592.0,41.3,76350.0,227300.0,1087.0,10.575190872437162,4.142020089285714,6.2703501057366315,71.25308885148443,23.952162284906898,0.0,42.07,54.05833333333334,36.582817984288816,34.340353223020784,2.242464761268037,20 to <30%
42077,"Lehigh County, Pennsylvania",375408.0,39.3,77493.0,276100.0,1326.0,11.85161924526241,5.519022773815772,4.717463649225823,65.2089651085782,33.378350583477896,0.0,50.03,53.56666666666666,43.05981758513404,43.4727017005498,-0.412884115415761,30 to <40%
42079,"Luzerne County, Pennsylvania",325978.0,42.1,62321.0,163800.0,958.0,15.433803595775583,5.734692121405829,11.640134558843005,67.75484509195557,24.985028972707493,0.0,51.89,50.199999999999996,33.01756560258668,31.06037830773856,1.9571872948481186,20 to <30%
42081,"Lycoming County, Pennsylvania",113570.0,41.3,64412.0,195600.0,887.0,12.518839662839811,5.357046521246561,12.31875806574053,69.19763641479622,24.79902984234938,0.0,44.31,50.46666666666667,25.807871797129522,24.43426961345426,1.3736021836752663,20 to <30%
42083,"McKean County, Pennsylvania",40149.0,43.8,61705.0,98700.0,769.0,13.72245225056765,4.798048251558688,16.87272354178423,78.70278943470748,20.347576753619133,0.0,39.75,48.916666666666664,26.02804553039926,27.373035442974917,-1.3449899125756557,20 to <30%
42085,"Mercer County, Pennsylvania",109852.0,45.2,60614.0,153600.0,808.0,12.751808164652202,5.269104965804341,9.356575740900873,72.52346985235133,25.075908680904043,0.0,39.84,50.974999999999994,28.62942868586826,30.095036958817317,-1.4656082729490587,20 to <30%
42087,"Mifflin County, Pennsylvania",46074.0,43.1,61415.0,142900.0,792.0,16.04059342457273,3.2695810564663024,13.64294049008168,71.45713976867366,13.242164536988335,0.0,42.29,52.73333333333333,24.20019967877762,22.61579198680384,1.5844076919737813,Under 20%
42089,"Monroe County, Pennsylvania",167784.0,43.9,82374.0,241200.0,1347.0,11.264683040481506,6.3978128768071825,23.781117068136627,79.5284171592748,27.879709043534906,0.0,58.15,49.75833333333333,44.60496829256663,46.48238211033233,-1.8774138177656987,20 to <30%
42091,"Montgomery County, Pennsylvania",861225.0,41.1,111521.0,409900.0,1612.0,6.506776751682582,4.363108524940187,4.353935806547824,71.73491967353694,52.252624304847146,0.0,46.61,55.583333333333336,41.11933582977735,40.243838718105025,0.8754971116723272,40% or more
42093,"Montour County, Pennsylvania",18079.0,43.0,72926.0,240300.0,1057.0,8.76866755767331,2.5848142164781907,5.272884070469385,67.06984003121342,36.629705061476955,0.0,46.82,52.25833333333333,62.8906466065601,64.05221527739366,-1.1615686708335637,30 to <40%
42095,"Northampton County, Pennsylvania",315927.0,42.0,86687.0,285000.0,1335.0,8.762466823824203,4.765460881813656,5.532920722794141,71.12085994600645,33.76766098122317,0.0,53.22,52.96666666666667,44.31403457127754,40.9335067911258,3.380527780151744,30 to <40%
42097,"Northumberland County, Pennsylvania",90925.0,44.4,57948.0,151600.0,777.0,12.243844229754227,3.918909439521126,13.397856895955755,74.84899284212767,19.173231300172557,0.0,46.5,52.35833333333333,33.89606818806709,33.41215287324718,0.4839153148199065,Under 20%
42099,"Perry County, Pennsylvania",45988.0,43.8,78824.0,222800.0,838.0,8.037247391361776,3.186751416093743,8.885557221389305,80.70974111452391,18.603530333152598,0.0,40.269999999999996,53.949999999999996,37.81421240323563,36.77046185961555,1.043750543620075,Under 20%
42101,"Philadelphia County, Pennsylvania",1582432.0,35.1,60698.0,232400.0,1323.0,22.003358368324463,8.40284633662045,9.530974348575484,52.32060512057284,34.639278069439996,0.0,46.95,57.21666666666667,32.010222240197365,43.24672402984773,-11.236501789650362,30 to <40%
42103,"Pike County, Pennsylvania",59691.0,49.4,79318.0,250900.0,1383.0,9.267492772978548,7.348743298753742,39.89936917993391,86.15519180307385,28.870718232044197,0.0,53.66,49.583333333333336,63.61092962088087,53.475398301251445,10.135531319629425,20 to <30%
42105,"Potter County, Pennsylvania",16276.0,48.2,59840.0,146200.0,767.0,11.732052641427057,4.477204477204477,45.3979797979798,80.22791179517537,17.076239201543235,0.0,39.93,48.275,30.35143769968051,37.90857704595724,-7.557139346276727,Under 20%
42107,"Schuylkill County, Pennsylvania",143259.0,43.9,66901.0,140400.0,842.0,12.52506113816123,5.227196082168883,14.603518991856387,76.25685199686765,19.120554307978733,0.0,50.44,51.525,37.81263306319324,29.952742934126302,7.859890129066935,Under 20%
42109,"Snyder County, Pennsylvania",39711.0,40.5,68435.0,205500.0,890.0,8.569169529418179,2.345534853023303,9.255909686272064,74.27314592068183,21.422412177107937,0.0,46.650000000000006,52.75,32.53506585077183,29.059958197980407,3.475107652791418,20 to <30%
42111,"Somerset County, Pennsylvania",73255.0,47.0,59378.0,130600.0,749.0,11.182577132486388,5.314220784896425,23.09259259259259,80.26899659454439,17.28500691764363,0.0,42.57,49.85833333333333,24.066616613200463,23.73899392532933,0.3276226878711351,Under 20%
42113,"Sullivan County, Pennsylvania",5849.0,56.1,64758.0,186400.0,781.0,11.01047771266205,6.389088298636037,54.72237100517765,83.24132492113564,19.749794913863823,0.0,50.74,47.98333333333333,38.468114207556845,37.1003590357326,1.3677551718242436,Under 20%
42115,"Susquehanna County, Pennsylvania",38349.0,48.6,66930.0,206700.0,913.0,10.935562999498853,5.558081382132303,26.697914225451136,78.33621075516338,19.767157291193232,0.0,50.67,49.35,37.47164202456388,32.69967926151921,4.771962763044669,Under 20%
42117,"Tioga County, Pennsylvania",41078.0,45.0,62932.0,176000.0,850.0,11.842170650499428,4.681910094882563,22.76018939745613,76.66326101328205,21.475142624286878,0.0,37.6,48.61666666666667,27.38692244023565,28.87190223477287,-1.4849797945372218,20 to <30%
42119,"Union County, Pennsylvania",42570.0,40.5,72894.0,222900.0,944.0,9.663396581096164,2.3127567385065557,11.492759004827331,71.44954898258862,26.424799396474864,0.0,45.89,52.05833333333334,33.96758280479211,38.101949729856706,-4.134366925064599,20 to <30%
42121,"Venango County, Pennsylvania",50096.0,47.6,61626.0,114500.0,774.0,12.812939235297712,6.339593046054638,18.551310918597107,75.64426951550932,19.652744181046067,0.0,40.99,50.36666666666667,30.241935483870968,28.066113062919197,2.1758224209517727,Under 20%
42123,"Warren County, Pennsylvania",38174.0,47.4,59013.0,121800.0,756.0,11.394498839473895,4.2337099166951955,24.814010443140337,77.95464323028702,19.468900880431697,0.0,38.91,49.041666666666664,27.55802378582281,27.610415466023994,-0.05239168020118405,Under 20%
42125,"Washington County, Pennsylvania",209778.0,44.2,77487.0,220600.0,922.0,9.355720918399797,4.918323201432141,10.065041651278264,76.43757485883762,32.7851814821149,0.0,37.7,53.10833333333333,35.041806099781674,31.728779948326327,3.313026151455348,30 to <40%
42127,"Wayne County, Pennsylvania",51189.0,48.9,62182.0,228200.0,979.0,12.19690330119778,6.0267051605918445,36.62569414113683,81.85487840897903,21.58681875792142,0.0,51.83,49.06666666666666,49.19025571900213,43.99382679872629,5.1964289202758405,20 to <30%
42129,"Westmoreland County, Pennsylvania",353345.0,47.1,72468.0,193100.0,843.0,10.015847311585857,4.832000354967887,8.325712860586915,78.25306862713346,31.843783350613936,0.0,43.72,52.86666666666667,29.4726117533855,26.990618234303586,2.481993519081917,30 to <40%
42131,"Wyoming County, Pennsylvania",26075.0,45.2,70268.0,205600.0,897.0,11.363996200126662,4.713617998890913,15.290091771659666,76.79948586118252,21.501488728200766,0.0,50.57,50.25833333333333,38.42761265580057,34.82262703739214,3.604985618408437,20 to <30%
42133,"York County, Pennsylvania",459312.0,40.9,82238.0,235000.0,1150.0,8.562837816831662,4.426072635724817,4.454211910417373,75.83223737146726,27.210759770675093,0.0,37.64,55.30833333333333,36.57862193889992,31.390427421883164,5.188194517016756,20 to <30%
44001,"Bristol County, Rhode Island",50568.0,44.1,110926.0,468000.0,1348.0,6.7849620220846365,3.08955223880597,9.913253235607923,73.26467559217302,51.75320296695887,0.0,57.3,53.26666666666667,46.926910299003325,44.59341876285398,2.3334915361493436,40% or more
44003,"Kent County, Rhode Island",170658.0,43.6,91278.0,333900.0,1264.0,7.391769707936395,4.666603732024293,4.685595985272344,72.14852288192678,34.296541551594274,1.0,58.65,52.34166666666667,45.68786696199416,42.968978893459436,2.71888806853473,30 to <40%
44005,"Newport County, Rhode Island",85095.0,46.4,100859.0,559700.0,1652.0,8.61711650949759,6.259009009009009,16.916930706708914,67.44321008124689,53.04806289130537,0.0,53.66,53.041666666666664,54.71531817380575,59.32193430871379,-4.606616134908044,40% or more
44007,"Providence County, Rhode Island",658977.0,37.9,78204.0,339100.0,1242.0,13.0224128652379,6.302190367816483,7.438013546624711,56.622288064560145,32.2010119545035,2.0,61.45,52.10833333333333,31.08302717697279,32.984459245163336,-1.901432068190544,30 to <40%
44009,"Washington County, Rhode Island",130073.0,45.3,102478.0,469800.0,1303.0,7.980622748119907,4.752072041067997,21.22056063449779,76.83100215185982,50.480816567658934,2.0,51.6,53.00833333333333,39.47014368854413,39.50858364149362,-0.03843995294949759,40% or more
45001,"Abbeville County, South Carolina",24352.0,44.3,52112.0,147200.0,634.0,14.10174678056866,3.3899942051381107,18.620925072537975,76.9505033557047,19.327146171693734,1.0,47.97,63.31666666666666,52.23390275952694,42.83015768725361,9.403745072273324,Under 20%
45003,"Aiken County, South Carolina",171949.0,41.6,67940.0,199500.0,1031.0,13.85326414581388,5.62942711569529,12.842533189353999,76.67405183220127,31.052895318365906,1.0,58.01,64.99166666666666,52.17826215912858,42.55913090509395,9.619131254034627,30 to <40%
45005,"Allendale County, South Carolina",7738.0,42.5,31603.0,61600.0,691.0,26.4769923065757,10.753064798598949,21.997533908754622,64.65380967435979,13.332140300644237,1.0,62.74,65.00833333333334,42.3882140087878,43.680537606616696,-1.2923235978288963,Under 20%
45007,"Anderson County, South Carolina",207218.0,40.5,64683.0,212500.0,952.0,14.38750906631643,5.0511966009886935,9.750791139240507,75.43648184673826,26.41467154971395,1.0,47.18,62.50833333333333,52.30723199722032,40.488760628902895,11.818471368317423,20 to <30%
45009,"Bamberg County, South Carolina",13164.0,41.7,43206.0,96000.0,794.0,21.60503794606814,11.874032008260196,30.40315247044559,74.21602787456446,18.83312842293506,1.0,69.09,64.38333333333334,38.28623518687329,36.007292616226074,2.2789425706472195,Under 20%
45011,"Barnwell County, South Carolina",20565.0,40.7,41800.0,97200.0,695.0,28.5317322483005,7.2014884535405495,18.119381880618118,71.02504008881213,12.84205990088343,1.0,67.1,64.63333333333334,39.046924386092876,43.56917092146851,-4.522246535375638,Under 20%
45013,"Beaufort County, South Carolina",192123.0,47.2,84819.0,407600.0,1484.0,10.484985719894794,2.964750289666376,22.12261680026093,75.73038556235247,44.77623785234512,1.0,50.52,68.10833333333333,69.70534501335082,61.465831784846166,8.239513228504656,40% or more
45015,"Berkeley County, South Carolina",238723.0,36.7,82327.0,280300.0,1518.0,10.317311142627684,3.650290227993537,7.346788087619985,74.10346659582946,29.94174417441744,1.0,53.8,66.175,97.02039602384353,74.3581473088056,22.66224871503793,20 to <30%
45017,"Calhoun County, South Carolina",14150.0,47.4,56690.0,148800.0,994.0,16.285919540229884,7.268951194184839,13.270075060189775,83.71979098628347,21.765816808309726,1.0,55.1,65.23333333333333,49.04593639575972,44.09893992932862,4.946996466431095,20 to <30%
45019,"Charleston County, South Carolina",414711.0,39.0,84320.0,450800.0,1506.0,11.6404695681438,3.5961608553031224,14.92978637802413,63.49039025863395,49.03468575442352,1.0,54.1,67.19166666666666,64.7390592484887,60.389042007566715,4.350017240921991,40% or more
45021,"Cherokee County, South Carolina",56299.0,40.3,49047.0,135200.0,813.0,18.45995000543419,6.277498428661219,12.351172579675286,73.29399926820344,18.403807146200656,1.0,48.519999999999996,61.13333333333333,47.17668164621041,37.63832394891561,9.538357697294801,Under 20%
45023,"Chester County, South Carolina",32177.0,42.2,51216.0,143800.0,918.0,19.315800994402576,6.487634445433994,12.169599782564381,77.88952498839548,13.74306634124695,1.0,46.27,62.175000000000004,51.34101998321783,39.966435652795475,11.374584330422351,Under 20%
45025,"Chesterfield County, South Carolina",43575.0,42.4,47620.0,101400.0,776.0,20.16250725478816,8.061101028433152,15.850883563301863,72.36062366952419,13.20087722169487,1.0,47.57,63.09166666666667,40.986804360298336,35.38726333907057,5.599541021227768,Under 20%
45027,"Clarendon County, South Carolina",31037.0,45.9,48887.0,147300.0,728.0,18.547489800735022,8.63650998068255,25.360734586794926,72.96008034145117,17.667860142333023,1.0,53.36,65.11666666666666,48.61938976060831,42.78764055804363,5.831749202564681,Under 20%
45029,"Colleton County, South Carolina",38623.0,42.2,48779.0,145900.0,905.0,18.685771797859942,9.323691541698773,20.136040812243674,73.06487975951904,16.66790132602415,1.0,55.39,66.35833333333333,47.173963700385784,41.21896279418999,5.9550009061957905,Under 20%
45031,"Darlington County, South Carolina",62754.0,41.5,47419.0,141400.0,876.0,20.29451398697904,6.858899607759992,15.419126328217237,70.63093243997767,19.69942571322712,1.0,46.08,64.35000000000001,46.76992701660452,43.91751920196322,2.852407814641298,Under 20%
45033,"Dillon County, South Carolina",28031.0,37.5,44038.0,84400.0,692.0,29.222734032135214,6.7997403440441415,17.796412764966224,60.30981392273543,11.688241639697951,1.0,50.75,64.60833333333333,35.9601869358924,33.56997609789162,2.390210838000785,Under 20%
45035,"Dorchester County, South Carolina",164322.0,37.9,76896.0,294400.0,1381.0,11.5249564174528,4.6556091382921725,7.318431549634981,75.42591720396928,29.967496709377603,1.0,56.06,66.48333333333333,95.12420734898552,76.74565791555604,18.378549433429487,20 to <30%
45037,"Edgefield County, South Carolina",26508.0,42.0,67092.0,194300.0,854.0,16.43672497331034,5.829485488126649,15.984801625872581,79.83803113167859,21.44129472237773,1.0,52.4,64.65833333333333,70.12977214425834,42.74181379206277,27.387958352195565,20 to <30%
45039,"Fairfield County, South Carolina",20741.0,46.7,46972.0,129100.0,910.0,16.931734768779055,5.5269413629160065,19.93246326549238,76.00592727687223,15.340020844189683,1.0,44.9,63.25,49.660093534545105,44.886938913263585,4.7731546212815195,Under 20%
45041,"Florence County, South Carolina",136921.0,39.2,56650.0,165500.0,908.0,18.286998999118627,4.6752416713269955,14.484353121234816,64.53866950991966,23.646394524038307,1.0,49.87,65.06666666666666,40.68769582459959,39.61408403385894,1.0736117907406462,20 to <30%
45043,"Georgetown County, South Carolina",64200.0,51.6,66734.0,262300.0,1166.0,14.413435960397287,5.148183208330299,27.54740627724499,83.10081600421164,32.49164119710365,1.0,51.32,64.86666666666666,62.52336448598131,48.862928348909655,13.66043613707165,30 to <40%
45045,"Greenville County, South Carolina",537575.0,38.5,74624.0,273900.0,1198.0,11.00230294048737,4.2547397313286295,7.493976523446543,68.75944275028502,40.03225841547533,1.0,51.1,61.275000000000006,57.4040831511882,47.665907082732645,9.738176068455564,40% or more
45047,"Greenwood County, South Carolina",69329.0,39.6,50635.0,166400.0,880.0,17.11189477985803,4.7071470454101245,11.978192652698976,66.15052214620094,25.5655866017627,1.0,47.75,63.50833333333333,40.1419319476698,34.90602778058244,5.235904167087366,20 to <30%
45049,"Hampton County, South Carolina",18555.0,40.9,43059.0,102400.0,815.0,20.02895484158361,10.026480500722196,17.606123869171885,73.62049549549549,11.759793501366534,1.0,56.62,66.01666666666667,34.114793856103475,37.240635947184046,-3.125842091080571,Under 20%
45051,"Horry County, South Carolina",368937.0,48.2,64623.0,260500.0,1181.0,12.817194807344766,5.2146169980207375,28.978770443014653,75.84440808290431,26.596009839938446,1.0,51.77,64.49166666666666,69.88184974670472,39.437627562429356,30.444222184275365,20 to <30%
45053,"Jasper County, South Carolina",30658.0,44.3,63503.0,269400.0,1307.0,18.302132620174174,5.103786920616026,10.441303720796077,75.99033816425121,25.927911027736837,1.0,51.21,67.35,107.80220497097005,62.88733772587905,44.914867245091,20 to <30%
45055,"Kershaw County, South Carolina",66924.0,40.3,64343.0,191900.0,872.0,14.065200727458555,4.911729838838871,12.64557944840158,81.65165977508985,22.826672411935796,1.0,43.4,63.75833333333333,70.12432012432012,48.47289462674078,21.651425497579343,20 to <30%
45057,"Lancaster County, South Carolina",100905.0,42.2,74751.0,298100.0,892.0,12.304952338548096,5.512127102171892,8.178752107925801,83.27211509029691,31.19451114922813,1.0,48.39,62.36666666666667,71.29478222090084,49.80922650017343,21.485555720727415,30 to <40%
45059,"Laurens County, South Carolina",67904.0,40.9,55517.0,153500.0,847.0,17.645808342317444,4.548834502602567,17.050007887679445,70.65535734662052,17.86779481755685,1.0,48.22,62.625,56.3737040527804,40.42471724787936,15.948986804901036,Under 20%
45061,"Lee County, South Carolina",16330.0,41.8,44145.0,101900.0,806.0,23.284232776273203,5.67550894509562,17.04230921312772,73.4509056244042,12.784960871044573,1.0,48.11,64.625,37.96693202694428,46.601347213717084,-8.634415186772811,Under 20%
45063,"Lexington County, South Carolina",300370.0,39.7,75014.0,217700.0,1115.0,11.437315039009954,4.199039319649326,7.7058850497425,76.85219680600055,33.10804972879566,1.0,52.9,64.71666666666667,58.20820987448813,48.39364783433765,9.81456204015048,30 to <40%
45065,"McCormick County, South Carolina",9701.0,58.7,55344.0,159000.0,666.0,17.97598627787307,5.522804840210983,26.172928276110014,83.88117847577307,23.076923076923077,1.0,47.95,64.19166666666666,76.48696010720545,52.98422843005876,23.502731677146684,20 to <30%
45067,"Marion County, South Carolina",28900.0,43.0,34501.0,86800.0,663.0,27.31821681013367,5.868605556998182,18.241087529477042,62.173396674584325,13.777557592271489,1.0,53.879999999999995,64.90833333333333,40.41522491349481,41.937716262975776,-1.5224913494809689,Under 20%
45069,"Marlboro County, South Carolina",26285.0,41.2,36293.0,74500.0,686.0,26.163326905340824,8.370657907833184,19.32166846338834,62.99722479185939,8.729655463961107,1.0,46.56,64.175,32.642191363895755,34.011793798744534,-1.369602434848773,Under 20%
45071,"Newberry County, South Carolina",38121.0,42.0,59670.0,158200.0,854.0,16.01097647122752,3.6222509702457955,17.273616697467116,73.40341655716163,23.480164368831367,1.0,47.32,63.49166666666667,45.43427507148291,34.154403084913824,11.279871986569082,20 to <30%
45073,"Oconee County, South Carolina",79566.0,46.7,60193.0,217200.0,876.0,16.380021577711492,6.071799607526261,18.935780700486582,75.41675333551244,28.51701935065157,1.0,52.84,60.71666666666667,53.829525174069325,39.929115451323426,13.900409722745897,20 to <30%
45075,"Orangeburg County, South Carolina",83531.0,40.8,43214.0,109700.0,804.0,23.86278617387401,9.346372168830438,20.61805890873974,65.90632603406326,19.362033562274306,1.0,60.29,65.125,35.96269648394009,39.2788306137841,-3.31613412984401,Under 20%
45077,"Pickens County, South Carolina",132604.0,36.2,59411.0,216000.0,936.0,17.23493057227707,3.511081852095677,10.903891151746253,70.5198039063108,27.31395514926439,1.0,53.67,61.21666666666667,59.66637507164188,47.4872552864167,12.179119785225181,20 to <30%
45079,"Richland County, South Carolina",418725.0,34.2,61699.0,224200.0,1185.0,16.892338092483477,6.573232012567308,10.738892848657638,60.37094393495778,41.11678563101246,1.0,48.36,64.71666666666667,58.22437160427488,55.96752044898203,2.2568511552928534,40% or more
45081,"Saluda County, South Carolina",18958.0,43.0,52957.0,123200.0,814.0,19.372398334934356,2.3611922852133254,20.307855626326965,78.08711868922339,19.849962490622655,1.0,49.03,64.14166666666667,42.67327777191687,44.51946407848929,-1.8461863065724233,Under 20%
45083,"Spartanburg County, South Carolina",338096.0,37.9,64195.0,216000.0,1019.0,14.502885008556587,4.32103975018989,8.845668599294047,72.93205604715176,25.737327490924024,1.0,48.38,61.74166666666667,58.838318110832425,38.06315366049879,20.775164450333634,20 to <30%
45085,"Sumter County, South Carolina",104853.0,37.3,55990.0,159500.0,1006.0,16.35989817897004,7.323873424607852,12.9144814752157,66.75165731769505,23.158454856616906,1.0,49.91,65.26666666666667,52.90263511773626,50.155932591342165,2.7467025263940945,20 to <30%
45087,"Union County, South Carolina",26990.0,44.3,41200.0,100000.0,770.0,22.71171137278507,7.6531045612842945,13.103346165235417,69.2707445902198,13.45717234262126,1.0,44.07,62.208333333333336,31.530196369025564,27.010003705075952,4.520192663949611,Under 20%
45089,"Williamsburg County, South Carolina",30517.0,44.0,43471.0,95100.0,769.0,23.596242834449892,4.940347505805108,18.042731010312057,74.62993421052632,15.36869573041796,1.0,51.45,65.01666666666667,37.25792181407085,36.24209457023954,1.0158272438313072,Under 20%
45091,"York County, South Carolina",288559.0,39.4,83060.0,322700.0,1304.0,8.887848262603999,4.444077862091719,5.454714855627928,73.43379052704192,38.112301591346984,1.0,46.51,61.55833333333334,54.11718227468213,45.75494093062424,8.362241344057887,30 to <40%
46003,"Aurora County, South Dakota",2573.0,42.4,74130.0,129000.0,739.0,8.434221146085553,0.7173601147776184,15.077424612876936,76.3915547024952,18.673647469458988,0.0,26.810000000000002,47.61666666666667,30.31480761756704,31.869413136416636,-1.554605518849592,Under 20%
46005,"Beadle County, South Dakota",19279.0,36.9,63082.0,178400.0,834.0,13.79328575204864,2.520204168438962,11.451555660712174,70.23380093520375,26.387992253066493,0.0,22.65,46.49166666666667,27.59479226100939,42.01462731469474,-14.419835053685357,20 to <30%
46007,"Bennett County, South Dakota",3354.0,28.8,44569.0,138600.0,616.0,31.944444444444443,9.865092748735245,16.883116883116884,57.71484375,20.25862068965517,0.0,30.5,48.56666666666666,16.696481812760883,29.516994633273704,-12.820512820512821,20 to <30%
46009,"Bon Homme County, South Dakota",7024.0,41.8,61275.0,120300.0,620.0,11.83920704845815,2.1910919540229883,14.063053489195891,78.40065952184666,20.061907525633586,0.0,28.9,49.31666666666666,31.748291571753985,29.470387243735765,2.277904328018223,20 to <30%
46011,"Brookings County, South Dakota",34968.0,28.0,67341.0,246300.0,874.0,12.823092887239797,3.6098892765053847,10.21630615640599,58.86582653817643,43.96619600020996,0.0,21.29,45.01666666666667,44.75520475863647,47.87234042553192,-3.117135666895447,40% or more
46013,"Brown County, South Dakota",38079.0,37.8,70239.0,212900.0,794.0,10.581238172479049,3.4711684370257965,9.134321728024876,65.7113175262772,33.16831683168317,1.0,23.54,43.85,35.87279077706872,41.912865358859214,-6.040074581790488,30 to <40%
46015,"Brule County, South Dakota",5261.0,41.4,74043.0,205500.0,700.0,10.548025928108427,1.5762463343108504,18.515394348376212,72.51552795031056,30.180806675938804,0.0,26.64,48.18333333333334,23.569663562060445,38.775898118228476,-15.20623455616803,30 to <40%
46017,"Buffalo County, South Dakota",1757.0,26.2,47000.0,108000.0,535.0,32.494279176201374,9.70724191063174,14.038128249566725,52.62096774193548,6.986899563318778,0.0,25.35,46.916666666666664,36.99487763232783,23.335230506545248,13.659647125782584,Under 20%
46019,"Butte County, South Dakota",10538.0,39.3,67692.0,207700.0,940.0,7.196387394312068,4.0607344632768365,10.702976567447752,80.49645390070921,19.394107068750866,0.0,21.07,47.13333333333333,67.09052951224142,57.980641487948375,9.109888024293035,Under 20%
46023,"Charles Mix County, South Dakota",9281.0,36.1,64850.0,169200.0,727.0,22.836404243439418,5.851318944844125,17.958515283842793,73.8855622089155,25.122979620520027,0.0,28.15,49.31666666666666,23.812089214524295,23.48884818446288,0.3232410300614158,20 to <30%
46025,"Clark County, South Dakota",3876.0,40.6,62885.0,141900.0,709.0,11.122994652406417,4.007285974499089,17.837165941578622,82.29954614220877,16.229956980836917,1.0,22.95,44.85833333333334,17.54385964912281,36.37770897832817,-18.833849329205368,Under 20%
46027,"Clay County, South Dakota",15133.0,24.5,58794.0,221800.0,736.0,19.83125689954266,8.372585963259539,10.924235143360564,51.753281783851826,45.953249560870155,0.0,26.97,49.19166666666666,54.38445780744069,58.018899094693715,-3.6344412872530234,40% or more
46029,"Codington County, South Dakota",28556.0,39.9,65080.0,218000.0,901.0,10.183277687007175,1.9910083493898523,7.671048700328653,67.4055497128064,20.87906451943789,1.0,22.56,44.14166666666666,41.32231404958678,37.330158285474155,3.9921557641126206,20 to <30%
46031,"Corson County, South Dakota",3859.0,29.9,43750.0,73800.0,473.0,45.19582245430809,23.251295336787564,18.235294117647058,60.52158273381295,19.23979352416706,0.0,20.69,44.81666666666666,20.212490282456596,38.09277014770666,-17.880279865250063,Under 20%
46033,"Custer County, South Dakota",8686.0,57.2,81958.0,327200.0,1117.0,6.5972628377588025,2.044790652385589,21.32266874756145,85.56905529382594,32.14485458612975,0.0,22.62,46.71666666666667,90.14506101772967,67.81026939903293,22.33479161869675,30 to <40%
46035,"Davison County, South Dakota",19936.0,39.8,61401.0,190000.0,750.0,12.365983137295721,0.8551068883610451,8.75392670157068,63.03649299977049,24.95730303705354,0.0,25.33,47.541666666666664,41.73354735152488,48.25441412520064,-6.520866773675762,20 to <30%
46037,"Day County, South Dakota",5460.0,47.1,62270.0,155100.0,623.0,13.991384154336018,2.168769716088328,31.770529994175888,75.80025608194622,21.325425477050025,1.0,23.22,43.44166666666666,36.446886446886445,36.08058608058608,0.3663003663003663,20 to <30%
46039,"Deuel County, South Dakota",4318.0,42.0,79556.0,180100.0,668.0,6.743151486771248,1.1649580615097856,16.16208663251048,80.61111111111111,24.141448486909216,0.0,23.93,44.88333333333333,36.35942566002779,35.43307086614173,0.9263547938860583,20 to <30%
46041,"Dewey County, South Dakota",5230.0,27.6,57928.0,75400.0,714.0,32.32146331971201,14.643799472295514,12.76595744680851,61.451516954193934,17.28704366499642,0.0,21.47,46.35833333333333,22.562141491395792,23.326959847036328,-0.7648183556405354,Under 20%
46043,"Douglas County, South Dakota",2823.0,41.9,78125.0,125000.0,864.0,13.679941002949853,0.7523939808481532,17.503692762186116,77.70814682184422,22.928608650338717,0.0,27.79,48.28333333333333,27.275947573503366,29.047113000354233,-1.7711654268508679,20 to <30%
46045,"Edmunds County, South Dakota",4033.0,43.6,77266.0,163600.0,881.0,8.541291484435297,0.7150153217568948,16.01479915433404,80.93140339836376,29.516806722689076,0.0,24.240000000000002,44.083333333333336,24.051574510290106,33.225886436895614,-9.174311926605505,20 to <30%
46047,"Fall River County, South Dakota",7179.0,54.5,61056.0,176300.0,866.0,19.696969696969695,3.510406958682821,16.044867105584004,75.25413883241359,22.20825852782765,0.0,22.4,48.475,71.17983005989691,71.17983005989691,0.0,20 to <30%
46049,"Faulk County, South Dakota",2137.0,43.2,58000.0,124100.0,692.0,25.555555555555557,4.225352112676056,22.59259259259259,81.9377990430622,18.269896193771626,1.0,26.99,44.86666666666667,33.69209171736079,32.75620028076743,0.9358914365933552,Under 20%
46051,"Grant County, South Dakota",7544.0,43.7,73818.0,179400.0,668.0,11.19891008174387,3.642857142857143,13.135716361522814,81.59919705587153,25.543685616177033,1.0,24.48,44.96666666666667,30.75291622481442,34.33191940615058,-3.5790031813361614,20 to <30%
46053,"Gregory County, South Dakota",3993.0,45.7,52432.0,129000.0,614.0,11.04887983706721,3.02734375,25.648021828103683,78.34862385321101,20.947901591895803,0.0,27.96,49.14166666666667,21.036814425244177,17.280240420736288,3.756574004507889,20 to <30%
46055,"Haakon County, South Dakota",1708.0,47.1,59231.0,153200.0,688.0,8.15347721822542,0.0,22.706422018348626,82.04747774480713,19.545823195458233,0.0,18.86,47.86666666666667,26.93208430913349,28.688524590163933,-1.756440281030445,Under 20%
46057,"Hamlin County, South Dakota",6288.0,32.5,83194.0,207700.0,769.0,6.592325352574615,1.828870019595036,22.960084775697634,81.52223750573131,24.445053439298437,0.0,22.98,44.74166666666667,41.18956743002545,52.79898218829516,-11.60941475826972,20 to <30%
46059,"Hand County, South Dakota",3045.0,43.8,72054.0,152100.0,553.0,6.613226452905812,1.1522134627046694,19.140164899882215,64.1660597232338,26.216867469879517,1.0,26.4,45.775,28.89983579638752,29.22824302134647,-0.3284072249589491,20 to <30%
46061,"Hanson County, South Dakota",3473.0,37.9,86375.0,192400.0,733.0,6.190613302620213,1.5625,12.024825446082234,88.62433862433862,21.548974943052393,0.0,23.66,47.5,40.88684134753815,80.33400518283905,-39.44716383530089,20 to <30%
46065,"Hughes County, South Dakota",17732.0,39.3,78981.0,221100.0,930.0,9.192731605600239,0.5855706551762236,8.055799924594696,75.1776927282668,35.94436310395315,0.0,22.2,47.25,47.87953981502368,52.56034288292353,-4.680803067899842,30 to <40%
46067,"Hutchinson County, South Dakota",7393.0,41.6,74459.0,160500.0,714.0,9.983079526226735,1.9978401727861772,8.769755190579486,78.26086956521739,25.669418159855045,0.0,25.47,48.4,27.999458947653185,37.06208575679697,-9.062626809143785,20 to <30%
46069,"Hyde County, South Dakota",1305.0,50.9,74279.0,134500.0,921.0,8.161648177496039,2.5714285714285716,15.348101265822784,82.24299065420561,21.11111111111111,0.0,26.5,45.56666666666666,39.84674329501916,45.21072796934866,-5.363984674329502,20 to <30%
46071,"Jackson County, South Dakota",2826.0,33.2,26686.0,111500.0,460.0,37.450054486015254,8.416389811738648,27.308447937131632,60.810810810810814,11.399276236429433,0.0,23.62,49.15,18.400566171266806,30.43170559094126,-12.031139419674451,Under 20%
46073,"Jerauld County, South Dakota",1845.0,46.5,75417.0,127000.0,565.0,10.432852386237514,1.1434511434511434,17.382617382617383,84.88512696493349,21.13997113997114,0.0,25.7,46.64166666666667,30.352303523035232,27.100271002710027,3.252032520325203,20 to <30%
46077,"Kingsbury County, South Dakota",5210.0,41.9,70221.0,159600.0,725.0,9.715964740450538,1.2795657231485071,23.27162825840574,81.38847858197931,22.2972972972973,0.0,24.419999999999998,45.46666666666667,47.98464491362764,43.953934740882914,4.030710172744722,20 to <30%
46079,"Lake County, South Dakota",11052.0,43.7,73792.0,231000.0,868.0,9.358669833729216,2.4126046282619398,19.40142683139029,71.43782383419689,34.67082197117257,0.0,21.47,45.949999999999996,50.57908070937387,45.874049945711185,4.705030763662686,30 to <40%
46081,"Lawrence County, South Dakota",26574.0,43.8,66766.0,310800.0,923.0,11.781184343630846,2.2628726287262872,18.789962186318323,63.87571960717914,34.08732246186218,0.0,29.09,43.791666666666664,89.78700985926093,60.397380898622714,29.389628960638216,30 to <40%
46083,"Lincoln County, South Dakota",68286.0,35.8,96552.0,323500.0,1237.0,5.766559276446073,1.5625399585709536,3.291957026713124,71.98348658284857,42.50419603893924,0.0,23.88,48.00833333333333,93.13768561637818,74.43692704214627,18.70075857423191,40% or more
46085,"Lyman County, South Dakota",3717.0,36.0,61169.0,156500.0,603.0,24.591947769314473,3.722397476340694,24.087123638693146,72.23628691983123,25.25817555938038,0.0,24.7,48.349999999999994,32.015065913371,41.96933010492332,-9.954264191552328,20 to <30%
46087,"McCook County, South Dakota",5732.0,39.9,80847.0,217300.0,750.0,7.402760351317441,1.7264276228419655,10.093230644507498,81.78539224526601,28.655439721999464,0.0,22.04,47.458333333333336,39.60223307745987,44.836008374040475,-5.2337752965806,20 to <30%
46089,"McPherson County, South Dakota",2278.0,48.8,62024.0,78400.0,580.0,12.575970079476392,0.6289308176100629,28.14755412991179,81.02678571428571,22.4390243902439,0.0,23.47,42.68333333333334,13.169446883230904,18.876207199297628,-5.706760316066725,20 to <30%
46091,"Marshall County, South Dakota",4355.0,42.8,72500.0,147200.0,743.0,7.861189801699717,1.0835214446952597,32.26337448559671,80.13365735115431,22.446190638879397,1.0,23.47,42.59166666666666,22.502870264064295,32.146957520091846,-9.644087256027554,20 to <30%
46093,"Meade County, South Dakota",30297.0,37.0,74161.0,274800.0,1150.0,7.64794211999181,3.510230179028133,6.696710942441492,72.71417676468096,26.88376168224299,0.0,22.16,47.63333333333333,94.86087731458561,91.69224675710467,3.1686305574809386,20 to <30%
46095,"Mellette County, South Dakota",2043.0,31.0,51364.0,63000.0,737.0,46.193415637860085,14.671814671814673,20.92426187419769,59.9025974025974,16.329830234438155,0.0,24.55,49.675000000000004,17.13166911404797,23.984336759667155,-6.852667645619188,Under 20%
46097,"Miner County, South Dakota",2299.0,48.9,72589.0,114100.0,563.0,10.296762589928058,0.8460236886632826,24.297520661157026,82.31441048034935,16.134858518964478,0.0,22.1,46.550000000000004,27.4032187907786,31.752936059156156,-4.349717268377556,Under 20%
46099,"Minnehaha County, South Dakota",200689.0,35.7,76074.0,266600.0,954.0,8.840196448809973,2.263605575434656,5.341038337373482,63.50947884554701,34.565453394047225,0.0,20.96,47.541666666666664,57.42218058787477,54.90086651485632,2.5213140730184516,30 to <40%
46101,"Moody County, South Dakota",6371.0,40.5,77500.0,206300.0,723.0,9.92196209587514,3.078856424756519,9.011627906976743,70.92651757188499,30.980945659844743,0.0,20.46,45.791666666666664,38.141579029979596,36.25804426306702,1.8835347669125726,30 to <40%
46102,"Oglala Lakota County, South Dakota",13587.0,27.0,34769.0,45600.0,563.0,52.79381984549614,12.945801741083965,21.092169893094482,53.49688758696448,9.782454144746197,0.0,25.91,48.94166666666666,22.88952675351439,27.820710973724886,-4.931184220210495,Under 20%
46103,"Pennington County, South Dakota",112081.0,39.7,70768.0,270400.0,1066.0,12.042632374074211,3.341267742219871,9.785805942157733,69.0796096109239,34.05527760986714,0.0,22.07,47.083333333333336,76.85513155664208,71.14497550878383,5.710156047858245,30 to <40%
46105,"Perkins County, South Dakota",3058.0,43.6,65455.0,105900.0,703.0,11.74908728841686,3.5098522167487687,27.47252747252747,78.94736842105263,21.765530126109294,0.0,20.02,45.84166666666667,19.62066710268149,16.350555918901243,3.2701111837802483,20 to <30%
46107,"Potter County, South Dakota",2430.0,44.9,71726.0,121300.0,869.0,7.666098807495741,2.887788778877888,34.92670490758445,78.84427032321254,26.628242074927954,1.0,23.18,45.0,21.810699588477366,21.39917695473251,0.411522633744856,20 to <30%
46109,"Roberts County, South Dakota",10219.0,37.9,63691.0,139100.0,656.0,17.331995987963893,6.212251941328732,24.175824175824175,69.42849330051955,18.274034822104465,1.0,26.17,44.39166666666667,39.044916332322146,34.347783540463844,4.697132791858303,Under 20%
46111,"Sanborn County, South Dakota",2370.0,38.6,69870.0,138500.0,717.0,11.41988710377768,1.1419249592169658,18.077601410934744,77.61033369214209,19.242902208201894,0.0,23.18,46.949999999999996,22.78481012658228,29.11392405063291,-6.329113924050633,Under 20%
46115,"Spink County, South Dakota",6283.0,45.1,73011.0,117400.0,691.0,9.248461289277616,1.6023544800523217,17.932418869187018,75.09172441907867,27.13556689593965,0.0,24.63,45.65,25.30638230144835,37.40251472226643,-12.09613242081808,20 to <30%
46117,"Stanley County, South Dakota",3012.0,43.7,77000.0,169900.0,896.0,2.058432934926959,0.3395585738539898,17.45619727449708,79.32389937106919,25.355341586428246,0.0,19.03,47.68333333333334,71.04913678618858,54.44887118193891,16.600265604249667,20 to <30%
46119,"Sully County, South Dakota",1481.0,51.4,70250.0,198700.0,913.0,7.942973523421589,0.0,31.277533039647576,76.12179487179488,20.942883046237533,0.0,21.82,46.28333333333333,39.16272788656313,33.7609723160027,5.401755570560432,20 to <30%
46121,"Todd County, South Dakota",9293.0,25.4,39148.0,45200.0,537.0,48.99879636721742,17.35889243876464,14.246100519930676,44.90703314470493,16.552755232806494,0.0,31.27,48.71666666666667,19.907457225868935,23.1356935327666,-3.228236306897665,Under 20%
46123,"Tripp County, South Dakota",5607.0,45.1,58854.0,137100.0,809.0,18.934579439252335,1.624480544012089,18.437162405473533,70.8167770419426,19.911504424778762,0.0,26.41,49.19166666666666,33.172819689673624,26.217228464419474,6.955591225254147,Under 20%
46125,"Turner County, South Dakota",8772.0,41.3,75283.0,199000.0,745.0,8.516612072999532,1.3194895089768548,9.335727109515261,78.95332390381895,26.207930689770077,0.0,23.080000000000002,48.333333333333336,49.36160510715914,43.319653442772456,6.041951664386685,20 to <30%
46127,"Union County, South Dakota",16916.0,40.4,84137.0,269500.0,1055.0,7.290357335248698,3.5443602318323673,4.221564936810971,71.26614261650758,36.50861699391237,0.0,27.94,49.199999999999996,60.6526365571057,62.83991487349255,-2.1872783163868528,30 to <40%
46129,"Walworth County, South Dakota",5298.0,41.6,62722.0,130000.0,962.0,15.279119180992852,3.671535728385314,18.531111866712003,74.24874791318865,31.053604436229204,0.0,23.42,44.71666666666667,34.352585881464705,37.561343903359756,-3.2087580218950547,30 to <40%
46135,"Yankton County, South Dakota",23379.0,42.2,73855.0,208200.0,777.0,9.363795164107751,1.610591112235433,6.716204629894255,72.26307189542484,27.652024960234918,0.0,25.98,49.166666666666664,42.30292142521066,42.55956200008555,-0.25664057487488773,20 to <30%
47001,"Anderson County, Tennessee",78175.0,42.0,63171.0,215800.0,960.0,14.845086237286365,4.990793951905373,9.842563958391903,71.04992360223268,26.340476574108884,0.0,50.03,58.65,69.94563479373201,57.15382155420531,12.791813239526704,20 to <30%
47003,"Bedford County, Tennessee",51291.0,37.6,62197.0,255300.0,917.0,13.601855339055284,4.013377926421405,5.842317054995281,70.17886350445839,16.909245321697366,0.0,52.989999999999995,60.775,57.10553508412782,48.15659667388041,8.948938410247411,Under 20%
47005,"Benton County, Tennessee",15948.0,47.5,50435.0,123400.0,788.0,18.481012658227847,5.35796766743649,18.913857677902623,74.65357967667437,12.436086315971922,1.0,45.26,60.9,53.92525708552797,41.38449962377727,12.54075746175069,Under 20%
47007,"Bledsoe County, Tennessee",14905.0,44.9,49655.0,165400.0,779.0,24.972673613641334,5.240912933220626,18.37150127226463,79.13549459684123,8.813646937193074,2.0,48.6,58.416666666666664,52.53270714525327,35.692720563569274,16.839986581684,Under 20%
47009,"Blount County, Tennessee",137747.0,43.9,74607.0,275700.0,1042.0,8.880271878156124,3.727968460111317,10.610388757551878,76.95274477033554,26.78928628580573,0.0,51.37,59.46666666666667,55.02116198537899,47.079065242800205,7.942096742578785,20 to <30%
47011,"Bradley County, Tennessee",109743.0,39.3,63789.0,230800.0,959.0,13.12671775774574,5.8656609852992325,7.711787892801303,67.5272614474218,24.6399320350975,0.0,50.269999999999996,61.05833333333334,52.923648888767396,43.22826968462681,9.695379204140583,20 to <30%
47013,"Campbell County, Tennessee",39568.0,44.2,50260.0,169500.0,715.0,19.168103781112457,5.22735409953455,17.972508591065292,67.34095397689867,13.236475395522648,1.0,47.19,56.69166666666666,44.55620703598868,35.73594824100283,8.820258794985847,Under 20%
47015,"Cannon County, Tennessee",14661.0,40.8,58092.0,227600.0,781.0,16.515088879702358,2.3697402400121526,10.93358395989975,77.18958846289131,16.92795998845821,1.0,49.84,59.60833333333334,76.52956824227543,48.76884250733238,27.760725734943048,Under 20%
47017,"Carroll County, Tennessee",28461.0,41.6,50391.0,122100.0,757.0,16.438755788936295,4.1779837034670075,14.106965743495842,74.80902469355125,18.85825561135595,1.0,49.51,60.900000000000006,51.61449000386494,39.141281051263135,12.473208952601807,Under 20%
47019,"Carter County, Tennessee",56462.0,45.8,48435.0,157200.0,738.0,17.965786402100964,6.844613148118236,13.558716317632763,74.06978667107657,20.657276995305164,0.0,48.38,55.13333333333333,57.06492862456165,45.30480677269668,11.760121851864971,20 to <30%
47021,"Cheatham County, Tennessee",41500.0,41.4,82015.0,291400.0,1274.0,8.114232802943542,3.8394892840857273,7.355424844214082,81.94619059592658,25.055716890659824,2.0,41.94,60.63333333333333,72.3855421686747,62.16867469879518,10.216867469879517,20 to <30%
47023,"Chester County, Tennessee",17452.0,37.8,60543.0,155200.0,714.0,15.587069606143176,5.381105743424584,12.660322714108398,76.63034896573504,19.157894736842106,0.0,51.410000000000004,61.65,47.730919092367635,46.75681870272748,0.9741003896401559,Under 20%
47025,"Claiborne County, Tennessee",32221.0,42.5,46587.0,148000.0,736.0,18.175620840772602,4.618028209350612,12.83280430135389,71.60374554102259,17.30353592115501,0.0,45.14,57.199999999999996,49.377735017535144,38.42214704695695,10.955587970578195,Under 20%
47027,"Clay County, Tennessee",7621.0,48.8,44712.0,136900.0,546.0,21.7345179684392,5.241379310344827,19.714070729872084,77.56950952827242,11.9935460738616,1.0,43.96,59.416666666666664,51.56803569085422,35.165988715391684,16.402046975462536,Under 20%
47029,"Cocke County, Tennessee",36503.0,45.4,48416.0,141800.0,787.0,20.28157234457764,4.3929611343208,15.433652071800033,71.16312900879456,11.645464497376468,0.0,48.37,58.75833333333333,58.817083527381314,43.17453359997808,15.642549927403227,Under 20%
47031,"Coffee County, Tennessee",58940.0,39.2,60656.0,227300.0,885.0,16.144338049476524,4.023030929357053,9.500933021002899,70.24655611125735,22.935412917416517,1.0,53.69,59.675000000000004,62.589073634204276,53.20665083135392,9.382422802850357,20 to <30%
47033,"Crockett County, Tennessee",13937.0,40.2,59049.0,134100.0,854.0,14.80616193327006,3.361219002091425,10.140660778541053,68.87513651255915,15.71787358727501,1.0,47.7,61.675000000000004,50.36951998277965,45.99268135179737,4.376838630982277,Under 20%
47035,"Cumberland County, Tennessee",62529.0,53.0,58475.0,228000.0,829.0,13.409417424010073,4.873134021466464,11.566839578567516,80.23827740736692,18.4953560371517,1.0,52.41,56.56666666666666,57.013545714788336,40.28530761726559,16.72823809752275,Under 20%
47037,"Davidson County, Tennessee",709846.0,34.6,75664.0,386600.0,1485.0,13.918734042645893,4.5717907807401055,8.824842185806286,53.41759436451373,47.320545256977894,2.0,40.08,61.14166666666667,62.106428718341725,67.62593576634931,-5.519507048007596,40% or more
47039,"Decatur County, Tennessee",11499.0,45.9,46190.0,133900.0,716.0,21.602972399150744,8.318928262748488,32.61991499696418,74.97184050461816,15.01616572865525,1.0,53.86,61.675000000000004,46.96060527002348,41.30793982085399,5.652665449169493,Under 20%
47041,"DeKalb County, Tennessee",20551.0,42.2,48484.0,206600.0,773.0,21.414771882894932,5.970149253731344,15.329412937306888,68.86403766921718,19.9642267473858,0.0,46.38,59.60833333333334,64.5710671013576,49.72994014889787,14.841126952459735,Under 20%
47043,"Dickson County, Tennessee",55197.0,39.0,73223.0,272700.0,972.0,9.897799465979192,2.9718759060597275,9.078368824898698,80.28162336430874,21.356881661868826,2.0,44.73,60.199999999999996,62.82950160334801,47.484464735402284,15.345036867945721,20 to <30%
47045,"Dyer County, Tennessee",36681.0,40.0,54973.0,159500.0,760.0,17.881583686587426,3.8463864529785305,8.664702994599901,62.38242407954851,21.642774427983866,0.0,46.78,61.84166666666667,42.25620893650664,39.14833292440228,3.1078760121043594,20 to <30%
47047,"Fayette County, Tennessee",42653.0,47.2,84764.0,316000.0,883.0,10.823116507386944,4.818526154288728,7.502626195610107,80.7471607890018,26.898190115970117,2.0,52.43,62.6,71.17904953930555,54.18141748528826,16.997632054017302,20 to <30%
47049,"Fentress County, Tennessee",18948.0,47.0,50865.0,151800.0,614.0,20.940794809407947,4.4229995979091274,16.493281317728652,80.56060212821178,15.270576206821003,1.0,49.260000000000005,56.71666666666667,57.10365210048554,33.30166772218704,23.801984378298503,Under 20%
47051,"Franklin County, Tennessee",43478.0,42.7,61553.0,215700.0,863.0,12.71114351683072,2.8602004086000585,13.716881150643452,76.38182137217056,23.050745671103993,0.0,56.5,60.208333333333336,52.8083168499011,45.586273517641104,7.222043332259994,20 to <30%
47053,"Gibson County, Tennessee",50610.0,39.8,59009.0,149700.0,797.0,13.41138473960436,5.220848442483289,10.675555555555556,66.78276445417454,19.0803996746834,2.0,50.67,61.333333333333336,50.464335111638015,43.19304485279589,7.271290258842126,Under 20%
47055,"Giles County, Tennessee",30442.0,43.6,61476.0,204100.0,836.0,14.300679214679148,5.088807442909501,16.973908111174136,73.98804440649018,19.23720930232558,2.0,46.730000000000004,60.11666666666667,52.65751264700086,42.080021023585836,10.57749162341502,Under 20%
47057,"Grainger County, Tennessee",23929.0,45.7,51351.0,172000.0,726.0,16.357127816382395,5.160244181610072,18.55950962029627,78.66401839849466,14.929368876737298,0.0,44.11,58.60833333333333,65.36002340256593,49.814033181495255,15.545990221070667,Under 20%
47059,"Greene County, Tennessee",70919.0,44.6,54071.0,186400.0,713.0,15.177638453500522,5.437183318175912,13.480135509701263,75.90858932830243,17.67961183966952,0.0,47.32,58.35833333333333,50.48012521327148,32.68517604591153,17.794949167359945,Under 20%
47061,"Grundy County, Tennessee",13665.0,42.9,45573.0,133400.0,723.0,19.180229953710615,7.158351409978308,17.817479478512794,83.21582452017235,12.391103822896381,1.0,56.88,57.791666666666664,49.323088181485545,35.56531284302964,13.75777533845591,Under 20%
47063,"Hamblen County, Tennessee",64930.0,40.8,52794.0,188800.0,838.0,17.1712112199856,6.142779954072673,7.361985254450638,68.33605093563165,20.057759126393215,0.0,41.94,59.11666666666667,59.18681657169259,46.66563991991375,12.52117665177884,20 to <30%
47065,"Hamilton County, Tennessee",370913.0,39.5,72568.0,282100.0,1163.0,12.543084028712551,4.170770905697548,8.628362670209233,64.3481191678342,36.96496864004895,1.0,46.67,61.041666666666664,48.03013105499133,41.1093706610445,6.9207603939468285,30 to <40%
47067,"Hancock County, Tennessee",6790.0,41.9,31995.0,118000.0,592.0,31.484848484848484,7.275666936135813,24.379601854376876,72.664983772088,8.576755748912367,0.0,44.96,57.699999999999996,31.811487481590575,30.4860088365243,1.3254786450662739,Under 20%
47069,"Hardeman County, Tennessee",25477.0,40.4,46173.0,116800.0,818.0,17.324310731105115,11.238283177109029,15.493089279043705,71.1570339264007,11.298757899324471,1.0,52.24,61.949999999999996,41.13514150017663,35.28672920673549,5.848412293441143,Under 20%
47071,"Hardin County, Tennessee",26939.0,45.4,49149.0,154000.0,770.0,20.801389780580838,4.337652987760979,28.23926868044515,78.00240007384842,14.751242506532765,2.0,50.34,62.050000000000004,48.10869000334088,41.38980660009651,6.718883403244367,Under 20%
47073,"Hawkins County, Tennessee",57446.0,45.9,55278.0,166900.0,744.0,17.13324289565018,8.41311285175515,15.418147184878567,79.47163274144651,16.785290628707,0.0,44.660000000000004,58.36666666666667,57.375622323573445,46.1825018278035,11.193120495769941,Under 20%
47075,"Haywood County, Tennessee",17672.0,43.1,43513.0,119600.0,725.0,22.78757250330213,6.597489110940303,13.107796774584697,57.34021769466927,13.105504956879182,2.0,47.7,62.025,39.66727025803531,49.117247623358985,-9.449977365323676,Under 20%
47077,"Henderson County, Tennessee",27906.0,40.3,53471.0,156000.0,812.0,16.841183552847603,7.10567627860861,15.57478368355995,71.50439238653001,14.355594459605582,1.0,53.02,61.324999999999996,41.99813660144772,33.03948971547337,8.958646885974343,Under 20%
47079,"Henry County, Tennessee",32345.0,45.8,48540.0,145200.0,741.0,18.305830583058306,3.3569036099739487,22.52405538605961,75.59257856872397,18.57972499786489,2.0,48.42,60.458333333333336,47.92085330035554,40.62451692688205,7.296336373473489,Under 20%
47081,"Hickman County, Tennessee",25229.0,41.7,57223.0,192000.0,877.0,14.090466720264038,3.176470588235294,13.298073290517568,77.66884531590414,13.572378630015518,1.0,45.36,60.50833333333333,55.17460065797297,44.55190455428277,10.622696103690197,Under 20%
47083,"Houston County, Tennessee",8293.0,44.2,54475.0,150100.0,685.0,13.757930090807314,6.69103176834411,19.444444444444443,81.15987460815047,13.683494815570286,1.0,45.79,60.375,61.618232244061254,45.46002652839744,16.15820571566381,Under 20%
47085,"Humphreys County, Tennessee",19074.0,43.7,59333.0,186900.0,830.0,13.71662360034453,9.750698974836906,22.59810554803789,79.50174825174825,16.419233325947264,1.0,44.12,60.6,55.88759567998322,40.89336269267065,14.994232987312571,Under 20%
47087,"Jackson County, Tennessee",11882.0,48.0,41475.0,135200.0,804.0,20.65599040849533,7.733175914994097,19.495884773662553,83.34398296059638,13.477481514676226,1.0,43.56,59.74166666666667,72.79919205520956,52.684733209897324,20.114458845312235,Under 20%
47089,"Jefferson County, Tennessee",55835.0,44.1,63084.0,210000.0,880.0,11.516630613640986,5.431785195936139,15.351068469254253,74.03400309119012,21.030640668523677,1.0,45.23,59.75833333333333,78.69615832363213,58.79824482851258,19.89791349511955,20 to <30%
47091,"Johnson County, Tennessee",18073.0,46.4,52152.0,175500.0,639.0,22.09409878522538,3.688046647230321,18.081096516276414,78.5973229224763,15.68826645381322,1.0,49.94,53.541666666666664,41.44303657389476,23.958390969955182,17.48464560393958,Under 20%
47093,"Knox County, Tennessee",487401.0,37.3,71662.0,279700.0,1180.0,12.24518161601186,3.58920423666853,8.06501216182213,64.94845360824742,40.161517283572955,1.0,49.0,60.050000000000004,50.05118988266335,44.87065065520998,5.18053922745337,40% or more
47095,"Lake County, Tennessee",6691.0,41.6,30500.0,107000.0,472.0,32.331998219848685,4.272445820433436,19.022827392871445,45.25222551928783,9.382908312244501,1.0,48.13,61.541666666666664,27.64908085487969,27.947989837094603,-0.2989089822149156,Under 20%
47097,"Lauderdale County, Tennessee",24933.0,39.4,49205.0,122100.0,729.0,18.7082013375572,5.106516290726817,13.86370010283257,62.502713262426745,10.919709751637072,2.0,47.62,62.208333333333336,35.73577186860787,37.099426462920626,-1.3636545943127583,Under 20%
47099,"Lawrence County, Tennessee",44901.0,39.0,53233.0,176700.0,736.0,15.255578414306061,5.6424167694204685,10.669019733675597,76.1374521072797,15.499205508474576,1.0,44.97,60.19166666666666,42.4266720117592,29.887975768913833,12.53869624284537,Under 20%
47101,"Lewis County, Tennessee",12784.0,42.2,49477.0,157800.0,735.0,15.87783818356252,3.4524635669673835,10.320222763661677,80.47739181059578,10.930362116991644,2.0,46.81,60.31666666666666,61.091989987484354,47.01188986232791,14.080100125156445,Under 20%
47103,"Lincoln County, Tennessee",35617.0,43.0,63115.0,209100.0,782.0,12.423050615595075,3.8489165569256554,9.519970230711982,77.03063952292824,19.277011540472074,0.0,51.67,60.791666666666664,49.3865289047365,40.96358480500884,8.422944099727658,Under 20%
47105,"Loudon County, Tennessee",56996.0,48.7,80296.0,292600.0,995.0,12.637469328673056,2.6894293732460244,7.778870745622664,80.94547316323919,28.553924456278423,1.0,50.54,60.40833333333333,90.09404168713594,55.28458137413152,34.80946031300442,20 to <30%
47107,"McMinn County, Tennessee",54135.0,42.5,59674.0,190400.0,792.0,13.307645584997342,5.285568065506653,10.638032213759521,74.73336127800289,17.502090738030525,0.0,52.96,60.55833333333334,64.63470952249007,45.58972938025307,19.044980142237,Under 20%
47109,"McNairy County, Tennessee",25933.0,43.1,50714.0,151100.0,706.0,16.132068073092306,5.74606968833318,20.133572243036326,78.71711197226188,11.807452737405749,1.0,52.16,61.824999999999996,49.62788724790807,42.99541125207265,6.6324759958354225,Under 20%
47111,"Macon County, Tennessee",25793.0,38.3,56269.0,211200.0,805.0,15.198869213553731,3.643533123028391,15.168280313508529,71.84782608695652,11.80624452874234,2.0,44.28,59.21666666666667,53.73550963439693,40.243476912340554,13.492032722056372,Under 20%
47113,"Madison County, Tennessee",98845.0,38.3,58189.0,189700.0,1076.0,18.594849749230836,7.294645244903417,9.984289259773675,62.49051449385339,25.950326405042397,1.0,48.92,61.675000000000004,47.306388790530626,50.05817188527492,-2.7517830947442965,20 to <30%
47115,"Marion County, Tennessee",29010.0,43.7,58103.0,173600.0,840.0,16.92114620372307,7.743101957393287,16.679916166799163,79.79009454419291,16.471940241333076,1.0,54.9,59.949999999999996,52.94725956566701,41.813167873147194,11.13409169251982,Under 20%
47117,"Marshall County, Tennessee",35276.0,39.6,70829.0,246100.0,924.0,14.229783804013012,4.4733861834654585,8.628882308380966,77.44196563159481,20.991447313792243,0.0,50.2,60.60833333333333,71.40832293910874,48.474883773670484,22.93343916543826,20 to <30%
47119,"Maury County, Tennessee",104855.0,39.2,74162.0,307500.0,1206.0,9.945509352295563,2.4564994882292734,7.985994959969671,71.27968977217644,26.47111135433911,0.0,47.36,60.6,81.0834008869391,63.62119116875685,17.46220971818225,20 to <30%
47121,"Meigs County, Tennessee",13076.0,45.5,58395.0,185500.0,845.0,14.294530587055466,6.767200754005655,14.35756002595717,76.94639136200038,11.952861952861953,2.0,52.83,60.50833333333333,96.97155093300704,66.61058427653717,30.36096665646987,Under 20%
47123,"Monroe County, Tennessee",47054.0,44.8,56648.0,199700.0,699.0,16.072090942811634,5.270893517814606,10.5404778473672,72.22423896696571,15.80105633802817,1.0,51.7,59.24166666666667,62.013856420283076,47.286096824924556,14.727759595358524,Under 20%
47125,"Montgomery County, Tennessee",227957.0,31.7,72365.0,248300.0,1219.0,11.63705697622252,5.467891692188032,6.54467670072928,62.941615967552565,31.720305626302384,2.0,44.47,60.5,93.06579749689635,81.66452444978658,11.401273047109761,30 to <40%
47127,"Moore County, Tennessee",6611.0,46.2,66687.0,259300.0,746.0,11.258074438634267,5.069269521410579,11.949265687583445,82.29719484457922,24.664429530201343,1.0,53.9,60.55833333333334,59.59764029647557,58.99258811072455,0.605052185751021,20 to <30%
47129,"Morgan County, Tennessee",21193.0,42.5,57408.0,144000.0,742.0,18.8240293195942,6.024390243902439,15.929824561403509,84.30717863105176,13.707445781581827,1.0,51.15,57.31666666666666,58.22677299108196,39.87165573538432,18.355117255697635,Under 20%
47131,"Obion County, Tennessee",30570.0,41.9,53102.0,122700.0,770.0,16.996913272926417,3.7704918032786887,12.73792093704246,67.13007350591243,18.059750034846445,1.0,53.910000000000004,61.03333333333333,36.800785083415114,37.5204448806019,-0.7196597971867844,Under 20%
47133,"Overton County, Tennessee",22807.0,43.1,46159.0,171700.0,833.0,18.049672270031657,2.905706960402621,13.271604938271604,77.51334519572954,13.487654320987655,0.0,49.1,58.51666666666667,59.06081466216512,42.39926338404876,16.661551278116367,Under 20%
47135,"Perry County, Tennessee",8561.0,41.6,50489.0,113800.0,747.0,17.730750836920134,8.905068608232988,37.060041407867494,75.03289473684211,12.697334917671023,1.0,48.75,61.28333333333333,51.74629132110735,34.69220885410583,17.054082467001518,Under 20%
47137,"Pickett County, Tennessee",5062.0,51.7,44591.0,162200.0,755.0,25.8296681327469,3.507825148407987,37.35871505056514,82.33618233618233,17.166140904311252,1.0,46.64,58.35833333333333,46.02923745555117,38.32477281706835,7.704464638482813,Under 20%
47139,"Polk County, Tennessee",17702.0,46.2,60227.0,136400.0,668.0,13.342558957504469,4.245283018867925,19.33152664859982,84.14053751399776,14.67065868263473,1.0,53.730000000000004,59.725,61.46198169698339,48.58208112077731,12.879900576206078,Under 20%
47141,"Putnam County, Tennessee",81366.0,36.1,56537.0,246800.0,881.0,16.94431223227035,3.7662690474426417,8.152038009502375,60.67701243307015,29.19391227868915,0.0,48.2,58.800000000000004,56.62070152152005,52.33144065088612,4.2892608706339255,20 to <30%
47143,"Rhea County, Tennessee",33299.0,41.0,58133.0,178500.0,796.0,15.343525511143858,6.322749500654315,13.506629220821631,72.95174809333233,17.384927311160002,2.0,52.45,59.4,52.94453286885492,44.11543890206913,8.82909396678579,Under 20%
47145,"Roane County, Tennessee",54403.0,47.4,66218.0,212300.0,767.0,12.722750222750223,4.812085786028897,11.81924882629108,77.60770220506677,22.04030226700252,1.0,52.2,59.96666666666667,67.9006672426153,50.383250923662295,17.517416318953,20 to <30%
47147,"Robertson County, Tennessee",74291.0,39.1,78439.0,296700.0,1176.0,10.20927447885484,3.535711473344358,5.153265215459796,77.21491623130967,21.086243147118353,2.0,46.43,59.800000000000004,70.02194074652381,56.924795735688036,13.097145010835767,20 to <30%
47149,"Rutherford County, Tennessee",351591.0,34.0,82588.0,346400.0,1405.0,9.187019823922196,3.318686046154319,7.001093574510847,65.01457957588133,34.388546555368464,1.0,47.910000000000004,60.84166666666667,64.44135373203524,56.35809790352995,8.08325582850528,30 to <40%
47151,"Scott County, Tennessee",21969.0,40.7,42679.0,116800.0,691.0,24.8915831196083,7.352134313617909,12.313470713633134,71.78745079879602,10.1902804481867,0.0,47.94,56.53333333333333,32.13619190677773,21.894487687195593,10.241704219582138,Under 20%
47153,"Sequatchie County, Tennessee",16409.0,44.7,52260.0,217800.0,842.0,23.586189827991586,4.878792498856533,11.940727952812544,74.69367750367587,18.891412229792245,0.0,50.23,58.61666666666667,63.44079468584314,51.252361508928026,12.188433176915108,Under 20%
47155,"Sevier County, Tennessee",98802.0,43.6,63829.0,259500.0,1013.0,13.642151526976239,3.4206577720102196,32.15416284661558,71.97674715076107,21.438838782412628,0.0,53.54,57.425000000000004,55.38349426124977,54.98876540960709,0.3947288516426793,20 to <30%
47157,"Shelby County, Tennessee",922195.0,35.8,62337.0,229700.0,1170.0,17.542466918036226,7.166993441371413,10.555533506637827,54.57832995923348,34.19779024643449,2.0,53.98,63.525,27.42912290784487,37.42267091016542,-9.99354800232055,30 to <40%
47159,"Smith County, Tennessee",20196.0,40.7,62799.0,224500.0,877.0,13.268721586651345,3.1163221228016043,11.908891201294947,75.45609660060376,17.947813822284907,0.0,42.47,59.916666666666664,54.119627649039415,47.97979797979798,6.139829669241434,Under 20%
47161,"Stewart County, Tennessee",13859.0,44.6,62052.0,182700.0,837.0,11.998543866035675,3.0474233864064373,22.76799044490893,83.568528900058,16.232586311326468,2.0,47.11,60.36666666666667,53.68352694999639,43.29316689515838,10.39036005483801,Under 20%
47163,"Sullivan County, Tennessee",159693.0,45.0,56802.0,190800.0,850.0,14.914619437567447,6.048086149909372,9.891065242304096,72.928604841539,26.617556678503142,0.0,42.84,57.75,50.22136223879569,42.400105201856064,7.8212570369396275,20 to <30%
47165,"Sumner County, Tennessee",200553.0,39.7,86005.0,364000.0,1339.0,8.952666955549061,3.220113032539101,5.738792764451436,72.22381560764477,32.62558708308984,2.0,44.74,60.00833333333333,69.84188718194193,54.51925426196566,15.322632919976266,30 to <40%
47167,"Tipton County, Tennessee",61339.0,38.7,71736.0,220100.0,1007.0,11.565962646762554,5.519192745619418,6.858370517269873,77.18683463449254,18.47531913874452,4.0,52.01,62.56666666666666,50.40838618171147,47.21302923099496,3.19535695071651,Under 20%
47169,"Trousdale County, Tennessee",11805.0,34.6,63190.0,284100.0,805.0,10.336225596529284,0.5863438623037639,5.380237972064149,74.49425915800984,10.129564193168433,0.0,43.34,60.10833333333333,60.652265988987715,50.14824227022448,10.504023718763236,Under 20%
47171,"Unicoi County, Tennessee",17779.0,47.4,50381.0,168200.0,665.0,14.216394200219513,5.150268113231077,10.720823798627002,72.76688453159042,20.01367157830776,0.0,49.03,54.675000000000004,55.57117948141065,38.697339557905394,16.87383992350526,20 to <30%
47173,"Union County, Tennessee",20141.0,42.4,61858.0,186300.0,849.0,13.940978331908903,4.073866815892558,20.043214322461157,80.36288765924591,14.541261966319615,0.0,45.3,58.175000000000004,59.629611240752695,53.770915048905216,5.858696191847475,Under 20%
47175,"Van Buren County, Tennessee",6293.0,47.2,60281.0,149200.0,705.0,13.849186791522918,3.6956521739130435,15.540308747855917,84.72786352558896,13.985094256904866,1.0,48.4,58.03333333333333,72.30255839822024,35.7540123947243,36.54854600349595,Under 20%
47177,"Warren County, Tennessee",41587.0,40.0,54088.0,173900.0,775.0,15.341061622940817,3.8044914134742402,12.05364444202148,70.87155963302752,15.118760275649771,0.0,50.0,59.19166666666667,49.29425060716089,35.32353860581431,13.970712001346575,Under 20%
47179,"Washington County, Tennessee",134693.0,40.3,61051.0,231700.0,951.0,15.813403376188502,4.9625440440588635,8.452446846612183,64.44677597183198,33.52444794102749,0.0,44.07,57.949999999999996,61.369187708344164,50.41835878627694,10.95082892206722,30 to <40%
47181,"Wayne County, Tennessee",16251.0,44.3,52824.0,126600.0,619.0,18.54116012504342,3.7702241353718273,20.41637751561416,81.5137774677363,12.533463129715258,2.0,49.43,61.15833333333333,36.05931942649683,27.629068980370437,8.430250446126392,Under 20%
47183,"Weakley County, Tennessee",32959.0,37.9,49502.0,136300.0,760.0,19.306335855551588,2.9537584029333877,11.671546446632952,66.41554919391291,21.612536691601175,1.0,52.36,60.93333333333334,43.14451287963834,39.41260353772869,3.7319093419096454,20 to <30%
47185,"White County, Tennessee",27764.0,43.3,52206.0,190200.0,838.0,14.749607334623954,4.612850082372323,9.516367823655207,77.74747750204527,14.175956613437782,1.0,48.769999999999996,58.675000000000004,65.48047831724536,43.61763434663593,21.862843970609422,Under 20%
47187,"Williamson County, Tennessee",254609.0,40.3,131202.0,673700.0,1895.0,4.5100106206150485,2.0026055079225618,3.9208625473956236,79.7764451695401,61.835699797160245,0.0,41.26,60.59166666666667,70.58666425774423,60.944428515881214,9.642235741863013,40% or more
47189,"Wilson County, Tennessee",153587.0,39.9,94048.0,397000.0,1370.0,7.6058869789911245,3.4777757113632135,7.161834164261348,76.83230581709623,37.221403747355694,0.0,43.68,60.5,83.78964365473641,58.33827081719156,25.451372837544845,30 to <40%
48001,"Anderson County, Texas",57825.0,39.5,58846.0,173400.0,1006.0,17.05408121805701,5.339178587909553,16.274299111067695,70.03850192509626,14.536875134733766,1.0,37.96,68.00833333333334,42.07522697795071,37.69995676610463,4.375270211846088,Under 20%
48003,"Andrews County, Texas",18518.0,33.1,76902.0,188200.0,1364.0,14.216539717083787,2.339309138609532,4.006795979045731,76.29793510324484,19.947743039913505,0.0,8.46,65.76666666666667,44.01123231450481,46.65730640457933,-2.646074090074522,Under 20%
48005,"Angelina County, Texas",86791.0,37.8,58847.0,149800.0,1056.0,16.267698406104987,5.427537136437398,12.54144246969944,64.30413572382935,18.01276079658306,0.0,40.160000000000004,69.54166666666667,38.59847219181712,36.374739316288554,2.223732875528569,Under 20%
48007,"Aransas County, Texas",24449.0,51.0,61754.0,236800.0,1052.0,18.68504947625554,6.1661374577486425,25.685343463121242,77.670812744931,27.627674527565205,0.0,22.05,74.05,86.34299971368972,72.10928872346517,14.23371099022455,20 to <30%
48009,"Archer County, Texas",8734.0,43.1,71958.0,175300.0,766.0,11.716495440378623,3.355544978581628,12.270408163265307,84.96656004652515,25.1756248978925,0.0,25.26,66.7,60.10991527364323,45.340050377833755,14.76986489580948,20 to <30%
48011,"Armstrong County, Texas",1883.0,43.0,68462.0,185700.0,1010.0,5.795516675779115,0.9291521486643438,15.09009009009009,81.83023872679045,21.411947245927074,0.0,20.59,61.50833333333333,63.72809346787042,74.34944237918215,-10.621348911311737,20 to <30%
48013,"Atascosa County, Texas",50058.0,36.1,69413.0,157400.0,997.0,16.132907140094062,4.537024471886733,12.470402525651144,77.39104298166517,15.266558966074314,0.0,24.63,72.85000000000001,70.11866235167206,57.71305285868392,12.405609492988134,Under 20%
48015,"Austin County, Texas",30712.0,41.6,75994.0,270900.0,1111.0,14.50190814580866,4.193658370269349,13.573761181314781,77.49301790701494,23.42024900164435,0.0,36.51,72.54166666666667,68.96327168533472,48.97108622036989,19.992185464964834,20 to <30%
48017,"Bailey County, Texas",7044.0,35.1,70625.0,104400.0,744.0,13.586398944745714,0.4576659038901602,19.23905240488155,78.93333333333334,16.739659367396595,0.0,14.84,60.083333333333336,28.81885292447473,52.66893810335037,-23.850085178875638,Under 20%
48019,"Bandera County, Texas",21589.0,53.4,69703.0,249800.0,998.0,16.124169767770503,7.387973554412845,22.2820891631181,86.22386223862239,25.483503981797497,0.0,20.37,69.60000000000001,78.97540414099772,62.11496595488443,16.8604381861133,20 to <30%
48021,"Bastrop County, Texas",102370.0,37.5,82730.0,269500.0,1342.0,12.420577780910474,4.64839094159714,8.113616765528235,75.71664202024797,23.34559373224485,1.0,29.599999999999998,71.45833333333333,80.15043469766533,53.60945589528182,26.54097880238351,20 to <30%
48023,"Baylor County, Texas",3464.0,47.5,42313.0,93300.0,685.0,20.79032733706871,3.787878787878788,28.663594470046082,66.79586563307494,28.37022132796781,0.0,24.490000000000002,66.75,37.8175519630485,34.64203233256351,3.1755196304849886,20 to <30%
48025,"Bee County, Texas",31000.0,35.8,56075.0,102800.0,1028.0,16.972014454996216,5.903552428350781,19.100593947393232,72.11280736510896,11.449174226564317,0.0,21.09,73.50833333333334,33.25806451612903,38.806451612903224,-5.548387096774194,Under 20%
48027,"Bell County, Texas",379811.0,32.1,66051.0,221100.0,1168.0,14.62687700514456,7.294054280499117,8.75884049572627,56.15595025873828,27.17803111289757,0.0,25.18,69.575,81.60111213208675,78.65754283051307,2.9435693015736772,20 to <30%
48029,"Bexar County, Texas",2037344.0,34.6,70571.0,244100.0,1290.0,14.69821127985054,5.474030055871593,8.27072699340899,59.108025099878176,31.539645550203403,0.0,22.2,71.99166666666666,39.58634378877598,38.47803807309909,1.1083057156768812,30 to <40%
48031,"Blanco County, Texas",12008.0,50.3,87564.0,396200.0,920.0,8.684299191374663,3.504552482391342,18.002951303492377,74.24515096980603,34.33852140077821,1.0,21.51,69.7,108.34443704197201,64.20719520319787,44.13724183877415,30 to <40%
48035,"Bosque County, Texas",18546.0,46.3,69339.0,184500.0,926.0,9.098896271484268,4.075546719681909,20.087756849315067,75.89393330654882,20.72789520690682,0.0,31.01,68.47500000000001,65.62061900140192,52.78766310794781,12.832955893454114,20 to <30%
48037,"Bowie County, Texas",92321.0,38.4,59295.0,161300.0,966.0,16.288840666697446,3.6533581245759943,12.540524239149557,62.69360075859889,22.071386213196995,0.0,57.22,66.34166666666667,49.382047421496736,49.24123438870896,0.1408130327877731,20 to <30%
48039,"Brazoria County, Texas",381650.0,36.5,95155.0,276800.0,1410.0,7.342270223331796,4.531249162418453,10.50775307496572,74.00292718624222,32.09135189341483,0.0,37.57,72.7,64.31023188785537,48.6257041792218,15.684527708633565,30 to <40%
48041,"Brazos County, Texas",237980.0,26.8,58388.0,279700.0,1160.0,23.866981646374704,4.632525410476935,10.798240481042798,46.79296499462761,42.53721303821409,0.0,32.31,71.00833333333334,50.34456677031683,51.89091520295823,-1.5463484326413985,40% or more
48043,"Brewster County, Texas",9464.0,42.2,52612.0,216000.0,768.0,8.409165661659905,2.2163481089873933,17.229219143576827,57.19212822073443,45.27064732142857,0.0,10.09,68.26666666666667,57.375316990701606,61.81318681318681,-4.437869822485207,40% or more
48045,"Briscoe County, Texas",1223.0,50.8,41188.0,82900.0,692.0,15.327868852459016,0.0,38.40177580466149,78.1981981981982,19.022869022869024,0.0,21.29,62.48333333333333,47.42436631234669,38.43008994276369,8.994276369582993,Under 20%
48047,"Brooks County, Texas",6987.0,38.1,31310.0,82700.0,487.0,30.650815424477976,3.507271171941831,25.20746887966805,53.15533980582524,14.440783097499516,0.0,19.62,76.14999999999999,30.3420638328324,42.65063689709461,-12.308573064262202,Under 20%
48049,"Brown County, Texas",38294.0,41.4,55305.0,149900.0,887.0,14.517632863489277,4.810454571058413,21.52250222664641,68.15541758461846,19.937029124030136,0.0,25.98,68.36666666666666,46.87418394526558,40.52854233039118,6.345641614874393,Under 20%
48051,"Burleson County, Texas",18327.0,44.3,72888.0,174000.0,909.0,12.626819585355095,2.916716885621309,18.30258302583026,80.87495160665893,23.10326459173579,1.0,32.78,71.39999999999999,73.55268183554318,55.21907568068969,18.333606154853495,20 to <30%
48053,"Burnet County, Texas",51064.0,44.9,77158.0,310500.0,1324.0,7.990702893323715,2.321501427988576,20.26284737762949,77.2516201459407,28.69517990495587,1.0,25.28,69.60000000000001,85.57888140372866,65.44728184239386,20.131599561334795,20 to <30%
48055,"Caldwell County, Texas",47184.0,38.2,68503.0,215600.0,1145.0,13.859758265197298,3.162616138038354,7.4766355140186915,73.17197128517883,16.425580510087553,0.0,25.95,72.175,87.40250932519498,56.67175313665649,30.73075618853849,Under 20%
48057,"Calhoun County, Texas",19921.0,39.9,71870.0,150000.0,1121.0,8.733913220407956,4.460894126814065,21.828167178627943,76.3872350559657,16.896353718059146,0.0,28.830000000000002,73.46666666666667,44.07409266603082,43.67250640028111,0.40158626574971135,Under 20%
48059,"Callahan County, Texas",14017.0,43.8,68455.0,144800.0,881.0,10.069344120196474,5.154481492811257,19.714855128008583,81.95531793011266,23.878008975928193,0.0,26.580000000000002,66.91666666666667,78.19076835271456,54.86195334236998,23.32881501034458,20 to <30%
48061,"Cameron County, Texas",423192.0,32.4,51334.0,120000.0,899.0,24.42184903558182,5.740662662147437,14.044997302700473,65.23719865618193,20.558113905616562,0.0,24.4,76.86666666666666,21.71591145390272,25.32892871320819,-3.613017259305469,20 to <30%
48063,"Camp County, Texas",12652.0,38.7,55061.0,159900.0,774.0,22.449952335557676,5.82861319203362,19.292493528904227,76.58755612572162,19.694983915167402,0.0,45.68,66.91666666666667,61.413215301928545,51.217198861840025,10.196016440088524,Under 20%
48065,"Carson County, Texas",5802.0,42.3,84583.0,140600.0,933.0,7.245111731843576,1.2951601908657124,17.550143266475644,78.84448305821026,25.870272977710993,0.0,23.47,60.5,54.98104102033781,47.39744915546363,7.583591864874181,20 to <30%
48067,"Cass County, Texas",28582.0,43.8,54328.0,133500.0,821.0,17.264271513774496,5.982173465889613,15.669984960252094,77.48619957537154,17.597820703318476,0.0,51.89,66.68333333333334,54.43985725281646,51.8508151983766,2.589042054439857,Under 20%
48069,"Castro County, Texas",7328.0,34.9,63485.0,94900.0,910.0,13.952203343003177,2.654372729812797,19.7951090548579,69.18005768438401,20.99843295276472,0.0,18.75,59.98333333333334,33.842794759825324,47.762008733624455,-13.919213973799126,20 to <30%
48071,"Chambers County, Texas",49178.0,35.3,108114.0,289900.0,1548.0,13.075551730497326,7.321905069944206,8.741181657848324,82.4435318275154,22.966583604881478,0.0,39.21,72.02499999999999,90.40627923055024,63.72768311033389,26.67859612021636,20 to <30%
48073,"Cherokee County, Texas",51143.0,38.2,59830.0,160300.0,880.0,17.918616310160427,6.174733807597526,13.73306620873879,72.73983964611557,18.45805388869279,0.0,40.72,68.13333333333334,50.212150245390376,45.206577635258,5.005572610132374,Under 20%
48075,"Childress County, Texas",6772.0,33.6,60333.0,115100.0,934.0,9.75473801560758,0.5208333333333334,25.92844974446337,63.56945722171113,11.47840194686676,0.0,24.13,64.18333333333334,28.499704666272887,32.339043118724156,-3.83933845245127,Under 20%
48077,"Clay County, Texas",10402.0,47.8,77355.0,161300.0,825.0,10.425987162030733,1.8777467039552538,17.9860302677532,80.52992666193518,23.852971845672574,0.0,27.450000000000003,66.41666666666667,71.62084214574121,61.81503557008268,9.805806575658528,20 to <30%
48079,"Cochran County, Texas",2520.0,38.7,42137.0,57700.0,738.0,27.33606557377049,6.1874431301182895,24.682539682539684,65.33192834562698,10.720775287704422,0.0,14.67,60.875,53.96825396825397,72.61904761904762,-18.650793650793652,Under 20%
48081,"Coke County, Texas",3315.0,47.2,46431.0,112900.0,687.0,14.13727959697733,5.982324949014276,30.64741499767117,70.58428475486905,21.09343125254998,0.0,19.37,67.52499999999999,60.633484162895925,44.34389140271493,16.289592760180994,20 to <30%
48083,"Coleman County, Texas",7765.0,48.5,52364.0,91200.0,714.0,15.049556598852373,5.8985667034178615,34.10852713178294,76.93498452012383,17.92535482740494,0.0,22.93,67.99166666666666,54.9903412749517,42.24082421120412,12.749517063747586,Under 20%
48085,"Collin County, Texas",1116601.0,37.3,117588.0,447600.0,1792.0,6.30220937346045,4.114656927216515,5.156207784082022,64.07859423962097,54.91339399852436,0.0,34.03,66.95833333333333,81.91466781777913,65.32145323172736,16.593214586051776,40% or more
48087,"Collingsworth County, Texas",2733.0,38.1,60165.0,108400.0,619.0,26.17172853393326,1.2239020878329734,35.62202583276682,74.55121436114044,26.046511627906977,0.0,23.73,62.50833333333333,29.271862422246617,36.223929747530185,-6.952067325283571,20 to <30%
48089,"Colorado County, Texas",20736.0,43.8,68554.0,194000.0,1002.0,10.676511674316504,3.8899430740037952,24.726803099543016,81.0215124719546,23.999718725828,0.0,37.79,73.14166666666667,50.5883487654321,44.75308641975309,5.835262345679013,20 to <30%
48091,"Comal County, Texas",174552.0,42.0,99015.0,398800.0,1460.0,6.438343501571455,3.4975403429727367,9.173782288813705,76.85178341783566,42.21406837300877,1.0,22.509999999999998,70.88333333333334,107.80168660341904,71.13066593336083,36.671020670058205,40% or more
48093,"Comanche County, Texas",13786.0,43.7,59946.0,137800.0,823.0,14.127954060222336,6.733055885850178,22.262247838616716,80.03707136237257,19.97509598422746,0.0,26.92,68.48333333333333,56.14391411576962,43.66748875670971,12.476425359059915,Under 20%
48095,"Concho County, Texas",3301.0,45.3,59632.0,105800.0,919.0,13.314097279472383,0.993676603432701,40.2112676056338,77.73851590106007,13.159908186687069,0.0,20.19,68.24166666666666,31.202665858830656,34.837927900636174,-3.6352620418055133,Under 20%
48097,"Cooke County, Texas",42473.0,40.3,72472.0,224600.0,1088.0,14.065681366325723,4.299474198501699,8.906451432094613,72.15727295102141,23.59448928472029,0.0,35.98,66.14166666666667,61.639158995126316,53.86951710498434,7.769641890141973,20 to <30%
48099,"Coryell County, Texas",83772.0,32.4,68904.0,177400.0,1120.0,9.871008921017085,6.494219230206352,10.558601782042494,59.362427679221426,18.655540971310707,0.0,25.2,68.80833333333332,105.79907367616865,99.99761256744497,5.801461108723679,Under 20%
48101,"Cottle County, Texas",1302.0,44.3,58819.0,54100.0,323.0,22.8218966846569,6.403940886699507,41.25514403292181,78.6339754816112,21.794871794871796,0.0,25.72,64.98333333333333,29.953917050691246,33.794162826420894,-3.8402457757296466,20 to <30%
48103,"Crane County, Texas",4623.0,36.7,59915.0,119900.0,883.0,8.201470915979497,3.6858271171566477,8.96664844177146,81.38138138138139,14.344827586206897,0.0,6.42,69.15833333333333,48.66969500324465,51.049102314514386,-2.3794073112697385,Under 20%
48105,"Crockett County, Texas",2881.0,42.9,81739.0,140000.0,585.0,3.256637168141593,2.7834351663272234,32.374928119608974,74.74489795918367,11.000452693526482,0.0,11.59,68.7,29.156542867060047,51.71815341895175,-22.561610551891704,Under 20%
48107,"Crosby County, Texas",5072.0,39.3,52197.0,75500.0,637.0,22.085766055969398,6.2161034626616605,26.011994002998502,71.88449848024317,14.134061267819229,0.0,23.52,62.96666666666667,48.30441640378549,63.09148264984227,-14.787066246056783,Under 20%
48109,"Culberson County, Texas",2181.0,48.1,42672.0,84500.0,971.0,17.6905311778291,0.6486486486486487,26.798748696558917,74.07407407407408,16.30367143746111,0.0,6.96,64.8,73.8193489225126,47.68454837230628,26.13480055020633,Under 20%
48111,"Dallam County, Texas",7180.0,30.4,72332.0,140500.0,1074.0,9.98268897864974,1.432225063938619,22.27317392728464,68.09945217024863,15.718835304822566,0.0,19.86,56.31666666666666,59.47075208913649,83.008356545961,-23.537604456824514,Under 20%
48113,"Dallas County, Texas",2603816.0,34.0,74149.0,277900.0,1469.0,13.986837334966394,4.887706111880315,7.763004392147482,50.782965760684995,34.847245589926175,0.0,36.06,68.375,45.9882725968348,57.08659905308209,-11.098326456247293,30 to <40%
48115,"Dawson County, Texas",12311.0,34.6,55789.0,90800.0,873.0,17.68223234624146,7.889041904387173,15.08585445625511,69.90852190659605,14.47057359711335,0.0,16.55,64.18333333333332,32.4912679717326,44.513037121273655,-12.021769149541061,Under 20%
48117,"Deaf Smith County, Texas",18487.0,31.4,54114.0,116000.0,919.0,15.823271130625686,3.2733224222585924,14.586014586014587,65.93001841620627,11.82096759216269,0.0,17.14,59.34166666666667,34.781197598312325,42.678639043652296,-7.897441445339969,Under 20%
48119,"Delta County, Texas",5345.0,40.7,62855.0,149400.0,857.0,13.991302703724712,3.3278553820870993,14.17451863990168,83.10262529832936,19.536247334754798,0.0,49.48,66.26666666666667,65.48175865294668,59.30776426566885,6.17399438727783,Under 20%
48121,"Denton County, Texas",945644.0,36.8,108185.0,403400.0,1642.0,7.030818264769763,3.9577116643655637,4.754201911457761,65.36566236747028,48.39235703244535,0.0,28.759999999999998,67.66666666666667,84.98758518004661,70.30764219939005,14.679942980656568,40% or more
48123,"DeWitt County, Texas",19853.0,41.8,64014.0,167200.0,955.0,15.874339727550737,4.160343955488114,27.531988722619822,70.65689061798594,15.748373101952277,0.0,32.64,73.25833333333334,50.2694806830202,41.80728353397471,8.462197149045485,Under 20%
48125,"Dickens County, Texas",1641.0,45.7,50417.0,65000.0,753.0,14.502849905003167,6.666666666666667,38.21138211382114,81.4327485380117,19.111483654652137,0.0,26.95,64.64999999999999,54.23522242535039,42.04753199268738,12.187690432663011,Under 20%
48127,"Dimmit County, Texas",8507.0,36.3,33409.0,80300.0,753.0,44.8341684562157,6.836010459469556,24.97507477567298,60.79734219269103,11.044487427466152,0.0,12.82,74.25,32.44386975431997,40.202186434700835,-7.7583166803808625,Under 20%
48129,"Donley County, Texas",3276.0,45.4,56648.0,90500.0,686.0,8.307480179248534,0.0,38.30769230769231,75.39484621778887,16.146540027137043,0.0,23.36,61.90833333333333,47.00854700854701,56.47130647130647,-9.462759462759463,Under 20%
48131,"Duval County, Texas",9824.0,35.9,50081.0,86400.0,737.0,29.03401657217619,7.931034482758621,32.46049661399549,70.98930481283422,6.970345460103943,0.0,20.91,74.66666666666667,40.818403908794785,45.50081433224756,-4.682410423452769,Under 20%
48133,"Eastland County, Texas",17846.0,42.6,51741.0,121700.0,803.0,14.64953133290102,4.913613527753951,23.671600468533704,71.13560267857143,22.214010018888068,0.0,27.41,67.18333333333334,54.35391684411073,46.17281183458478,8.181105009525945,20 to <30%
48135,"Ector County, Texas",163206.0,31.3,71031.0,190500.0,1284.0,15.272600981127862,5.585900881194926,7.5804684492612004,64.42760565185351,16.647462500892228,0.0,6.74,67.38333333333334,52.51645160104408,48.6379177236131,3.8785338774309768,Under 20%
48137,"Edwards County, Texas",1392.0,39.6,38500.0,78300.0,714.0,25.29498525073746,0.0,47.50830564784053,94.51476793248945,25.92190889370933,0.0,16.91,69.325,64.65517241379311,85.48850574712644,-20.833333333333332,20 to <30%
48139,"Ellis County, Texas",203927.0,36.3,95898.0,306400.0,1449.0,8.119340216819909,4.029571782819497,5.085399980700569,76.25050833672225,28.60132225389701,0.0,38.18,68.575,87.24690698141983,55.11776272881963,32.1291442526002,20 to <30%
48141,"El Paso County, Texas",866275.0,33.3,58859.0,167300.0,1045.0,18.88614912500909,6.204914209351874,7.627831876613095,63.67833003195643,25.36119059771263,0.0,4.66,66.35,32.418112031398806,37.194886150471845,-4.776774119073043,20 to <30%
48143,"Erath County, Texas",43244.0,31.9,65351.0,251900.0,1134.0,15.932555893931516,5.295061508290248,11.53659195247097,63.801208865010075,32.49512670565302,0.0,28.21,68.55,54.481546572934974,52.86282490056424,1.6187216723707336,30 to <40%
48145,"Falls County, Texas",17063.0,41.5,55372.0,97300.0,747.0,14.5591839438299,7.172869147659064,19.33145388642771,78.44899317690131,14.954347289627375,1.0,30.84,68.825,48.99490124831507,40.32116274980953,8.673738498505537,Under 20%
48147,"Fannin County, Texas",36525.0,40.7,68377.0,213500.0,994.0,14.198231568885172,4.5370938074800735,13.226616021162586,75.49441100601892,20.166279969064192,0.0,42.910000000000004,66.31666666666666,64.39425051334702,49.14442162902122,15.249828884325805,20 to <30%
48149,"Fayette County, Texas",24783.0,48.6,76541.0,271100.0,909.0,8.830411757461308,2.9243874593835075,25.397426192278576,79.74632166412988,27.15702479338843,0.0,33.6,72.61666666666666,58.62889884194811,43.94141145139814,14.687487390549974,20 to <30%
48151,"Fisher County, Texas",3661.0,42.6,64700.0,77600.0,629.0,10.331491712707182,3.5834266517357225,22.097011268985792,81.76100628930817,18.225155848918224,0.0,22.51,66.66666666666667,57.08822726031139,45.61595192570336,11.47227533460803,Under 20%
48153,"Floyd County, Texas",5294.0,38.5,55461.0,101000.0,587.0,18.107074569789674,3.7743674823724596,25.451749327181854,75.24497163486333,16.713169642857142,0.0,22.31,61.44166666666666,41.36758594635436,52.70117113713638,-11.333585190782017,Under 20%
48157,"Fort Bend County, Texas",859721.0,37.1,113409.0,350300.0,1770.0,7.175347893879178,5.002308370930068,4.233998651657848,77.48054284485119,49.2918376292549,0.0,37.51,72.81666666666666,64.81288697147097,52.21926648296366,12.593620488507318,40% or more
48159,"Franklin County, Texas",10522.0,43.5,66800.0,213200.0,948.0,11.06632114406373,6.413398692810458,23.022847100175746,79.37595129375951,29.3119698397738,1.0,46.02,66.64166666666667,70.80402965215738,63.866185135905724,6.937844516251663,20 to <30%
48161,"Freestone County, Texas",19813.0,41.8,58460.0,164400.0,844.0,14.309800935494398,1.8518518518518519,24.5467531040545,74.82161060142711,15.887247166834026,0.0,34.36,68.63333333333334,57.437036289305,45.374249230303334,12.062787059001666,Under 20%
48163,"Frio County, Texas",18019.0,31.8,60098.0,110100.0,1006.0,19.56386722793458,5.327461287114647,19.347757917842586,63.0443234836703,11.391957578435704,0.0,20.939999999999998,73.19166666666666,36.90548865086853,33.353682224318774,3.551806426549753,Under 20%
48165,"Gaines County, Texas",21904.0,29.3,76605.0,185300.0,788.0,7.3724876971899,2.1707830324509914,7.8840882391332725,76.61895989797364,8.054943191453281,0.0,13.469999999999999,63.73333333333333,42.823228634039445,43.87326515704894,-1.050036523009496,Under 20%
48167,"Galveston County, Texas",354721.0,38.5,85348.0,284900.0,1360.0,11.154669486498337,5.535927255217053,12.996065981089101,67.49383410497165,34.258258657666794,0.0,37.44,72.81666666666666,54.107312507576374,48.27455944249142,5.832753065084954,30 to <40%
48169,"Garza County, Texas",5435.0,38.4,50545.0,79300.0,797.0,14.025141730342618,6.903876792352629,31.566380133715377,68.52756454989533,10.618996798292423,0.0,22.31,65.45833333333333,27.230910763569458,36.06255749770009,-8.831646734130635,Under 20%
48171,"Gillespie County, Texas",27202.0,50.5,67799.0,432300.0,1331.0,9.48782848209633,3.83042315557653,20.925990880392845,71.00780695528744,35.33549783549783,1.0,21.72,68.25,60.69406661274906,49.114035732666714,11.580030880082347,30 to <40%
48173,"Glasscock County, Texas",1070.0,40.6,106806.0,248600.0,865.5883506195014,8.504672897196262,1.2396694214876034,4.751619870410368,66.43990929705215,39.87179487179487,0.0,11.35,67.06666666666666,35.51401869158879,61.6822429906542,-26.16822429906542,30 to <40%
48175,"Goliad County, Texas",7096.0,44.8,59556.0,182800.0,724.0,9.21296957577489,5.492676431424767,20.92629200790737,82.75,18.98076923076923,0.0,24.65,73.47500000000001,54.67869222096956,50.31003382187148,4.368658399098083,Under 20%
48177,"Gonzales County, Texas",19764.0,38.8,59355.0,158900.0,837.0,14.527148507731033,1.444166477143507,14.705882352941176,69.94514106583073,12.642263918794217,0.0,29.84,72.95,44.77838494231937,45.68913175470553,-0.9107468123861566,Under 20%
48179,"Gray County, Texas",21131.0,36.8,56082.0,100400.0,898.0,16.28721541155867,5.285278974466744,20.541353383458645,73.47968710572799,15.399526168425586,0.0,25.89,60.9,41.12441436751692,44.91032132885334,-3.7859069613364253,Under 20%
48181,"Grayson County, Texas",139988.0,39.4,70455.0,228300.0,1178.0,11.131265890100604,3.554016096403778,11.663850511877547,67.33052039381154,23.73325999111431,0.0,35.81,66.16666666666667,68.1701288681887,52.268765894219506,15.901362973969198,20 to <30%
48183,"Gregg County, Texas",124860.0,35.9,64809.0,185800.0,1072.0,17.022349323899892,3.687657601245579,11.68128382160851,59.48658356222269,22.358106767215716,0.0,44.33,67.16666666666667,58.297292968124296,59.99519461797213,-1.6979016498478297,20 to <30%
48185,"Grimes County, Texas",30385.0,40.5,67080.0,226600.0,985.0,13.325105650921875,4.6272899557801646,15.580899245159173,77.96676061813588,19.46084968565441,0.0,36.04,70.95,91.22922494651966,56.70561132137568,34.52361362514399,Under 20%
48187,"Guadalupe County, Texas",178368.0,37.5,93776.0,285900.0,1439.0,8.800199720844729,4.360626597044773,6.550782293738681,78.47441742252157,30.922778696880066,0.0,24.71,72.23333333333333,96.2560548977395,70.20317545748117,26.05287944025834,30 to <40%
48189,"Hale County, Texas",32247.0,34.1,52788.0,106100.0,798.0,18.957361648638816,4.068143100511073,17.65057093812971,60.068878013413084,15.631884638493892,0.0,20.94,60.724999999999994,32.56116848078891,41.86435947530003,-9.303190994511118,Under 20%
48191,"Hall County, Texas",2827.0,44.9,46728.0,80200.0,610.0,16.378689704823614,9.265442404006677,33.75286041189931,75.04317789291882,17.818889970788707,0.0,23.810000000000002,63.89166666666667,40.32543332154227,46.33887513264945,-6.013441811107181,Under 20%
48193,"Hamilton County, Texas",8320.0,43.8,55339.0,124800.0,847.0,18.38044685841254,6.107915639550808,28.05325987144169,77.44097000638162,24.27715996578272,0.0,25.24,68.61666666666666,78.36538461538461,50.0,28.365384615384617,20 to <30%
48195,"Hansford County, Texas",5182.0,35.9,68299.0,132100.0,770.0,7.751027598355843,5.519604111153407,20.008756567425568,76.73782156540777,30.39975209172606,0.0,24.22,59.550000000000004,27.016595908915477,38.595137012736394,-11.57854110382092,30 to <40%
48197,"Hardeman County, Texas",3529.0,44.3,61179.0,76500.0,688.0,12.813129858911603,1.5925315760571115,30.439442658092176,69.64560862865947,15.026114905584572,0.0,23.02,64.97500000000001,34.854066307735906,45.33862283933126,-10.484556531595352,Under 20%
48199,"Hardin County, Texas",57126.0,39.3,72532.0,188200.0,1011.0,12.318019198753143,5.151066812023049,11.893380863647412,82.50114942528735,20.766228058837214,0.0,41.25,70.55,57.41693799670903,52.27041977383328,5.1465182228757484,20 to <30%
48201,"Harris County, Texas",4758579.0,34.4,73104.0,255000.0,1349.0,15.918066709753084,6.423060486782175,8.304330823349378,54.76461761827854,33.74654912491078,0.0,38.15,72.48333333333333,34.308981735934196,38.51590989663091,-4.206928160696712,30 to <40%
48203,"Harrison County, Texas",69584.0,38.9,66040.0,178200.0,977.0,17.381285123844073,5.9797196540411575,13.311886217406029,74.92480175006837,22.50190196717748,0.0,46.34,67.02499999999999,56.004253851460106,52.81386525638078,3.1903885950793285,20 to <30%
48205,"Hartley County, Texas",5307.0,39.5,82122.0,213200.0,1023.0,6.757451181911613,2.37045203969129,9.56858407079646,76.69724770642202,23.075,0.0,18.23,57.59166666666667,58.790276992651215,80.27133973996608,-21.481062747314866,20 to <30%
48207,"Haskell County, Texas",5390.0,44.3,54044.0,92000.0,824.0,14.188000781708032,5.444126074498567,31.64721141374838,74.14611005692599,22.498080368569234,0.0,23.810000000000002,67.08333333333333,48.97959183673469,46.19666048237477,2.782931354359926,20 to <30%
48209,"Hays County, Texas",256429.0,33.9,85827.0,371400.0,1417.0,12.01761306006794,4.618290729661205,5.287897769982461,64.11390596725892,41.87744229585234,1.0,24.13,70.45833333333333,91.37032082954735,65.65170086066709,25.718619968880276,40% or more
48211,"Hemphill County, Texas",3311.0,41.3,72052.0,214900.0,946.0,3.4651947255443116,4.80949406620862,19.244391971664697,76.38888888888889,24.44545043005885,0.0,29.2,60.51666666666667,23.25581395348837,31.712473572938688,-8.456659619450317,20 to <30%
48213,"Henderson County, Texas",83658.0,43.8,63955.0,189600.0,978.0,14.184974893311773,4.9606873632163415,21.171890114142002,76.5070405252017,20.212119165034114,1.0,39.94,67.59166666666667,72.06722608716441,54.02950106385522,18.037725023309186,20 to <30%
48215,"Hidalgo County, Texas",880921.0,30.3,52281.0,124000.0,925.0,27.191434367341976,7.5686891353597385,12.590469697822108,67.57140477344318,20.32666694303464,0.0,19.94,77.06666666666666,17.75528112055451,18.65206982237908,-0.8967887018245677,20 to <30%
48217,"Hill County, Texas",36664.0,40.8,63147.0,163100.0,929.0,14.224969927546368,4.245026304650178,17.512565894323895,76.39890020063908,18.452404669880863,0.0,33.17,68.69166666666668,72.11433558804276,57.05869517783111,15.055640410211652,Under 20%
48219,"Hockley County, Texas",21455.0,35.8,54810.0,112700.0,813.0,12.607944732297064,4.873932896565416,12.498642632207623,72.57383966244726,18.313253012048193,0.0,17.01,61.43333333333334,60.4521090654859,56.21067350268003,4.241435562805873,Under 20%
48221,"Hood County, Texas",64198.0,46.3,86802.0,281300.0,1414.0,8.193124782979261,6.151183303931032,13.224058897069037,81.31903313590523,32.40689152702181,0.0,33.14,68.64166666666667,82.4013209134241,62.463005078039814,19.93831583538428,30 to <40%
48223,"Hopkins County, Texas",37351.0,39.6,64725.0,193200.0,1038.0,12.250340136054422,4.537444933920705,12.125625277021465,69.92362011817265,20.028549902851026,1.0,46.910000000000004,66.41666666666667,50.27977831918824,45.94254504564804,4.3372332735402,20 to <30%
48225,"Houston County, Texas",22042.0,44.0,54563.0,155100.0,873.0,16.25265778146554,6.568025983399495,28.043939813532724,68.82617062219371,15.523797841020608,0.0,40.47,68.68333333333332,47.99927411305689,39.78767806914073,8.21159604391616,Under 20%
48227,"Howard County, Texas",33127.0,37.0,71457.0,150300.0,993.0,15.067796610169491,4.9603450674829555,14.80105721837274,68.63419133059445,15.340684444053947,0.0,12.87,66.64999999999999,38.458055362695085,42.26159929966492,-3.8035439369698434,Under 20%
48229,"Hudspeth County, Texas",3331.0,33.2,39336.0,57400.0,664.0,18.976708667430316,11.947318908748825,25.04424778761062,72.96340023612751,12.385740402193784,0.0,6.05,64.31666666666668,31.82227559291504,52.83698589012309,-21.014710297208044,Under 20%
48231,"Hunt County, Texas",104917.0,37.2,70112.0,210900.0,1184.0,12.413210641578363,5.512420818523005,10.540109117766184,70.7875043276785,21.89311476357749,0.0,43.57,66.68333333333334,92.78763212825376,62.420770704461624,30.36686142379214,20 to <30%
48233,"Hutchinson County, Texas",20413.0,38.1,65470.0,102200.0,852.0,11.587600277310091,2.3122636412749866,31.754299754299755,80.90437788018433,15.954033281098425,0.0,24.44,61.425000000000004,43.893597217459465,49.968157546661445,-6.074560329201979,Under 20%
48235,"Irion County, Texas",1432.0,50.5,58125.0,152600.0,1028.0,7.472067039106145,0.6211180124223602,23.77358490566038,88.61386138613861,22.118088097469542,0.0,16.48,67.52499999999999,54.46927374301676,72.62569832402235,-18.156424581005588,20 to <30%
48237,"Jack County, Texas",8623.0,41.3,65693.0,174800.0,968.0,13.486105623600684,9.78072706289671,23.26928138983943,71.69811320754717,15.562744764175038,0.0,28.419999999999998,66.7,68.30569407398818,54.621361475124665,13.684332598863504,Under 20%
48239,"Jackson County, Texas",15081.0,42.1,61752.0,175500.0,1011.0,14.137884692917618,5.5069795980978675,22.746047571571,70.11430678466077,15.855314197051978,0.0,33.44,73.175,42.90166434586566,42.304886943836614,0.5967774020290432,Under 20%
48241,"Jasper County, Texas",32807.0,42.5,49919.0,125900.0,790.0,22.246124644099968,14.036659316427784,17.45983814470347,77.69810492427014,12.553256906926691,0.0,37.05,69.60000000000001,57.03051178102234,51.54387783095071,5.4866339500716315,Under 20%
48243,"Jeff Davis County, Texas",1740.0,58.7,32625.0,234400.0,1314.0,31.15519253208868,0.0,42.88604180714767,89.8465171192444,30.434782608695652,0.0,8.370000000000001,63.925000000000004,47.12643678160919,64.36781609195403,-17.24137931034483,30 to <40%
48245,"Jefferson County, Texas",253939.0,37.1,59934.0,159600.0,1079.0,18.762366276535094,5.533870160593239,14.362008577882232,61.84140272942785,19.449853081743193,0.0,40.91,71.83333333333333,34.70124714990608,39.08025155647616,-4.379004406570082,Under 20%
48247,"Jim Hogg County, Texas",4797.0,25.0,42230.0,125600.0,820.0,31.410961919436495,8.399366085578446,36.76851372345935,61.50696150696151,18.952618453865338,0.0,21.16,75.98333333333333,20.637898686679176,33.56264331874088,-12.924744632061705,Under 20%
48249,"Jim Wells County, Texas",38863.0,35.5,47492.0,104800.0,885.0,23.2152616922156,5.574094673093561,17.949034367865735,67.46127237178523,15.177270519669742,0.0,20.94,74.925,43.563286416385765,45.081439930010546,-1.5181535136247846,Under 20%
48251,"Johnson County, Texas",188820.0,37.2,81826.0,254600.0,1343.0,10.733459336919589,3.5527891854893907,7.459836137271481,74.47421900845976,23.541654856291352,0.0,34.11,68.425,84.61497722698867,58.415422095117044,26.199555131871623,20 to <30%
48253,"Jones County, Texas",19968.0,39.0,63472.0,92700.0,938.0,12.63724434876211,4.887164007474486,14.61756373937677,80.85600530856006,11.222349996617737,0.0,26.21,66.81666666666666,52.98477564102564,47.2255608974359,5.759214743589744,Under 20%
48255,"Karnes County, Texas",14819.0,37.1,59103.0,136900.0,872.0,21.30714348630318,4.5831761599396454,21.198234894772572,65.32414387249624,16.015625,0.0,30.709999999999997,72.79166666666667,31.31115459882583,33.67298738106485,-2.3618327822390173,Under 20%
48257,"Kaufman County, Texas",160718.0,34.2,88606.0,290800.0,1408.0,9.698094219762249,4.802198334301763,5.765584711057182,78.59082952739271,25.297210903817124,0.0,36.410000000000004,67.64166666666667,126.66907253699026,81.36611953857066,45.30295299841959,20 to <30%
48259,"Kendall County, Texas",46971.0,43.1,110498.0,489800.0,1576.0,5.088557773404554,4.7102083698126425,8.235356705857317,77.88857325062322,49.11984270836533,1.0,19.43,69.43333333333334,91.37552958208256,66.84975836154223,24.525771220540335,40% or more
48265,"Kerr County, Texas",53166.0,48.6,67927.0,285100.0,1079.0,11.71153583351229,2.9324546952224053,12.469043594480915,70.38667085822068,31.213207064243665,1.0,19.73,67.94166666666666,50.6902907873453,45.79994733476282,4.890343452582478,30 to <40%
48267,"Kimble County, Texas",4355.0,50.3,65703.0,173100.0,795.0,15.038470505945442,1.1313330054107231,34.230088495575224,78.57911733046286,25.647128830705146,1.0,24.29,68.075,39.49483352468427,35.59127439724455,3.9035591274397246,20 to <30%
48271,"Kinney County, Texas",3140.0,50.4,66341.0,88500.0,771.0,11.311417462000707,1.6183412002697235,23.772609819121445,76.61016949152543,19.521756174049393,0.0,16.44,72.93333333333334,46.81528662420382,44.267515923566876,2.5477707006369426,Under 20%
48273,"Kleberg County, Texas",30629.0,29.3,57612.0,152200.0,1022.0,28.844022717827954,7.604007235285933,15.66075514874142,53.92572494488723,23.72529815060206,0.0,20.22,75.77499999999999,52.466616605178096,60.432923046785724,-7.966306441607626,20 to <30%
48275,"Knox County, Texas",3322.0,40.5,56304.0,66800.0,661.0,11.371446422992815,1.2846517917511833,30.299667036625973,78.10509554140127,15.59792027729636,0.0,25.240000000000002,66.68333333333334,47.56170981336544,53.883202889825405,-6.321493076459964,Under 20%
48277,"Lamar County, Texas",50421.0,40.0,61122.0,175500.0,897.0,18.706381609380344,3.89041781336002,11.818501582835033,65.8256880733945,20.583010571070794,0.0,49.07,65.63333333333334,40.95515757323337,38.01987267210091,2.9352849011324644,20 to <30%
48279,"Lamb County, Texas",12919.0,36.6,56997.0,76600.0,900.0,15.946712911871355,2.8929115208932497,21.194637705752587,72.04995693367786,14.25040168087999,0.0,18.14,60.30833333333334,35.99349794875764,48.687978945738834,-12.694480996981191,Under 20%
48281,"Lampasas County, Texas",22267.0,43.9,76919.0,236000.0,961.0,9.161342938697839,4.714510214772132,16.884309324627626,80.32404566097951,21.63988778372864,0.0,24.98,69.02499999999999,81.95985090043563,68.84627475636593,13.1135761440697,20 to <30%
48283,"La Salle County, Texas",6946.0,38.8,55469.0,101000.0,865.5883506195014,22.00236766446812,2.4651162790697674,27.048114434330298,78.84729649435532,8.09608540925267,0.0,19.45,74.20833333333333,25.338324215375756,32.10480852289087,-6.766484307515117,Under 20%
48285,"Lavaca County, Texas",20479.0,43.1,61768.0,220900.0,879.0,9.441588901641799,3.000406834825061,20.278121725878655,76.34408602150538,20.90181205225453,0.0,34.21,73.34166666666667,45.75418721617267,43.26383124175985,2.490355974412813,20 to <30%
48287,"Lee County, Texas",17758.0,41.4,66000.0,247500.0,1050.0,12.219853661347006,5.2511140551607856,15.19434628975265,78.0952380952381,18.700412567438907,1.0,32.99,71.25,53.0465142470999,40.93929496564928,12.107219281450615,Under 20%
48289,"Leon County, Texas",16067.0,44.3,59975.0,177400.0,798.0,14.388444222111055,3.8955087076076995,27.411842980705256,77.02413687748243,17.053649956024625,1.0,36.19,68.55833333333334,67.09404369203959,58.567249642123606,8.526794049915976,Under 20%
48291,"Liberty County, Texas",97993.0,33.3,64773.0,167100.0,1038.0,17.67867613525311,7.084194214876033,13.680425715518481,80.77576726981906,11.23758859389714,0.0,40.510000000000005,71.375,105.81368056902024,58.07557682691621,47.73810374210403,Under 20%
48293,"Limestone County, Texas",22185.0,42.0,58109.0,154400.0,835.0,19.37048262998368,3.1519613482112043,20.24928092042186,74.12839624909834,19.126912691269126,1.0,32.9,68.58333333333333,47.68988054992112,45.48118097813838,2.208699571782736,Under 20%
48295,"Lipscomb County, Texas",2964.0,37.4,71442.0,128400.0,807.0,13.57684355616816,7.388441843452816,26.843853820598007,80.19981834695731,25.40453074433657,0.0,32.04,59.28333333333333,43.85964912280702,37.78677462887989,6.0728744939271255,20 to <30%
48297,"Live Oak County, Texas",11444.0,38.6,53869.0,142300.0,949.0,17.200606366851947,5.395417590539542,29.49254731200804,72.94536817102137,13.841163042172294,0.0,23.259999999999998,73.68333333333334,47.27368053128277,43.25410695560993,4.019573575672841,Under 20%
48299,"Llano County, Texas",22011.0,57.5,65636.0,322300.0,995.0,11.7018827970354,5.307293390709478,34.42854392607328,77.20688980230965,33.05870236869207,0.0,25.14,69.94166666666666,78.36990595611286,59.01594657216846,19.353959383944392,30 to <40%
48303,"Lubbock County, Texas",314633.0,31.7,63367.0,199600.0,1134.0,17.20420857596612,4.677005439520634,9.103232992349854,55.295255753960255,33.324505135362756,0.0,19.1,62.23333333333333,42.992947338645344,40.96518801270051,2.0277593259448308,30 to <40%
48305,"Lynn County, Texas",5667.0,37.2,57411.0,130800.0,933.0,17.493752231345947,4.301484583174724,18.24297586070439,76.66989351403679,24.29881337648328,0.0,20.209999999999997,63.458333333333336,64.76089641785778,59.820010587612494,4.940885830245279,20 to <30%
48307,"McCulloch County, Texas",7565.0,47.1,51919.0,104400.0,838.0,14.588108399622488,10.475377170509535,27.134724857685008,69.98697916666667,19.602008554956296,0.0,23.779999999999998,68.48333333333333,43.4897554527429,58.69134170522141,-15.201586252478519,Under 20%
48309,"McLennan County, Texas",263608.0,34.0,63888.0,219200.0,1106.0,17.111830435278524,4.496533612624372,10.474466854488124,61.170622928954,27.771644267360745,0.0,30.96,68.46666666666667,40.12017844678462,38.71657916299961,1.4035992837850142,20 to <30%
48313,"Madison County, Texas",13574.0,35.8,67128.0,149100.0,832.0,13.40160284951024,5.934389974198305,18.743866535819432,70.82125603864735,14.532720507769753,0.0,37.04,69.55833333333334,45.7492264623545,38.087520259319284,7.661706203035214,Under 20%
48315,"Marion County, Texas",9631.0,50.6,47447.0,110500.0,854.0,18.37849191346356,8.408862034239677,25.102513817079693,77.3625327303023,15.994926719278467,0.0,47.71,66.7,77.7697020039456,58.2494029695774,19.520299034368186,Under 20%
48317,"Martin County, Texas",5230.0,37.2,77083.0,162200.0,1175.0,8.113865220759102,6.304176516942475,7.884005437245129,66.94540088539105,17.78816199376947,0.0,10.63,66.19166666666666,61.185468451242826,61.5678776290631,-0.3824091778202677,Under 20%
48319,"Mason County, Texas",3951.0,46.5,68750.0,274600.0,751.0,6.418061897513953,2.2974607013301087,35.71132310244712,75.87096774193549,40.1294498381877,0.0,25.009999999999998,69.03333333333333,55.17590483421918,35.43406732472792,19.74183750949127,40% or more
48321,"Matagorda County, Texas",36274.0,37.5,55174.0,162200.0,998.0,21.77280071313165,6.9287469287469285,21.44560436648826,68.74662709120345,22.769563050340587,0.0,32.839999999999996,72.825,42.564922534046424,42.59249048905552,-0.027567955009097426,20 to <30%
48323,"Maverick County, Texas",57770.0,30.2,51270.0,151500.0,789.0,22.641805623386592,7.6086508753862,9.566590976404383,68.7117903930131,15.327175673244167,0.0,12.74,74.33333333333333,26.43240436212567,32.352432058161675,-5.920027696036005,Under 20%
48325,"Medina County, Texas",52419.0,39.6,73462.0,220000.0,1091.0,11.269828585128062,3.2433618608733816,11.534568276141309,82.66491218033069,22.158023167755868,0.0,22.82,71.97500000000001,68.41030923901639,55.724069516778265,12.68623972223812,20 to <30%
48327,"Menard County, Texas",1964.0,58.0,48191.0,105300.0,810.0,21.09375,14.404761904761905,36.36363636363637,76.11044417767107,22.902338376891333,0.0,24.310000000000002,67.71666666666667,54.989816700611,49.89816700610998,5.091649694501018,20 to <30%
48329,"Midland County, Texas",171496.0,32.6,93984.0,293000.0,1383.0,10.62622170933327,3.699829013678906,6.299168587996926,68.20317043709083,30.943329584429346,0.0,8.63,67.28333333333333,73.10957689975277,62.25218080888184,10.857396090870925,30 to <40%
48331,"Milam County, Texas",25268.0,41.6,59076.0,168900.0,948.0,15.783307748242708,5.390979450226848,13.228564027286073,77.43059010846851,19.516813956157467,1.0,29.939999999999998,70.30833333333334,61.46113661548203,47.41174608200095,14.049390533481082,Under 20%
48333,"Mills County, Texas",4499.0,52.2,64494.0,200200.0,713.0,7.697658242522606,3.8916256157635467,29.41851568477429,84.49864498644986,28.08695652173913,0.0,26.09,68.64166666666667,57.7906201378084,49.122027117137144,8.66859302067126,20 to <30%
48335,"Mitchell County, Texas",8989.0,36.9,56033.0,85700.0,481.0,13.21253802407089,4.721141374837873,30.72761698674601,79.53924248340492,13.919474116680362,0.0,15.58,67.14166666666667,43.27511402825676,36.71153632217154,6.563577706085216,Under 20%
48337,"Montague County, Texas",20599.0,44.0,62818.0,189400.0,957.0,13.50458534661276,5.292578496669838,21.051100552700476,78.77671333824613,17.840570676639658,0.0,32.49,66.24166666666666,65.77989222777805,51.9442691392786,13.835623088499442,Under 20%
48339,"Montgomery County, Texas",654722.0,37.2,97266.0,317500.0,1471.0,9.286515386624467,4.576446376047038,7.221011737542406,71.72511614870432,37.895104650756494,0.0,41.08,71.64999999999999,84.2128414808117,55.71066803925941,28.50217344155229,30 to <40%
48341,"Moore County, Texas",21234.0,30.6,61325.0,135400.0,894.0,15.346558203701061,2.154027736795515,11.50711592263715,61.95189003436426,12.045599489795919,0.0,21.23,59.65833333333333,43.32674013374776,53.31072807761138,-9.983987943863616,Under 20%
48343,"Morris County, Texas",12014.0,42.4,55082.0,110200.0,824.0,16.86634378451865,7.277882797731569,13.317274604267034,75.44660579595077,15.537751881524642,0.0,48.33,66.83333333333333,67.58781421674713,60.09655402030964,7.49126019643749,Under 20%
48345,"Motley County, Texas",1267.0,51.4,62857.0,81100.0,725.0,9.707971586424625,0.9554140127388535,36.193029490616624,76.89075630252101,22.03567681007345,0.0,26.91,63.80833333333334,51.302288871349646,37.88476716653512,13.417521704814522,20 to <30%
48347,"Nacogdoches County, Texas",64897.0,31.8,51528.0,158200.0,923.0,22.268520842746458,7.153665368146551,13.385066390757027,58.027395078442304,26.50526149220666,0.0,37.17,68.61666666666666,43.53051758941091,44.06983373653636,-0.539316147125445,20 to <30%
48349,"Navarro County, Texas",53735.0,37.4,59310.0,159900.0,1039.0,16.82831831373148,3.8448979591836734,15.172097292335934,68.03181129625622,17.071955935778742,0.0,35.16,68.85833333333333,60.575044198380944,46.48739183027822,14.087652368102725,Under 20%
48351,"Newton County, Texas",12193.0,45.8,41044.0,83100.0,877.0,22.39713476595036,10.536509781134999,24.179566563467493,81.54348713760719,6.230176710466697,0.0,37.74,69.75833333333334,51.58697613384729,51.01287624046584,0.5740998933814484,Under 20%
48353,"Nolan County, Texas",14565.0,36.5,50160.0,98300.0,866.0,18.82906944053978,5.683316244324008,18.165240566699396,66.14672608844704,13.720784641068448,0.0,21.540000000000003,66.58333333333333,37.761757638173705,42.36182629591487,-4.6000686577411605,Under 20%
48355,"Nueces County, Texas",352829.0,36.8,66021.0,194700.0,1224.0,17.665347572219698,5.58670451857109,14.590259227086586,59.87841247992659,23.684953541299475,0.0,22.98,75.23333333333333,37.4147249800895,40.66559154718008,-3.2508665670905734,20 to <30%
48357,"Ochiltree County, Texas",9852.0,33.3,64988.0,137200.0,905.0,15.537562775443272,1.1149401986620717,13.410138248847927,69.13251729643427,19.014084507042252,0.0,29.55,59.46666666666667,31.26268777913114,48.82257409663013,-17.559886317498986,Under 20%
48359,"Oldham County, Texas",2097.0,32.5,76402.0,144800.0,1125.0,17.664319248826292,0.7067137809187279,20.2275600505689,71.15689381933439,25.260625501202888,0.0,15.45,59.025,66.76204101096805,54.840247973295185,11.921793037672867,20 to <30%
48361,"Orange County, Texas",84993.0,37.9,73372.0,163400.0,1018.0,12.676240519270548,6.342603987201575,15.482603964862928,75.02119508901937,17.793870882275016,0.0,40.230000000000004,71.22500000000001,49.404068570352855,42.991775793300626,6.412292777052228,Under 20%
48363,"Palo Pinto County, Texas",28920.0,41.1,64972.0,167300.0,1024.0,16.997800202521038,7.619700083732968,27.701855152835545,69.17176513560405,18.676514923123303,0.0,27.310000000000002,68.0,70.95435684647303,55.636237897648684,15.318118948824344,Under 20%
48365,"Panola County, Texas",22624.0,40.5,62593.0,146000.0,810.0,11.876859280627423,2.5760649087221097,21.5566648178961,79.33066226726373,17.874708775563033,0.0,43.76,67.64166666666667,50.521570014144274,41.23939179632249,9.282178217821782,Under 20%
48367,"Parker County, Texas",158079.0,39.3,102099.0,343600.0,1440.0,7.773552478853911,3.9027687377960247,7.738236995202939,82.08049855264856,31.581848073833278,0.0,29.68,67.8,94.2123874771475,62.50672132288286,31.70566615426464,30 to <40%
48369,"Parmer County, Texas",9752.0,36.2,68164.0,127300.0,1015.0,9.638678952272492,2.4849865396562434,15.18784972022382,68.42601319509896,16.693679092382496,0.0,17.31,59.75833333333333,35.890073831009026,45.52912223133716,-9.639048400328138,Under 20%
48371,"Pecos County, Texas",14983.0,37.3,67689.0,142900.0,973.0,27.365160060370165,1.2427506213753108,12.728515291303605,72.68989819890368,13.417521704814522,0.0,7.32,68.45833333333333,31.368884736034172,37.575919375291996,-6.2070346392578255,Under 20%
48373,"Polk County, Texas",51780.0,43.9,59066.0,154000.0,1009.0,18.052983164422617,8.981187393110188,27.658994430813568,77.49663526244953,13.40729848950675,0.0,43.63,70.08333333333333,116.51216685979142,108.9803012746234,7.531865585168019,Under 20%
48375,"Potter County, Texas",116634.0,35.1,50448.0,134900.0,989.0,20.879659018772106,3.9928649835345773,13.778926587018908,56.532823454429575,17.33556597454789,0.0,18.65,60.39166666666666,60.4797914844728,66.58435790592794,-6.10456642145515,Under 20%
48377,"Presidio County, Texas",6043.0,42.0,29014.0,123100.0,445.0,36.303411725737,11.098441657164576,30.76923076923077,74.44444444444444,20.197175592859047,0.0,9.31,67.125,43.52142975343372,91.67631970875394,-48.15488995532021,20 to <30%
48379,"Rains County, Texas",12505.0,46.2,64874.0,214900.0,895.0,12.797810688989053,2.3979498444078344,19.375213383407306,82.91340249841203,25.159438775510203,0.0,45.5,66.60000000000001,73.81047580967613,57.97680927628949,15.833666533386646,20 to <30%
48381,"Randall County, Texas",143791.0,36.8,80905.0,227500.0,1119.0,9.51230946258861,2.9138300972159676,8.798272731733647,68.61257577387998,32.052277976065504,0.0,18.18,60.166666666666664,66.81920287083337,61.192981480064816,5.626221390768546,30 to <40%
48383,"Reagan County, Texas",3259.0,29.4,70288.0,163700.0,806.0,11.128236744759556,8.276797829036635,24.147933284989122,76.0038240917782,17.04863051984349,0.0,11.61,67.575,46.02638846271863,58.60693464252838,-12.580546179809758,Under 20%
48385,"Real County, Texas",2821.0,56.5,45417.0,112296.20385971307,877.0,20.49567269866247,6.967213114754099,44.177145981410604,75.61214495592556,19.14565105506948,0.0,19.07,69.20833333333333,76.56859269762495,66.99751861042184,9.571074087203119,Under 20%
48387,"Red River County, Texas",11621.0,49.1,46912.0,133800.0,902.0,20.895652934487885,1.9727177334732424,19.285483349498868,70.39855798117364,15.637426900584796,1.0,51.46,65.60833333333333,55.675070992169346,48.36072627140521,7.314344720764134,Under 20%
48389,"Reeves County, Texas",13219.0,34.4,56056.0,113700.0,988.0,21.866295264623954,4.016597510373444,19.01133255177804,79.03498190591074,6.871414913957935,0.0,5.62,67.95833333333333,54.84529843407217,54.39140630910054,0.4538921249716317,Under 20%
48391,"Refugio County, Texas",6693.0,43.9,58016.0,94400.0,842.0,17.258261933904528,5.720338983050848,28.72596153846154,77.99325463743676,13.802637175669927,0.0,21.76,73.65833333333333,44.07590019423278,35.11131032421933,8.964589870013446,Under 20%
48395,"Robertson County, Texas",16973.0,40.9,66250.0,172700.0,773.0,16.5017288661023,8.130411255411255,24.290220820189276,73.28703703703704,19.13058478523374,1.0,31.92,69.60000000000001,61.804041713309374,48.253107877216756,13.550933836092618,Under 20%
48397,"Rockwall County, Texas",116931.0,37.6,124917.0,386000.0,1899.0,4.301399613899614,4.042654782747095,4.617872833486216,82.56270088325361,43.972197497251166,0.0,35.45,67.3,111.85228895673517,78.79005567385894,33.06223328287623,40% or more
48399,"Runnels County, Texas",9880.0,41.8,63490.0,103700.0,894.0,10.408459465063238,4.253981559094719,23.832431348967727,74.65789473684211,19.06501095690285,0.0,20.99,67.83333333333333,49.59514170040486,48.178137651821864,1.417004048582996,Under 20%
48401,"Rusk County, Texas",52613.0,38.8,67506.0,166900.0,997.0,14.289920296103132,3.7749383546290067,15.500047041113934,80.01447419696042,17.860295740454646,0.0,41.49,67.63333333333333,57.93245015490468,48.94227662364815,8.990173531256534,Under 20%
48403,"Sabine County, Texas",9998.0,54.3,59924.0,131900.0,738.0,14.324789788268665,6.942977824709609,41.69602087410306,85.54486462295816,17.8285566744126,0.0,41.08,68.95833333333333,65.01300260052011,52.710542108421684,12.302460492098419,Under 20%
48405,"San Augustine County, Texas",7889.0,48.8,46338.0,83500.0,741.0,27.46764282912799,9.415363698164514,37.13273598666389,74.77626781571097,11.518505707367693,0.0,39.07,68.75833333333334,46.77398909874509,43.731778425655975,3.0422106730891114,Under 20%
48407,"San Jacinto County, Texas",27983.0,45.0,59526.0,183100.0,1018.0,17.71132834962622,7.085924498554787,27.659280734451578,84.1793893129771,15.821624923640806,0.0,43.81,70.525,80.7990565700604,61.85898581281492,18.940070757245472,Under 20%
48409,"San Patricio County, Texas",69519.0,37.1,67512.0,180400.0,1239.0,15.149128564136221,4.26569361921984,18.22127261801429,66.34552580013063,17.241227877563567,0.0,21.68,74.29166666666667,62.48651447805636,62.6303600454552,-0.1438455673988406,Under 20%
48411,"San Saba County, Texas",5802.0,40.1,54855.0,161800.0,894.0,14.46685878962536,2.8962188254223653,26.439606741573034,68.92601431980907,21.66828793774319,0.0,24.21,69.24166666666666,39.81385729058945,38.952085487762844,0.8617718028266115,20 to <30%
48413,"Schleicher County, Texas",2426.0,39.8,90141.0,113400.0,627.0,8.958938199917046,5.277525022747953,28.75968992248062,87.59521218715996,24.204946996466433,0.0,20.82,67.375,51.93734542456719,50.28854080791426,1.6488046166529267,20 to <30%
48415,"Scurry County, Texas",16633.0,36.4,62689.0,110800.0,913.0,9.786378138438064,2.079151132778893,13.993619489559165,77.0696341257798,17.883044156797943,0.0,17.14,66.11666666666666,34.81031684001683,40.221246918775925,-5.410930078759093,Under 20%
48417,"Shackelford County, Texas",3169.0,43.9,64659.0,176900.0,485.0,11.582641991065731,6.071428571428571,15.458015267175572,81.8660647103085,34.60490463215259,0.0,25.35,67.15,54.591353739349955,51.12022720100978,3.4711265383401706,30 to <40%
48419,"Shelby County, Texas",24108.0,40.0,50436.0,111700.0,832.0,23.538011695906434,4.086833411986786,20.407632263660016,74.99182739457339,13.732841891204881,0.0,41.519999999999996,67.95833333333333,38.03716608594657,40.401526464244235,-2.3643603782976603,Under 20%
48421,"Sherman County, Texas",2434.0,36.5,74167.0,125500.0,881.0,6.291666666666667,3.1666666666666665,24.619516562220234,74.46555819477435,25.629722921914357,0.0,21.1,58.30833333333334,31.22432210353328,59.983566146261296,-28.75924404272802,20 to <30%
48423,"Smith County, Texas",238014.0,37.4,71923.0,220800.0,1197.0,12.205992865225316,4.088454840601017,17.2105561861521,69.30591259640103,27.741017792961557,0.0,40.54,66.875,53.95060794743166,47.36696160730041,6.583646340131253,20 to <30%
48425,"Somervell County, Texas",9510.0,44.0,83382.0,253600.0,927.0,6.4975380004281735,3.9532978287587053,10.209226115452482,81.89219539584504,24.97420020639835,0.0,37.3,68.86666666666666,73.71188222923239,63.82754994742376,9.884332281808623,20 to <30%
48427,"Starr County, Texas",65809.0,29.1,38182.0,93300.0,715.0,33.49728031870068,10.80010366914732,18.758692628650905,71.59747485555317,13.2970175677516,0.0,20.11,77.08333333333333,19.419836192618032,23.689768876597427,-4.269932683979395,Under 20%
48429,"Stephens County, Texas",9278.0,41.6,54695.0,105700.0,802.0,13.502445683084973,5.901077375122429,23.75240950953095,78.59550561797752,18.203309692671393,0.0,23.39,67.05,37.184738090105625,35.24466479844794,1.9400732916576848,Under 20%
48431,"Sterling County, Texas",1389.0,31.4,78750.0,143200.0,968.0,2.7306273062730626,2.3214285714285716,20.866141732283463,83.33333333333333,24.52350698856417,0.0,13.870000000000001,67.16666666666667,52.55579553635709,76.31389488840892,-23.758099352051836,20 to <30%
48433,"Stonewall County, Texas",1244.0,46.5,61250.0,54700.0,620.0,8.706467661691542,2.8192371475953566,35.06139154160982,85.92436974789916,14.108910891089108,0.0,25.78,66.825,64.30868167202573,30.54662379421222,33.762057877813504,Under 20%
48435,"Sutton County, Texas",3306.0,34.9,75000.0,140600.0,770.0,11.587591240875913,4.464831804281346,28.96551724137931,66.99029126213593,15.477855477855478,0.0,18.68,68.25833333333334,50.51421657592257,43.254688445251055,7.259528130671506,Under 20%
48437,"Swisher County, Texas",6981.0,36.5,39031.0,89200.0,729.0,29.45907585554329,4.318100035984167,19.25608953258723,66.04158173664901,20.138423755302522,0.0,21.009999999999998,60.449999999999996,39.10614525139665,47.127918636298524,-8.021773384901877,20 to <30%
48439,"Tarrant County, Texas",2135743.0,35.1,81905.0,294100.0,1447.0,10.922474019902237,4.676052760171257,7.0770431249199754,59.35797526274398,34.54800143900141,0.0,32.22,68.48333333333333,50.09966086743583,49.112650726234385,0.987010141201446,30 to <40%
48441,"Taylor County, Texas",144259.0,33.0,66406.0,190300.0,1111.0,13.517169539710212,2.2763134825550817,11.677303064256833,59.76098547527119,29.009934522465567,0.0,23.81,66.85833333333333,54.72795458168988,55.289444679361424,-0.5614900976715491,20 to <30%
48445,"Terry County, Texas",11699.0,35.7,45905.0,111200.0,813.0,21.848045512938153,3.7825059101654848,10.946622185154295,64.78576445797238,10.965209151211589,0.0,17.83,62.55833333333334,50.8590477818617,37.78100692366869,13.078040858193008,Under 20%
48447,"Throckmorton County, Texas",1589.0,42.7,58864.0,84200.0,548.0,13.971050975456262,2.6525198938992043,28.541666666666668,73.17784256559767,24.97801231310466,0.0,23.43,67.075,59.156702328508494,64.19131529263687,-5.0346129641283826,20 to <30%
48449,"Titus County, Texas",31284.0,34.7,59220.0,157900.0,817.0,17.346905800613992,3.619169510807736,9.07514450867052,68.99464172191445,15.401512055578259,0.0,46.74,66.89166666666667,44.815241017772664,47.564250095895666,-2.7490090781230023,Under 20%
48451,"Tom Green County, Texas",119398.0,35.8,66254.0,186700.0,1125.0,11.718490262296804,3.0868729243139312,11.270669310285088,66.83516292792989,25.117170040227315,0.0,19.78,67.93333333333334,46.2068041340726,46.93545955543644,-0.728655421363842,20 to <30%
48453,"Travis County, Texas",1307625.0,35.5,97169.0,487600.0,1669.0,10.994906139237395,4.330566720873861,5.574315802219165,53.02934508300222,55.514768440093334,1.0,26.57,70.60000000000001,61.20791511327789,67.76789981837301,-6.559984705095115,40% or more
48455,"Trinity County, Texas",13850.0,49.8,51663.0,110100.0,823.0,16.111029519753266,7.112817699762297,26.97010047209781,77.6064975965523,15.894497678553789,0.0,43.54,69.49166666666666,77.68953068592057,60.21660649819495,17.47292418772563,Under 20%
48457,"Tyler County, Texas",20084.0,42.5,50647.0,138400.0,951.0,19.567773360954035,8.92906431134419,25.539530476892306,78.80672981761629,11.975925039326995,0.0,38.34,69.61666666666666,52.72854013144792,54.4214299940251,-1.6928898625771758,Under 20%
48459,"Upshur County, Texas",41864.0,40.3,62794.0,171200.0,1015.0,13.255000971062342,4.439351950543594,11.87800963081862,79.26749934946656,17.48857013227236,0.0,45.27,66.75833333333334,74.59870055417542,59.71717943818078,14.88152111599465,Under 20%
48461,"Upton County, Texas",3227.0,41.1,52321.0,106300.0,689.0,17.051565960139197,3.840877914951989,18.661755678330262,75.24528301886792,8.808988764044944,0.0,7.75,68.39999999999999,49.891540130151846,50.82119615742175,-0.9296560272699101,Under 20%
48463,"Uvalde County, Texas",24810.0,34.6,57849.0,144400.0,966.0,21.85077115464777,3.156238430211033,16.54776060245739,66.50439325575873,20.163786432808873,0.0,21.51,72.06666666666666,38.331318016928655,41.55582426440951,-3.2245062474808543,20 to <30%
48465,"Val Verde County, Texas",47647.0,32.3,59673.0,151500.0,956.0,18.278819088350172,4.816378633150039,10.332241962320863,66.85023344906021,21.332229466349304,0.0,14.05,71.34166666666667,43.738325602871114,49.27907318404097,-5.540747581169853,20 to <30%
48467,"Van Zandt County, Texas",61323.0,42.1,68274.0,199500.0,1010.0,11.492601400449201,3.9515777228442635,12.264664695814533,80.86011970738195,18.199732563867972,0.0,41.199999999999996,66.925,66.94062586631443,50.43784550657991,16.50278035973452,Under 20%
48469,"Victoria County, Texas",91281.0,36.6,70101.0,197600.0,1151.0,15.966743401202423,4.303344496949121,12.987410163616902,67.58830765625915,19.68702086527565,0.0,32.269999999999996,73.43333333333334,38.48555559207283,37.25857516898369,1.2269804230891423,Under 20%
48471,"Walker County, Texas",78292.0,37.1,49862.0,207900.0,986.0,17.932782333570092,7.395254154893204,15.00708836832512,57.136616362192214,21.432115729608,0.0,41.25,70.15833333333333,59.99335819751699,48.574567005568895,11.418791191948092,20 to <30%
48473,"Waller County, Texas",59455.0,30.8,76135.0,292000.0,1210.0,13.489034567134745,6.151075399161846,9.85159931815903,70.546688170847,26.573263280793928,0.0,35.910000000000004,72.3,74.98107812631402,69.19518963922295,5.785888487091078,20 to <30%
48475,"Ward County, Texas",11255.0,34.9,71719.0,138800.0,939.0,14.555256064690028,4.052044609665428,15.417558886509635,78.4349827387802,10.68670130599635,0.0,4.32,68.97500000000001,62.105730786317196,59.617947578853844,2.4877832074633495,Under 20%
48477,"Washington County, Texas",36156.0,40.9,75085.0,270100.0,1091.0,12.649749188551196,2.600802932448944,12.054573714812044,73.12299535249068,31.002236226875382,0.0,33.660000000000004,71.79166666666667,55.62009071799978,40.906073680716894,14.714017037282884,30 to <40%
48479,"Webb County, Texas",267731.0,29.8,62506.0,178900.0,997.0,21.04873441632036,5.543492784607162,8.25002594347781,63.893077967124114,20.9415563109472,0.0,18.64,75.08333333333333,14.682647881642394,22.328381845957324,-7.645733964314928,20 to <30%
48481,"Wharton County, Texas",41651.0,38.4,66100.0,182700.0,986.0,14.477991108505545,6.97876694806856,12.10532315057563,70.58098819867722,19.225469577199217,0.0,37.36,73.00833333333334,38.24638063912031,39.99903963890423,-1.7526589997839188,Under 20%
48483,"Wheeler County, Texas",4902.0,40.6,67964.0,97600.0,995.0,14.208446016226336,3.4410407049937053,28.747591522157997,78.47485127095727,19.513641755634637,0.0,25.05,61.6,45.083639330885354,44.67564259485924,0.4079967360261118,Under 20%
48485,"Wichita County, Texas",129842.0,35.0,62168.0,141600.0,972.0,15.878401245431164,3.4557199828614746,12.088603046852544,61.49586185756616,24.835628186192768,0.0,25.34,66.10833333333333,49.91451148318726,54.2890590101816,-4.374547526994347,20 to <30%
48487,"Wilbarger County, Texas",12712.0,39.5,51626.0,98800.0,862.0,18.84675239577361,9.841165875225151,18.99794801641587,62.634578847371756,17.411437832831673,0.0,23.58,65.78333333333333,45.46884833228446,46.33417243549402,-0.8653241032095658,Under 20%
48489,"Willacy County, Texas",20218.0,33.7,45645.0,60800.0,868.0,24.62998712998713,7.265149808515432,17.25999416399183,72.36818903191677,12.181916621548456,0.0,23.169999999999998,76.55833333333334,22.900385794836286,33.48501335443664,-10.584627559600357,Under 20%
48491,"Williamson County, Texas",643889.0,37.2,108309.0,414600.0,1720.0,6.3387268402603905,4.000044947481677,3.91335453100159,67.08265426838852,47.40231583342702,1.0,26.36,70.15833333333333,89.86952720111697,66.84847854210896,23.021048659007995,40% or more
48493,"Wilson County, Texas",51501.0,40.1,92461.0,286300.0,1069.0,9.79225573358467,3.8594794939972603,7.653564567215328,85.69018836097835,26.27216926427743,0.0,29.48,72.36666666666666,66.71715112327917,51.513562843439935,15.203588279839227,20 to <30%
48495,"Winkler County, Texas",7540.0,35.3,91898.0,121200.0,900.0,11.97371949584339,1.9425675675675675,13.337488314116547,86.51564185544768,10.006387055567384,0.0,4.32,67.69166666666666,56.10079575596817,53.713527851458885,2.387267904509284,Under 20%
48497,"Wise County, Texas",72359.0,40.0,89897.0,277200.0,1239.0,9.14290556285218,4.997135921005974,9.615384615384615,82.53935966803628,20.638971113606207,0.0,29.770000000000003,67.18333333333334,93.90677040865684,57.35292085296922,36.55384955568761,20 to <30%
48499,"Wood County, Texas",46094.0,48.4,62524.0,195100.0,851.0,12.631958855905442,5.715508937172214,18.17038667085822,79.86389330991713,22.260730471874165,0.0,44.71,66.58333333333333,72.15689677615308,55.25664945546058,16.900247320692497,20 to <30%
48501,"Yoakum County, Texas",7589.0,33.0,82261.0,183000.0,931.0,12.037650802068143,3.429101019462465,13.233830845771145,75.42048929663609,14.2,0.0,14.67,62.13333333333333,46.25115298458295,61.40466464619845,-15.153511661615497,Under 20%
48503,"Young County, Texas",17963.0,40.7,63723.0,165300.0,849.0,16.692111959287534,2.9018622186678855,9.2046783625731,72.74249645755506,23.582329317269075,0.0,24.490000000000002,66.89166666666667,47.931859934309415,43.36692089294661,4.564939041362801,20 to <30%
48505,"Zapata County, Texas",13855.0,31.5,36527.0,88800.0,569.0,37.43567122481988,8.035019455252918,25.82824059183017,74.63139635732871,13.280463242698893,0.0,21.39,76.70833333333333,17.971851317214004,24.106820642367378,-6.134969325153374,Under 20%
48507,"Zavala County, Texas",9532.0,32.5,41887.0,88100.0,544.0,36.30028508077289,7.408350305498982,13.66742596810934,70.97625329815304,9.551349456712233,0.0,15.709999999999999,73.64166666666667,28.850188837599664,38.711707931179184,-9.861519093579522,Under 20%
49001,"Beaver County, Utah",7172.0,34.4,85603.0,287600.0,1034.0,7.459004498621391,2.395209580838323,18.510928961748633,82.35540653813915,22.736555479918312,0.0,14.049999999999999,48.46666666666667,39.459007250418296,63.162297824874514,-23.70329057445622,20 to <30%
49003,"Box Elder County, Utah",59725.0,32.9,77865.0,357400.0,1028.0,8.620195307888212,3.2087633404952274,5.571992110453649,75.71279373368147,26.712386050012544,0.0,16.29,47.85,57.69778149853495,47.467559648388445,10.230221850146505,20 to <30%
49005,"Cache County, Utah",137031.0,25.9,78292.0,392800.0,1137.0,13.073984387925458,2.380885095800599,5.139261671140054,63.61844241384109,40.424480343425216,0.0,36.78,43.35,50.19302201691588,54.10454568674242,-3.9115236698265354,40% or more
49007,"Carbon County, Utah",20446.0,38.8,53673.0,200700.0,828.0,16.787631735931598,5.539948308798741,16.678782843493615,68.11666458930574,18.413386120863525,0.0,15.47,44.333333333333336,45.82803482343735,42.942384818546415,2.885650004890932,Under 20%
49009,"Daggett County, Utah",747.0,45.0,58750.0,242100.0,775.0,10.126582278481013,8.579881656804734,77.31601731601732,82.82442748091603,11.591355599214145,0.0,16.22,40.38333333333333,68.27309236947791,57.56358768406961,10.7095046854083,Under 20%
49011,"Davis County, Utah",366742.0,32.3,108058.0,470500.0,1516.0,5.97598827730873,2.5175596976142387,3.2947942756428095,77.40115457732354,38.68939608086298,0.0,31.55,49.525000000000006,57.84447922517737,58.0298956759793,-0.18541645080192615,30 to <40%
49013,"Duchesne County, Utah",19932.0,33.8,74738.0,253600.0,934.0,13.2989585460486,3.9273499233400164,24.924521972492453,79.29699136133452,17.00142869148668,0.0,17.69,41.1,49.267509532410195,45.70539835440498,3.562111178005218,Under 20%
49015,"Emery County, Utah",9968.0,39.1,69956.0,197100.0,696.0,11.268747466558573,3.5526014210405683,16.36984630397658,79.55075845974329,17.166169778754117,0.0,9.55,50.28333333333333,44.34189406099519,39.12520064205457,5.21669341894061,Under 20%
49017,"Garfield County, Utah",5170.0,41.0,61688.0,285800.0,781.0,11.11111111111111,5.092402464065708,43.52187238785177,73.50764676862359,32.01730665224446,0.0,13.33,48.550000000000004,60.928433268858804,48.74274661508704,12.18568665377176,30 to <40%
49019,"Grand County, Utah",9697.0,39.6,62521.0,480900.0,1021.0,16.991150442477878,2.9454811562385657,16.257266079129945,69.77160770264219,34.730278422273784,0.0,10.7,51.425000000000004,65.48417036196761,70.33103021553057,-4.8468598535629575,30 to <40%
49021,"Iron County, Utah",60201.0,29.9,65527.0,342900.0,1008.0,13.638124105413825,3.4237726098191215,13.87136347704171,67.42801912707294,30.306233301036436,1.0,17.84,48.475,70.66327801863757,62.573711400142855,8.08956661849471,30 to <40%
49023,"Juab County, Utah",12273.0,30.5,89803.0,369800.0,917.0,9.011315767737672,2.26768968456948,5.438066465256798,81.04366347177849,20.22889842632332,0.0,13.22,49.724999999999994,58.74684266275564,45.30269697710421,13.44414568565143,20 to <30%
49025,"Kane County, Utah",7996.0,43.7,75000.0,350900.0,1120.0,10.44238683127572,4.625068418171867,49.04214559386973,81.67293233082707,32.13913043478261,0.0,14.41,51.958333333333336,77.41370685342672,62.65632816408204,14.757378689344673,30 to <40%
49027,"Millard County, Utah",13179.0,33.4,70877.0,246400.0,897.0,8.77651398708884,6.668929238079077,14.488977955911823,78.41574876962737,23.0517848164907,0.0,10.56,50.43333333333334,41.96069504514758,37.25624098945292,4.704454055694666,20 to <30%
49029,"Morgan County, Utah",12585.0,32.5,126092.0,600900.0,1493.0,1.702195354756602,2.154648132059079,5.948343334202974,90.18030513176144,38.844593649461466,1.0,31.45,43.88333333333333,62.13746523639253,45.76877234803337,16.368692888359156,30 to <40%
49031,"Piute County, Utah",1705.0,47.1,44650.0,235400.0,792.0,11.097992916174734,6.994047619047619,36.43497757847533,92.5925925925926,19.01893287435456,0.0,19.53,43.90833333333333,48.68035190615836,28.73900293255132,19.941348973607038,Under 20%
49033,"Rich County, Utah",2588.0,37.2,76875.0,291200.0,743.0,9.453700116234018,2.7410207939508506,74.60366801367734,80.41615667074663,24.469413233458177,0.0,21.0,39.525,54.095826893353944,52.55023183925812,1.545595054095827,20 to <30%
49035,"Salt Lake County, Utah",1184689.0,33.8,94658.0,484500.0,1493.0,8.35852438747877,3.668083067189552,5.3563882716974955,66.99672819013465,38.63020561473271,0.0,26.73,49.38333333333333,37.02406285531477,45.43133261134357,-8.407269756028798,30 to <40%
49037,"San Juan County, Utah",14466.0,34.6,54890.0,189900.0,805.0,18.367346938775512,12.147975337443759,17.14183891660727,79.82795698924731,20.237828135517162,1.0,10.29,53.03333333333333,43.82690446564358,47.974561039679244,-4.14765657403567,20 to <30%
49039,"Sanpete County, Utah",29209.0,33.8,67459.0,300400.0,911.0,15.32161106101593,5.043758636573008,16.222945795824554,76.48605395518976,23.179255918827508,1.0,20.62,44.14166666666667,49.67646958129344,45.499674757780134,4.1767948235133,20 to <30%
49041,"Sevier County, Utah",21854.0,36.7,73765.0,274100.0,878.0,10.526806526806526,3.423351069169762,15.071797817346352,79.88637900716894,23.0596420030437,0.0,17.02,44.84166666666667,44.15667612336414,41.59421616180104,2.5624599615631007,20 to <30%
49043,"Summit County, Utah",42709.0,41.0,137058.0,1000400.0,1969.0,4.542036749847267,2.056840488179568,44.756925894833245,80.36886095185467,58.06974578317409,0.0,28.92,38.725,70.9452340256152,75.44077360743637,-4.495539581821162,40% or more
49045,"Tooele County, Utah",76648.0,32.0,101846.0,391300.0,1134.0,4.69196622627343,3.5859984890455805,4.50741569309802,82.63774403470715,23.201708047191406,0.0,11.69,50.14166666666667,71.75660160734787,53.63479803778311,18.121803569564765,20 to <30%
49047,"Uintah County, Utah",36458.0,33.0,69861.0,270200.0,914.0,11.107709435012524,5.76530612244898,13.321234119782215,72.04355108877722,16.834379615952734,0.0,11.3,44.89166666666667,44.57183608535849,41.36266388721268,3.2091721981458114,Under 20%
49049,"Utah County, Utah",683622.0,25.5,96877.0,489200.0,1441.0,8.722160923951499,3.5412372460283654,3.7903083007063176,68.13120520240079,43.83636655542941,1.0,22.51,46.89166666666667,52.48807089297887,46.21121028872681,6.276860604252057,40% or more
49051,"Wasatch County, Utah",35808.0,36.1,115146.0,724400.0,1905.0,5.147182979681432,2.4281955711466785,22.407095688204066,78.906967042136,47.7195525159654,1.0,29.0,41.15,76.0165326184093,67.8340035746202,8.182529043789097,40% or more
49053,"Washington County, Utah",189827.0,39.0,76411.0,465600.0,1464.0,9.880833102389733,3.317268132126484,15.29122833668806,72.59168484920943,33.287575022347085,0.0,20.89,55.35833333333333,64.88012769521723,48.29660691050272,16.583520784714505,30 to <40%
49055,"Wayne County, Utah",2557.0,43.1,70074.0,364800.0,1018.0,9.101654846335697,0.819672131147541,36.660828955049624,75.76036866359448,25.193370165745858,0.0,9.61,51.50833333333333,28.94016425498631,56.31599530700039,-27.375831052014078,20 to <30%
49057,"Weber County, Utah",266183.0,33.5,87083.0,389200.0,1269.0,7.4977770008892,2.999470891904646,6.330949845326842,74.55415633493227,28.04944025968621,0.0,33.39,46.23333333333333,55.98779786838378,52.63671985062908,3.3510780177547024,20 to <30%
50001,"Addison County, Vermont",37497.0,44.0,88478.0,333700.0,1201.0,7.350885368126748,3.7822654850113806,16.454540265966553,79.98360431752971,43.472296318878136,2.0,52.06,46.65833333333333,38.589753846974425,37.416326639464494,1.1734272075099341,40% or more
50003,"Bennington County, Vermont",37312.0,46.6,71494.0,257400.0,1063.0,11.351886481135189,4.158648706435749,29.894141878622406,75.66274938507789,41.15965700285831,1.0,57.9,46.30833333333334,39.156303602058316,36.9586192109777,2.1976843910806174,40% or more
50005,"Caledonia County, Vermont",30425.0,45.6,66075.0,215900.0,904.0,12.556008489707914,2.599924821450946,19.939069883113653,78.17038129999223,31.946575218843066,1.0,50.31,44.40833333333333,40.920295809367296,38.81676253081348,2.103533278553821,30 to <40%
50007,"Chittenden County, Vermont",168831.0,37.0,94310.0,404500.0,1590.0,10.439691700300504,3.709131792128008,4.838905775075988,63.55635052453757,55.798223238631365,1.0,48.06,47.50833333333333,40.146655531270916,43.11412003719696,-2.9674645059260443,40% or more
50009,"Essex County, Vermont",5972.0,51.4,58985.0,167500.0,915.0,14.256960751425696,5.5997109826589595,44.464794464794466,83.18065225357273,21.17750439367311,2.0,50.82,43.28333333333333,51.90890823844608,43.03415941058272,8.874748827863362,20 to <30%
50011,"Franklin County, Vermont",50379.0,40.9,79078.0,285500.0,1164.0,10.085178875638842,2.803205834314582,14.201312910284464,77.98010711553175,28.80141109275695,1.0,50.22,46.6,36.62240219138927,35.35203160046845,1.2703705909208203,20 to <30%
50013,"Grand Isle County, Vermont",7393.0,48.7,90625.0,363500.0,1436.0,7.565299769928272,3.4196630626100077,41.935483870967744,90.90318388564003,43.17700987306065,1.0,45.41,47.88333333333333,58.97470580278642,66.68470174489381,-7.7099959421073985,40% or more
50015,"Lamoille County, Vermont",26036.0,41.2,69897.0,285200.0,1123.0,8.05244920459915,3.5940660822656776,19.19649172443061,72.7328431372549,43.840599090665954,2.0,55.28,44.85833333333333,47.12705484713474,48.817022584114305,-1.6899677369795667,40% or more
50017,"Orange County, Vermont",29594.0,46.9,77328.0,251000.0,1145.0,9.390495867768594,2.809126594700687,14.852539777644632,81.47771696637999,36.52008514107151,2.0,52.12,45.775,48.99641819287694,46.63107386632426,2.3653443265526795,30 to <40%
50019,"Orleans County, Vermont",27492.0,45.4,66426.0,213300.0,897.0,10.848844190933654,5.194253768310806,29.098015634395672,79.94232889491985,28.563645368994553,2.0,53.519999999999996,44.05833333333333,39.17503273679616,37.93830932634948,1.2367234104466753,20 to <30%
50021,"Rutland County, Vermont",60484.0,47.7,64778.0,218400.0,965.0,12.026748796134017,4.126156827369617,25.095661388120327,72.68154668343288,33.534528670335526,2.0,51.74,46.11666666666667,33.38072878777859,29.941802790820713,3.4389259969578734,30 to <40%
50023,"Washington County, Vermont",59958.0,43.7,79853.0,293900.0,1094.0,9.356885611387412,2.9739318216874904,17.453013609850938,73.05880505613567,47.005374385133905,1.0,52.53,44.90833333333333,39.944627906201006,41.07875512859001,-1.1341272223890055,40% or more
50025,"Windham County, Vermont",45913.0,47.3,68021.0,265100.0,1056.0,11.95522421676164,4.294578706727629,34.69306404464523,72.76703967446592,42.35448961684703,2.0,59.47,47.21666666666667,38.81253675429617,38.529392546773245,0.2831442075229238,40% or more
50027,"Windsor County, Vermont",57968.0,47.8,75247.0,267400.0,1089.0,8.718253898797542,3.808919748965149,28.47036493831421,74.85224942708962,41.911597174755066,2.0,56.6,46.63333333333333,47.198454319624624,47.66422853988407,-0.4657742202594535,40% or more
51001,"Accomack County, Virginia",33326.0,47.5,57500.0,193100.0,973.0,14.865440818314662,3.8151282729436655,34.685116682650595,70.48664522444413,21.79476663112132,0.0,43.31,60.09166666666667,38.76852907639681,38.07837724299346,0.6901518334033487,20 to <30%
51003,"Albemarle County, Virginia",113683.0,39.8,102617.0,471000.0,1623.0,6.770709876835848,3.339763684591271,6.815550041356493,65.95064796733534,60.60038486209108,0.0,38.2,58.375,72.73734859213779,67.25719764608604,5.48015094605174,40% or more
51005,"Alleghany County, Virginia",14962.0,48.1,55160.0,122300.0,774.0,13.094587206123565,2.5212783041593063,20.515411824153613,80.57851239669421,15.560743467720211,0.0,34.68,54.14166666666667,41.7056543242882,39.366394866996394,2.339259457291806,Under 20%
51007,"Amelia County, Virginia",13342.0,44.8,66339.0,239700.0,972.0,11.095155317058424,5.266447882481637,8.405545927209705,81.15421002838221,16.783216783216783,0.0,47.65,59.09166666666667,54.0398740818468,46.16998950682056,7.869884575026233,Under 20%
51009,"Amherst County, Virginia",31385.0,43.3,67298.0,197200.0,842.0,10.781326781326781,3.839205058717254,11.18103629116845,78.40497559439459,22.976057283508617,0.0,44.55,56.85,47.85725665126653,41.51664808029313,6.340608570973395,20 to <30%
51011,"Appomattox County, Virginia",16424.0,43.3,62337.0,189200.0,883.0,12.28725358148647,4.199573774601981,11.070460704607045,77.58646960231601,20.50554552489038,0.0,50.17,57.98333333333333,48.161227471992206,37.50608865075499,10.655138821237214,20 to <30%
51013,"Arlington County, Virginia",235463.0,35.5,140160.0,864800.0,2275.0,7.123943637754795,3.264516900669116,7.632550974773491,41.845243432260375,77.10922662171602,0.0,37.9,58.49166666666667,97.44206096074542,104.67037283989417,-7.228311879148741,40% or more
51015,"Augusta County, Virginia",77713.0,44.9,79972.0,281400.0,1057.0,7.332876288798376,3.021879940837456,6.828823350562481,78.94530740112256,23.282409579922486,0.0,34.47,54.916666666666664,48.80779277598343,42.155109183791645,6.652683592191782,20 to <30%
51017,"Bath County, Virginia",4123.0,52.3,61709.0,206000.0,825.0,21.09355405066466,2.0184544405997693,46.61270983213429,75.40707467714768,15.55346503606146,0.0,35.26,53.23333333333334,43.17244724715013,37.35144312393888,5.821004123211254,Under 20%
51019,"Bedford County, Virginia",80254.0,47.1,77644.0,276600.0,955.0,8.083741984156921,3.1696010001041777,12.532434529064012,84.21310171875956,33.64661333515274,0.0,42.65,57.63333333333333,57.89119545443218,48.869838263513344,9.021357190918833,30 to <40%
51021,"Bland County, Virginia",6211.0,47.1,61375.0,157100.0,683.0,12.687559354226021,1.733615221987315,26.83307332293292,80.85287846481876,15.444400159426067,0.0,40.46,52.791666666666664,37.35308323941394,26.243761069071002,11.10932217034294,Under 20%
51023,"Botetourt County, Virginia",33875.0,48.1,80467.0,268900.0,951.0,6.088230019726224,2.6303088803088803,12.691538974017321,85.80694391453643,27.519980913754026,0.0,37.71,56.25,55.291512915129154,51.21771217712177,4.07380073800738,20 to <30%
51025,"Brunswick County, Virginia",15868.0,44.4,52978.0,132700.0,864.0,15.271079935700715,6.332948643969994,19.47069943289225,72.53521126760563,15.616164975885582,0.0,49.230000000000004,60.00833333333333,38.253087975800355,37.74892866145702,0.5041593143433325,Under 20%
51027,"Buchanan County, Virginia",19857.0,47.3,42216.0,91400.0,712.0,23.939151321056844,3.6248752909876956,28.90715667311412,82.13848455992382,10.845915474385178,0.0,39.2,55.85,21.906632421815985,27.8491212166994,-5.942488794883417,Under 20%
51029,"Buckingham County, Virginia",16914.0,43.7,59199.0,167800.0,874.0,13.734339215950424,4.8678920160827115,16.189686160652563,76.42692180798416,13.491189427312776,0.0,50.91,58.550000000000004,42.98214496866501,33.286035237081705,9.696109731583304,Under 20%
51031,"Campbell County, Virginia",55398.0,43.2,62608.0,199200.0,853.0,10.104025493571664,4.679617902758399,12.944052359736624,75.52989130434783,25.721057884231538,0.0,45.49,57.75,63.7026607458753,53.17881511967941,10.523845626195891,20 to <30%
51033,"Caroline County, Virginia",31541.0,39.4,86267.0,283100.0,1201.0,11.556260743091366,4.55364353606262,7.980776806113606,81.74657534246575,23.207659535480325,0.0,36.7,58.791666666666664,77.13769379537744,58.2416537205542,18.896040074823247,20 to <30%
51035,"Carroll County, Virginia",29158.0,49.0,52575.0,144200.0,687.0,16.214159720540934,5.0344827586206895,24.94442775608291,77.83558792924038,16.6802906448683,0.0,47.96,54.31666666666666,46.02510460251046,31.037794087385965,14.987310515124495,Under 20%
51036,"Charles City County, Virginia",6686.0,52.6,70339.0,224100.0,1076.0,11.419984973703983,4.910456383593298,9.850107066381156,85.74821852731591,16.010648412245676,0.0,43.56,60.80833333333334,49.65599760693988,37.541130720909365,12.114866886030512,Under 20%
51037,"Charlotte County, Virginia",11475.0,45.2,48892.0,144000.0,682.0,24.577326926499378,2.3363502420543045,22.635191695965176,71.13178965591864,18.712074303405572,0.0,46.0,58.10833333333333,39.04139433551198,34.248366013071895,4.793028322440088,Under 20%
51041,"Chesterfield County, Virginia",371610.0,38.9,98910.0,336700.0,1542.0,6.8497412720246285,4.611338663603525,3.911006368711949,77.30371689684371,42.66314718229233,0.0,43.22,59.775,57.90748365221603,52.72463066117704,5.182852991038993,40% or more
51043,"Clarke County, Virginia",15060.0,48.3,114185.0,538900.0,1360.0,6.854593388764957,3.4832336885885105,12.766285890707008,82.07396920898955,37.28050427735254,0.0,30.65,55.875,72.37715803452855,57.17131474103586,15.205843293492697,30 to <40%
51045,"Craig County, Virginia",4881.0,46.1,67778.0,210500.0,728.0,14.0305573488272,2.3371456986573844,26.90863579474343,83.04794520547945,17.309941520467838,0.0,36.57,54.541666666666664,29.911903298504406,31.141159598442943,-1.2292562999385372,Under 20%
51047,"Culpeper County, Virginia",53563.0,39.3,96098.0,386400.0,1417.0,8.153074995180258,2.891692954784437,4.8389574478979975,74.5157124408093,26.40533778148457,0.0,33.68,57.525,57.633067602636146,49.045049754494705,8.58801784814144,20 to <30%
51049,"Cumberland County, Virginia",9745.0,45.2,57057.0,220100.0,847.0,7.685194698448577,2.899980272243046,11.075612353567625,75.44910179640719,18.169342665019897,0.0,49.35,58.675000000000004,66.3930220625962,53.25808106721396,13.134940995382248,Under 20%
51051,"Dickenson County, Virginia",13920.0,45.9,43831.0,101100.0,733.0,20.181304800118887,2.716933445661331,22.23884657236126,74.6020640195907,10.720154664088932,0.0,37.07,55.583333333333336,31.60919540229885,31.82471264367816,-0.21551724137931033,Under 20%
51053,"Dinwiddie County, Virginia",28083.0,43.4,83898.0,246100.0,1242.0,10.688167324850081,4.829485278542681,12.34868863483524,78.2487772130047,20.459804066361443,0.0,47.5,59.94166666666666,57.47249225510095,43.47826086956522,13.994231385535734,20 to <30%
51057,"Essex County, Virginia",10604.0,47.1,56481.0,228600.0,967.0,15.487062404870624,6.300089047195013,24.01037165082109,68.94904458598727,17.518437055246473,0.0,41.949999999999996,59.225,48.3779705771407,42.90833647680121,5.469634100339494,Under 20%
51059,"Fairfax County, Virginia",1144474.0,38.9,150113.0,699700.0,2230.0,5.93589417810153,4.007335536300996,3.6626419393396086,68.34608385050271,64.26699270240324,0.0,36.21,58.35,56.18301507941639,64.4322195174377,-8.249204438021309,40% or more
51061,"Fauquier County, Virginia",73935.0,40.8,129495.0,543700.0,1561.0,6.148154193530836,2.3507911075505707,7.689604273564349,78.13142465544811,39.676384323143246,0.0,33.68,57.10833333333333,62.27091364035977,53.88516940555893,8.385744234800839,30 to <40%
51063,"Floyd County, Virginia",15560.0,48.0,61401.0,215500.0,826.0,8.287007110536523,3.3133634918694215,16.322678077019884,83.95247405624906,23.033419023136247,0.0,44.68,53.73333333333333,41.45244215938303,30.334190231362467,11.118251928020566,20 to <30%
51065,"Fluvanna County, Virginia",27764.0,43.3,91959.0,281700.0,1173.0,7.742551566080978,3.7839378607567875,9.515402948186072,88.4108867427568,35.59843673668784,0.0,45.22,58.61666666666667,61.51851318253854,58.52903039907794,2.9894827834605966,30 to <40%
51067,"Franklin County, Virginia",54958.0,48.5,68348.0,222800.0,797.0,11.533579721506701,2.6486637192814753,20.674569573807506,79.71001601138587,24.327021430531648,0.0,43.6,57.64166666666667,43.41497143273045,34.935769132792316,8.479202299938134,20 to <30%
51069,"Frederick County, Virginia",93355.0,40.6,95603.0,355000.0,1402.0,7.081957895197079,4.132438703204365,6.223885080700221,78.0214339798474,30.308990058847932,0.0,31.47,54.833333333333336,68.07348294146001,53.644689625622625,14.428793315837394,30 to <40%
51071,"Giles County, Virginia",16610.0,45.8,64819.0,143500.0,780.0,8.911552236993868,2.273936170212766,18.602693602693602,78.87427980499335,18.01927988794595,0.0,33.92,54.01666666666667,45.57495484647802,36.002408187838654,9.572546658639373,Under 20%
51073,"Gloucester County, Virginia",39228.0,44.6,83689.0,289200.0,1144.0,6.7916601836004356,3.3183810786012846,12.165775401069519,79.8358811461849,25.856557092223227,0.0,44.84,60.69166666666666,55.1136942999898,49.37799530947282,5.735698990516978,20 to <30%
51075,"Goochland County, Virginia",25613.0,49.4,118695.0,483700.0,1567.0,3.8561454781620395,2.6072262010139213,8.247044808943462,86.347747927694,46.99248120300752,0.0,45.35,58.625,99.63690313512669,56.33857806582595,43.298325069300745,40% or more
51077,"Grayson County, Virginia",15323.0,48.5,42864.0,132300.0,712.0,18.040878754171302,3.8793806030969846,30.788974444816425,81.90906159303451,13.943169212390135,0.0,44.35,52.40833333333333,41.31044834562422,32.76120864060562,8.5492397050186,Under 20%
51079,"Greene County, Virginia",20850.0,40.8,85268.0,315300.0,1502.0,11.727140783744558,3.059377262853005,8.921376769886036,79.57532861476238,28.50171821305842,0.0,36.5,56.96666666666667,61.29496402877698,50.743405275779374,10.551558752997602,20 to <30%
51081,"Greensville County, Virginia",11304.0,39.9,56759.0,159200.0,960.0,13.543441226575808,6.68398677373642,22.93120638085743,68.95213454075032,13.781826676010278,0.0,49.4,60.40833333333333,38.9242745930644,38.305024769992926,0.6192498230714791,Under 20%
51083,"Halifax County, Virginia",33811.0,46.7,49244.0,148900.0,769.0,17.947080291970803,3.9813966598548376,21.33816591876654,70.56242229210854,18.192933121408487,0.0,43.57,58.68333333333334,32.977433379669336,28.274821803555056,4.702611576114283,Under 20%
51085,"Hanover County, Virginia",111652.0,42.3,109504.0,372700.0,1496.0,5.17627487363235,2.6762445706648847,4.481276856967464,82.80967342664,42.36427298028704,0.0,40.839999999999996,59.166666666666664,53.639881059004765,46.17024325583062,7.469637803174148,40% or more
51087,"Henrico County, Virginia",334434.0,39.4,86397.0,333600.0,1474.0,8.437701216139008,3.8757245234185542,5.1516465683668615,64.61847063768907,45.74147975842421,0.0,41.78,59.975,60.05669280037317,61.37533863183767,-1.3186458314645042,40% or more
51089,"Henry County, Virginia",50365.0,47.9,48445.0,120300.0,705.0,14.799004632907808,4.052471304755212,19.422283356258596,76.09130371165196,15.671500715655297,0.0,48.36,58.36666666666667,41.8147523081505,35.322148317283826,6.492603990866673,Under 20%
51091,"Highland County, Virginia",2265.0,57.1,62946.0,195700.0,859.0,10.305174701459531,16.042267050912585,45.4594888526373,88.13559322033899,35.47257876312719,0.0,36.11,50.56666666666666,27.814569536423843,26.931567328918323,0.8830022075055187,30 to <40%
51093,"Isle of Wight County, Virginia",39444.0,44.2,96118.0,333600.0,1313.0,7.3863055697496165,4.5810336176618165,8.32590479586379,81.3237391417088,29.944141978363856,0.0,46.03,61.38333333333333,68.7557042896258,59.93306966839063,8.822634621235169,20 to <30%
51095,"James City County, Virginia",80046.0,47.2,107046.0,419200.0,1491.0,6.464689836330572,3.54426193363466,8.863372093023257,78.84915951644285,50.18457089393553,0.0,45.33,61.0,72.00859505784175,65.17502436099242,6.8335706968493115,40% or more
51097,"King and Queen County, Virginia",6676.0,49.0,72851.0,240900.0,982.0,18.47630473905219,4.922724670864339,19.253945480631277,77.39872068230277,19.46360153256705,0.0,42.55,59.51666666666667,56.470940683043736,43.888556021569805,12.582384661473936,Under 20%
51099,"King George County, Virginia",27468.0,38.3,110517.0,395900.0,1426.0,6.503705342329388,3.7718556119571347,6.290322580645161,76.10610509263947,35.83148318622408,0.0,33.24,59.39166666666667,73.06684141546526,63.382845492937236,9.683995922528032,30 to <40%
51101,"King William County, Virginia",18232.0,40.5,85212.0,276500.0,1246.0,7.896915181281386,3.5304767652383826,6.443129520052597,88.79831342234715,24.26239799121155,0.0,41.35,59.59166666666667,63.07591048705573,46.07283896445809,17.00307152259763,20 to <30%
51103,"Lancaster County, Virginia",10876.0,59.1,67169.0,307600.0,978.0,13.104097974564295,10.004506534474988,26.92770279299746,79.80980248719824,37.39586899463654,0.0,43.41,59.65,60.867966164030896,40.54799558661273,20.319970577418168,30 to <40%
51105,"Lee County, Virginia",22042.0,45.4,42269.0,98700.0,725.0,27.587053681056922,9.254498714652957,22.206871143041354,73.90480700923514,12.671645386653818,0.0,44.7,56.949999999999996,28.309590781235823,26.812448961074313,1.4971418201615099,Under 20%
51107,"Loudoun County, Virginia",427082.0,37.8,178707.0,701000.0,2317.0,3.9591772367903855,3.2340652650715946,2.7492334465898733,77.9155393650185,64.0137463955213,0.0,32.35,57.199999999999996,55.66144206498986,57.520569820315536,-1.859127755325675,40% or more
51109,"Louisa County, Virginia",39012.0,44.8,80343.0,275600.0,1208.0,10.08238928939238,5.739104237798755,15.71452318944977,81.22411412793373,27.653699626017964,0.0,41.379999999999995,57.89166666666667,68.69681123756793,49.95898697836563,18.737824259202295,20 to <30%
51111,"Lunenburg County, Virginia",11990.0,44.8,54460.0,145500.0,780.0,15.923913043478262,3.64381198792583,20.90462476706759,71.92118226600985,11.192350956130484,0.0,48.03,58.99166666666667,39.366138448707254,39.866555462885735,-0.5004170141784821,Under 20%
51113,"Madison County, Virginia",13931.0,46.2,82972.0,331400.0,1048.0,7.04707768546859,4.211267605633803,11.751227495908347,79.56231454005935,27.611351990540008,0.0,35.800000000000004,56.425000000000004,49.099131433493646,40.48524872586318,8.613882707630465,20 to <30%
51115,"Mathews County, Virginia",8517.0,53.8,75487.0,348800.0,1108.0,7.880080578267568,5.951405951405952,31.33430550492162,85.61189275285373,30.10555300596604,0.0,45.01,60.64166666666667,47.43454267934719,43.3251144769285,4.109428202418692,30 to <40%
51117,"Mecklenburg County, Virginia",30431.0,48.8,51691.0,169400.0,804.0,17.36604260813428,2.9914529914529915,30.176188490408673,71.9298245614035,21.170124117363272,0.0,44.769999999999996,59.63333333333333,46.76152607538366,39.17058262955539,7.590943445828267,20 to <30%
51119,"Middlesex County, Virginia",10774.0,55.5,74154.0,299800.0,1071.0,9.547051932838734,4.410810810810811,33.71148459383753,85.69617578702726,31.60804611222209,0.0,43.66,59.94166666666667,52.533877854093184,45.75830703545573,6.77557081863746,30 to <40%
51121,"Montgomery County, Virginia",99159.0,30.2,70769.0,283600.0,1206.0,23.760465798560176,3.3218247563790886,13.01948897676952,54.7357817647219,48.395364981043414,0.0,36.32,55.56666666666666,45.52284714448512,50.02067386722335,-4.497826722738228,40% or more
51125,"Nelson County, Virginia",14777.0,51.3,68525.0,283000.0,950.0,14.371013706065952,3.331385154880187,34.95526289333468,79.19629057187016,33.70150862068966,0.0,43.43,57.11666666666667,50.483860052784735,44.39331393381607,6.090546118968668,30 to <40%
51127,"New Kent County, Virginia",24139.0,43.4,120125.0,371500.0,1653.0,5.220200646148614,2.6855621672408394,4.855186940494997,92.10759353553243,35.4726507713885,0.0,42.93,60.15,99.63130204233812,60.64874269853764,38.98255934380049,30 to <40%
51131,"Northampton County, Virginia",12115.0,51.6,55933.0,279100.0,780.0,17.06061117676853,4.17298937784522,28.40665236051502,65.21168977144998,32.54587407977145,0.0,44.730000000000004,60.69166666666666,47.13165497317375,44.40775897647544,2.723895996698308,30 to <40%
51133,"Northumberland County, Virginia",12085.0,59.5,69500.0,333100.0,1053.0,10.326993660326993,3.7450722733245727,39.66033966033966,89.29359823399558,33.88455866863282,0.0,41.95,59.708333333333336,59.90897807199007,46.00744724865536,13.901530823334712,30 to <40%
51135,"Nottoway County, Virginia",15597.0,41.2,62161.0,179800.0,1009.0,18.941099571501198,5.269022604266158,17.82133772257968,69.2461762563729,16.778523489932887,0.0,49.86,59.21666666666667,42.50817464897096,40.200038468936334,2.308136180034622,Under 20%
51137,"Orange County, Virginia",37208.0,42.0,94175.0,337300.0,1145.0,10.061108686163248,3.691330302864341,7.725699905630702,77.80050453398786,29.44913670677928,0.0,36.33,57.71666666666667,75.81702859600087,64.1797462911202,11.63728230488067,20 to <30%
51139,"Page County, Virginia",23750.0,45.4,59396.0,221800.0,851.0,9.502339430029775,5.027595722662987,19.944435090082507,72.83626038489852,15.221890089675787,0.0,34.69,55.041666666666664,35.242105263157896,32.96842105263158,2.2736842105263158,Under 20%
51141,"Patrick County, Virginia",17606.0,51.0,50938.0,146500.0,721.0,10.821981604377692,2.0429682351390537,22.07675394763142,77.18353212774144,15.229905997230926,0.0,51.61,56.675000000000004,36.63523798704987,36.351243894127,0.2839940929228672,Under 20%
51143,"Pittsylvania County, Virginia",60148.0,48.3,54115.0,153000.0,856.0,15.000936281769743,4.9919303381751305,16.40762861408986,78.74396135265701,15.41391060332732,0.0,44.989999999999995,58.14166666666667,37.208219724679125,35.79503890403671,1.4131808206424155,Under 20%
51145,"Powhatan County, Virginia",31074.0,45.3,110667.0,381300.0,1107.0,3.2621951219512195,3.080082135523614,5.827210539650367,93.14859653842704,34.22575976845152,0.0,46.44,58.98333333333333,58.28023427946193,38.19913754264015,20.08109673682178,30 to <40%
51147,"Prince Edward County, Virginia",21932.0,32.4,55082.0,203700.0,898.0,21.632846801946126,2.2581022581022583,17.56624141315015,59.94708994708995,24.20278637770898,0.0,49.56,58.416666666666664,51.61407988327558,44.31880357468539,7.2952763085901875,20 to <30%
51149,"Prince George County, Virginia",42873.0,33.4,88225.0,268300.0,1563.0,8.04225115967138,5.61378989051945,5.400178518298126,73.92671803742726,23.982458047914175,0.0,44.099999999999994,60.666666666666664,86.04483007953723,86.7912205817181,-0.7463905021808598,20 to <30%
51153,"Prince William County, Virginia",484625.0,36.0,128873.0,500600.0,2002.0,6.125055124660108,4.460046217698389,3.5237370207667733,74.38182770731329,44.47757374112227,0.0,32.94,58.61666666666667,60.888315708021665,66.657725045138,-5.769409337116327,40% or more
51155,"Pulaski County, Virginia",33771.0,46.9,60767.0,182500.0,815.0,14.61453133666112,3.578554418484907,15.570162568225834,72.15348255248158,21.440075421298662,0.0,35.69,54.949999999999996,39.56056971958189,38.08000947558556,1.4805602439963281,20 to <30%
51157,"Rappahannock County, Virginia",7409.0,50.1,98125.0,490200.0,1384.0,9.456903539583896,7.26063829787234,25.64968814968815,77.87486892694862,35.6400774784293,0.0,34.05,55.666666666666664,53.04359562694021,45.485220677554324,7.558374949385882,30 to <40%
51159,"Richmond County, Virginia",9047.0,46.1,64184.0,214200.0,1011.0,9.339991901741126,2.854594112399643,25.966153068956807,70.52200614124872,17.355130637863084,0.0,43.37,59.225,39.57112855090085,38.907925279098045,0.6632032718028076,Under 20%
51161,"Roanoke County, Virginia",96793.0,43.7,82931.0,267300.0,1148.0,7.264830508474576,2.9298092507168683,7.147759816335708,76.26366903724096,37.38384154139077,0.0,38.48,56.99166666666667,61.50238137055366,59.36379696878907,2.1385844017645903,30 to <40%
51163,"Rockbridge County, Virginia",22578.0,49.7,63975.0,238700.0,956.0,8.015370705244123,3.29422806194275,15.581087052585064,78.43383584589614,31.455122926714505,0.0,38.11,55.40833333333333,52.794755957126405,46.50544778102578,6.289308176100629,30 to <40%
51165,"Rockingham County, Virginia",84739.0,40.3,78468.0,287900.0,1125.0,9.564038633777928,2.748482680636005,11.212079235351156,75.17785821268097,28.398890439516894,0.0,33.03,54.93333333333334,52.089356730667106,40.6896470338333,11.399709696833808,20 to <30%
51167,"Russell County, Virginia",25635.0,46.5,49020.0,119600.0,682.0,18.120831853518013,4.372683959767072,18.02380206702161,75.79751671442216,14.100273281479925,0.0,41.0,55.25,28.63272869124244,25.590013653208505,3.042715038033938,Under 20%
51169,"Scott County, Virginia",21504.0,47.6,45136.0,122300.0,665.0,18.004924919125102,2.936096718480138,23.989470108695652,78.32644397274048,14.248576380292151,0.0,41.980000000000004,56.949999999999996,36.87686011904762,27.529761904761905,9.347098214285714,Under 20%
51171,"Shenandoah County, Virginia",44630.0,42.9,64437.0,265800.0,968.0,12.32442229270503,3.9007258253336454,16.590834466907452,72.41592621752334,21.370371535533394,0.0,32.27,54.975,47.56889984315483,44.31996414967511,3.248935693479722,20 to <30%
51173,"Smyth County, Virginia",29585.0,46.2,46859.0,125800.0,692.0,16.5441686312578,3.0388749696920714,16.909814323607428,70.86991221069434,18.058243479863606,0.0,43.63,53.56666666666666,33.63190806151766,27.581544701706946,6.0503633598107145,Under 20%
51175,"Southampton County, Virginia",17988.0,46.9,68465.0,208800.0,930.0,8.651630896083423,6.23939907923431,11.409827630563417,74.80760853782489,18.593984962406015,0.0,46.93,61.01666666666667,48.64354013786969,40.52701801200801,8.116522125861685,Under 20%
51177,"Spotsylvania County, Virginia",143876.0,38.3,109576.0,375000.0,1733.0,6.977411208349948,5.241522436110631,5.0555349870418365,79.64670787108346,33.79213279657246,0.0,35.72,57.80833333333334,73.61894965108844,61.72676471405933,11.892184937029109,30 to <40%
51179,"Stafford County, Virginia",160520.0,36.3,133792.0,458800.0,1925.0,5.068333131195782,3.8400554949955406,4.743427892469924,80.82792492545167,43.30813566194573,0.0,31.1,58.75833333333333,82.83079990032395,75.67904310989285,7.151756790431099,40% or more
51181,"Surry County, Virginia",6552.0,50.7,71458.0,235200.0,858.0,11.591536338546458,4.961948249619483,19.866201279813847,80.21778584392014,25.401341190814875,0.0,46.44,61.074999999999996,57.69230769230769,53.724053724053725,3.9682539682539684,20 to <30%
51183,"Sussex County, Virginia",10793.0,41.0,62821.0,178500.0,952.0,12.10762331838565,4.4046038069942455,20.69777397260274,69.28475033738192,15.808600847970927,0.0,47.489999999999995,60.650000000000006,52.44139720189011,45.0291855832484,7.412211618641712,Under 20%
51185,"Tazewell County, Virginia",39933.0,45.0,45788.0,116100.0,738.0,19.27188145205551,4.770306032435367,19.455665522116742,73.04871167951852,16.390041493775932,0.0,44.769999999999996,53.00833333333333,31.552851025467657,30.551173215135353,1.0016778103323065,Under 20%
51187,"Warren County, Virginia",41104.0,40.5,84331.0,315800.0,1199.0,11.317087756017342,4.80160053351117,9.32333490788852,76.18024353714918,24.534140136147975,0.0,33.88,55.26666666666667,62.47567146749708,53.27948618139354,9.196185286103542,20 to <30%
51191,"Washington County, Virginia",53913.0,46.9,62774.0,201800.0,832.0,10.963632549535633,3.7145650048875853,13.279749068810037,75.82059860746902,26.52757448708725,0.0,42.49,55.75833333333333,42.735518335095435,38.65486988295958,4.080648452135849,20 to <30%
51193,"Westmoreland County, Virginia",18683.0,48.0,59766.0,244000.0,991.0,13.807644482889117,7.545454545454546,28.946902654867255,79.06339519242745,19.709265401171407,0.0,40.86,59.44166666666666,71.29475994219344,53.096397794786704,18.198362147406733,Under 20%
51195,"Wise County, Virginia",35727.0,42.1,50740.0,116500.0,770.0,17.73833888260989,8.435916002896452,15.631190347559878,74.13020277481323,15.607339165440893,0.0,39.07,54.5,34.67965404316063,32.80432166148851,1.8753323816721248,Under 20%
51197,"Wythe County, Virginia",28219.0,45.9,55359.0,172100.0,718.0,15.61524943513969,3.866646369310397,11.558219178082192,76.5811552113585,19.71926101008152,0.0,39.62,53.916666666666664,40.221127609057724,33.91332081221872,6.307806796839009,Under 20%
51199,"York County, Virginia",70590.0,39.8,108326.0,411200.0,1777.0,5.3610820852200165,4.29364552531531,6.259969515437241,71.18169786349026,50.02293386706697,0.0,45.79,61.30833333333334,98.38504037399065,98.13004674883128,0.254993625159371,40% or more
51510,"Alexandria city, Virginia",156788.0,37.5,113638.0,696800.0,2031.0,8.407333604183998,3.351328399854422,6.480079434032518,42.03639066211894,65.75447269303201,0.0,37.58,59.06666666666666,113.61201112330025,125.85784626374468,-12.245835140444422,40% or more
51520,"Bristol city, Virginia",17024.0,42.6,44706.0,168700.0,775.0,18.26819648619577,4.387331256490135,15.333949618673445,63.14999317592466,23.920157068062828,0.0,42.74,57.35833333333333,73.54323308270676,69.49013157894737,4.0531015037593985,20 to <30%
51530,"Buena Vista city, Virginia",6612.0,36.2,54458.0,153500.0,1067.0,21.979645436638215,2.2342586323628977,11.311141304347826,57.181156644963615,24.731182795698924,0.0,37.87,56.56666666666666,64.5795523290986,72.89776164549305,-8.318209316394434,20 to <30%
51540,"Charlottesville city, Virginia",45863.0,32.9,69829.0,448400.0,1453.0,22.617798605768108,4.675159741239036,8.627487360267175,43.72810802578811,60.55131117076193,0.0,38.0,58.90833333333333,75.8781588644441,94.10636024682206,-18.22820138237795,40% or more
51550,"Chesapeake city, Virginia",251153.0,37.7,94189.0,359100.0,1523.0,8.691176291780994,4.92731186957258,3.7876183630738463,73.77572785049966,36.42057796798747,0.0,44.57,61.875,72.66088798461496,73.19044566459489,-0.5295576799799325,30 to <40%
51570,"Colonial Heights city, Virginia",18210.0,38.5,76250.0,231700.0,1162.0,9.570095534325706,3.6830601092896176,7.149889244400689,68.07157057654075,29.49112426035503,0.0,42.38,60.291666666666664,87.64415156507414,79.79132344865458,7.85282811641955,20 to <30%
51580,"Covington city, Virginia",5671.0,41.5,42724.0,80200.0,822.0,23.5810205908684,2.3640661938534278,17.93943383805135,71.44003208985158,9.599790740256344,0.0,32.3,55.675000000000004,56.4274378416505,62.951860342091344,-6.524422500440839,Under 20%
51590,"Danville city, Virginia",42239.0,40.8,42778.0,110200.0,808.0,24.96804012193923,4.939813763343175,16.48213725402304,49.03928724774581,18.30123490575719,0.0,43.59,59.15,50.07220814886716,44.390255451123366,5.6819526977437915,Under 20%
51595,"Emporia city, Virginia",5633.0,39.5,49375.0,131100.0,1060.0,13.537604456824512,3.3673017279574657,21.423512747875353,38.39567372690401,15.152346966785617,0.0,49.77,60.425000000000004,73.1404225102077,75.27072607846618,-2.1303035682584768,Under 20%
51600,"Fairfax city, Virginia",24478.0,37.3,132774.0,677400.0,2122.0,9.912117627175935,4.464939247547943,1.7065579049050124,69.33828346800611,62.34982441007948,0.0,37.41,57.916666666666664,108.95497998202468,100.8252308195114,8.129749162513278,40% or more
51610,"Falls Church city, Virginia",14593.0,39.4,154734.0,1005400.0,2205.0,3.6437525830004134,6.323015777429845,4.827044025157233,50.206509169007106,79.72574911122398,0.0,37.95,57.916666666666664,111.76591516480504,109.71013499623108,2.055780168573974,40% or more
51620,"Franklin city, Virginia",8212.0,40.5,65125.0,227200.0,995.0,16.683266932270918,4.689581667998934,13.061329227610983,53.39433293978748,26.431639226914818,0.0,45.68,61.19166666666666,81.70969313200195,71.96785192401364,9.74184120798831,20 to <30%
51630,"Fredericksburg city, Virginia",28383.0,31.0,85368.0,461500.0,1521.0,16.385975656434205,4.608678930837767,7.027949301267468,41.56252730927204,46.78909952606635,0.0,32.87,58.44166666666666,127.43543670506993,129.9369340802593,-2.501497375189374,40% or more
51640,"Galax city, Virginia",6698.0,41.9,41438.0,126800.0,692.0,23.378441437237516,5.468489496498833,15.063803299097417,61.63429827775742,18.28776333482743,0.0,45.77,54.30833333333334,69.87160346372052,71.96177963571215,-2.090176171991639,Under 20%
51650,"Hampton city, Virginia",137334.0,36.5,67758.0,234100.0,1346.0,13.037336479145221,6.313751768297223,7.62043421915748,55.6252164877035,27.479447638493365,0.0,45.33,61.800000000000004,83.01658729811992,86.73744302212125,-3.72085572400134,20 to <30%
51660,"Harrisonburg city, Virginia",51492.0,25.4,59752.0,278200.0,1120.0,25.589454372494394,7.068700573441775,7.092312640720489,39.939991921989495,36.74367015987149,0.0,31.66,56.15,54.66868639788705,68.45723607550687,-13.788549677619825,30 to <40%
51670,"Hopewell city, Virginia",22944.0,36.4,48681.0,165100.0,1085.0,23.78019270535439,9.339364810102724,9.737396971439525,55.53196007644935,12.479914301017676,0.0,42.33,60.541666666666664,87.29951185495119,78.66980474198047,8.629707112970712,Under 20%
51680,"Lynchburg city, Virginia",79255.0,28.4,59808.0,211800.0,1043.0,17.387568449260165,5.036816543944854,15.648798847363933,49.06752187401959,38.53511765762529,0.0,44.72,57.925000000000004,63.39032237713709,67.78121254179547,-4.390890164658381,30 to <40%
51683,"Manassas city, Virginia",42674.0,34.7,117919.0,434700.0,1835.0,6.711123723041998,3.307160535973372,2.6687924580618327,72.17434655651307,33.247674544862285,0.0,33.7,58.541666666666664,80.04874162253363,91.34367530580681,-11.294933683273188,30 to <40%
51685,"Manassas Park city, Virginia",16923.0,35.3,100668.0,381200.0,2175.0,5.800450290318758,3.4058470321882073,6.515837104072398,67.5701839303001,25.478618715333692,0.0,34.12,58.458333333333336,101.81409915499616,119.12781421733735,-17.313715062341192,20 to <30%
51690,"Martinsville city, Virginia",13584.0,40.2,42434.0,92500.0,784.0,21.84100418410042,4.426768113435933,20.082491821931445,56.664886990567716,21.2481426448737,0.0,50.230000000000004,58.36666666666667,64.48763250883393,67.21142520612486,-2.7237926972909303,20 to <30%
51700,"Newport News city, Virginia",184774.0,34.2,66718.0,243300.0,1285.0,15.14079755291154,5.892642274611168,7.394013439218082,48.09097865379034,29.095909075803398,0.0,45.84,61.699999999999996,74.85360494441859,83.53447995930163,-8.680875014883046,20 to <30%
51710,"Norfolk city, Virginia",235037.0,32.4,64017.0,271900.0,1246.0,17.29129947496431,6.094010932352646,7.884574125724093,45.691690398805804,32.66339600276579,0.0,45.79,62.34166666666667,80.13631896254633,89.96030412232967,-9.823985159783353,30 to <40%
51720,"Norton city, Virginia",3620.0,41.1,38497.0,100700.0,670.0,25.72951739618406,5.415860735009671,11.155606407322654,52.285898261429494,16.64735419080726,0.0,37.91,54.44166666666666,66.57458563535911,79.2817679558011,-12.707182320441989,Under 20%
51730,"Petersburg city, Virginia",33365.0,35.8,50741.0,157900.0,1132.0,21.08048914035408,11.380175658720201,17.59680461555531,38.25232260670526,25.011999825457085,0.0,43.11,60.30833333333333,109.0663869324142,101.3637044807433,7.7026824516709125,20 to <30%
51735,"Poquoson city, Virginia",12556.0,41.4,120919.0,403000.0,1634.0,5.776749381632491,1.8024957633646588,5.824064711830132,85.18359458879107,40.065961560332084,0.0,45.49,61.69166666666666,75.97961134119146,66.50207072316024,9.47754061803122,40% or more
51740,"Portsmouth city, Virginia",97299.0,35.8,58972.0,229400.0,1266.0,17.587210841141285,6.629039149108408,8.222885295954478,56.8501436564343,23.19837257670295,0.0,45.31,62.4,78.86000883873422,83.64936946936761,-4.789360630633408,20 to <30%
51750,"Radford city, Virginia",16505.0,23.0,52791.0,211700.0,966.0,33.671566067298365,7.6167360147942675,14.821124361158432,42.67272727272727,39.75121687398594,0.0,34.12,55.65833333333333,73.61405634656165,62.2841563162678,11.32990003029385,30 to <40%
51760,"Richmond city, Virginia",227595.0,34.5,62671.0,328100.0,1314.0,18.838028978048186,5.983554421377719,9.484439245711044,43.4539135542611,44.071692603982235,0.0,41.57,59.916666666666664,78.67044530855247,81.72411520463982,-3.053669896087348,40% or more
51770,"Roanoke city, Virginia",98677.0,38.0,52671.0,180500.0,964.0,19.672435679123193,5.494393058852419,11.244405387177864,51.698174031177324,28.89210716871832,0.0,37.79,58.50833333333333,60.05452131702423,61.463157574713456,-1.4086362576892284,20 to <30%
51775,"Salem city, Virginia",25477.0,40.3,66716.0,244800.0,1046.0,10.859178177395535,3.4161490683229814,8.615717375630858,63.5207100591716,31.144215163459307,0.0,37.59,58.449999999999996,71.9864976253091,69.35667464772148,2.629822977587628,30 to <40%
51790,"Staunton city, Virginia",25765.0,41.0,62586.0,239300.0,993.0,12.558830814961604,5.013560635412631,8.063471502590673,59.49277914758718,35.069933860999676,0.0,31.81,56.425000000000004,77.1589365418203,72.15214438191344,5.00679215990685,30 to <40%
51800,"Suffolk city, Virginia",96638.0,38.7,90089.0,329600.0,1484.0,9.874660538959683,5.281162235783516,6.350407303725,70.36059569655023,32.42446238998276,0.0,44.42,61.53333333333333,85.26666528694716,72.84918975972185,12.417475527225315,30 to <40%
51810,"Virginia Beach city, Virginia",457066.0,37.4,90685.0,366300.0,1649.0,8.365626525059442,4.30489426500236,5.732590938165194,64.92157953281423,40.41547797304752,0.0,44.34,62.19166666666666,61.490025510538956,66.90937413852704,-5.4193486279880805,40% or more
51820,"Waynesboro city, Virginia",22574.0,38.9,56364.0,236600.0,972.0,11.703557666457568,3.8246594481313307,7.455507455507456,59.57380457380457,26.269122697471122,0.0,33.730000000000004,56.85,88.68609905200674,75.35217506866306,13.33392398334367,20 to <30%
51830,"Williamsburg city, Virginia",15564.0,24.0,70206.0,393200.0,1361.0,14.131647452584604,7.083452824777746,13.767990289578638,52.58395334807963,48.47966302487824,0.0,46.18,61.05833333333334,113.59547674119763,99.39604214854793,14.199434592649704,40% or more
51840,"Winchester city, Virginia",27981.0,36.7,64648.0,325900.0,1298.0,19.30197042500093,5.863280194542016,9.728905999358357,41.856952465570856,31.639635756236867,0.0,30.98,55.24166666666667,88.63157142346593,92.84871877345341,-4.217147349987491,30 to <40%
53001,"Adams County, Washington",20690.0,29.2,65042.0,251300.0,901.0,20.488923587391433,4.05544735937679,7.93395675043834,69.05253134423107,15.425344158136252,0.0,10.76,51.083333333333336,33.68777187046882,44.36926051232479,-10.68148864185597,Under 20%
53003,"Asotin County, Washington",22424.0,45.5,69107.0,286200.0,994.0,14.935386555000225,5.755326327966837,7.151992129857354,73.59610086882815,24.327456841334715,0.0,13.36,50.21666666666667,50.08027113806636,49.63432037103104,0.4459507670353193,20 to <30%
53005,"Benton County, Washington",210224.0,36.2,87316.0,369400.0,1256.0,11.057445080426957,5.004837277958968,6.230438184663536,68.49509752790237,32.97526635947393,0.0,7.28,53.625,52.567737270720755,47.47792830504605,5.089808965674709,30 to <40%
53007,"Chelan County, Washington",79518.0,40.4,78306.0,454900.0,1182.0,9.011816482020885,3.9857057151055115,19.156022974638727,63.32846715328467,30.22025793363281,0.0,29.259999999999998,44.375,53.88717020045776,52.2648959983903,1.6222742020674563,30 to <40%
53009,"Clallam County, Washington",77593.0,51.8,67999.0,385600.0,1110.0,10.77628562070095,5.976616011978718,10.231100665883275,72.76085755010618,30.690862256860736,0.0,71.65,48.6,43.75394687665124,36.42081115564548,7.33313572100576,30 to <40%
53011,"Clark County, Washington",510516.0,38.9,94948.0,487900.0,1668.0,8.402251445651595,5.196657287390255,3.842099505752956,66.20869034630043,32.96043438790407,0.0,62.42,52.85,48.18849947895854,44.34532903963833,3.8431704393202173,30 to <40%
53013,"Columbia County, Washington",3996.0,52.1,71528.0,256100.0,944.0,9.026548672566372,3.4009873834339,14.697926059513074,77.85412262156449,27.219890216338392,0.0,19.92,49.050000000000004,56.05605605605606,47.7977977977978,8.258258258258259,20 to <30%
53015,"Cowlitz County, Washington",111539.0,41.1,72932.0,367400.0,1169.0,12.999154245596166,5.147968601042575,5.394037137128411,66.15218042341449,17.006680600612924,0.0,71.78999999999999,50.78333333333333,47.16735850240723,40.954285048279075,6.2130734541281525,Under 20%
53017,"Douglas County, Washington",43733.0,38.4,80374.0,402900.0,1234.0,7.911058023613728,4.046902089606716,11.359404096834265,68.41100076394194,21.863000548546353,0.0,11.93,49.15,61.829739555941735,61.34955296915373,0.4801865867880091,20 to <30%
53019,"Ferry County, Washington",7326.0,52.8,54650.0,274500.0,703.0,15.593547497587206,10.058097312999275,23.556638246041413,75.62141491395793,18.31184884336924,0.0,19.7,44.574999999999996,55.55555555555556,51.733551733551735,3.822003822003822,Under 20%
53021,"Franklin County, Washington",97676.0,30.8,82755.0,345700.0,1171.0,13.022680066298806,5.345297640770238,4.493571241144057,70.07692836046432,20.415928738010486,0.0,8.51,53.13333333333333,53.44199189155985,54.762684794627134,-1.3206929030672836,20 to <30%
53023,"Garfield County, Washington",2326.0,52.6,62411.0,214200.0,768.0,10.776614310645725,7.510288065843621,13.982011447260835,76.90114068441065,26.769406392694062,0.0,14.8,49.98333333333333,30.954428202923474,24.935511607910577,6.0189165950128976,20 to <30%
53025,"Grant County, Washington",100428.0,33.5,71115.0,275700.0,1059.0,14.959696062074094,6.334157150161922,12.644318411991089,65.64546982783607,18.16451305876849,1.0,8.77,51.90833333333333,43.3146134544151,40.92484167761979,2.389771776795316,Under 20%
53027,"Grays Harbor County, Washington",76397.0,44.7,63539.0,279500.0,1018.0,14.115947559213934,6.608548931383577,18.01028221395756,72.61023280635048,17.6211139086802,0.0,78.12,50.958333333333336,44.517454873882485,37.95960574368103,6.557849130201448,Under 20%
53029,"Island County, Washington",86747.0,44.5,88358.0,535300.0,1631.0,6.981082751081325,4.659693365811721,16.20123590735412,74.64606377888485,35.73504594037127,0.0,22.47,51.85,77.05165596504779,76.34846161826923,0.703194346778563,30 to <40%
53031,"Jefferson County, Washington",33313.0,59.5,71143.0,495100.0,1291.0,12.573188582581118,7.670099875156055,16.545276098972053,79.69175538499628,43.259899412056384,0.0,95.86,46.78333333333333,57.635157446042086,45.477741422267584,12.157416023774502,40% or more
53033,"King County, Washington",2262713.0,37.3,122148.0,811200.0,2035.0,8.376461817010373,4.559868101848552,6.122752521930934,56.087676772466985,55.929892999150184,0.0,57.620000000000005,48.86666666666667,40.77096830221066,46.51760961288506,-5.7466413106743985,40% or more
53035,"Kitsap County, Washington",276581.0,39.9,98546.0,505700.0,1741.0,8.295728066487849,4.812376253182061,6.9930373106504,70.14935113365155,36.52506821976948,0.0,40.29,52.699999999999996,58.80013449947755,54.649451697694346,4.150682801783203,30 to <40%
53037,"Kittitas County, Washington",44736.0,37.9,69928.0,459900.0,1253.0,14.31473740746795,5.1236519554766335,19.423661925511798,62.348859752053464,35.254133078289385,0.0,23.919999999999998,46.50833333333333,60.35407725321888,52.91040772532189,7.443669527896995,30 to <40%
53039,"Klickitat County, Washington",23082.0,47.5,70400.0,388700.0,1119.0,13.696548730193184,4.811616209547309,8.841634023503078,75.53713934929405,31.194398209263618,1.0,19.009999999999998,49.791666666666664,59.00701845593969,49.90902001559657,9.097998440343124,30 to <40%
53041,"Lewis County, Washington",83925.0,42.4,69690.0,341500.0,1044.0,12.987985268369258,5.917964582888842,10.33104864444876,74.16290152874915,20.150599392259657,0.0,62.769999999999996,48.59166666666667,51.36729222520107,43.0384271671135,8.328865058087578,20 to <30%
53043,"Lincoln County, Washington",11271.0,46.9,71227.0,272300.0,872.0,10.412186379928315,5.490438001233806,20.222602739726028,78.51470272590684,23.6956252323708,0.0,12.83,48.225,59.44459231656464,45.958654955194746,13.485937361369887,20 to <30%
53045,"Mason County, Washington",66968.0,44.8,78359.0,377400.0,1205.0,12.60681797298539,6.6061758060466955,24.822968208349383,81.11772356441887,22.006446250836188,1.0,82.11,50.25,56.86297933341297,47.873611277027834,8.989368056385139,20 to <30%
53047,"Okanogan County, Washington",42811.0,43.4,60293.0,284200.0,868.0,18.516240448534457,4.796875,21.835112423347717,71.71664342166434,23.984323971260615,1.0,20.54,44.15,40.36345798976898,37.77066641750952,2.592791572259466,20 to <30%
53049,"Pacific County, Washington",23750.0,54.9,62350.0,274000.0,962.0,11.560126312195955,4.773074961754207,33.6806411837238,81.21223389420842,23.356346255974508,0.0,72.24,51.26666666666667,58.44210526315789,47.705263157894734,10.736842105263158,20 to <30%
53051,"Pend Oreille County, Washington",13811.0,50.0,63750.0,307800.0,786.0,13.601996623357557,6.709796672828096,27.463912394225982,77.2345170698233,20.282552855166962,0.0,30.73,44.34166666666667,67.55484758525813,57.05596987908189,10.498877706176236,20 to <30%
53053,"Pierce County, Washington",924106.0,36.8,96632.0,484400.0,1722.0,8.869018822932915,5.040549941022196,5.205770093069545,64.79371690298464,30.14781679117299,0.0,51.96,48.00833333333333,53.237399172822165,52.61084767331886,0.6265514995033037,30 to <40%
53055,"San Juan County, Washington",18266.0,56.7,83682.0,726500.0,1413.0,10.483156028368795,3.050964983242806,35.96157981506702,77.80389523169913,53.40796184672452,0.0,22.14,51.550000000000004,50.25730866090003,47.5747290047082,2.682579656191832,40% or more
53057,"Skagit County, Washington",130407.0,41.9,85474.0,486200.0,1439.0,11.575395190072234,4.861213340530284,8.772489021107805,70.64327031328855,29.134936253957388,0.0,59.2,47.425000000000004,46.74595688881732,44.238422784053,2.5075341047643147,20 to <30%
53059,"Skamania County, Washington",12276.0,48.6,90085.0,472600.0,1024.0,8.27790096082779,5.712409717662508,15.833192066451941,80.5840886203424,28.1541066892464,1.0,82.55,46.416666666666664,55.88139459107201,47.40957966764418,8.471814923427827,20 to <30%
53061,"Snohomish County, Washington",834648.0,38.4,107982.0,644600.0,1866.0,7.88036461370417,4.352770260136504,4.900379087080236,68.39060370400064,36.84268811067288,0.0,68.8,47.75833333333333,45.491033345793674,44.42591367858067,1.0651196672130048,30 to <40%
53063,"Spokane County, Washington",544323.0,38.2,73513.0,370500.0,1200.0,12.248615440315437,5.731358891523968,5.380967408264521,63.89042009644292,32.099950417211325,3.0,16.96,48.975,36.48385241850886,35.897803326333815,0.5860490921750505,30 to <40%
53065,"Stevens County, Washington",47470.0,46.8,67405.0,308000.0,864.0,12.915576542658414,5.260955966949064,15.918855472383399,79.2024442922615,21.7801929559456,0.0,21.27,46.75833333333333,53.29681904360649,45.18643353697072,8.11038550663577,20 to <30%
53067,"Thurston County, Washington",296640.0,39.8,93985.0,451500.0,1634.0,9.666860286329312,5.234886219357359,4.995418906537585,67.75680196634008,37.175424490375065,0.0,43.24,52.1,64.15183387270766,58.81202804746494,5.339805825242719,30 to <40%
53069,"Wahkiakum County, Washington",4573.0,54.8,57091.0,344500.0,1086.0,15.716486902927581,2.643171806167401,8.20117806977798,84.79763079960513,22.273117663899228,0.0,66.16,51.224999999999994,63.19702602230483,41.3295429696042,21.867483052700635,20 to <30%
53071,"Walla Walla County, Washington",62102.0,38.3,72212.0,375600.0,1113.0,11.717038222098564,5.692828645187246,7.252468377017328,65.9427105600684,30.08780487804878,0.0,11.899999999999999,53.25,39.338507616501886,40.433480403207625,-1.0949727867057422,30 to <40%
53073,"Whatcom County, Washington",228432.0,38.2,80989.0,536100.0,1465.0,12.70469774608521,5.069464228854888,9.33698296836983,63.52923353280454,38.08601417052248,0.0,53.17,45.925000000000004,41.01877145058486,36.78556419415844,4.23320725642642,30 to <40%
53075,"Whitman County, Washington",47042.0,26.1,52893.0,323300.0,1002.0,23.690609346885182,6.48592863096892,15.44837980406933,46.59647950089126,50.15806544319908,1.0,13.88,51.074999999999996,59.75511245270184,62.1359636069895,-2.380851154287658,40% or more
53077,"Yakima County, Washington",256605.0,33.2,68015.0,281100.0,1068.0,15.423602366789163,7.099004891212683,5.409887939594313,62.42083770720622,18.86505410566518,0.0,21.47,47.65,21.55842637516806,26.273845014711327,-4.715418639543267,Under 20%
54001,"Barbour County, West Virginia",15454.0,42.4,48347.0,126000.0,803.0,20.795952782462056,10.32480778283383,17.66933108960875,79.30505876341338,12.245674082525195,0.0,43.67,53.574999999999996,40.96026918597127,37.20719554807817,3.753073637893102,Under 20%
54003,"Berkeley County, West Virginia",126165.0,38.7,77329.0,248000.0,1238.0,11.374700750333393,4.754130281742881,5.954942773894993,75.3968896808683,24.348660755096443,0.0,31.08,55.05833333333334,62.767011453255655,44.402171759204215,18.36483969405144,20 to <30%
54005,"Boone County, West Virginia",21312.0,45.0,56152.0,90300.0,823.0,17.309885931558934,8.771929824561404,22.35664404445756,79.11071700025336,11.934640522875817,1.0,40.27,56.333333333333336,26.980105105105107,28.99774774774775,-2.0176426426426426,Under 20%
54007,"Braxton County, West Virginia",12345.0,46.7,44449.0,106400.0,578.0,18.813630626840556,12.8022104536035,24.60974832749283,79.25206000422565,11.861096039066739,0.0,41.83,55.175000000000004,23.167274200081003,23.086269744835967,0.08100445524503848,Under 20%
54009,"Brooke County, West Virginia",22053.0,46.6,52116.0,127700.0,603.0,12.114882506527415,5.999414691249634,11.80373831775701,73.3707746105754,21.901927964788296,0.0,37.82,53.00833333333333,37.27384029383757,40.130594476941916,-2.8567541831043397,20 to <30%
54011,"Cabell County, West Virginia",93300.0,39.3,52828.0,156100.0,877.0,19.82384305608675,5.774796710616989,15.072476347539276,63.50605549593745,32.44834910214327,0.0,35.28,57.1,41.61843515541265,42.58306538049303,-0.9646302250803859,30 to <40%
54013,"Calhoun County, West Virginia",6158.0,48.1,41421.0,111200.0,483.0,33.37139129016474,10.889645114244045,25.25789309159112,82.35048097030531,10.101665585117889,1.0,38.09,55.35,20.29879831113998,28.255927249106854,-7.957128937966872,Under 20%
54015,"Clay County, West Virginia",7946.0,45.3,42790.0,107100.0,589.0,24.901135348896542,11.7624810892587,24.96831432192649,78.95270270270271,11.774400292986632,1.0,42.53,55.708333333333336,32.72086584445004,28.69368235590234,4.027183488547697,Under 20%
54017,"Doddridge County, West Virginia",7767.0,45.3,61164.0,160000.0,827.0,14.517583408476105,4.6932618169627895,25.646551724137932,88.48861283643892,12.69977659391648,0.0,42.68,54.78333333333333,28.196214754731557,31.80121024848719,-3.604995493755633,Under 20%
54019,"Fayette County, West Virginia",39987.0,44.5,52672.0,104200.0,777.0,18.79128819157721,7.1387338849336155,15.809553674088011,75.69681544478242,16.092072667217177,0.0,45.72,53.90833333333333,32.53557406157001,32.310500912796655,0.22507314877335133,Under 20%
54021,"Gilmer County, West Virginia",7376.0,40.7,50991.0,83300.0,764.0,12.91296960543704,8.108108108108109,28.543938422065427,76.43626570915619,19.872754491017965,0.0,39.36,55.40833333333333,22.36984815618221,32.67353579175705,-10.303687635574837,Under 20%
54023,"Grant County, West Virginia",10972.0,46.9,61530.0,167500.0,612.0,13.421706710853355,4.911402157164869,24.31095406360424,80.90569561157797,17.943026267110618,0.0,31.94,52.458333333333336,30.71454611738972,29.16514764855997,1.5493984688297484,Under 20%
54025,"Greenbrier County, West Virginia",32688.0,46.5,48662.0,136300.0,834.0,20.7059634176898,4.185775642425566,17.743107979645472,73.95649218218898,22.0714197045558,0.0,42.53,51.75833333333333,33.16201664219285,35.36465981399902,-2.202643171806167,20 to <30%
54027,"Hampshire County, West Virginia",23340.0,48.1,60299.0,204600.0,732.0,14.188592618753312,7.201440288057611,33.59828312534775,82.30787646636342,16.25270593596901,0.0,30.53,54.21666666666667,45.201371036846616,31.23393316195373,13.967437874892887,Under 20%
54029,"Hancock County, West Virginia",28658.0,46.8,61017.0,119600.0,766.0,14.955959653359852,8.211612528159291,9.333239555493037,74.64897990846328,20.171653691023355,0.0,38.16,52.30833333333334,40.96587340358713,35.69683857910531,5.26903482448182,20 to <30%
54031,"Hardy County, West Virginia",14236.0,47.3,49302.0,159700.0,820.0,17.649142695196257,5.663867937953608,28.08811001582086,79.53968522592655,15.661861074705111,0.0,30.65,53.458333333333336,42.35740376510255,33.08513627423434,9.272267490868222,Under 20%
54033,"Harrison County, West Virginia",65407.0,42.3,58326.0,158500.0,848.0,13.565342015484555,4.253704253704254,14.791891803386056,73.63566487317448,25.892742315771425,1.0,42.07,54.574999999999996,35.928876114177385,32.36656626966533,3.5623098445120553,20 to <30%
54035,"Jackson County, West Virginia",27753.0,43.3,55671.0,154600.0,720.0,17.530604090232117,4.338132837900604,12.148734668529732,77.14058496067862,19.41737769475438,0.0,37.55,55.699999999999996,33.726083666630636,31.528123085792526,2.1979605808381075,Under 20%
54037,"Jefferson County, West Virginia",58546.0,41.0,95523.0,324500.0,1103.0,8.806152770494668,4.123302606799484,9.466139396935244,79.24287924287924,33.72484039183196,0.0,29.560000000000002,55.76666666666667,67.82700782290848,51.10511392750999,16.72189389539849,30 to <40%
54039,"Kanawha County, West Virginia",178198.0,43.7,58887.0,135000.0,879.0,16.116521490789662,5.497475460989422,15.026330928884365,70.16769523214332,29.274426955162433,1.0,40.02,56.574999999999996,29.629962176904343,32.15524304425414,-2.5252808673498017,20 to <30%
54041,"Lewis County, West Virginia",16808.0,43.2,52279.0,135800.0,737.0,19.38861475508485,9.432327025855843,15.241817293600391,70.69164265129683,17.45952261725922,0.0,42.07,54.96666666666667,32.42503569728701,32.30604474059972,0.11899095668729176,Under 20%
54043,"Lincoln County, West Virginia",20170.0,44.0,48593.0,103400.0,727.0,20.62908907901359,6.120701954629761,18.474063250182652,74.72794776597107,8.393804074797655,0.0,38.54,57.475,28.458106098165594,34.45711452652454,-5.999008428358949,Under 20%
54045,"Logan County, West Virginia",31826.0,44.1,47237.0,101500.0,704.0,21.399482870071104,9.824217007227626,16.277184925030394,76.73443046143917,13.839850050128591,0.0,39.37,56.94166666666666,21.617545403129515,20.80060328033683,0.8169421227926852,Under 20%
54047,"McDowell County, West Virginia",18413.0,43.6,29980.0,49200.0,686.0,30.93970003060912,14.919263133954969,30.87420042643923,75.6631708821715,5.748537589369539,0.0,40.68,55.03333333333333,17.379025688372344,22.59273339488405,-5.213707706511704,Under 20%
54049,"Marion County, West Virginia",56042.0,40.4,67537.0,164300.0,901.0,13.571546248329641,5.280816921954777,12.624129665563292,75.81537121706945,25.839272802396447,0.0,40.97,53.75,37.48973983797866,34.74180079226294,2.747939045715713,20 to <30%
54051,"Marshall County, West Virginia",30129.0,46.2,60329.0,139800.0,823.0,15.016738402678145,4.0178893457404605,15.248371335504887,79.00552486187846,19.07815631262525,0.0,44.510000000000005,53.09166666666667,28.80945268678018,32.759135716419394,-3.949683029639218,Under 20%
54053,"Mason County, West Virginia",25214.0,44.2,53454.0,127400.0,654.0,17.88318178094536,2.97009210390148,15.674212598425196,82.141814998541,16.228333971239543,0.0,37.4,55.333333333333336,33.15618307289601,32.362972951534864,0.7932101213611485,Under 20%
54055,"Mercer County, West Virginia",59062.0,43.3,47799.0,118600.0,813.0,17.977605990224287,4.016824395373291,16.843790448940663,69.73743497317004,20.667559296097934,0.0,38.3,52.824999999999996,27.615048593003962,32.406623548135855,-4.791574955131895,20 to <30%
54057,"Mineral County, West Virginia",26922.0,44.6,68049.0,180400.0,684.0,14.25177237018586,5.9502887270901335,14.593645217946671,79.58496915311274,22.8110599078341,0.0,30.14,54.21666666666667,34.618527598246786,33.355619939083276,1.2629076591635093,20 to <30%
54059,"Mingo County, West Virginia",22979.0,44.3,39527.0,85600.0,604.0,29.861751152073733,10.833822665883735,21.99238359009867,72.15133695772772,8.325652841781874,0.0,41.14,57.40833333333333,27.024674702989685,31.855172113669003,-4.830497410679316,Under 20%
54061,"Monongalia County, West Virginia",106520.0,32.5,62704.0,254200.0,943.0,20.505601150182713,4.980609707319618,10.912742243197108,57.58887310926264,47.93676800776746,0.0,40.6,53.35833333333334,43.916635373638755,45.72850168982351,-1.8118663161847541,40% or more
54063,"Monroe County, West Virginia",12401.0,46.7,54508.0,146100.0,677.0,15.667641325536062,9.988179669030734,24.381286923199745,82.64358108108108,15.428065123490974,0.0,36.25,53.90833333333333,37.01314410128215,29.755664865736634,7.257479235545521,Under 20%
54065,"Morgan County, West Virginia",17327.0,49.3,63805.0,223100.0,832.0,11.02688203393784,3.424170616113744,21.4659115661076,83.12300651782,17.612302098325884,0.0,33.379999999999995,54.61666666666667,54.42373174813874,38.32169446528539,16.10203728285335,Under 20%
54067,"Nicholas County, West Virginia",24446.0,46.0,49280.0,114200.0,669.0,17.82680412371134,8.624684077506318,23.484848484848484,82.27201667535175,19.042838018741634,0.0,46.93,53.11666666666667,27.284627341896424,27.857318170661866,-0.5726908287654422,Under 20%
54069,"Ohio County, West Virginia",41904.0,42.8,57867.0,165300.0,823.0,15.668481548699335,5.754008524457073,14.38689267670806,67.36708581513346,32.53207841012967,0.0,40.19,53.050000000000004,37.56204658266514,40.40187094310806,-2.839824360442917,30 to <40%
54071,"Pendleton County, West Virginia",6111.0,50.8,61738.0,178600.0,754.0,16.344873501997338,6.316590563165906,37.998921251348435,82.47063940843846,20.456040342030256,0.0,33.17,51.69166666666666,24.054982817869416,35.50973654066438,-11.45475372279496,20 to <30%
54073,"Pleasants County, West Virginia",7572.0,43.4,61038.0,129300.0,700.0,8.002832861189802,6.560232220609579,13.642013673088876,82.33177401943145,14.637258476121035,0.0,42.88,54.975,25.884838880084523,40.54410987849974,-14.659270998415215,Under 20%
54075,"Pocahontas County, West Virginia",7855.0,49.8,41200.0,139400.0,688.0,20.806623931623932,10.606610969851072,54.83494011101373,83.08538163001293,15.794735088303899,0.0,41.02,49.074999999999996,34.24570337364736,30.42647994907702,3.819223424570337,Under 20%
54077,"Preston County, West Virginia",34204.0,43.2,61373.0,157700.0,753.0,14.147018030513177,6.228615320159207,15.892211633256654,80.56575759943736,17.88841534289035,0.0,43.96,51.68333333333334,26.48813004326979,24.821658285580632,1.6664717576891592,Under 20%
54079,"Putnam County, West Virginia",57250.0,42.3,77871.0,214200.0,975.0,10.681354261983529,3.248483054610034,8.541239805552207,82.68833735998243,28.404611746156878,0.0,36.51,56.708333333333336,44.17467248908297,44.0174672489083,0.1572052401746725,20 to <30%
54081,"Raleigh County, West Virginia",73666.0,42.8,52055.0,142600.0,847.0,21.610768944969205,5.455995008492495,16.095504806998296,74.6473057600991,21.626878193882998,0.0,42.57,53.38333333333333,28.69709228137811,28.87356446664676,-0.17647218526864497,20 to <30%
54083,"Randolph County, West Virginia",27782.0,44.2,55057.0,137800.0,807.0,14.716921496582513,7.0042918454935625,20.6646294881589,77.12084737602311,18.96196824152127,0.0,46.97,49.94166666666666,28.29169966165143,26.563962277733783,1.7277373839176444,Under 20%
54085,"Ritchie County, West Virginia",8372.0,47.2,50256.0,107800.0,583.0,21.67840660675249,1.7034068136272544,20.539765942202052,84.25007514277127,12.84492496369211,0.0,41.43,55.15,30.339225991399903,40.01433349259436,-9.675107501194457,Under 20%
54087,"Roane County, West Virginia",13921.0,46.5,45194.0,121100.0,590.0,20.218856438872383,9.056122448979592,22.691071678077407,77.06488342671246,14.19361237849633,1.0,36.81,55.625,34.26477982903527,34.48028158896631,-0.21550175993103943,Under 20%
54089,"Summers County, West Virginia",11833.0,50.4,42544.0,126100.0,922.0,19.209709801058587,5.694635488308116,26.586333129957293,80.8643257843341,15.99268659926866,0.0,36.81,54.23333333333333,36.50807064987746,30.761429899433786,5.7466407504436745,Under 20%
54091,"Taylor County, West Virginia",16543.0,44.2,56807.0,144000.0,672.0,14.678329921210993,9.609816627602372,10.86021505376344,82.85585042219542,17.35291690733559,0.0,41.61,53.96666666666667,37.35719035241492,34.51610953273288,2.8410808196820407,Under 20%
54093,"Tucker County, West Virginia",6698.0,51.2,53475.0,144700.0,689.0,13.174846625766872,6.150414276609306,38.79957127545552,81.43607705779334,24.194756554307116,0.0,44.55,49.89166666666666,34.93580173186026,29.561063003881756,5.374738727978501,20 to <30%
54095,"Tyler County, West Virginia",8181.0,48.4,58293.0,112100.0,707.0,17.687918630612753,5.935776840739539,23.962355212355213,86.73437004125674,15.6632484287132,0.0,44.63,54.56666666666666,33.73670700403374,44.12663488571079,-10.389927881677057,Under 20%
54097,"Upshur County, West Virginia",23758.0,42.0,51859.0,160700.0,799.0,18.316477221874162,5.840016450750565,14.674735249621785,79.68293700458906,17.432201319325678,0.0,45.3,53.475,26.05438168195976,29.63212391615456,-3.5777422341947975,Under 20%
54099,"Wayne County, West Virginia",38498.0,44.5,55539.0,124900.0,883.0,15.67917003362615,5.38659793814433,14.738458164272398,77.46623794212219,17.682090521908613,0.0,38.86,57.458333333333336,38.339654008000416,36.41747623253156,1.9221777754688556,Under 20%
54101,"Webster County, West Virginia",8253.0,47.1,42061.0,78000.0,687.0,22.132649322096007,9.591982820329276,35.617059891107075,77.55461592670895,12.564145009104452,0.0,47.59,51.35833333333333,24.839452320368352,27.505149642554223,-2.665697322185872,Under 20%
54103,"Wetzel County, West Virginia",14233.0,45.6,53341.0,102800.0,703.0,16.631761392359355,5.826683985897198,18.85784716516023,82.37974683544304,13.506058516402325,0.0,46.96,53.56666666666666,36.394294948359445,34.07573947867632,2.3185554696831305,Under 20%
54105,"Wirt County, West Virginia",5131.0,46.2,54688.0,112800.0,575.0,18.332347723240687,3.305377405032067,23.944179214102093,86.28681796233704,16.242294291074778,0.0,39.25,55.449999999999996,29.039173650360553,33.131943091015394,-4.092769440654843,Under 20%
54107,"Wood County, West Virginia",83829.0,43.9,56193.0,153700.0,789.0,14.794885778343332,5.616220514179698,11.390708755211435,74.418865176721,22.94522827099694,0.0,42.34,55.78333333333333,29.85840222357418,29.810686039437424,0.04771618413675458,20 to <30%
54109,"Wyoming County, West Virginia",20948.0,45.3,48038.0,78400.0,737.0,22.567476707328787,5.5588585017835905,20.541353383458645,83.45950037850113,12.046529968454259,0.0,40.25,54.80833333333333,16.994462478518237,18.90395264464388,-1.9094901661256445,Under 20%
55001,"Adams County, Wisconsin",20928.0,55.5,59153.0,184500.0,789.0,13.796690775785198,5.110231769361221,44.580098382030464,86.40787081595552,17.268269628404326,0.0,29.26,47.81666666666666,62.1177370030581,54.85474006116208,7.2629969418960245,Under 20%
55003,"Ashland County, Wisconsin",16050.0,43.1,57645.0,160500.0,665.0,16.379086663207058,4.719838465421504,27.17506913422676,72.38206513801666,22.10310015188064,0.0,29.54,42.541666666666664,42.80373831775701,40.87227414330218,1.9314641744548287,20 to <30%
55005,"Barron County, Wisconsin",46741.0,44.8,64619.0,198300.0,859.0,9.91767848997589,3.092695792742587,18.163231244262704,76.77560801509203,22.282168869705963,0.0,28.81,44.824999999999996,39.365867225776086,37.6970967672921,1.6687704584839862,20 to <30%
55007,"Bayfield County, Wisconsin",16410.0,54.1,69609.0,228100.0,789.0,8.947595295276804,3.562475260588468,43.83138878434325,84.54837845081748,34.988660358176276,0.0,30.15,42.9,48.750761730652044,36.62400975015235,12.126751980499696,30 to <40%
55009,"Brown County, Wisconsin",269425.0,37.9,77490.0,245900.0,973.0,9.804138036050784,2.7993630355592916,3.3954592851572425,64.6179522531021,32.43333901557852,0.0,28.94,47.51666666666667,33.378491231325974,32.66957409297578,0.7089171383501902,30 to <40%
55011,"Buffalo County, Wisconsin",13341.0,46.4,68722.0,197600.0,822.0,8.729198184568835,2.586206896551724,13.046135044301863,78.32044975404077,22.092427502817912,0.0,31.95,47.9,38.30297578892137,42.80038977587887,-4.4974139869575,20 to <30%
55013,"Burnett County, Wisconsin",16741.0,55.2,61664.0,215500.0,758.0,13.130765056972328,4.380685794261722,53.764352818371606,85.29702271765204,22.00091227003193,0.0,29.38,44.78333333333333,50.116480496983456,39.18523385699779,10.931246639985664,20 to <30%
55015,"Calumet County, Wisconsin",52626.0,41.7,87700.0,252100.0,1002.0,5.655625095405282,2.173177171484666,5.36028515995127,80.67699642431467,32.534572228108786,0.0,29.74,48.025,55.61889560293391,52.21753505871622,3.401360544217687,30 to <40%
55017,"Chippewa County, Wisconsin",66558.0,41.7,74009.0,237700.0,963.0,9.224843825836452,2.9614687481728352,8.44332632594686,74.61512402604735,24.140465839161575,0.0,29.85,45.800000000000004,42.78974728807957,41.01685747768863,1.7728898103909372,20 to <30%
55019,"Clark County, Wisconsin",34736.0,37.0,66250.0,163800.0,786.0,12.033938112853033,3.2678948958018728,14.485918339846382,77.91522218720453,13.417181046085302,0.0,33.96,46.050000000000004,32.76140027637034,37.28120681713496,-4.519806540764624,Under 20%
55021,"Columbia County, Wisconsin",58322.0,43.3,82792.0,258700.0,926.0,7.812142844583546,3.0241999936063424,9.67345112950123,76.90148982708101,25.678377606398172,0.0,27.57,49.208333333333336,47.957888961283906,49.51819210589486,-1.560303144610953,20 to <30%
55023,"Crawford County, Wisconsin",16064.0,47.3,63496.0,175100.0,809.0,12.55975378167769,3.062937062937063,23.434807581849512,75.85896474118529,18.284118791775953,0.0,25.87,49.00833333333333,35.794322709163346,40.02739043824701,-4.233067729083666,Under 20%
55025,"Dane County, Wisconsin",564777.0,35.6,88108.0,366100.0,1345.0,10.484443194294476,2.419485477279882,3.5875706214689265,57.66310186541654,54.44958731358578,0.0,30.39,49.75833333333333,39.78207327847983,38.877291391115435,0.9047818873643934,40% or more
55027,"Dodge County, Wisconsin",88818.0,42.9,73992.0,218400.0,963.0,7.851764008301216,3.9062986729798768,6.704100287281275,71.2594127033004,19.92200851381164,0.0,30.21,48.800000000000004,40.960165732171404,42.35627913260826,-1.3961134004368483,Under 20%
55029,"Door County, Wisconsin",30279.0,54.1,71785.0,305800.0,995.0,8.661259637528788,3.382059800664452,40.085847641273546,79.34200459066565,37.10957285159547,0.0,27.71,46.01666666666667,42.901020509263844,41.084580071997095,1.8164404372667526,30 to <40%
55031,"Douglas County, Wisconsin",44197.0,42.8,72579.0,190400.0,903.0,10.417587530533908,3.49055368907893,17.610992738183242,72.14334723175173,27.761791567621668,0.0,29.0,43.05833333333334,38.21526347942168,38.03425571871394,0.18100776070774036,20 to <30%
55033,"Dunn County, Wisconsin",45349.0,35.8,71785.0,226200.0,942.0,10.703930795189885,4.169807577861535,7.670635764405699,66.52081294259888,29.231422805961696,0.0,32.28,46.525,44.102405786235636,43.33061368497651,0.7717921012591237,20 to <30%
55035,"Eau Claire County, Wisconsin",106328.0,35.8,71834.0,242400.0,977.0,11.54496000625055,3.1145328200769886,5.580776114190929,62.83488592496706,35.658369249714134,0.0,31.82,46.96666666666667,47.52275976224513,45.180949514709205,2.3418102475359266,30 to <40%
55037,"Florence County, Wisconsin",4617.0,54.8,62786.0,170000.0,871.0,8.458149779735683,5.462386200287494,54.71131144022323,89.95260663507109,23.12721329338055,0.0,26.43,42.86666666666667,48.51635260991986,40.06930907515703,8.447043534762834,20 to <30%
55039,"Fond du Lac County, Wisconsin",104053.0,41.9,73154.0,209800.0,926.0,8.735655025088182,3.0725596785629876,6.2995556330051405,70.34591779802864,22.610840814088945,0.0,30.2,48.541666666666664,34.56892160725784,35.03983546846319,-0.4709138612053473,20 to <30%
55041,"Forest County, Wisconsin",9261.0,49.1,59727.0,170000.0,585.0,15.020417172497517,3.4838709677419355,54.55381784728611,82.36336032388664,15.495626822157435,0.0,29.23,42.43333333333333,34.87744304070835,38.008854335384946,-3.131411294676601,Under 20%
55043,"Grant County, Wisconsin",51678.0,36.9,64349.0,186300.0,812.0,13.436493924602763,2.76162245319125,10.26946647440519,69.08552202079044,24.56242707117853,0.0,28.15,49.475,32.23808970935408,34.05704555129842,-1.8189558419443477,20 to <30%
55045,"Green County, Wisconsin",37036.0,43.1,80248.0,236900.0,851.0,6.984649122807017,3.5875761745626105,4.718593578317666,75.12973284643475,26.975250330625354,0.0,30.49,49.800000000000004,42.74219678150988,39.151096230694456,3.591100550815423,20 to <30%
55047,"Green Lake County, Wisconsin",19165.0,45.5,66917.0,206300.0,806.0,13.250385494762588,3.170028818443804,24.117044077905135,75.00921036473045,22.516751343789117,0.0,29.11,48.699999999999996,51.08270284372554,51.447951995825726,-0.3652491521001826,20 to <30%
55049,"Iowa County, Wisconsin",23832.0,43.7,83372.0,248100.0,941.0,7.728666326009198,3.2791885914741097,9.593894794221859,77.14802532408802,28.479192346070317,0.0,29.24,49.05833333333334,39.73648875461564,38.93924135615978,0.7972473984558577,20 to <30%
55051,"Iron County, Wisconsin",6164.0,55.9,59058.0,155200.0,640.0,11.586985391766268,2.8808066258552394,47.07465900933238,86.91081722617837,23.372422159320664,0.0,31.36,41.608333333333334,46.560674886437376,38.773523685918235,7.787151200519143,20 to <30%
55053,"Jackson County, Wisconsin",20971.0,42.6,65508.0,186900.0,789.0,12.590909090909092,5.296174413821473,15.423501495924894,77.44571846791901,16.27270299145299,0.0,33.9,47.449999999999996,37.146535692146294,34.762290782509176,2.384244909637118,Under 20%
55055,"Jefferson County, Wisconsin",85867.0,41.3,80604.0,253800.0,1012.0,8.125588242392064,3.3438000374305976,5.986520778193129,72.91829923088086,28.128462545747574,0.0,30.75,49.666666666666664,44.545634527816276,43.287875435266166,1.2577590925501065,20 to <30%
55057,"Juneau County, Wisconsin",26695.0,45.9,65150.0,165200.0,847.0,14.284589027608208,4.174741602067184,26.27228635835781,77.71703882145836,16.273191446337396,0.0,29.080000000000002,47.725,48.32365611537741,47.98651432852594,0.33714178685147034,Under 20%
55059,"Kenosha County, Wisconsin",168413.0,39.2,79412.0,247800.0,1175.0,10.508542518235984,4.831888929163783,7.223891243809759,67.63614318877438,30.761603228724514,0.0,34.13,50.86666666666667,40.65600636530434,43.25675571363256,-2.600749348328217,30 to <40%
55061,"Kewaunee County, Wisconsin",20621.0,44.4,80085.0,208900.0,839.0,7.615651409310733,1.621223286661754,11.002680965147453,85.31148331124231,20.560747663551403,0.0,27.18,46.98333333333333,33.31555210707531,36.904126860966976,-3.5885747538916637,20 to <30%
55063,"La Crosse County, Wisconsin",120262.0,37.1,70704.0,243200.0,1023.0,12.424415189523513,3.048614266242617,5.055040012022392,62.48540846408009,36.08257959016812,0.0,29.36,48.31666666666666,37.26863015748948,35.28961766809133,1.9790124893981473,30 to <40%
55065,"Lafayette County, Wisconsin",16788.0,40.9,72091.0,182100.0,835.0,10.696502489651449,2.5075810590156284,7.076324204087307,79.29383602633153,20.62219088745924,0.0,31.82,49.11666666666667,39.313795568263046,36.87157493447701,2.4422206337860377,20 to <30%
55067,"Langlade County, Wisconsin",19473.0,49.0,57258.0,145800.0,737.0,12.131181784949606,3.4258091635140815,29.470578593673167,77.95723913548687,16.18485059068798,0.0,28.89,43.56666666666666,40.15816771940636,38.15539464900118,2.0027730704051763,Under 20%
55069,"Lincoln County, Wisconsin",28403.0,49.2,67726.0,177700.0,768.0,10.487629974901399,3.5278346151132434,22.51586274872174,78.40674193035458,19.431522143654632,0.0,28.1,43.73333333333333,43.97422807449917,36.08773721085801,7.886490863641165,Under 20%
55071,"Manitowoc County, Wisconsin",81314.0,45.0,68611.0,172900.0,777.0,9.757131458208658,2.0616556307453493,7.7107481559536355,76.29948905317843,22.23185449600544,0.0,28.09,47.76666666666667,30.26539095358733,27.854981921932264,2.4104090316550657,20 to <30%
55073,"Marathon County, Wisconsin",138067.0,41.2,76185.0,205500.0,950.0,8.914418938832965,2.88285375579265,5.676993498739551,73.41620804248062,27.27197406713133,0.0,32.93,45.525,31.68027117269152,33.17230040487589,-1.4920292321843742,20 to <30%
55075,"Marinette County, Wisconsin",41907.0,48.8,63401.0,154600.0,749.0,9.075133206237474,3.8888060072604307,36.53819964592129,80.40236051502146,19.48516495800198,0.0,29.25,45.34166666666667,46.603192784021765,36.342377168492135,10.260815615529625,Under 20%
55077,"Marquette County, Wisconsin",15706.0,50.5,63471.0,201100.0,800.0,11.82699095167811,2.888086642599278,30.07824408088609,80.87487283825025,15.157663369684673,0.0,28.58,48.61666666666667,54.6924742136763,52.209346746466316,2.4831274672099832,Under 20%
55078,"Menominee County, Wisconsin",4256.0,33.8,59528.0,97000.0,624.0,21.18844696969697,11.204121056020606,37.80260707635009,73.50299401197604,19.604679306171843,0.0,31.25,45.6,44.4078947368421,50.28195488721804,-5.87406015037594,Under 20%
55079,"Milwaukee County, Wisconsin",927656.0,35.4,62118.0,216500.0,1069.0,17.465977939008884,4.656312724857709,8.20879675725159,49.80413627180334,33.8924169207711,0.0,33.25,50.625,28.12249368300318,34.443802444009414,-6.321308761006235,30 to <40%
55081,"Monroe County, Wisconsin",46169.0,39.6,68213.0,197200.0,920.0,11.841294976686902,2.8132877205617572,8.22873782508284,72.39455112424093,19.976272164684,0.0,28.54,47.09166666666667,45.290129740735125,44.7053217526912,0.5848079880439255,Under 20%
55083,"Oconto County, Wisconsin",39329.0,47.4,75886.0,212000.0,796.0,8.420373952288847,2.198410302847369,30.752562713559463,84.52882416656638,18.697594501718214,0.0,31.87,45.88333333333333,42.894556179918126,39.08057667370134,3.8139795062167865,Under 20%
55085,"Oneida County, Wisconsin",38007.0,52.2,69621.0,227500.0,868.0,8.199000187130752,2.2141888838680526,45.44981461003057,84.00906272358694,28.42940315276974,0.0,29.31,42.300000000000004,48.25426895045649,45.43899807930118,2.8152708711553136,20 to <30%
55087,"Outagamie County, Wisconsin",191537.0,38.7,82857.0,244100.0,998.0,6.411237196650942,2.970306368849985,3.330413016270338,71.73966519504395,31.98365442527465,0.0,29.86,47.925000000000004,47.84976270903272,45.34371949022904,2.5060432188036774,30 to <40%
55089,"Ozaukee County, Wisconsin",92345.0,44.0,96734.0,368900.0,1112.0,4.552236331686615,2.477639354735665,4.183686413801852,72.77974898056453,50.36459294812627,0.0,29.88,49.166666666666664,48.14554117710759,43.74898478531593,4.396556391791651,40% or more
55091,"Pepin County, Wisconsin",7372.0,46.3,74536.0,196100.0,860.0,7.944117244213121,2.157880360557225,15.348320843741327,83.54098360655738,23.63602038889938,0.0,32.29,47.541666666666664,45.71351058057515,32.419967444384156,13.293543136190992,20 to <30%
55093,"Pierce County, Wisconsin",42351.0,38.4,88802.0,308600.0,1025.0,9.540520893389818,3.0324577547264515,7.54750175932442,75.7754519505233,31.983984131065643,0.0,33.46,46.81666666666666,50.55370593374418,45.217350239663766,5.3363556940804235,30 to <40%
55095,"Polk County, Wisconsin",45327.0,46.5,76208.0,241200.0,958.0,8.286218686451093,3.461438362106359,22.759158222915044,81.14610441340486,23.665523259312753,0.0,31.47,45.458333333333336,43.10896375228892,42.16030180687008,0.9486619454188453,20 to <30%
55097,"Portage County, Wisconsin",70375.0,38.1,73284.0,230400.0,903.0,10.221833646992575,3.2023626091422703,5.905511811023622,69.31772168983669,33.69664336271657,0.0,32.29,47.18333333333333,40.04262877442274,37.6696269982238,2.3730017761989344,30 to <40%
55099,"Price County, Wisconsin",14077.0,52.5,58720.0,146000.0,801.0,12.970951970089157,2.775587446774957,39.18881377905362,81.51362874980966,17.05800464037123,0.0,26.89,42.78333333333333,46.81395183632876,43.83036158272359,2.9835902536051715,Under 20%
55101,"Racine County, Wisconsin",196888.0,40.5,75331.0,239400.0,1017.0,10.794490312236462,4.244531218870781,6.4440975425151965,71.14614013576205,27.986119297418366,0.0,34.58,50.39166666666667,39.53008817195563,36.66043639023201,2.8696517817236193,20 to <30%
55103,"Richland County, Wisconsin",17229.0,46.4,62649.0,182800.0,786.0,14.467305190966064,3.2658471920944807,16.658862093186606,76.49950835791543,20.71903911702646,0.0,25.5,48.85833333333333,39.352254919031864,39.87462998432875,-0.5223750652968832,20 to <30%
55105,"Rock County, Wisconsin",163944.0,40.1,74390.0,215900.0,1019.0,9.970630786138724,3.952227364091058,5.717599796305203,70.64454179919582,25.73415559940188,0.0,31.55,50.19166666666666,34.963158151563945,33.40774898745913,1.5554091641048162,20 to <30%
55107,"Rusk County, Wisconsin",14146.0,49.1,58322.0,152000.0,816.0,12.488316917104033,4.926108374384237,27.88339670468948,77.52037066624061,16.301633045148897,0.0,29.06,44.050000000000004,42.90965643998303,44.25279230877987,-1.343135868796833,Under 20%
55109,"St. Croix County, Wisconsin",94819.0,39.8,102482.0,349700.0,1238.0,6.5909018287941885,1.9679230459693027,3.8130155820348306,78.93490157641101,39.38824544110399,0.0,32.32,46.375,47.22682162857655,44.2000021092819,3.0268195192946563,30 to <40%
55111,"Sauk County, Wisconsin",65759.0,41.3,77648.0,242400.0,970.0,8.759910707412825,2.6286005319449948,11.79119359300119,73.12306289881495,26.493158383951926,0.0,26.02,48.625,44.52622454721027,44.02439209841999,0.5018324487902797,20 to <30%
55113,"Sawyer County, Wisconsin",18243.0,52.2,59055.0,223300.0,683.0,14.966522252855455,5.5440980225646,47.11431053742088,77.36446843463976,27.20121247113164,0.0,29.61,43.208333333333336,52.458477224140765,37.0004933399112,15.457983884229568,20 to <30%
55115,"Shawano County, Wisconsin",40927.0,45.5,67032.0,179100.0,777.0,10.96504332237825,3.3054187192118225,17.37151248164464,78.60908713938748,18.70120171091045,0.0,31.61,46.51666666666667,45.397903584430814,40.877660224301806,4.52024336012901,Under 20%
55117,"Sheboygan County, Wisconsin",117783.0,41.8,71898.0,218400.0,889.0,8.081468882201579,2.3921908615098095,5.943024605606196,71.2681584591106,27.319025100036377,0.0,30.07,48.458333333333336,30.411859096813632,30.097722082134094,0.3141370146795378,20 to <30%
55119,"Taylor County, Wisconsin",19972.0,44.1,63142.0,186500.0,786.0,9.289728142560623,2.8477546549835706,15.973764942346346,79.16404381216165,16.65473804752362,0.0,30.47,44.09166666666667,34.49829761666333,35.699979971960744,-1.2016823552974163,Under 20%
55121,"Trempealeau County, Wisconsin",30786.0,39.8,71295.0,203300.0,887.0,8.4662374112597,2.1721181327405525,6.916922156584162,73.78695372750643,20.229885057471265,0.0,32.27,47.824999999999996,36.055349834340284,42.681738452543364,-6.626388618203079,20 to <30%
55123,"Vernon County, Wisconsin",30915.0,41.5,69556.0,210600.0,826.0,14.506940806705082,2.873482067212652,12.576224980271181,81.07664533070736,24.84211541242829,0.0,25.93,47.75833333333333,36.22836810609736,33.96409509946628,2.264273006631085,20 to <30%
55125,"Vilas County, Wisconsin",23410.0,55.5,67132.0,270700.0,810.0,10.931822114552691,4.127423822714682,56.127183956744545,83.47282258806217,30.524944356983877,0.0,30.55,41.4,61.982058949167026,51.60187953865869,10.38017941050833,30 to <40%
55127,"Walworth County, Wisconsin",105447.0,41.1,77359.0,275900.0,1090.0,9.71704086105294,3.3801733780760626,20.712790610749796,70.57631113730112,32.317227422210976,0.0,33.96,48.96666666666667,46.061054368545335,44.648022229176746,1.4130321393685927,30 to <40%
55129,"Washburn County, Wisconsin",16749.0,52.4,61270.0,207900.0,815.0,11.70719932412045,3.8702928870292888,41.28519067300944,80.88723602071988,23.55072463768116,0.0,29.150000000000002,43.85833333333333,54.03307660158816,46.390829303241986,7.64224729834617,20 to <30%
55131,"Washington County, Wisconsin",137320.0,43.5,95851.0,316200.0,1126.0,5.262271062271062,2.695103463467095,3.8866010958717627,78.10452887645621,34.7884137143789,0.0,31.02,48.333333333333336,39.57180308767842,38.166326827847364,1.4054762598310515,30 to <40%
55133,"Waukesha County, Wisconsin",409040.0,43.3,104100.0,373600.0,1300.0,5.206134275548576,2.571519120121769,3.9045440665564306,76.42724383955873,47.93676230392308,0.0,32.53,49.525,43.4627420301193,39.397124975552515,4.065617054566791,40% or more
55135,"Waupaca County, Wisconsin",51714.0,45.4,71189.0,192800.0,834.0,10.054169891064944,3.2382683785933417,12.591725214676034,74.84147539519515,20.19200169725257,0.0,30.979999999999997,47.949999999999996,40.80133039409058,39.31237189155741,1.488958502533163,20 to <30%
55137,"Waushara County, Wisconsin",24752.0,49.9,64968.0,186000.0,789.0,11.067642604745078,4.230430958663149,30.201296946771144,83.01558114777896,17.35967287982582,0.0,30.080000000000002,48.18333333333334,48.278926955397544,41.57239819004525,6.706528765352295,Under 20%
55139,"Winnebago County, Wisconsin",171357.0,38.4,72873.0,208600.0,924.0,10.885598759614508,2.1981680143466167,6.268073466197733,65.7897662525362,31.042219748223,0.0,29.49,48.65833333333333,44.964606056361866,43.97836096570318,0.9862450906586834,30 to <40%
55141,"Wood County, Wisconsin",74039.0,43.9,66417.0,168100.0,831.0,10.298876312447947,4.346415828738242,7.847210201373262,73.38613737399035,21.42358029121263,0.0,32.65,46.949999999999996,41.45112710868596,37.54777887329651,3.903348235389457,20 to <30%
56001,"Albany County, Wyoming",37713.0,28.7,59881.0,322100.0,936.0,20.95270772573912,4.300880957759205,11.347744862556713,49.358781383587214,55.50982226379794,0.0,14.99,40.6,63.82414552011243,67.40381300877681,-3.5796674886643864,40% or more
56003,"Big Horn County, Wyoming",11737.0,41.5,60547.0,198200.0,876.0,11.958511287370348,5.006418485237484,18.864059590316575,77.20908882258435,20.88811709253287,0.0,17.48,43.75,57.0844338416972,53.165204055550824,3.9192297861463747,20 to <30%
56005,"Campbell County, Wyoming",47018.0,35.8,95253.0,266400.0,952.0,9.105262019594697,3.399026569855581,10.389935846030474,78.41042563901784,22.21320258466734,0.0,17.36,45.89166666666667,45.42941001318644,43.19622272321239,2.2331872899740524,20 to <30%
56007,"Carbon County, Wyoming",14549.0,40.4,66721.0,214500.0,894.0,12.565445026178011,5.981478670107788,28.40632603406326,76.7714528462192,22.792527040314653,0.0,16.37,40.69166666666667,56.29252869613032,58.973125300707956,-2.680596604577634,20 to <30%
56009,"Converse County, Wyoming",13759.0,41.3,79164.0,269700.0,930.0,11.325885638688813,3.5530759066216415,14.090019569471623,78.30734186087261,22.87609222023371,0.0,17.4,44.6,48.04128206991787,53.855658114688566,-5.814376044770696,20 to <30%
56011,"Crook County, Wyoming",7339.0,44.3,71209.0,276800.0,881.0,6.189953335163327,0.8060033351862146,21.29049823032943,75.95987547561397,23.99686827167743,0.0,19.740000000000002,45.25833333333333,65.13148930371985,57.50102193759368,7.630467366126175,20 to <30%
56013,"Fremont County, Wyoming",39472.0,39.4,64646.0,252700.0,858.0,12.388552416105638,7.9382696474816345,15.23095415259573,70.68872383524645,25.254505693386623,0.0,19.8,39.925000000000004,35.0121605188488,34.50547223348196,0.5066882853668423,20 to <30%
56015,"Goshen County, Wyoming",12587.0,43.4,64882.0,234600.0,759.0,12.341337907375642,2.6293028887735685,13.771331058020477,74.05501682169009,24.610591900311526,0.0,17.77,48.199999999999996,46.15873520298721,48.383252562167314,-2.2245173591801066,20 to <30%
56017,"Hot Springs County, Wyoming",4618.0,45.4,64375.0,214400.0,976.0,13.705921490352628,1.7005196032120926,16.50602409638554,72.63107263107263,26.38221153846154,0.0,19.73,43.19166666666666,58.033780857514074,43.525335643135556,14.508445214378519,20 to <30%
56019,"Johnson County, Wyoming",8602.0,47.0,63905.0,296000.0,1081.0,10.60695344725987,2.1938283510125363,15.447680690399137,79.5866292421536,30.314086294416242,0.0,21.169999999999998,44.34166666666667,53.1271797256452,55.103464310625434,-1.976284584980237,30 to <40%
56021,"Laramie County, Wyoming",100661.0,38.2,77884.0,324900.0,1080.0,9.875580842081819,3.3289583581911466,5.616006395452123,70.80206103098605,32.04091997388087,0.0,19.22,46.28333333333333,59.228499617528136,57.59926883301378,1.62923078451436,30 to <40%
56023,"Lincoln County, Wyoming",20158.0,41.2,86092.0,334500.0,868.0,7.0733775627275906,1.9996040388041971,19.369046399672232,80.08130081300813,24.12067696835909,0.0,22.99,37.666666666666664,60.67070145847802,55.908324238515725,4.762377219962298,20 to <30%
56025,"Natrona County, Wyoming",79735.0,38.2,71247.0,260400.0,973.0,9.723108332270002,3.750747518239445,10.28543705021428,73.56767312603274,27.37014299893394,1.0,15.74,43.53333333333333,43.481532576660186,42.15212892707092,1.3294036495892645,20 to <30%
56027,"Niobrara County, Wyoming",2415.0,49.6,48987.0,194200.0,775.0,17.625570776255707,3.278688524590164,17.198838896952104,65.2059596844873,19.5822454308094,0.0,19.55,47.5,50.10351966873706,45.54865424430642,4.554865424430642,Under 20%
56029,"Park County, Wyoming",30109.0,44.8,70533.0,374200.0,933.0,8.582038702643771,2.1538878352749933,11.030851279281713,74.67941421959178,34.955935957181744,0.0,26.07,39.391666666666666,51.745325318011226,47.16197814606928,4.583347171941944,30 to <40%
56031,"Platte County, Wyoming",8606.0,47.8,66299.0,248900.0,745.0,10.21638879035119,4.636785162287481,16.731099656357387,72.47872066030436,19.512566641279513,0.0,15.65,47.26666666666667,46.47920055775041,56.123634673483615,-9.64443411573321,Under 20%
56033,"Sheridan County, Wyoming",31585.0,42.9,70855.0,352200.0,950.0,9.802134860713355,2.6994789377864272,11.295615647151484,69.86311505734369,33.375044690740076,0.0,24.82,43.28333333333333,55.46936837106221,42.29855944277347,13.170808928288745,30 to <40%
56035,"Sublette County, Wyoming",8806.0,42.8,82791.0,350100.0,1116.0,8.358106563000229,1.8194070080862534,29.013170452376407,81.0701801559559,31.088983720562666,0.0,20.3,34.925000000000004,72.33704292527823,49.62525550760845,22.711787417669772,30 to <40%
56037,"Sweetwater County, Wyoming",41786.0,37.4,76464.0,242900.0,913.0,13.439320388349515,5.785734059241488,12.29064808072402,73.98446302555891,20.375790424570912,0.0,11.49,40.300000000000004,37.596324127698274,44.77576221701048,-7.179438089312209,20 to <30%
56039,"Teton County, Wyoming",23358.0,40.1,112681.0,1371900.0,1758.0,7.0281902302560795,2.450851900393185,30.511738132266903,61.526164339763405,61.21971595655806,0.0,34.13,35.15,64.1750149841596,72.95145132288724,-8.776436338727631,40% or more
56041,"Uinta County, Wyoming",20605.0,36.7,82672.0,255400.0,882.0,7.567380787836904,3.506325331208288,15.663058186738835,76.53429602888086,21.319190259206692,0.0,15.46,38.81666666666667,42.70808056297015,48.38631400145596,-5.678233438485805,20 to <30%
56043,"Washakie County, Wyoming",7708.0,44.2,62648.0,188600.0,725.0,8.628230616302186,2.032112393376819,11.246753246753247,74.18788410886742,22.032357753135795,0.0,16.24,44.80833333333334,51.115723923196676,50.20757654385054,0.9081473793461339,20 to <30%
56045,"Weston County, Wyoming",6835.0,43.1,87545.0,214000.0,694.0,10.491597298570756,1.4245014245014245,19.402985074626866,88.96151053013799,18.043478260869566,0.0,16.32,46.333333333333336,42.57498171177762,42.42867593269934,0.14630577907827358,Under 20%
