county_fips,incidentId,declaration_count,declaration_numbers
01001,2011042505,2,"1971, 3319"
01001,2017100401,2,"3394, 4349"
01001,2020030901,2,"3472, 4503"
01003,2011042505,2,"1971, 3319"
01003,2017100401,2,"3394, 4349"
01003,2020030901,2,"3472, 4503"
01003,2020091301,2,"3545, 4563"
01005,2011042505,2,"1971, 3319"
01005,2020030901,2,"3472, 4503"
01005,2020091301,2,"3545, 4563"
01007,2011042505,2,"1971, 3319"
01007,2020030901,2,"3472, 4503"
01009,2011042505,2,"1971, 3319"
01009,2020030901,2,"3472, 4503"
01011,2011042505,2,"1971, 3319"
01011,2020030901,2,"3472, 4503"
01013,2011042505,2,"1971, 3319"
01013,2020030901,2,"3472, 4503"
01013,2020091301,2,"3545, 4563"
01015,2011042505,2,"1971, 3319"
01015,2020030901,2,"3472, 4503"
01017,2011042505,2,"1971, 3319"
01017,2020030901,2,"3472, 4503"
01019,2011042505,2,"1971, 3319"
01019,2020030901,2,"3472, 4503"
01021,2011042505,2,"1971, 3319"
01021,2020030901,2,"3472, 4503"
01023,2011042505,2,"1971, 3319"
01023,2017100401,2,"3394, 4349"
01023,2020030901,2,"3472, 4503"
01025,2011042505,2,"1971, 3319"
01025,2017100401,2,"3394, 4349"
01025,2020030901,2,"3472, 4503"
01025,2020091301,2,"3545, 4563"
01027,2011042505,2,"1971, 3319"
01027,2020030901,2,"3472, 4503"
01029,2011042505,2,"1971, 3319"
01029,2020030901,2,"3472, 4503"
01031,2011042505,2,"1971, 3319"
01031,2020030901,2,"3472, 4503"
01031,2020091301,2,"3545, 4563"
01033,2011042505,2,"1971, 3319"
01033,2020030901,2,"3472, 4503"
01035,2011042505,2,"1971, 3319"
01035,2020030901,2,"3472, 4503"
01035,2020091301,2,"3545, 4563"
01037,2011042505,2,"1971, 3319"
01037,2020030901,2,"3472, 4503"
01039,2011042505,2,"1971, 3319"
01039,2020030901,2,"3472, 4503"
01039,2020091301,2,"3545, 4563"
01041,2011042505,2,"1971, 3319"
01041,2020030901,2,"3472, 4503"
01041,2020091301,2,"3545, 4563"
01043,2011042505,2,"1971, 3319"
01043,2020030901,2,"3472, 4503"
01045,2011042505,2,"1971, 3319"
01045,2018100601,2,"3407, 4406"
01045,2020030901,2,"3472, 4503"
01047,2011042505,2,"1971, 3319"
01047,2017100401,2,"3394, 4349"
01047,2020030901,2,"3472, 4503"
01049,2011042505,2,"1971, 3319"
01049,2020030901,2,"3472, 4503"
01051,2011042505,2,"1971, 3319"
01051,2020030901,2,"3472, 4503"
01053,2011042505,2,"1971, 3319"
01053,2020030901,2,"3472, 4503"
01053,2020091301,2,"3545, 4563"
01055,2011042505,2,"1971, 3319"
01055,2020030901,2,"3472, 4503"
01057,2011042505,2,"1971, 3319"
01057,2020030901,2,"3472, 4503"
01059,2011042505,2,"1971, 3319"
01059,2020030901,2,"3472, 4503"
01061,2011042505,2,"1971, 3319"
01061,2018100601,2,"3407, 4406"
01061,2020030901,2,"3472, 4503"
01061,2020091301,2,"3545, 4563"
01063,2011042505,2,"1971, 3319"
01063,2020030901,2,"3472, 4503"
01065,2011042505,2,"1971, 3319"
01065,2020030901,2,"3472, 4503"
01067,2011042505,2,"1971, 3319"
01067,2018100601,2,"3407, 4406"
01067,2020030901,2,"3472, 4503"
01069,2011042505,2,"1971, 3319"
01069,2018100601,2,"3407, 4406"
01069,2020030901,2,"3472, 4503"
01069,2020091301,2,"3545, 4563"
01071,2011042505,2,"1971, 3319"
01071,2020030901,2,"3472, 4503"
01073,2011042505,2,"1971, 3319"
01073,2020030901,2,"3472, 4503"
01075,2011042505,2,"1971, 3319"
01075,2020030901,2,"3472, 4503"
01077,2011042505,2,"1971, 3319"
01077,2020030901,2,"3472, 4503"
01079,2011042505,2,"1971, 3319"
01079,2020030901,2,"3472, 4503"
01081,2011042505,2,"1971, 3319"
01081,2020030901,2,"3472, 4503"
01083,2011042505,2,"1971, 3319"
01083,2020030901,2,"3472, 4503"
01085,2011042505,2,"1971, 3319"
01085,2020030901,2,"3472, 4503"
01087,2011042505,2,"1971, 3319"
01087,2017100401,2,"3394, 4349"
01087,2020030901,2,"3472, 4503"
01089,2011042505,2,"1971, 3319"
01089,2020030901,2,"3472, 4503"
01091,2011042505,2,"1971, 3319"
01091,2020030901,2,"3472, 4503"
01093,2011042505,2,"1971, 3319"
01093,2020030901,2,"3472, 4503"
01095,2011042505,2,"1971, 3319"
01095,2020030901,2,"3472, 4503"
01097,2011042505,2,"1971, 3319"
01097,2017100401,2,"3394, 4349"
01097,2018100601,2,"3407, 4406"
01097,2020030901,2,"3472, 4503"
01097,2020091301,2,"3545, 4563"
01099,2011042505,2,"1971, 3319"
01099,2020030901,2,"3472, 4503"
01099,2020091301,2,"3545, 4563"
01101,2011042505,2,"1971, 3319"
01101,2020030901,2,"3472, 4503"
01103,2011042505,2,"1971, 3319"
01103,2020030901,2,"3472, 4503"
01105,2011042505,2,"1971, 3319"
01105,2020030901,2,"3472, 4503"
01107,2011042505,2,"1971, 3319"
01107,2020030901,2,"3472, 4503"
01109,2011042505,2,"1971, 3319"
01109,2020030901,2,"3472, 4503"
01109,2020091301,2,"3545, 4563"
01111,2011042505,2,"1971, 3319"
01111,2020030901,2,"3472, 4503"
01113,2011042505,2,"1971, 3319"
01113,2020030901,2,"3472, 4503"
01115,2011042505,2,"1971, 3319"
01115,2020030901,2,"3472, 4503"
01117,2011042505,2,"1971, 3319"
01117,2020030901,2,"3472, 4503"
01119,2011042505,2,"1971, 3319"
01119,2020030901,2,"3472, 4503"
01121,2011042505,2,"1971, 3319"
01121,2020030901,2,"3472, 4503"
01123,2011042505,2,"1971, 3319"
01123,2020030901,2,"3472, 4503"
01125,2011042505,2,"1971, 3319"
01125,2020030901,2,"3472, 4503"
01127,2011042505,2,"1971, 3319"
01127,2020030901,2,"3472, 4503"
01129,2011042505,2,"1971, 3319"
01129,2017100401,2,"3394, 4349"
01129,2020030901,2,"3472, 4503"
01131,2011042505,2,"1971, 3319"
01131,2020030901,2,"3472, 4503"
01133,2011042505,2,"1971, 3319"
01133,2020030901,2,"3472, 4503"
02000,2018113001,2,"3410, 4413"
02000,2020030901,2,"3446, 4533"
02000,2025101101,2,"4893, 4912"
04001,2010012101,2,"1888, 3307"
04001,2020030901,7,"3442, 3460, 3478, 4524, 4525, 4529, 4582"
04003,2020030901,2,"3442, 4524"
04005,2010012101,2,"1888, 3307"
04005,2020030901,7,"3442, 3460, 3478, 4524, 4525, 4529, 4582"
04007,2020030901,2,"3442, 4524"
04007,2024071201,2,"4833, 5508"
04009,2020030901,2,"3442, 4524"
04009,2024071201,2,"4833, 5508"
04011,2020030901,2,"3442, 4524"
04012,2020030901,2,"3442, 4524"
04013,2020030901,2,"3442, 4524"
04015,2020030901,4,"3442, 3443, 4523, 4524"
04017,2010012101,2,"1888, 3307"
04017,2020030901,7,"3442, 3460, 3478, 4524, 4525, 4529, 4582"
04019,2020030901,2,"3442, 4524"
04021,2020030901,2,"3442, 4524"
04021,2024071201,2,"4833, 5508"
04023,2020030901,2,"3442, 4524"
04025,2020030901,2,"3442, 4524"
04027,2020030901,2,"3442, 4524"
05001,2019052601,2,"3414, 4441"
05001,2020030901,2,"3461, 4518"
05003,2020030901,2,"3461, 4518"
05005,2009012601,2,"1819, 3301"
05005,2020030901,2,"3461, 4518"
05007,2009012601,2,"1819, 3301"
05007,2020030901,2,"3461, 4518"
05009,2009012601,2,"1819, 3301"
05009,2020030901,2,"3461, 4518"
05011,2020030901,2,"3461, 4518"
05013,2020030901,2,"3461, 4518"
05015,2009012601,2,"1819, 3301"
05015,2020030901,2,"3461, 4518"
05017,2019052601,2,"3414, 4441"
05017,2020030901,2,"3461, 4518"
05019,2020030901,2,"3461, 4518"
05021,2009012601,2,"1819, 3301"
05021,2020030901,2,"3461, 4518"
05023,2009012601,2,"1819, 3301"
05023,2020030901,2,"3461, 4518"
05025,2020030901,2,"3461, 4518"
05027,2020030901,2,"3461, 4518"
05029,2009012601,2,"1819, 3301"
05029,2019052601,2,"3414, 4441"
05029,2020030901,2,"3461, 4518"
05031,2009012601,2,"1819, 3301"
05031,2020030901,2,"3461, 4518"
05033,2009012601,2,"1819, 3301"
05033,2019052601,2,"3414, 4441"
05033,2020030901,2,"3461, 4518"
05035,2020030901,2,"3461, 4518"
05037,2009012601,2,"1819, 3301"
05037,2020030901,2,"3461, 4518"
05039,2020030901,2,"3461, 4518"
05041,2019052601,2,"3414, 4441"
05041,2020030901,2,"3461, 4518"
05043,2020030901,2,"3461, 4518"
05045,2019052601,2,"3414, 4441"
05045,2020030901,2,"3461, 4518"
05047,2009012601,2,"1819, 3301"
05047,2019052601,2,"3414, 4441"
05047,2020030901,2,"3461, 4518"
05049,2009012601,2,"1819, 3301"
05049,2020030901,2,"3461, 4518"
05051,2020030901,2,"3461, 4518"
05053,2020030901,2,"3461, 4518"
05055,2009012601,2,"1819, 3301"
05055,2020030901,2,"3461, 4518"
05057,2020030901,2,"3461, 4518"
05059,2020030901,2,"3461, 4518"
05061,2020030901,2,"3461, 4518"
05063,2009012601,2,"1819, 3301"
05063,2020030901,2,"3461, 4518"
05065,2009012601,2,"1819, 3301"
05065,2020030901,2,"3461, 4518"
05067,2009012601,2,"1819, 3301"
05067,2020030901,2,"3461, 4518"
05069,2019052601,2,"3414, 4441"
05069,2020030901,2,"3461, 4518"
05071,2009012601,2,"1819, 3301"
05071,2019052601,2,"3414, 4441"
05071,2020030901,2,"3461, 4518"
05073,2020030901,2,"3461, 4518"
05075,2009012601,2,"1819, 3301"
05075,2020030901,2,"3461, 4518"
05077,2020030901,2,"3461, 4518"
05079,2019052601,2,"3414, 4441"
05079,2020030901,2,"3461, 4518"
05081,2020030901,2,"3461, 4518"
05083,2019052601,2,"3414, 4441"
05083,2020030901,2,"3461, 4518"
05085,2020030901,2,"3461, 4518"
05087,2009012601,2,"1819, 3301"
05087,2020030901,2,"3461, 4518"
05089,2009012601,2,"1819, 3301"
05089,2020030901,2,"3461, 4518"
05091,2020030901,2,"3461, 4518"
05093,2009012601,2,"1819, 3301"
05093,2020030901,2,"3461, 4518"
05095,2020030901,2,"3461, 4518"
05097,2020030901,2,"3461, 4518"
05099,2020030901,2,"3461, 4518"
05101,2009012601,2,"1819, 3301"
05101,2020030901,2,"3461, 4518"
05103,2020030901,2,"3461, 4518"
05105,2019052601,2,"3414, 4441"
05105,2020030901,2,"3461, 4518"
05107,2020030901,2,"3461, 4518"
05109,2020030901,2,"3461, 4518"
05111,2009012601,2,"1819, 3301"
05111,2020030901,2,"3461, 4518"
05113,2020030901,2,"3461, 4518"
05115,2009012601,2,"1819, 3301"
05115,2019052601,2,"3414, 4441"
05115,2020030901,2,"3461, 4518"
05117,2020030901,2,"3461, 4518"
05119,2019052601,2,"3414, 4441"
05119,2020030901,2,"3461, 4518"
05121,2009012601,2,"1819, 3301"
05121,2020030901,2,"3461, 4518"
05123,2020030901,2,"3461, 4518"
05125,2020030901,2,"3461, 4518"
05127,2020030901,2,"3461, 4518"
05129,2009012601,2,"1819, 3301"
05129,2020030901,2,"3461, 4518"
05131,2019052601,2,"3414, 4441"
05131,2020030901,2,"3461, 4518"
05133,2020030901,2,"3461, 4518"
05135,2009012601,2,"1819, 3301"
05135,2020030901,2,"3461, 4518"
05137,2009012601,2,"1819, 3301"
05137,2020030901,2,"3461, 4518"
05139,2020030901,2,"3461, 4518"
05141,2009012601,2,"1819, 3301"
05141,2020030901,2,"3461, 4518"
05143,2009012601,2,"1819, 3301"
05143,2020030901,2,"3461, 4518"
05145,2020030901,2,"3461, 4518"
05147,2020030901,2,"3461, 4518"
05149,2019052601,2,"3414, 4441"
05149,2020030901,2,"3461, 4518"
06001,2020030901,2,"3428, 4482"
06001,2023010401,2,"3591, 4683"
06003,2020030901,2,"3428, 4482"
06003,2023030901,2,"3592, 4699"
06005,2020030901,2,"3428, 4482"
06005,2023030901,2,"3592, 4699"
06007,2018110903,2,"3409, 4407"
06007,2020030901,2,"3428, 4482"
06007,2023030901,2,"3592, 4699"
06009,2020030901,2,"3428, 4482"
06009,2023030901,2,"3592, 4699"
06011,2020030901,2,"3428, 4482"
06011,2023010401,2,"3591, 4683"
06013,2020030901,2,"3428, 4482"
06013,2023010401,2,"3591, 4683"
06015,2020030901,2,"3428, 4482"
06015,2023030901,2,"3592, 4699"
06017,2020030901,2,"3428, 4482"
06017,2021081801,3,"3571, 4619, 5413"
06017,2023010401,2,"3591, 4683"
06017,2023030901,2,"3592, 4699"
06019,2020030901,2,"3428, 4482"
06019,2023010401,2,"3591, 4683"
06019,2023030901,2,"3592, 4699"
06021,2020030901,2,"3428, 4482"
06021,2023010401,2,"3591, 4683"
06021,2023030901,2,"3592, 4699"
06023,2020030901,2,"3428, 4482"
06023,2023010401,2,"3591, 4683"
06023,2023030901,2,"3592, 4699"
06025,2020030901,2,"3428, 4482"
06025,2023030901,2,"3592, 4699"
06027,2020030901,2,"3428, 4482"
06027,2023030901,2,"3592, 4699"
06029,2020030901,2,"3428, 4482"
06029,2023030901,2,"3592, 4699"
06031,2020030901,2,"3428, 4482"
06031,2023030901,2,"3592, 4699"
06033,2015091301,2,"4240, 5112"
06033,2020030901,2,"3428, 4482"
06033,2023030901,2,"3592, 4699"
06035,2020030901,2,"3428, 4482"
06037,2017120802,2,"3396, 4353"
06037,2018110903,2,"3409, 4407"
06037,2020030901,2,"3428, 4482"
06037,2023010401,2,"3591, 4683"
06037,2023030901,2,"3592, 4699"
06039,2020030901,2,"3428, 4482"
06039,2023010401,2,"3591, 4683"
06039,2023030901,2,"3592, 4699"
06041,2020030901,2,"3428, 4482"
06041,2023010401,2,"3591, 4683"
06043,2020030901,2,"3428, 4482"
06043,2023010401,2,"3591, 4683"
06043,2023030901,2,"3592, 4699"
06045,2020030901,2,"3428, 4482"
06045,2023010401,2,"3591, 4683"
06045,2023030901,2,"3592, 4699"
06047,2020030901,2,"3428, 4482"
06047,2023010401,2,"3591, 4683"
06047,2023030901,2,"3592, 4699"
06049,2020030901,2,"3428, 4482"
06051,2020030901,2,"3428, 4482"
06051,2023030901,2,"3592, 4699"
06053,2020030901,2,"3428, 4482"
06053,2023010401,2,"3591, 4683"
06053,2023030901,2,"3592, 4699"
06055,2020030901,2,"3428, 4482"
06055,2023010401,2,"3591, 4683"
06055,2023030901,2,"3592, 4699"
06057,2020030901,2,"3428, 4482"
06057,2023030901,2,"3592, 4699"
06059,2020030901,2,"3428, 4482"
06061,2020030901,2,"3428, 4482"
06061,2023010401,2,"3591, 4683"
06063,2020030901,2,"3428, 4482"
06063,2023030901,2,"3592, 4699"
06065,2020030901,4,"3428, 3442, 4482, 4524"
06065,2023081703,2,"4746, 4750"
06067,2020030901,2,"3428, 4482"
06067,2023010401,2,"3591, 4683"
06067,2023030901,2,"3592, 4699"
06069,2020030901,2,"3428, 4482"
06069,2023010401,2,"3591, 4683"
06069,2023030901,2,"3592, 4699"
06071,2020030901,6,"3428, 3442, 3443, 4482, 4523, 4524"
06071,2023030901,2,"3592, 4699"
06073,2017120802,2,"3396, 4353"
06073,2020030901,2,"3428, 4482"
06073,2023010401,2,"3591, 4683"
06075,2020030901,2,"3428, 4482"
06075,2023010401,2,"3591, 4683"
06075,2023030901,2,"3592, 4699"
06077,2020030901,2,"3428, 4482"
06077,2023010401,2,"3591, 4683"
06077,2023030901,2,"3592, 4699"
06079,2020030901,2,"3428, 4482"
06079,2023010401,2,"3591, 4683"
06079,2023030901,2,"3592, 4699"
06081,2020030901,2,"3428, 4482"
06081,2023010401,2,"3591, 4683"
06081,2023030901,2,"3592, 4699"
06083,2017120802,2,"3396, 4353"
06083,2020030901,2,"3428, 4482"
06083,2023010401,2,"3591, 4683"
06083,2023030901,2,"3592, 4699"
06085,2020030901,2,"3428, 4482"
06085,2023010401,2,"3591, 4683"
06085,2023030901,2,"3592, 4699"
06087,2020030901,2,"3428, 4482"
06087,2023010401,2,"3591, 4683"
06087,2023030901,2,"3592, 4699"
06089,2018072401,3,"3398, 4382, 5259"
06089,2020030901,2,"3428, 4482"
06091,2020030901,2,"3428, 4482"
06091,2023030901,2,"3592, 4699"
06093,2020030901,2,"3428, 4482"
06095,2020030901,2,"3428, 4482"
06095,2023010401,2,"3591, 4683"
06097,2020030901,2,"3428, 4482"
06097,2023010401,2,"3591, 4683"
06097,2023030901,2,"3592, 4699"
06099,2020030901,2,"3428, 4482"
06099,2023010401,2,"3591, 4683"
06099,2023030901,2,"3592, 4699"
06101,2020030901,2,"3428, 4482"
06101,2023010401,2,"3591, 4683"
06103,2020030901,2,"3428, 4482"
06103,2023010401,2,"3591, 4683"
06105,2020030901,2,"3428, 4482"
06105,2023030901,2,"3592, 4699"
06107,2020030901,2,"3428, 4482"
06107,2023010401,2,"3591, 4683"
06107,2023030901,2,"3592, 4699"
06109,2013082401,2,"4158, 5049"
06109,2020030901,2,"3428, 4482"
06109,2023030901,2,"3592, 4699"
06111,2017120802,2,"3396, 4353"
06111,2018110903,2,"3409, 4407"
06111,2020030901,2,"3428, 4482"
06111,2023010401,2,"3591, 4683"
06113,2020030901,2,"3428, 4482"
06113,2023010401,2,"3591, 4683"
06115,2020030901,2,"3428, 4482"
08001,2013091201,2,"3365, 4145"
08001,2020030901,2,"3436, 4498"
08003,2020030901,2,"3436, 4498"
08005,2013091201,2,"3365, 4145"
08005,2020030901,2,"3436, 4498"
08007,2020030901,2,"3436, 4498"
08009,2020030901,2,"3436, 4498"
08011,2020030901,2,"3436, 4498"
08013,2013091201,2,"3365, 4145"
08013,2020030901,2,"3436, 4498"
08014,2020030901,2,"3436, 4498"
08015,2020030901,2,"3436, 4498"
08017,2020030901,2,"3436, 4498"
08019,2013091201,2,"3365, 4145"
08019,2020030901,2,"3436, 4498"
08021,2020030901,2,"3436, 4498"
08023,2020030901,2,"3436, 4498"
08025,2020030901,2,"3436, 4498"
08027,2020030901,2,"3436, 4498"
08029,2020030901,2,"3436, 4498"
08031,2013091201,2,"3365, 4145"
08031,2020030901,2,"3436, 4498"
08033,2020030901,2,"3436, 4498"
08035,2020030901,2,"3436, 4498"
08037,2020030901,2,"3436, 4498"
08039,2020030901,2,"3436, 4498"
08041,2013061201,2,"4134, 5027"
08041,2013091201,2,"3365, 4145"
08041,2020030901,2,"3436, 4498"
08043,2013061202,2,"4133, 5028"
08043,2013091201,2,"3365, 4145"
08043,2020030901,2,"3436, 4498"
08045,2020030901,2,"3436, 4498"
08047,2020030901,2,"3436, 4498"
08049,2020030901,2,"3436, 4498"
08051,2020030901,2,"3436, 4498"
08053,2020030901,2,"3436, 4498"
08055,2020030901,2,"3436, 4498"
08057,2020030901,2,"3436, 4498"
08059,2013091201,2,"3365, 4145"
08059,2020030901,2,"3436, 4498"
08061,2020030901,2,"3436, 4498"
08063,2020030901,2,"3436, 4498"
08065,2020030901,2,"3436, 4498"
08067,2020030901,6,"3436, 3460, 3478, 4498, 4525, 4529"
08069,2013091201,2,"3365, 4145"
08069,2020030901,2,"3436, 4498"
08071,2020030901,2,"3436, 4498"
08073,2020030901,2,"3436, 4498"
08075,2013091201,2,"3365, 4145"
08075,2020030901,2,"3436, 4498"
08077,2020030901,2,"3436, 4498"
08079,2020030901,2,"3436, 4498"
08081,2020030901,2,"3436, 4498"
08083,2020030901,6,"3436, 3460, 3478, 4498, 4525, 4529"
08085,2020030901,2,"3436, 4498"
08087,2013091201,2,"3365, 4145"
08087,2020030901,2,"3436, 4498"
08089,2020030901,2,"3436, 4498"
08091,2020030901,2,"3436, 4498"
08093,2020030901,2,"3436, 4498"
08095,2020030901,2,"3436, 4498"
08097,2020030901,2,"3436, 4498"
08099,2020030901,2,"3436, 4498"
08101,2020030901,2,"3436, 4498"
08103,2020030901,2,"3436, 4498"
08105,2020030901,2,"3436, 4498"
08107,2020030901,2,"3436, 4498"
08109,2020030901,2,"3436, 4498"
08111,2020030901,2,"3436, 4498"
08113,2020030901,2,"3436, 4498"
08115,2020030901,2,"3436, 4498"
08117,2020030901,2,"3436, 4498"
08119,2020030901,2,"3436, 4498"
08121,2013091201,2,"3365, 4145"
08121,2020030901,2,"3436, 4498"
08123,2013091201,2,"3365, 4145"
08123,2020030901,2,"3436, 4498"
08125,2020030901,2,"3436, 4498"
09000,2011082401,2,"3331, 4023"
09000,2011103101,2,"3342, 4046"
09000,2012102505,2,"3353, 4087"
09000,2013020801,2,"3361, 4106"
09000,2020030901,2,"3439, 4500"
09000,2020072601,2,"3535, 4580"
09000,2024081901,2,"3612, 4820"
10001,2011082201,2,"3336, 4037"
10001,2012102505,2,"3357, 4090"
10001,2020030901,2,"3449, 4526"
10003,2012102505,2,"3357, 4090"
10003,2020030901,2,"3449, 4526"
10005,2011082201,2,"3336, 4037"
10005,2012102505,2,"3357, 4090"
10005,2020030901,2,"3449, 4526"
11001,2011082201,2,"3337, 4036"
11001,2012102505,2,"3352, 4096"
11001,2020030901,2,"3447, 4502"
12001,2017083101,2,"3385, 4337"
12001,2020030901,2,"3432, 4486"
12001,2022092201,2,"3584, 4673"
12001,2022110701,2,"3587, 4680"
12001,2023082403,2,"3596, 4734"
12001,2024072801,2,"3605, 4806"
12001,2024092301,2,"3615, 4828"
12001,2024100501,2,"3622, 4834"
12003,2017083101,2,"3385, 4337"
12003,2020030901,2,"3432, 4486"
12003,2022092201,2,"3584, 4673"
12003,2023082403,2,"3596, 4734"
12003,2024072801,2,"3605, 4806"
12003,2024100501,2,"3622, 4834"
12005,2017083101,2,"3385, 4337"
12005,2018100601,2,"3405, 4399"
12005,2020030901,2,"3432, 4486"
12005,2020091301,2,"3546, 4564"
12005,2022092201,2,"3584, 4673"
12005,2023082403,2,"3596, 4734"
12005,2024072801,2,"3605, 4806"
12005,2024092301,2,"3615, 4828"
12007,2017083101,2,"3385, 4337"
12007,2020030901,2,"3432, 4486"
12007,2022092201,2,"3584, 4673"
12007,2022110701,2,"3587, 4680"
12007,2023082403,2,"3596, 4734"
12007,2024072801,2,"3605, 4806"
12007,2024092301,2,"3615, 4828"
12007,2024100501,2,"3622, 4834"
12009,2016092802,2,"3377, 4283"
12009,2017083101,2,"3385, 4337"
12009,2019082401,2,"3419, 4468"
12009,2020030901,2,"3432, 4486"
12009,2022092201,2,"3584, 4673"
12009,2022110701,2,"3587, 4680"
12009,2023082403,2,"3596, 4734"
12009,2024072801,2,"3605, 4806"
12009,2024100501,2,"3622, 4834"
12011,2016092802,2,"3377, 4283"
12011,2017083101,4,"3385, 3388, 4337, 4341"
12011,2019082401,3,"3419, 3420, 4468"
12011,2020030901,4,"3432, 3468, 4486, 4545"
12011,2022092201,3,"3584, 4673, 4675"
12011,2022110701,3,"3587, 3588, 4680"
12011,2024100501,4,"3622, 3623, 4834, 4844"
12013,2017083101,2,"3385, 4337"
12013,2018100601,2,"3405, 4399"
12013,2020030901,2,"3432, 4486"
12013,2020091301,2,"3546, 4564"
12013,2022092201,2,"3584, 4673"
12013,2023082403,2,"3596, 4734"
12013,2024072801,2,"3605, 4806"
12013,2024092301,2,"3615, 4828"
12015,2017083101,2,"3385, 4337"
12015,2020030901,2,"3432, 4486"
12015,2022092201,2,"3584, 4673"
12015,2022110701,2,"3587, 4680"
12015,2023082403,2,"3596, 4734"
12015,2024072801,2,"3605, 4806"
12015,2024092301,2,"3615, 4828"
12015,2024100501,2,"3622, 4834"
12017,2017083101,2,"3385, 4337"
12017,2020030901,2,"3432, 4486"
12017,2022092201,2,"3584, 4673"
12017,2022110701,2,"3587, 4680"
12017,2023082403,2,"3596, 4734"
12017,2024072801,2,"3605, 4806"
12017,2024092301,2,"3615, 4828"
12017,2024100501,2,"3622, 4834"
12019,2016092802,2,"3377, 4283"
12019,2017083101,2,"3385, 4337"
12019,2020030901,2,"3432, 4486"
12019,2022092201,2,"3584, 4673"
12019,2022110701,2,"3587, 4680"
12019,2023082403,2,"3596, 4734"
12019,2024072801,2,"3605, 4806"
12019,2024100501,2,"3622, 4834"
12021,2017083101,3,"3385, 4337, 4341"
12021,2019082401,2,"3419, 3420"
12021,2020030901,4,"3432, 3468, 4486, 4545"
12021,2022092201,3,"3584, 4673, 4675"
12021,2022110701,3,"3587, 3588, 4680"
12021,2023082403,2,"3596, 4734"
12021,2024072801,2,"3605, 4806"
12021,2024092301,2,"3615, 4828"
12021,2024100501,4,"3622, 3623, 4834, 4844"
12023,2017083101,2,"3385, 4337"
12023,2020030901,2,"3432, 4486"
12023,2022092201,2,"3584, 4673"
12023,2023082403,2,"3596, 4734"
12023,2024072801,2,"3605, 4806"
12023,2024092301,2,"3615, 4828"
12023,2024100501,2,"3622, 4834"
12027,2017083101,2,"3385, 4337"
12027,2020030901,2,"3432, 4486"
12027,2022092201,2,"3584, 4673"
12027,2022110701,2,"3587, 4680"
12027,2023082403,2,"3596, 4734"
12027,2024072801,2,"3605, 4806"
12027,2024100501,2,"3622, 4834"
12029,2017083101,2,"3385, 4337"
12029,2020030901,2,"3432, 4486"
12029,2022092201,2,"3584, 4673"
12029,2022110701,2,"3587, 4680"
12029,2023082403,2,"3596, 4734"
12029,2024072801,2,"3605, 4806"
12029,2024092301,2,"3615, 4828"
12029,2024100501,2,"3622, 4834"
12031,2016092802,2,"3377, 4283"
12031,2017083101,2,"3385, 4337"
12031,2019082401,2,"3419, 4468"
12031,2020030901,2,"3432, 4486"
12031,2022092201,2,"3584, 4673"
12031,2022110701,2,"3587, 4680"
12031,2023082403,2,"3596, 4734"
12031,2024072801,2,"3605, 4806"
12031,2024100501,2,"3622, 4834"
12033,2017083101,2,"3385, 4337"
12033,2020030901,2,"3432, 4486"
12033,2020091301,2,"3546, 4564"
12033,2022092201,2,"3584, 4673"
12033,2024072801,2,"3605, 4806"
12033,2024092301,2,"3615, 4828"
12035,2016092802,2,"3377, 4283"
12035,2017083101,2,"3385, 4337"
12035,2019082401,2,"3419, 4468"
12035,2020030901,2,"3432, 4486"
12035,2022092201,2,"3584, 4673"
12035,2022110701,2,"3587, 4680"
12035,2023082403,2,"3596, 4734"
12035,2024072801,2,"3605, 4806"
12035,2024100501,2,"3622, 4834"
12037,2017083101,2,"3385, 4337"
12037,2018100601,2,"3405, 4399"
12037,2020030901,2,"3432, 4486"
12037,2020091301,2,"3546, 4564"
12037,2022092201,2,"3584, 4673"
12037,2023082403,2,"3596, 4734"
12037,2024072801,2,"3605, 4806"
12037,2024092301,2,"3615, 4828"
12039,2017083101,2,"3385, 4337"
12039,2018100601,2,"3405, 4399"
12039,2020030901,2,"3432, 4486"
12039,2020091301,2,"3546, 4564"
12039,2022092201,2,"3584, 4673"
12039,2023082403,2,"3596, 4734"
12039,2024072801,2,"3605, 4806"
12039,2024092301,2,"3615, 4828"
12041,2017083101,2,"3385, 4337"
12041,2020030901,2,"3432, 4486"
12041,2022092201,2,"3584, 4673"
12041,2022110701,2,"3587, 4680"
12041,2023082403,2,"3596, 4734"
12041,2024072801,2,"3605, 4806"
12041,2024092301,2,"3615, 4828"
12041,2024100501,2,"3622, 4834"
12043,2017083101,3,"3385, 4337, 4341"
12043,2019082401,2,"3419, 3420"
12043,2020030901,4,"3432, 3468, 4486, 4545"
12043,2022092201,3,"3584, 4673, 4675"
12043,2022110701,3,"3587, 3588, 4680"
12043,2024072801,2,"3605, 4806"
12043,2024100501,4,"3622, 3623, 4834, 4844"
12045,2017083101,2,"3385, 4337"
12045,2018100601,2,"3405, 4399"
12045,2020030901,2,"3432, 4486"
12045,2020091301,2,"3546, 4564"
12045,2022092201,2,"3584, 4673"
12045,2023082403,2,"3596, 4734"
12045,2024072801,2,"3605, 4806"
12045,2024092301,2,"3615, 4828"
12047,2017083101,2,"3385, 4337"
12047,2018100601,2,"3405, 4399"
12047,2020030901,2,"3432, 4486"
12047,2022092201,2,"3584, 4673"
12047,2023082403,2,"3596, 4734"
12047,2024072801,2,"3605, 4806"
12047,2024092301,2,"3615, 4828"
12047,2024100501,2,"3622, 4834"
12049,2017083101,2,"3385, 4337"
12049,2020030901,2,"3432, 4486"
12049,2022092201,2,"3584, 4673"
12049,2022110701,2,"3587, 4680"
12049,2023082403,2,"3596, 4734"
12049,2024072801,2,"3605, 4806"
12049,2024100501,2,"3622, 4834"
12051,2017083101,3,"3385, 4337, 4341"
12051,2019082401,2,"3419, 3420"
12051,2020030901,4,"3432, 3468, 4486, 4545"
12051,2022092201,3,"3584, 4673, 4675"
12051,2022110701,3,"3587, 3588, 4680"
12051,2024072801,2,"3605, 4806"
12051,2024100501,4,"3622, 3623, 4834, 4844"
12053,2017083101,2,"3385, 4337"
12053,2020030901,2,"3432, 4486"
12053,2022092201,2,"3584, 4673"
12053,2022110701,2,"3587, 4680"
12053,2023082403,2,"3596, 4734"
12053,2024072801,2,"3605, 4806"
12053,2024092301,2,"3615, 4828"
12053,2024100501,2,"3622, 4834"
12055,2017083101,2,"3385, 4337"
12055,2020030901,2,"3432, 4486"
12055,2022092201,2,"3584, 4673"
12055,2022110701,2,"3587, 4680"
12055,2024072801,2,"3605, 4806"
12055,2024100501,2,"3622, 4834"
12057,2017083101,3,"3385, 4337, 4341"
12057,2019082401,2,"3419, 3420"
12057,2020030901,4,"3432, 3468, 4486, 4545"
12057,2022092201,3,"3584, 4673, 4675"
12057,2022110701,3,"3587, 3588, 4680"
12057,2023082403,2,"3596, 4734"
12057,2024072801,2,"3605, 4806"
12057,2024092301,2,"3615, 4828"
12057,2024100501,4,"3622, 3623, 4834, 4844"
12059,2017083101,2,"3385, 4337"
12059,2018100601,2,"3405, 4399"
12059,2020030901,2,"3432, 4486"
12059,2020091301,2,"3546, 4564"
12059,2022092201,2,"3584, 4673"
12059,2024072801,2,"3605, 4806"
12059,2024092301,2,"3615, 4828"
12061,2016092802,2,"3377, 4283"
12061,2017083101,2,"3385, 4337"
12061,2019082401,2,"3419, 4468"
12061,2020030901,2,"3432, 4486"
12061,2022092201,2,"3584, 4673"
12061,2022110701,2,"3587, 4680"
12061,2024100501,2,"3622, 4834"
12063,2017083101,2,"3385, 4337"
12063,2018100601,2,"3405, 4399"
12063,2020030901,2,"3432, 4486"
12063,2020091301,2,"3546, 4564"
12063,2022092201,2,"3584, 4673"
12063,2024072801,2,"3605, 4806"
12063,2024092301,2,"3615, 4828"
12065,2017083101,2,"3385, 4337"
12065,2018100601,2,"3405, 4399"
12065,2020030901,2,"3432, 4486"
12065,2022092201,2,"3584, 4673"
12065,2022110701,2,"3587, 4680"
12065,2023082403,2,"3596, 4734"
12065,2024072801,2,"3605, 4806"
12065,2024092301,2,"3615, 4828"
12067,2017083101,2,"3385, 4337"
12067,2020030901,2,"3432, 4486"
12067,2022092201,2,"3584, 4673"
12067,2023082403,2,"3596, 4734"
12067,2024072801,2,"3605, 4806"
12067,2024092301,2,"3615, 4828"
12067,2024100501,2,"3622, 4834"
12069,2016092802,2,"3377, 4283"
12069,2017083101,2,"3385, 4337"
12069,2020030901,2,"3432, 4486"
12069,2022092201,2,"3584, 4673"
12069,2022110701,2,"3587, 4680"
12069,2023082403,2,"3596, 4734"
12069,2024072801,2,"3605, 4806"
12069,2024100501,2,"3622, 4834"
12071,2017083101,2,"3385, 4337"
12071,2020030901,2,"3432, 4486"
12071,2022092201,2,"3584, 4673"
12071,2022110701,2,"3587, 4680"
12071,2023082403,2,"3596, 4734"
12071,2024072801,2,"3605, 4806"
12071,2024092301,2,"3615, 4828"
12071,2024100501,2,"3622, 4834"
12073,2017083101,2,"3385, 4337"
12073,2018100601,2,"3405, 4399"
12073,2020030901,2,"3432, 4486"
12073,2022092201,2,"3584, 4673"
12073,2023082403,2,"3596, 4734"
12073,2024072801,2,"3605, 4806"
12073,2024092301,2,"3615, 4828"
12075,2017083101,2,"3385, 4337"
12075,2020030901,2,"3432, 4486"
12075,2022092201,2,"3584, 4673"
12075,2022110701,2,"3587, 4680"
12075,2023082403,2,"3596, 4734"
12075,2024072801,2,"3605, 4806"
12075,2024092301,2,"3615, 4828"
12075,2024100501,2,"3622, 4834"
12077,2017083101,2,"3385, 4337"
12077,2018100601,2,"3405, 4399"
12077,2020030901,2,"3432, 4486"
12077,2020091301,2,"3546, 4564"
12077,2022092201,2,"3584, 4673"
12077,2023082403,2,"3596, 4734"
12077,2024072801,2,"3605, 4806"
12077,2024092301,2,"3615, 4828"
12079,2017083101,2,"3385, 4337"
12079,2018100601,2,"3405, 4399"
12079,2020030901,2,"3432, 4486"
12079,2022092201,2,"3584, 4673"
12079,2023082403,2,"3596, 4734"
12079,2024072801,2,"3605, 4806"
12079,2024092301,2,"3615, 4828"
12079,2024100501,2,"3622, 4834"
12081,2017083101,2,"3385, 4337"
12081,2020030901,2,"3432, 4486"
12081,2022092201,2,"3584, 4673"
12081,2022110701,2,"3587, 4680"
12081,2023082403,2,"3596, 4734"
12081,2024072801,2,"3605, 4806"
12081,2024092301,2,"3615, 4828"
12081,2024100501,2,"3622, 4834"
12083,2017083101,2,"3385, 4337"
12083,2020030901,2,"3432, 4486"
12083,2022092201,2,"3584, 4673"
12083,2022110701,2,"3587, 4680"
12083,2023082403,2,"3596, 4734"
12083,2024072801,2,"3605, 4806"
12083,2024092301,2,"3615, 4828"
12083,2024100501,2,"3622, 4834"
12085,2016092802,2,"3377, 4283"
12085,2017083101,2,"3385, 4337"
12085,2019082401,2,"3419, 4468"
12085,2020030901,2,"3432, 4486"
12085,2022092201,2,"3584, 4673"
12085,2022110701,2,"3587, 4680"
12085,2024100501,2,"3622, 4834"
12086,2017083101,2,"3385, 4337"
12086,2020030901,2,"3432, 4486"
12086,2022092201,2,"3584, 4673"
12086,2022110701,2,"3587, 4680"
12086,2024100501,2,"3622, 4834"
12087,2017083101,2,"3385, 4337"
12087,2020030901,2,"3432, 4486"
12087,2022092201,2,"3584, 4673"
12087,2024072801,2,"3605, 4806"
12087,2024092301,2,"3615, 4828"
12087,2024100501,2,"3622, 4834"
12089,2016092802,2,"3377, 4283"
12089,2017083101,2,"3385, 4337"
12089,2019082401,2,"3419, 4468"
12089,2020030901,2,"3432, 4486"
12089,2022092201,2,"3584, 4673"
12089,2022110701,2,"3587, 4680"
12089,2023082403,2,"3596, 4734"
12089,2024072801,2,"3605, 4806"
12089,2024100501,2,"3622, 4834"
12091,2017083101,2,"3385, 4337"
12091,2018100601,2,"3405, 4399"
12091,2020030901,2,"3432, 4486"
12091,2020091301,2,"3546, 4564"
12091,2022092201,2,"3584, 4673"
12091,2024072801,2,"3605, 4806"
12091,2024092301,2,"3615, 4828"
12093,2017083101,2,"3385, 4337"
12093,2020030901,2,"3432, 4486"
12093,2022092201,2,"3584, 4673"
12093,2022110701,2,"3587, 4680"
12093,2024072801,2,"3605, 4806"
12093,2024100501,2,"3622, 4834"
12095,2016092802,2,"3377, 4283"
12095,2017083101,2,"3385, 4337"
12095,2020030901,2,"3432, 4486"
12095,2022092201,2,"3584, 4673"
12095,2022110701,2,"3587, 4680"
12095,2023082403,2,"3596, 4734"
12095,2024072801,2,"3605, 4806"
12095,2024100501,2,"3622, 4834"
12097,2016092802,2,"3377, 4283"
12097,2017083101,2,"3385, 4337"
12097,2019082401,2,"3419, 4468"
12097,2020030901,2,"3432, 4486"
12097,2022092201,2,"3584, 4673"
12097,2022110701,2,"3587, 4680"
12097,2023082403,2,"3596, 4734"
12097,2024072801,2,"3605, 4806"
12097,2024100501,2,"3622, 4834"
12099,2016092802,2,"3377, 4283"
12099,2017083101,2,"3385, 4337"
12099,2019082401,2,"3419, 4468"
12099,2020030901,2,"3432, 4486"
12099,2022092201,2,"3584, 4673"
12099,2022110701,2,"3587, 4680"
12099,2024100501,2,"3622, 4834"
12101,2017083101,2,"3385, 4337"
12101,2020030901,2,"3432, 4486"
12101,2022092201,2,"3584, 4673"
12101,2022110701,2,"3587, 4680"
12101,2023082403,2,"3596, 4734"
12101,2024072801,2,"3605, 4806"
12101,2024092301,2,"3615, 4828"
12101,2024100501,2,"3622, 4834"
12103,2017083101,2,"3385, 4337"
12103,2020030901,2,"3432, 4486"
12103,2022092201,2,"3584, 4673"
12103,2022110701,2,"3587, 4680"
12103,2023082403,2,"3596, 4734"
12103,2024072801,2,"3605, 4806"
12103,2024092301,2,"3615, 4828"
12103,2024100501,2,"3622, 4834"
12105,2017083101,2,"3385, 4337"
12105,2020030901,2,"3432, 4486"
12105,2022092201,2,"3584, 4673"
12105,2022110701,2,"3587, 4680"
12105,2023082403,2,"3596, 4734"
12105,2024072801,2,"3605, 4806"
12105,2024100501,2,"3622, 4834"
12107,2016092802,2,"3377, 4283"
12107,2017083101,2,"3385, 4337"
12107,2019082401,2,"3419, 4468"
12107,2020030901,2,"3432, 4486"
12107,2022092201,2,"3584, 4673"
12107,2022110701,2,"3587, 4680"
12107,2023082403,2,"3596, 4734"
12107,2024072801,2,"3605, 4806"
12107,2024100501,2,"3622, 4834"
12109,2016092802,2,"3377, 4283"
12109,2017083101,2,"3385, 4337"
12109,2019082401,2,"3419, 4468"
12109,2020030901,2,"3432, 4486"
12109,2022092201,2,"3584, 4673"
12109,2022110701,2,"3587, 4680"
12109,2023082403,2,"3596, 4734"
12109,2024072801,2,"3605, 4806"
12109,2024100501,2,"3622, 4834"
12111,2016092802,2,"3377, 4283"
12111,2017083101,3,"3385, 4337, 4341"
12111,2019082401,3,"3419, 3420, 4468"
12111,2020030901,4,"3432, 3468, 4486, 4545"
12111,2022092201,3,"3584, 4673, 4675"
12111,2022110701,3,"3587, 3588, 4680"
12111,2024100501,4,"3622, 3623, 4834, 4844"
12113,2017083101,2,"3385, 4337"
12113,2020030901,2,"3432, 4486"
12113,2020091301,2,"3546, 4564"
12113,2022092201,2,"3584, 4673"
12113,2024072801,2,"3605, 4806"
12113,2024092301,2,"3615, 4828"
12115,2017083101,2,"3385, 4337"
12115,2020030901,2,"3432, 4486"
12115,2022092201,2,"3584, 4673"
12115,2022110701,2,"3587, 4680"
12115,2023082403,2,"3596, 4734"
12115,2024072801,2,"3605, 4806"
12115,2024092301,2,"3615, 4828"
12115,2024100501,2,"3622, 4834"
12117,2016092802,2,"3377, 4283"
12117,2017083101,2,"3385, 4337"
12117,2019082401,2,"3419, 4468"
12117,2020030901,2,"3432, 4486"
12117,2022092201,2,"3584, 4673"
12117,2022110701,2,"3587, 4680"
12117,2023082403,2,"3596, 4734"
12117,2024072801,2,"3605, 4806"
12117,2024100501,2,"3622, 4834"
12119,2017083101,2,"3385, 4337"
12119,2020030901,2,"3432, 4486"
12119,2022092201,2,"3584, 4673"
12119,2022110701,2,"3587, 4680"
12119,2023082403,2,"3596, 4734"
12119,2024072801,2,"3605, 4806"
12119,2024092301,2,"3615, 4828"
12119,2024100501,2,"3622, 4834"
12121,2017083101,2,"3385, 4337"
12121,2018100601,2,"3405, 4399"
12121,2020030901,2,"3432, 4486"
12121,2022092201,2,"3584, 4673"
12121,2023082403,2,"3596, 4734"
12121,2024072801,2,"3605, 4806"
12121,2024092301,2,"3615, 4828"
12121,2024100501,2,"3622, 4834"
12123,2017083101,2,"3385, 4337"
12123,2018100601,2,"3405, 4399"
12123,2020030901,2,"3432, 4486"
12123,2022092201,2,"3584, 4673"
12123,2022110701,2,"3587, 4680"
12123,2023082403,2,"3596, 4734"
12123,2024072801,2,"3605, 4806"
12123,2024092301,2,"3615, 4828"
12123,2024100501,2,"3622, 4834"
12125,2017083101,2,"3385, 4337"
12125,2020030901,2,"3432, 4486"
12125,2022092201,2,"3584, 4673"
12125,2023082403,2,"3596, 4734"
12125,2024072801,2,"3605, 4806"
12125,2024092301,2,"3615, 4828"
12125,2024100501,2,"3622, 4834"
12127,2016092802,2,"3377, 4283"
12127,2017083101,2,"3385, 4337"
12127,2019082401,2,"3419, 4468"
12127,2020030901,2,"3432, 4486"
12127,2022092201,2,"3584, 4673"
12127,2022110701,2,"3587, 4680"
12127,2023082403,2,"3596, 4734"
12127,2024072801,2,"3605, 4806"
12127,2024100501,2,"3622, 4834"
12129,2017083101,2,"3385, 4337"
12129,2018100601,2,"3405, 4399"
12129,2020030901,2,"3432, 4486"
12129,2022092201,2,"3584, 4673"
12129,2022110701,2,"3587, 4680"
12129,2023082403,2,"3596, 4734"
12129,2024072801,2,"3605, 4806"
12129,2024092301,2,"3615, 4828"
12131,2017083101,2,"3385, 4337"
12131,2018100601,2,"3405, 4399"
12131,2020030901,2,"3432, 4486"
12131,2020091301,2,"3546, 4564"
12131,2022092201,2,"3584, 4673"
12131,2024072801,2,"3605, 4806"
12131,2024092301,2,"3615, 4828"
12133,2017083101,2,"3385, 4337"
12133,2018100601,2,"3405, 4399"
12133,2020030901,2,"3432, 4486"
12133,2020091301,2,"3546, 4564"
12133,2022092201,2,"3584, 4673"
12133,2024072801,2,"3605, 4806"
12133,2024092301,2,"3615, 4828"
13001,2017083101,2,"3387, 4338"
13001,2018100601,2,"3406, 4400"
13001,2020030901,2,"3464, 4501"
13001,2024072801,2,"3607, 4821"
13001,2024092301,2,"3616, 4830"
13003,2017083101,2,"3387, 4338"
13003,2018100601,2,"3406, 4400"
13003,2020030901,2,"3464, 4501"
13003,2024072801,2,"3607, 4821"
13003,2024092301,2,"3616, 4830"
13005,2017083101,2,"3387, 4338"
13005,2018100601,2,"3406, 4400"
13005,2020030901,2,"3464, 4501"
13005,2024072801,2,"3607, 4821"
13005,2024092301,2,"3616, 4830"
13007,2017083101,2,"3387, 4338"
13007,2018100601,2,"3406, 4400"
13007,2020030901,2,"3464, 4501"
13009,2014020901,2,"3368, 4165"
13009,2017083101,2,"3387, 4338"
13009,2020030901,2,"3464, 4501"
13009,2024092301,2,"3616, 4830"
13011,2017083101,2,"3387, 4338"
13011,2020030901,2,"3464, 4501"
13011,2024092301,2,"3616, 4830"
13013,2017083101,2,"3387, 4338"
13013,2020030901,2,"3464, 4501"
13015,2017083101,2,"3387, 4338"
13015,2020030901,2,"3464, 4501"
13017,2017083101,2,"3387, 4338"
13017,2018100601,2,"3406, 4400"
13017,2020030901,2,"3464, 4501"
13017,2024092301,2,"3616, 4830"
13019,2017083101,2,"3387, 4338"
13019,2018100601,2,"3406, 4400"
13019,2020030901,2,"3464, 4501"
13019,2024072801,2,"3607, 4821"
13019,2024092301,2,"3616, 4830"
13021,2017083101,2,"3387, 4338"
13021,2020030901,2,"3464, 4501"
13023,2017083101,2,"3387, 4338"
13023,2018100601,2,"3406, 4400"
13023,2020030901,2,"3464, 4501"
13023,2024092301,2,"3616, 4830"
13025,2016092802,2,"3379, 4284"
13025,2017083101,2,"3387, 4338"
13025,2020030901,2,"3464, 4501"
13025,2024072801,2,"3607, 4821"
13025,2024092301,2,"3616, 4830"
13027,2017083101,2,"3387, 4338"
13027,2018100601,2,"3406, 4400"
13027,2020030901,2,"3464, 4501"
13027,2024072801,2,"3607, 4821"
13027,2024092301,2,"3616, 4830"
13029,2016092802,2,"3379, 4284"
13029,2017083101,2,"3387, 4338"
13029,2020030901,2,"3464, 4501"
13029,2024072801,2,"3607, 4821"
13029,2024092301,2,"3616, 4830"
13031,2014020901,2,"3368, 4165"
13031,2016092802,2,"3379, 4284"
13031,2017083101,2,"3387, 4338"
13031,2018100601,2,"3406, 4400"
13031,2020030901,2,"3464, 4501"
13031,2024072801,2,"3607, 4821"
13031,2024092301,2,"3616, 4830"
13033,2014020901,2,"3368, 4165"
13033,2017083101,2,"3387, 4338"
13033,2018100601,2,"3406, 4400"
13033,2020030901,2,"3464, 4501"
13033,2024072801,2,"3607, 4821"
13033,2024092301,2,"3616, 4830"
13035,2014020901,2,"3368, 4165"
13035,2017083101,2,"3387, 4338"
13035,2020030901,2,"3464, 4501"
13035,2024092301,2,"3616, 4830"
13037,2017083101,2,"3387, 4338"
13037,2018100601,2,"3406, 4400"
13037,2020030901,2,"3464, 4501"
13039,2016092802,2,"3379, 4284"
13039,2017083101,2,"3387, 4338"
13039,2020030901,2,"3464, 4501"
13039,2024072801,2,"3607, 4821"
13039,2024092301,2,"3616, 4830"
13043,2014020901,2,"3368, 4165"
13043,2016092802,2,"3379, 4284"
13043,2017083101,2,"3387, 4338"
13043,2018100601,2,"3406, 4400"
13043,2020030901,2,"3464, 4501"
13043,2024072801,2,"3607, 4821"
13043,2024092301,2,"3616, 4830"
13045,2014020901,2,"3368, 4165"
13045,2017083101,2,"3387, 4338"
13045,2020030901,2,"3464, 4501"
13047,2017083101,2,"3387, 4338"
13047,2020030901,2,"3464, 4501"
13049,2017083101,2,"3387, 4338"
13049,2020030901,2,"3464, 4501"
13049,2024072801,2,"3607, 4821"
13049,2024092301,2,"3616, 4830"
13051,2016092802,2,"3379, 4284"
13051,2017083101,2,"3387, 4338"
13051,2020030901,2,"3464, 4501"
13051,2024072801,2,"3607, 4821"
13051,2024092301,2,"3616, 4830"
13053,2017083101,2,"3387, 4338"
13053,2018100601,2,"3406, 4400"
13053,2020030901,2,"3464, 4501"
13055,2017083101,2,"3387, 4338"
13055,2020030901,2,"3464, 4501"
13057,2017083101,2,"3387, 4338"
13057,2020030901,2,"3464, 4501"
13059,2017083101,2,"3387, 4338"
13059,2020030901,2,"3464, 4501"
13061,2017083101,2,"3387, 4338"
13061,2018100601,2,"3406, 4400"
13061,2020030901,2,"3464, 4501"
13063,2017083101,2,"3387, 4338"
13063,2020030901,2,"3464, 4501"
13065,2017083101,2,"3387, 4338"
13065,2020030901,2,"3464, 4501"
13065,2024072801,2,"3607, 4821"
13065,2024092301,2,"3616, 4830"
13067,2017083101,2,"3387, 4338"
13067,2020030901,2,"3464, 4501"
13069,2017083101,2,"3387, 4338"
13069,2018100601,2,"3406, 4400"
13069,2020030901,2,"3464, 4501"
13069,2024072801,2,"3607, 4821"
13069,2024092301,2,"3616, 4830"
13071,2017083101,2,"3387, 4338"
13071,2018100601,2,"3406, 4400"
13071,2020030901,2,"3464, 4501"
13071,2024072801,2,"3607, 4821"
13071,2024092301,2,"3616, 4830"
13073,2014020901,2,"3368, 4165"
13073,2017083101,2,"3387, 4338"
13073,2020030901,2,"3464, 4501"
13073,2024092301,2,"3616, 4830"
13075,2017083101,2,"3387, 4338"
13075,2018100601,2,"3406, 4400"
13075,2020030901,2,"3464, 4501"
13075,2024072801,2,"3607, 4821"
13075,2024092301,2,"3616, 4830"
13077,2014020901,2,"3368, 4165"
13077,2017083101,2,"3387, 4338"
13077,2020030901,2,"3464, 4501"
13079,2017083101,2,"3387, 4338"
13079,2018100601,2,"3406, 4400"
13079,2020030901,2,"3464, 4501"
13081,2017083101,2,"3387, 4338"
13081,2018100601,2,"3406, 4400"
13081,2020030901,2,"3464, 4501"
13081,2024092301,2,"3616, 4830"
13083,2014020901,2,"3368, 4165"
13083,2017083101,2,"3387, 4338"
13083,2020030901,2,"3464, 4501"
13085,2017083101,2,"3387, 4338"
13085,2020030901,2,"3464, 4501"
13085,2024092301,2,"3616, 4830"
13087,2017083101,2,"3387, 4338"
13087,2018100601,2,"3406, 4400"
13087,2020030901,2,"3464, 4501"
13087,2024092301,2,"3616, 4830"
13089,2017083101,2,"3387, 4338"
13089,2020030901,2,"3464, 4501"
13091,2017083101,2,"3387, 4338"
13091,2018100601,2,"3406, 4400"
13091,2020030901,2,"3464, 4501"
13091,2024092301,2,"3616, 4830"
13093,2017083101,2,"3387, 4338"
13093,2018100601,2,"3406, 4400"
13093,2020030901,2,"3464, 4501"
13093,2024092301,2,"3616, 4830"
13095,2017083101,2,"3387, 4338"
13095,2018100601,2,"3406, 4400"
13095,2020030901,2,"3464, 4501"
13097,2017083101,2,"3387, 4338"
13097,2020030901,2,"3464, 4501"
13099,2017083101,2,"3387, 4338"
13099,2018100601,2,"3406, 4400"
13099,2020030901,2,"3464, 4501"
13101,2017083101,2,"3387, 4338"
13101,2018100601,2,"3406, 4400"
13101,2020030901,2,"3464, 4501"
13101,2024072801,2,"3607, 4821"
13101,2024092301,2,"3616, 4830"
13103,2016092802,2,"3379, 4284"
13103,2017083101,2,"3387, 4338"
13103,2020030901,2,"3464, 4501"
13103,2024072801,2,"3607, 4821"
13103,2024092301,2,"3616, 4830"
13105,2017083101,2,"3387, 4338"
13105,2020030901,2,"3464, 4501"
13105,2024092301,2,"3616, 4830"
13107,2014020901,2,"3368, 4165"
13107,2016092802,2,"3379, 4284"
13107,2017083101,2,"3387, 4338"
13107,2018100601,2,"3406, 4400"
13107,2020030901,2,"3464, 4501"
13107,2024092301,2,"3616, 4830"
13109,2016092802,2,"3379, 4284"
13109,2017083101,2,"3387, 4338"
13109,2018100601,2,"3406, 4400"
13109,2020030901,2,"3464, 4501"
13109,2024072801,2,"3607, 4821"
13109,2024092301,2,"3616, 4830"
13111,2014020901,2,"3368, 4165"
13111,2017083101,2,"3387, 4338"
13111,2020030901,2,"3464, 4501"
13113,2014020901,2,"3368, 4165"
13113,2017083101,2,"3387, 4338"
13113,2020030901,2,"3464, 4501"
13115,2017083101,2,"3387, 4338"
13115,2020030901,2,"3464, 4501"
13117,2017083101,2,"3387, 4338"
13117,2020030901,2,"3464, 4501"
13119,2017083101,2,"3387, 4338"
13119,2020030901,2,"3464, 4501"
13119,2024092301,2,"3616, 4830"
13121,2014020901,2,"3368, 4165"
13121,2017083101,2,"3387, 4338"
13121,2020030901,2,"3464, 4501"
13121,2024092301,2,"3616, 4830"
13123,2014020901,2,"3368, 4165"
13123,2017083101,2,"3387, 4338"
13123,2020030901,2,"3464, 4501"
13123,2024092301,2,"3616, 4830"
13125,2014020901,2,"3368, 4165"
13125,2017083101,2,"3387, 4338"
13125,2018100601,2,"3406, 4400"
13125,2020030901,2,"3464, 4501"
13125,2024092301,2,"3616, 4830"
13127,2016092802,2,"3379, 4284"
13127,2017083101,2,"3387, 4338"
13127,2020030901,2,"3464, 4501"
13127,2024092301,2,"3616, 4830"
13129,2017083101,2,"3387, 4338"
13129,2020030901,2,"3464, 4501"
13131,2017083101,2,"3387, 4338"
13131,2018100601,2,"3406, 4400"
13131,2020030901,2,"3464, 4501"
13131,2024092301,2,"3616, 4830"
13133,2017083101,2,"3387, 4338"
13133,2020030901,2,"3464, 4501"
13133,2024092301,2,"3616, 4830"
13135,2017083101,2,"3387, 4338"
13135,2020030901,2,"3464, 4501"
13137,2014020901,2,"3368, 4165"
13137,2017083101,2,"3387, 4338"
13137,2020030901,2,"3464, 4501"
13137,2024092301,2,"3616, 4830"
13139,2017083101,2,"3387, 4338"
13139,2020030901,2,"3464, 4501"
13141,2014020901,2,"3368, 4165"
13141,2017083101,2,"3387, 4338"
13141,2018100601,2,"3406, 4400"
13141,2020030901,2,"3464, 4501"
13141,2024092301,2,"3616, 4830"
13143,2014020901,2,"3368, 4165"
13143,2017083101,2,"3387, 4338"
13143,2020030901,2,"3464, 4501"
13145,2017083101,2,"3387, 4338"
13145,2020030901,2,"3464, 4501"
13147,2017083101,2,"3387, 4338"
13147,2020030901,2,"3464, 4501"
13147,2024092301,2,"3616, 4830"
13149,2014020901,2,"3368, 4165"
13149,2017083101,2,"3387, 4338"
13149,2020030901,2,"3464, 4501"
13151,2017083101,2,"3387, 4338"
13151,2020030901,2,"3464, 4501"
13153,2017083101,2,"3387, 4338"
13153,2018100601,2,"3406, 4400"
13153,2020030901,2,"3464, 4501"
13155,2017083101,2,"3387, 4338"
13155,2018100601,2,"3406, 4400"
13155,2020030901,2,"3464, 4501"
13155,2024092301,2,"3616, 4830"
13157,2017083101,2,"3387, 4338"
13157,2020030901,2,"3464, 4501"
13157,2024092301,2,"3616, 4830"
13159,2014020901,2,"3368, 4165"
13159,2017083101,2,"3387, 4338"
13159,2020030901,2,"3464, 4501"
13159,2024092301,2,"3616, 4830"
13161,2017083101,2,"3387, 4338"
13161,2018100601,2,"3406, 4400"
13161,2020030901,2,"3464, 4501"
13161,2024072801,2,"3607, 4821"
13161,2024092301,2,"3616, 4830"
13163,2014020901,2,"3368, 4165"
13163,2017083101,2,"3387, 4338"
13163,2018100601,2,"3406, 4400"
13163,2020030901,2,"3464, 4501"
13163,2024092301,2,"3616, 4830"
13165,2014020901,2,"3368, 4165"
13165,2016092802,2,"3379, 4284"
13165,2017083101,2,"3387, 4338"
13165,2018100601,2,"3406, 4400"
13165,2020030901,2,"3464, 4501"
13165,2024072801,2,"3607, 4821"
13165,2024092301,2,"3616, 4830"
13167,2014020901,2,"3368, 4165"
13167,2017083101,2,"3387, 4338"
13167,2018100601,2,"3406, 4400"
13167,2020030901,2,"3464, 4501"
13167,2024092301,2,"3616, 4830"
13169,2014020901,2,"3368, 4165"
13169,2017083101,2,"3387, 4338"
13169,2018100601,2,"3406, 4400"
13169,2020030901,2,"3464, 4501"
13171,2014020901,2,"3368, 4165"
13171,2017083101,2,"3387, 4338"
13171,2020030901,2,"3464, 4501"
13171,2024092301,2,"3616, 4830"
13173,2017083101,2,"3387, 4338"
13173,2020030901,2,"3464, 4501"
13173,2024072801,2,"3607, 4821"
13173,2024092301,2,"3616, 4830"
13175,2017083101,2,"3387, 4338"
13175,2018100601,2,"3406, 4400"
13175,2020030901,2,"3464, 4501"
13175,2024092301,2,"3616, 4830"
13177,2017083101,2,"3387, 4338"
13177,2018100601,2,"3406, 4400"
13177,2020030901,2,"3464, 4501"
13179,2016092802,2,"3379, 4284"
13179,2017083101,2,"3387, 4338"
13179,2020030901,2,"3464, 4501"
13179,2024072801,2,"3607, 4821"
13179,2024092301,2,"3616, 4830"
13181,2017083101,2,"3387, 4338"
13181,2020030901,2,"3464, 4501"
13181,2024092301,2,"3616, 4830"
13183,2016092802,2,"3379, 4284"
13183,2017083101,2,"3387, 4338"
13183,2020030901,2,"3464, 4501"
13183,2024072801,2,"3607, 4821"
13183,2024092301,2,"3616, 4830"
13185,2017083101,2,"3387, 4338"
13185,2020030901,2,"3464, 4501"
13185,2024072801,2,"3607, 4821"
13185,2024092301,2,"3616, 4830"
13187,2017083101,2,"3387, 4338"
13187,2020030901,2,"3464, 4501"
13187,2024092301,2,"3616, 4830"
13189,2014020901,2,"3368, 4165"
13189,2017083101,2,"3387, 4338"
13189,2020030901,2,"3464, 4501"
13189,2024092301,2,"3616, 4830"
13191,2016092802,2,"3379, 4284"
13191,2017083101,2,"3387, 4338"
13191,2020030901,2,"3464, 4501"
13191,2024072801,2,"3607, 4821"
13191,2024092301,2,"3616, 4830"
13193,2017083101,2,"3387, 4338"
13193,2018100601,2,"3406, 4400"
13193,2020030901,2,"3464, 4501"
13195,2014020901,2,"3368, 4165"
13195,2017083101,2,"3387, 4338"
13195,2020030901,2,"3464, 4501"
13195,2024092301,2,"3616, 4830"
13197,2017083101,2,"3387, 4338"
13197,2018100601,2,"3406, 4400"
13197,2020030901,2,"3464, 4501"
13199,2014020901,2,"3368, 4165"
13199,2017083101,2,"3387, 4338"
13199,2020030901,2,"3464, 4501"
13201,2017083101,2,"3387, 4338"
13201,2018100601,2,"3406, 4400"
13201,2020030901,2,"3464, 4501"
13205,2017083101,2,"3387, 4338"
13205,2018100601,2,"3406, 4400"
13205,2020030901,2,"3464, 4501"
13205,2024092301,2,"3616, 4830"
13207,2014020901,2,"3368, 4165"
13207,2017083101,2,"3387, 4338"
13207,2020030901,2,"3464, 4501"
13207,2024092301,2,"3616, 4830"
13209,2017083101,2,"3387, 4338"
13209,2018100601,2,"3406, 4400"
13209,2020030901,2,"3464, 4501"
13209,2024092301,2,"3616, 4830"
13211,2014020901,2,"3368, 4165"
13211,2017083101,2,"3387, 4338"
13211,2020030901,2,"3464, 4501"
13213,2017083101,2,"3387, 4338"
13213,2020030901,2,"3464, 4501"
13215,2017083101,2,"3387, 4338"
13215,2020030901,2,"3464, 4501"
13217,2014020901,2,"3368, 4165"
13217,2017083101,2,"3387, 4338"
13217,2020030901,2,"3464, 4501"
13217,2024092301,2,"3616, 4830"
13219,2017083101,2,"3387, 4338"
13219,2020030901,2,"3464, 4501"
13221,2017083101,2,"3387, 4338"
13221,2020030901,2,"3464, 4501"
13221,2024092301,2,"3616, 4830"
13223,2017083101,2,"3387, 4338"
13223,2020030901,2,"3464, 4501"
13223,2024092301,2,"3616, 4830"
13225,2017083101,2,"3387, 4338"
13225,2018100601,2,"3406, 4400"
13225,2020030901,2,"3464, 4501"
13227,2014020901,2,"3368, 4165"
13227,2017083101,2,"3387, 4338"
13227,2020030901,2,"3464, 4501"
13229,2016092802,2,"3379, 4284"
13229,2017083101,2,"3387, 4338"
13229,2020030901,2,"3464, 4501"
13229,2024072801,2,"3607, 4821"
13229,2024092301,2,"3616, 4830"
13231,2014020901,2,"3368, 4165"
13231,2017083101,2,"3387, 4338"
13231,2020030901,2,"3464, 4501"
13231,2024092301,2,"3616, 4830"
13233,2017083101,2,"3387, 4338"
13233,2020030901,2,"3464, 4501"
13235,2017083101,2,"3387, 4338"
13235,2018100601,2,"3406, 4400"
13235,2020030901,2,"3464, 4501"
13235,2024092301,2,"3616, 4830"
13237,2017083101,2,"3387, 4338"
13237,2018100601,2,"3406, 4400"
13237,2020030901,2,"3464, 4501"
13237,2024092301,2,"3616, 4830"
13239,2017083101,2,"3387, 4338"
13239,2018100601,2,"3406, 4400"
13239,2020030901,2,"3464, 4501"
13241,2017083101,2,"3387, 4338"
13241,2020030901,2,"3464, 4501"
13241,2024092301,2,"3616, 4830"
13243,2017083101,2,"3387, 4338"
13243,2018100601,2,"3406, 4400"
13243,2020030901,2,"3464, 4501"
13245,2014020901,2,"3368, 4165"
13245,2017083101,2,"3387, 4338"
13245,2020030901,2,"3464, 4501"
13245,2024092301,2,"3616, 4830"
13247,2017083101,2,"3387, 4338"
13247,2020030901,2,"3464, 4501"
13249,2017083101,2,"3387, 4338"
13249,2018100601,2,"3406, 4400"
13249,2020030901,2,"3464, 4501"
13251,2014020901,2,"3368, 4165"
13251,2016092802,2,"3379, 4284"
13251,2017083101,2,"3387, 4338"
13251,2018100601,2,"3406, 4400"
13251,2020030901,2,"3464, 4501"
13251,2024072801,2,"3607, 4821"
13251,2024092301,2,"3616, 4830"
13253,2017083101,2,"3387, 4338"
13253,2018100601,2,"3406, 4400"
13253,2020030901,2,"3464, 4501"
13255,2014020901,2,"3368, 4165"
13255,2017083101,2,"3387, 4338"
13255,2020030901,2,"3464, 4501"
13257,2017083101,2,"3387, 4338"
13257,2020030901,2,"3464, 4501"
13257,2024092301,2,"3616, 4830"
13259,2017083101,2,"3387, 4338"
13259,2018100601,2,"3406, 4400"
13259,2020030901,2,"3464, 4501"
13261,2017083101,2,"3387, 4338"
13261,2018100601,2,"3406, 4400"
13261,2020030901,2,"3464, 4501"
13263,2017083101,2,"3387, 4338"
13263,2020030901,2,"3464, 4501"
13265,2014020901,2,"3368, 4165"
13265,2017083101,2,"3387, 4338"
13265,2020030901,2,"3464, 4501"
13265,2024092301,2,"3616, 4830"
13267,2016092802,2,"3379, 4284"
13267,2017083101,2,"3387, 4338"
13267,2018100601,2,"3406, 4400"
13267,2020030901,2,"3464, 4501"
13267,2024072801,2,"3607, 4821"
13267,2024092301,2,"3616, 4830"
13269,2017083101,2,"3387, 4338"
13269,2020030901,2,"3464, 4501"
13271,2017083101,2,"3387, 4338"
13271,2018100601,2,"3406, 4400"
13271,2020030901,2,"3464, 4501"
13271,2024092301,2,"3616, 4830"
13273,2017083101,2,"3387, 4338"
13273,2018100601,2,"3406, 4400"
13273,2020030901,2,"3464, 4501"
13275,2017083101,2,"3387, 4338"
13275,2018100601,2,"3406, 4400"
13275,2020030901,2,"3464, 4501"
13275,2024072801,2,"3607, 4821"
13275,2024092301,2,"3616, 4830"
13277,2017083101,2,"3387, 4338"
13277,2018100601,2,"3406, 4400"
13277,2020030901,2,"3464, 4501"
13277,2024072801,2,"3607, 4821"
13277,2024092301,2,"3616, 4830"
13279,2016092802,2,"3379, 4284"
13279,2017083101,2,"3387, 4338"
13279,2018100601,2,"3406, 4400"
13279,2020030901,2,"3464, 4501"
13279,2024072801,2,"3607, 4821"
13279,2024092301,2,"3616, 4830"
13281,2017083101,2,"3387, 4338"
13281,2020030901,2,"3464, 4501"
13283,2017083101,2,"3387, 4338"
13283,2018100601,2,"3406, 4400"
13283,2020030901,2,"3464, 4501"
13283,2024092301,2,"3616, 4830"
13285,2017083101,2,"3387, 4338"
13285,2020030901,2,"3464, 4501"
13287,2017083101,2,"3387, 4338"
13287,2018100601,2,"3406, 4400"
13287,2020030901,2,"3464, 4501"
13287,2024092301,2,"3616, 4830"
13289,2014020901,2,"3368, 4165"
13289,2017083101,2,"3387, 4338"
13289,2018100601,2,"3406, 4400"
13289,2020030901,2,"3464, 4501"
13289,2024092301,2,"3616, 4830"
13291,2017083101,2,"3387, 4338"
13291,2020030901,2,"3464, 4501"
13293,2014020901,2,"3368, 4165"
13293,2017083101,2,"3387, 4338"
13293,2020030901,2,"3464, 4501"
13295,2014020901,2,"3368, 4165"
13295,2017083101,2,"3387, 4338"
13295,2020030901,2,"3464, 4501"
13297,2017083101,2,"3387, 4338"
13297,2020030901,2,"3464, 4501"
13299,2016092802,2,"3379, 4284"
13299,2017083101,2,"3387, 4338"
13299,2020030901,2,"3464, 4501"
13299,2024072801,2,"3607, 4821"
13299,2024092301,2,"3616, 4830"
13301,2014020901,2,"3368, 4165"
13301,2017083101,2,"3387, 4338"
13301,2020030901,2,"3464, 4501"
13301,2024092301,2,"3616, 4830"
13303,2014020901,2,"3368, 4165"
13303,2017083101,2,"3387, 4338"
13303,2018100601,2,"3406, 4400"
13303,2020030901,2,"3464, 4501"
13303,2024092301,2,"3616, 4830"
13305,2016092802,2,"3379, 4284"
13305,2017083101,2,"3387, 4338"
13305,2020030901,2,"3464, 4501"
13305,2024072801,2,"3607, 4821"
13305,2024092301,2,"3616, 4830"
13307,2017083101,2,"3387, 4338"
13307,2018100601,2,"3406, 4400"
13307,2020030901,2,"3464, 4501"
13309,2017083101,2,"3387, 4338"
13309,2018100601,2,"3406, 4400"
13309,2020030901,2,"3464, 4501"
13309,2024092301,2,"3616, 4830"
13311,2014020901,2,"3368, 4165"
13311,2017083101,2,"3387, 4338"
13311,2020030901,2,"3464, 4501"
13311,2024092301,2,"3616, 4830"
13313,2014020901,2,"3368, 4165"
13313,2017083101,2,"3387, 4338"
13313,2020030901,2,"3464, 4501"
13315,2017083101,2,"3387, 4338"
13315,2018100601,2,"3406, 4400"
13315,2020030901,2,"3464, 4501"
13315,2024092301,2,"3616, 4830"
13317,2014020901,2,"3368, 4165"
13317,2017083101,2,"3387, 4338"
13317,2020030901,2,"3464, 4501"
13317,2024092301,2,"3616, 4830"
13319,2017083101,2,"3387, 4338"
13319,2018100601,2,"3406, 4400"
13319,2020030901,2,"3464, 4501"
13319,2024092301,2,"3616, 4830"
13321,2017083101,2,"3387, 4338"
13321,2018100601,2,"3406, 4400"
13321,2020030901,2,"3464, 4501"
13321,2024092301,2,"3616, 4830"
15001,2018081701,2,"3399, 4395"
15001,2020030901,2,"3431, 4510"
15003,2020030901,2,"3431, 4510"
15007,2018081701,2,"3399, 4395"
15007,2020030901,2,"3431, 4510"
15009,2018081701,2,"3399, 4395"
15009,2020030901,2,"3431, 4510"
16001,2020030901,2,"3467, 4534"
16003,2020030901,2,"3467, 4534"
16005,2020030901,2,"3467, 4534"
16007,2020030901,2,"3467, 4534"
16009,2020030901,2,"3467, 4534"
16011,2020030901,2,"3467, 4534"
16013,2020030901,2,"3467, 4534"
16015,2020030901,2,"3467, 4534"
16017,2020030901,2,"3467, 4534"
16019,2020030901,2,"3467, 4534"
16021,2020030901,2,"3467, 4534"
16023,2020030901,2,"3467, 4534"
16025,2020030901,2,"3467, 4534"
16027,2020030901,2,"3467, 4534"
16029,2020030901,2,"3467, 4534"
16031,2020030901,2,"3467, 4534"
16033,2020030901,2,"3467, 4534"
16035,2020030901,2,"3467, 4534"
16037,2020030901,2,"3467, 4534"
16039,2020030901,2,"3467, 4534"
16041,2020030901,2,"3467, 4534"
16043,2020030901,2,"3467, 4534"
16045,2020030901,2,"3467, 4534"
16047,2020030901,2,"3467, 4534"
16049,2020030901,2,"3467, 4534"
16051,2020030901,2,"3467, 4534"
16053,2020030901,2,"3467, 4534"
16055,2020030901,2,"3467, 4534"
16057,2020030901,2,"3467, 4534"
16059,2020030901,2,"3467, 4534"
16061,2020030901,2,"3467, 4534"
16063,2020030901,2,"3467, 4534"
16065,2020030901,2,"3467, 4534"
16067,2020030901,2,"3467, 4534"
16069,2020030901,2,"3467, 4534"
16071,2020030901,2,"3467, 4534"
16073,2020030901,2,"3467, 4534"
16075,2020030901,2,"3467, 4534"
16077,2020030901,2,"3467, 4534"
16079,2020030901,2,"3467, 4534"
16081,2020030901,2,"3467, 4534"
16083,2020030901,2,"3467, 4534"
16085,2020030901,2,"3467, 4534"
16087,2020030901,2,"3467, 4534"
17001,2020030901,2,"3435, 4489"
17003,2020030901,2,"3435, 4489"
17005,2020030901,2,"3435, 4489"
17007,2020030901,2,"3435, 4489"
17009,2020030901,2,"3435, 4489"
17011,2020030901,2,"3435, 4489"
17013,2020030901,2,"3435, 4489"
17015,2020030901,2,"3435, 4489"
17017,2020030901,2,"3435, 4489"
17019,2020030901,2,"3435, 4489"
17021,2020030901,2,"3435, 4489"
17023,2020030901,2,"3435, 4489"
17025,2020030901,2,"3435, 4489"
17027,2020030901,2,"3435, 4489"
17029,2020030901,2,"3435, 4489"
17031,2020030901,2,"3435, 4489"
17033,2020030901,2,"3435, 4489"
17035,2020030901,2,"3435, 4489"
17037,2020030901,2,"3435, 4489"
17039,2020030901,2,"3435, 4489"
17041,2020030901,2,"3435, 4489"
17043,2020030901,2,"3435, 4489"
17045,2020030901,2,"3435, 4489"
17047,2020030901,2,"3435, 4489"
17049,2020030901,2,"3435, 4489"
17051,2020030901,2,"3435, 4489"
17053,2020030901,2,"3435, 4489"
17055,2020030901,2,"3435, 4489"
17057,2020030901,2,"3435, 4489"
17059,2020030901,2,"3435, 4489"
17061,2020030901,2,"3435, 4489"
17063,2020030901,2,"3435, 4489"
17065,2020030901,2,"3435, 4489"
17067,2020030901,2,"3435, 4489"
17069,2020030901,2,"3435, 4489"
17071,2020030901,2,"3435, 4489"
17073,2020030901,2,"3435, 4489"
17075,2020030901,2,"3435, 4489"
17077,2020030901,2,"3435, 4489"
17079,2020030901,2,"3435, 4489"
17081,2020030901,2,"3435, 4489"
17083,2020030901,2,"3435, 4489"
17085,2020030901,2,"3435, 4489"
17087,2020030901,2,"3435, 4489"
17089,2020030901,2,"3435, 4489"
17091,2020030901,2,"3435, 4489"
17093,2020030901,2,"3435, 4489"
17095,2020030901,2,"3435, 4489"
17097,2020030901,2,"3435, 4489"
17099,2020030901,2,"3435, 4489"
17101,2020030901,2,"3435, 4489"
17103,2020030901,2,"3435, 4489"
17105,2020030901,2,"3435, 4489"
17107,2020030901,2,"3435, 4489"
17109,2020030901,2,"3435, 4489"
17111,2020030901,2,"3435, 4489"
17113,2020030901,2,"3435, 4489"
17115,2020030901,2,"3435, 4489"
17117,2020030901,2,"3435, 4489"
17119,2020030901,2,"3435, 4489"
17121,2020030901,2,"3435, 4489"
17123,2020030901,2,"3435, 4489"
17125,2020030901,2,"3435, 4489"
17127,2020030901,2,"3435, 4489"
17129,2020030901,2,"3435, 4489"
17131,2020030901,2,"3435, 4489"
17133,2020030901,2,"3435, 4489"
17135,2020030901,2,"3435, 4489"
17137,2020030901,2,"3435, 4489"
17139,2020030901,2,"3435, 4489"
17141,2020030901,2,"3435, 4489"
17143,2020030901,2,"3435, 4489"
17145,2020030901,2,"3435, 4489"
17147,2020030901,2,"3435, 4489"
17149,2020030901,2,"3435, 4489"
17151,2020030901,2,"3435, 4489"
17153,2020030901,2,"3435, 4489"
17155,2020030901,2,"3435, 4489"
17157,2020030901,2,"3435, 4489"
17159,2020030901,2,"3435, 4489"
17161,2020030901,2,"3435, 4489"
17163,2020030901,2,"3435, 4489"
17165,2020030901,2,"3435, 4489"
17167,2020030901,2,"3435, 4489"
17169,2020030901,2,"3435, 4489"
17171,2020030901,2,"3435, 4489"
17173,2020030901,2,"3435, 4489"
17175,2020030901,2,"3435, 4489"
17177,2020030901,2,"3435, 4489"
17179,2020030901,2,"3435, 4489"
17181,2020030901,2,"3435, 4489"
17183,2020030901,2,"3435, 4489"
17185,2020030901,2,"3435, 4489"
17187,2020030901,2,"3435, 4489"
17189,2020030901,2,"3435, 4489"
17191,2020030901,2,"3435, 4489"
17193,2020030901,2,"3435, 4489"
17195,2020030901,2,"3435, 4489"
17197,2020030901,2,"3435, 4489"
17199,2020030901,2,"3435, 4489"
17201,2020030901,2,"3435, 4489"
17203,2020030901,2,"3435, 4489"
18001,2020030901,2,"3456, 4515"
18003,2020030901,2,"3456, 4515"
18005,2020030901,2,"3456, 4515"
18007,2020030901,2,"3456, 4515"
18009,2020030901,2,"3456, 4515"
18011,2020030901,2,"3456, 4515"
18013,2020030901,2,"3456, 4515"
18015,2020030901,2,"3456, 4515"
18015,2026081403,2,"3651, 4933"
18017,2020030901,2,"3456, 4515"
18019,2020030901,2,"3456, 4515"
18021,2020030901,2,"3456, 4515"
18023,2020030901,2,"3456, 4515"
18025,2020030901,2,"3456, 4515"
18027,2020030901,2,"3456, 4515"
18029,2020030901,2,"3456, 4515"
18029,2026081403,2,"3651, 4933"
18031,2020030901,2,"3456, 4515"
18031,2026081403,2,"3651, 4933"
18033,2020030901,2,"3456, 4515"
18035,2020030901,2,"3456, 4515"
18035,2026081403,2,"3651, 4933"
18037,2020030901,2,"3456, 4515"
18039,2020030901,2,"3456, 4515"
18041,2020030901,2,"3456, 4515"
18041,2026081403,2,"3651, 4933"
18043,2020030901,2,"3456, 4515"
18045,2020030901,2,"3456, 4515"
18047,2020030901,2,"3456, 4515"
18047,2026081403,2,"3651, 4933"
18049,2020030901,2,"3456, 4515"
18051,2020030901,2,"3456, 4515"
18053,2020030901,2,"3456, 4515"
18055,2020030901,2,"3456, 4515"
18057,2020030901,2,"3456, 4515"
18057,2026081403,2,"3651, 4933"
18059,2020030901,2,"3456, 4515"
18059,2026081403,2,"3651, 4933"
18061,2020030901,2,"3456, 4515"
18063,2020030901,2,"3456, 4515"
18065,2020030901,2,"3456, 4515"
18065,2026081403,2,"3651, 4933"
18067,2020030901,2,"3456, 4515"
18069,2020030901,2,"3456, 4515"
18071,2020030901,2,"3456, 4515"
18073,2020030901,2,"3456, 4515"
18075,2020030901,2,"3456, 4515"
18077,2020030901,2,"3456, 4515"
18079,2020030901,2,"3456, 4515"
18081,2020030901,2,"3456, 4515"
18083,2020030901,2,"3456, 4515"
18085,2020030901,2,"3456, 4515"
18087,2020030901,2,"3456, 4515"
18089,2020030901,2,"3456, 4515"
18089,2026081403,2,"3651, 4933"
18091,2020030901,2,"3456, 4515"
18091,2026081403,2,"3651, 4933"
18093,2020030901,2,"3456, 4515"
18095,2020030901,2,"3456, 4515"
18095,2026081403,2,"3651, 4933"
18097,2020030901,2,"3456, 4515"
18097,2026081403,2,"3651, 4933"
18099,2020030901,2,"3456, 4515"
18101,2020030901,2,"3456, 4515"
18103,2020030901,2,"3456, 4515"
18105,2020030901,2,"3456, 4515"
18107,2020030901,2,"3456, 4515"
18109,2020030901,2,"3456, 4515"
18109,2026081403,2,"3651, 4933"
18111,2020030901,2,"3456, 4515"
18113,2020030901,2,"3456, 4515"
18115,2020030901,2,"3456, 4515"
18117,2020030901,2,"3456, 4515"
18119,2020030901,2,"3456, 4515"
18121,2020030901,2,"3456, 4515"
18123,2020030901,2,"3456, 4515"
18125,2020030901,2,"3456, 4515"
18127,2020030901,2,"3456, 4515"
18127,2026081403,2,"3651, 4933"
18129,2020030901,2,"3456, 4515"
18131,2020030901,2,"3456, 4515"
18131,2026081403,2,"3651, 4933"
18133,2020030901,2,"3456, 4515"
18135,2020030901,2,"3456, 4515"
18135,2026081403,2,"3651, 4933"
18137,2020030901,2,"3456, 4515"
18139,2020030901,2,"3456, 4515"
18139,2026081403,2,"3651, 4933"
18141,2020030901,2,"3456, 4515"
18143,2020030901,2,"3456, 4515"
18145,2020030901,2,"3456, 4515"
18147,2020030901,2,"3456, 4515"
18149,2020030901,2,"3456, 4515"
18151,2020030901,2,"3456, 4515"
18153,2020030901,2,"3456, 4515"
18155,2020030901,2,"3456, 4515"
18157,2020030901,2,"3456, 4515"
18159,2020030901,2,"3456, 4515"
18159,2026081403,2,"3651, 4933"
18161,2020030901,2,"3456, 4515"
18161,2026081403,2,"3651, 4933"
18163,2020030901,2,"3456, 4515"
18165,2020030901,2,"3456, 4515"
18167,2020030901,2,"3456, 4515"
18169,2020030901,2,"3456, 4515"
18171,2020030901,2,"3456, 4515"
18173,2020030901,2,"3456, 4515"
18175,2020030901,2,"3456, 4515"
18177,2020030901,2,"3456, 4515"
18177,2026081403,2,"3651, 4933"
18179,2020030901,2,"3456, 4515"
18181,2020030901,2,"3456, 4515"
18183,2020030901,2,"3456, 4515"
19001,2020030901,2,"3480, 4483"
19003,2020030901,2,"3480, 4483"
19005,2020030901,2,"3480, 4483"
19007,2020030901,2,"3480, 4483"
19009,2020030901,2,"3480, 4483"
19011,2020030901,2,"3480, 4483"
19013,2020030901,2,"3480, 4483"
19015,2020030901,2,"3480, 4483"
19017,2020030901,2,"3480, 4483"
19019,2020030901,2,"3480, 4483"
19021,2020030901,2,"3480, 4483"
19023,2020030901,2,"3480, 4483"
19025,2020030901,2,"3480, 4483"
19027,2020030901,2,"3480, 4483"
19029,2020030901,2,"3480, 4483"
19031,2020030901,2,"3480, 4483"
19033,2020030901,2,"3480, 4483"
19035,2020030901,2,"3480, 4483"
19037,2020030901,2,"3480, 4483"
19039,2020030901,2,"3480, 4483"
19041,2020030901,2,"3480, 4483"
19043,2020030901,2,"3480, 4483"
19045,2020030901,2,"3480, 4483"
19047,2020030901,2,"3480, 4483"
19049,2020030901,2,"3480, 4483"
19051,2020030901,2,"3480, 4483"
19053,2020030901,2,"3480, 4483"
19055,2020030901,2,"3480, 4483"
19057,2020030901,2,"3480, 4483"
19059,2020030901,2,"3480, 4483"
19061,2020030901,2,"3480, 4483"
19063,2020030901,2,"3480, 4483"
19065,2020030901,2,"3480, 4483"
19067,2020030901,2,"3480, 4483"
19069,2020030901,2,"3480, 4483"
19071,2020030901,2,"3480, 4483"
19073,2020030901,2,"3480, 4483"
19075,2020030901,2,"3480, 4483"
19077,2020030901,2,"3480, 4483"
19079,2020030901,2,"3480, 4483"
19081,2020030901,2,"3480, 4483"
19083,2020030901,2,"3480, 4483"
19085,2020030901,2,"3480, 4483"
19087,2020030901,2,"3480, 4483"
19089,2020030901,2,"3480, 4483"
19091,2020030901,2,"3480, 4483"
19093,2020030901,2,"3480, 4483"
19095,2020030901,2,"3480, 4483"
19097,2020030901,2,"3480, 4483"
19099,2020030901,2,"3480, 4483"
19101,2020030901,2,"3480, 4483"
19103,2020030901,2,"3480, 4483"
19105,2020030901,2,"3480, 4483"
19107,2020030901,2,"3480, 4483"
19109,2020030901,2,"3480, 4483"
19111,2020030901,2,"3480, 4483"
19113,2020030901,2,"3480, 4483"
19115,2020030901,2,"3480, 4483"
19117,2020030901,2,"3480, 4483"
19119,2020030901,2,"3480, 4483"
19121,2020030901,2,"3480, 4483"
19123,2020030901,2,"3480, 4483"
19125,2020030901,2,"3480, 4483"
19127,2020030901,2,"3480, 4483"
19129,2020030901,2,"3480, 4483"
19131,2020030901,2,"3480, 4483"
19133,2020030901,5,"3480, 3483, 3493, 4483, 4521"
19135,2020030901,2,"3480, 4483"
19137,2020030901,2,"3480, 4483"
19139,2020030901,2,"3480, 4483"
19141,2020030901,2,"3480, 4483"
19143,2020030901,2,"3480, 4483"
19145,2020030901,2,"3480, 4483"
19147,2020030901,2,"3480, 4483"
19149,2020030901,2,"3480, 4483"
19151,2020030901,2,"3480, 4483"
19153,2020030901,2,"3480, 4483"
19155,2020030901,2,"3480, 4483"
19157,2020030901,2,"3480, 4483"
19159,2020030901,2,"3480, 4483"
19161,2020030901,2,"3480, 4483"
19163,2020030901,2,"3480, 4483"
19165,2020030901,2,"3480, 4483"
19167,2020030901,2,"3480, 4483"
19169,2020030901,2,"3480, 4483"
19171,2020030901,2,"3480, 4483"
19173,2020030901,2,"3480, 4483"
19175,2020030901,2,"3480, 4483"
19177,2020030901,2,"3480, 4483"
19179,2020030901,2,"3480, 4483"
19181,2020030901,2,"3480, 4483"
19183,2020030901,2,"3480, 4483"
19185,2020030901,2,"3480, 4483"
19187,2020030901,2,"3480, 4483"
19189,2020030901,2,"3480, 4483"
19191,2020030901,2,"3480, 4483"
19193,2020030901,5,"3480, 3483, 3489, 4483, 4521"
19195,2020030901,2,"3480, 4483"
19197,2020030901,2,"3480, 4483"
20001,2019052002,2,"3412, 4449"
20001,2020030901,2,"3481, 4504"
20003,2019052002,2,"3412, 4449"
20003,2020030901,2,"3481, 4504"
20005,2020030901,2,"3481, 4504"
20007,2020030901,2,"3481, 4504"
20009,2020030901,2,"3481, 4504"
20011,2020030901,2,"3481, 4504"
20013,2020030901,2,"3481, 4504"
20015,2019052002,2,"3412, 4449"
20015,2020030901,2,"3481, 4504"
20017,2020030901,2,"3481, 4504"
20019,2019052002,2,"3412, 4449"
20019,2020030901,2,"3481, 4504"
20021,2019052002,2,"3412, 4449"
20021,2020030901,2,"3481, 4504"
20023,2020030901,2,"3481, 4504"
20025,2020030901,2,"3481, 4504"
20027,2020030901,2,"3481, 4504"
20029,2020030901,2,"3481, 4504"
20031,2019052002,2,"3412, 4449"
20031,2020030901,2,"3481, 4504"
20033,2020030901,2,"3481, 4504"
20035,2019052002,2,"3412, 4449"
20035,2020030901,2,"3481, 4504"
20037,2019052002,2,"3412, 4449"
20037,2020030901,2,"3481, 4504"
20039,2020030901,2,"3481, 4504"
20041,2019052002,2,"3412, 4449"
20041,2020030901,2,"3481, 4504"
20043,2019052002,2,"3412, 4449"
20043,2020030901,2,"3481, 4504"
20045,2019052002,2,"3412, 4449"
20045,2020030901,2,"3481, 4504"
20047,2020030901,2,"3481, 4504"
20049,2019052002,2,"3412, 4449"
20049,2020030901,2,"3481, 4504"
20051,2020030901,2,"3481, 4504"
20053,2020030901,2,"3481, 4504"
20055,2020030901,2,"3481, 4504"
20057,2020030901,2,"3481, 4504"
20059,2019052002,2,"3412, 4449"
20059,2020030901,2,"3481, 4504"
20061,2019052002,2,"3412, 4449"
20061,2020030901,2,"3481, 4504"
20063,2020030901,2,"3481, 4504"
20065,2020030901,2,"3481, 4504"
20067,2020030901,2,"3481, 4504"
20069,2020030901,2,"3481, 4504"
20071,2020030901,2,"3481, 4504"
20073,2019052002,2,"3412, 4449"
20073,2020030901,2,"3481, 4504"
20075,2020030901,2,"3481, 4504"
20077,2020030901,2,"3481, 4504"
20079,2019052002,2,"3412, 4449"
20079,2020030901,2,"3481, 4504"
20081,2020030901,2,"3481, 4504"
20083,2020030901,2,"3481, 4504"
20085,2020030901,2,"3481, 4504"
20087,2019052002,2,"3412, 4449"
20087,2020030901,2,"3481, 4504"
20089,2020030901,2,"3481, 4504"
20091,2020030901,2,"3481, 4504"
20093,2020030901,2,"3481, 4504"
20095,2020030901,2,"3481, 4504"
20097,2020030901,2,"3481, 4504"
20099,2020030901,2,"3481, 4504"
20101,2020030901,2,"3481, 4504"
20103,2019052002,2,"3412, 4449"
20103,2020030901,2,"3481, 4504"
20105,2020030901,2,"3481, 4504"
20107,2019052002,2,"3412, 4449"
20107,2020030901,2,"3481, 4504"
20109,2020030901,2,"3481, 4504"
20111,2019052002,2,"3412, 4449"
20111,2020030901,2,"3481, 4504"
20113,2020030901,2,"3481, 4504"
20115,2020030901,2,"3481, 4504"
20117,2019052002,2,"3412, 4449"
20117,2020030901,2,"3481, 4504"
20119,2020030901,2,"3481, 4504"
20121,2020030901,2,"3481, 4504"
20123,2020030901,2,"3481, 4504"
20125,2019052002,2,"3412, 4449"
20125,2020030901,2,"3481, 4504"
20127,2019052002,2,"3412, 4449"
20127,2020030901,2,"3481, 4504"
20129,2020030901,2,"3481, 4504"
20131,2020030901,2,"3481, 4504"
20133,2019052002,2,"3412, 4449"
20133,2020030901,2,"3481, 4504"
20135,2020030901,2,"3481, 4504"
20137,2020030901,2,"3481, 4504"
20139,2019052002,2,"3412, 4449"
20139,2020030901,2,"3481, 4504"
20141,2020030901,2,"3481, 4504"
20143,2020030901,2,"3481, 4504"
20145,2020030901,2,"3481, 4504"
20147,2020030901,2,"3481, 4504"
20149,2019052002,2,"3412, 4449"
20149,2020030901,2,"3481, 4504"
20151,2020030901,2,"3481, 4504"
20153,2020030901,2,"3481, 4504"
20155,2019052002,2,"3412, 4449"
20155,2020030901,2,"3481, 4504"
20157,2020030901,2,"3481, 4504"
20159,2020030901,2,"3481, 4504"
20161,2019052002,2,"3412, 4449"
20161,2020030901,2,"3481, 4504"
20163,2020030901,2,"3481, 4504"
20165,2020030901,2,"3481, 4504"
20167,2020030901,2,"3481, 4504"
20169,2019052002,2,"3412, 4449"
20169,2020030901,2,"3481, 4504"
20171,2020030901,2,"3481, 4504"
20173,2020030901,2,"3481, 4504"
20175,2020030901,2,"3481, 4504"
20177,2020030901,2,"3481, 4504"
20179,2020030901,2,"3481, 4504"
20181,2020030901,2,"3481, 4504"
20183,2020030901,2,"3481, 4504"
20185,2020030901,2,"3481, 4504"
20187,2020030901,2,"3481, 4504"
20189,2020030901,2,"3481, 4504"
20191,2019052002,2,"3412, 4449"
20191,2020030901,2,"3481, 4504"
20193,2020030901,2,"3481, 4504"
20195,2020030901,2,"3481, 4504"
20197,2019052002,2,"3412, 4449"
20197,2020030901,2,"3481, 4504"
20199,2020030901,2,"3481, 4504"
20201,2020030901,2,"3481, 4504"
20203,2020030901,2,"3481, 4504"
20205,2019052002,2,"3412, 4449"
20205,2020030901,2,"3481, 4504"
20207,2019052002,2,"3412, 4449"
20207,2020030901,2,"3481, 4504"
20209,2020030901,2,"3481, 4504"
21001,2020030901,2,"3469, 4497"
21001,2025021401,2,"3624, 4860"
21001,2026012101,2,"3633, 4913"
21003,2009012701,2,"1818, 3302"
21003,2020030901,2,"3469, 4497"
21003,2025021401,2,"3624, 4860"
21003,2025040102,2,"3626, 4864"
21003,2026012101,2,"3633, 4913"
21005,2009012701,2,"1818, 3302"
21005,2020030901,2,"3469, 4497"
21005,2025040102,2,"3626, 4864"
21007,2009012701,2,"1818, 3302"
21007,2020030901,2,"3469, 4497"
21007,2025021401,2,"3624, 4860"
21007,2025040102,2,"3626, 4864"
21009,2009012701,2,"1818, 3302"
21009,2020030901,2,"3469, 4497"
21009,2025021401,2,"3624, 4860"
21009,2025040102,2,"3626, 4864"
21009,2026012101,2,"3633, 4913"
21011,2009012701,2,"1818, 3302"
21011,2020030901,2,"3469, 4497"
21013,2020030901,2,"3469, 4497"
21013,2025021401,2,"3624, 4860"
21015,2009012701,2,"1818, 3302"
21015,2020030901,2,"3469, 4497"
21017,2009012701,2,"1818, 3302"
21017,2020030901,2,"3469, 4497"
21019,2009012701,2,"1818, 3302"
21019,2020030901,2,"3469, 4497"
21019,2025021401,2,"3624, 4860"
21021,2009012701,2,"1818, 3302"
21021,2020030901,2,"3469, 4497"
21023,2020030901,2,"3469, 4497"
21023,2025040102,2,"3626, 4864"
21025,2009012701,2,"1818, 3302"
21025,2020030901,2,"3469, 4497"
21025,2025021401,2,"3624, 4860"
21025,2025040102,2,"3626, 4864"
21027,2009012701,2,"1818, 3302"
21027,2020030901,2,"3469, 4497"
21027,2021121201,2,"3575, 4630"
21027,2025021401,2,"3624, 4860"
21027,2025040102,2,"3626, 4864"
21029,2009012701,2,"1818, 3302"
21029,2020030901,2,"3469, 4497"
21029,2021121201,2,"3575, 4630"
21029,2025021401,2,"3624, 4860"
21029,2025040102,2,"3626, 4864"
21031,2009012701,2,"1818, 3302"
21031,2020030901,2,"3469, 4497"
21031,2025021401,2,"3624, 4860"
21031,2025040102,2,"3626, 4864"
21033,2009012701,2,"1818, 3302"
21033,2020030901,2,"3469, 4497"
21033,2021121201,2,"3575, 4630"
21033,2025021401,2,"3624, 4860"
21033,2025040102,2,"3626, 4864"
21035,2009012701,2,"1818, 3302"
21035,2020030901,2,"3469, 4497"
21035,2025040102,2,"3626, 4864"
21037,2009012701,2,"1818, 3302"
21037,2020030901,2,"3469, 4497"
21037,2025040102,2,"3626, 4864"
21039,2009012701,2,"1818, 3302"
21039,2020030901,2,"3469, 4497"
21039,2025021401,2,"3624, 4860"
21039,2025040102,2,"3626, 4864"
21041,2009012701,2,"1818, 3302"
21041,2020030901,2,"3469, 4497"
21041,2025040102,2,"3626, 4864"
21043,2009012701,2,"1818, 3302"
21043,2020030901,2,"3469, 4497"
21043,2025040102,2,"3626, 4864"
21045,2009012701,2,"1818, 3302"
21045,2020030901,2,"3469, 4497"
21045,2025040102,2,"3626, 4864"
21045,2026012101,2,"3633, 4913"
21047,2009012701,2,"1818, 3302"
21047,2020030901,2,"3469, 4497"
21047,2025040102,2,"3626, 4864"
21049,2009012701,2,"1818, 3302"
21049,2020030901,2,"3469, 4497"
21049,2025040102,2,"3626, 4864"
21051,2009012701,2,"1818, 3302"
21051,2020030901,2,"3469, 4497"
21051,2025021401,2,"3624, 4860"
21051,2025040102,2,"3626, 4864"
21051,2026012101,2,"3633, 4913"
21053,2020030901,2,"3469, 4497"
21053,2026012101,2,"3633, 4913"
21055,2009012701,2,"1818, 3302"
21055,2020030901,2,"3469, 4497"
21055,2025021401,2,"3624, 4860"
21055,2025040102,2,"3626, 4864"
21057,2020030901,2,"3469, 4497"
21057,2025021401,2,"3624, 4860"
21057,2026012101,2,"3633, 4913"
21059,2009012701,2,"1818, 3302"
21059,2020030901,2,"3469, 4497"
21059,2025040102,2,"3626, 4864"
21061,2009012701,2,"1818, 3302"
21061,2020030901,2,"3469, 4497"
21061,2025021401,2,"3624, 4860"
21061,2025040102,2,"3626, 4864"
21063,2009012701,2,"1818, 3302"
21063,2020030901,2,"3469, 4497"
21063,2025021401,2,"3624, 4860"
21063,2025040102,2,"3626, 4864"
21065,2009012701,2,"1818, 3302"
21065,2020030901,2,"3469, 4497"
21065,2025021401,2,"3624, 4860"
21065,2025040102,2,"3626, 4864"
21067,2009012701,2,"1818, 3302"
21067,2020030901,2,"3469, 4497"
21069,2009012701,2,"1818, 3302"
21069,2020030901,2,"3469, 4497"
21071,2009012701,2,"1818, 3302"
21071,2020030901,2,"3469, 4497"
21071,2025021401,2,"3624, 4860"
21071,2025040102,2,"3626, 4864"
21073,2009012701,2,"1818, 3302"
21073,2020030901,2,"3469, 4497"
21073,2025021401,2,"3624, 4860"
21073,2025040102,2,"3626, 4864"
21075,2009012701,2,"1818, 3302"
21075,2020030901,2,"3469, 4497"
21075,2021121201,2,"3575, 4630"
21075,2025040102,2,"3626, 4864"
21077,2009012701,2,"1818, 3302"
21077,2020030901,2,"3469, 4497"
21077,2025040102,2,"3626, 4864"
21079,2009012701,2,"1818, 3302"
21079,2020030901,2,"3469, 4497"
21079,2025040102,2,"3626, 4864"
21081,2009012701,2,"1818, 3302"
21081,2020030901,2,"3469, 4497"
21083,2009012701,2,"1818, 3302"
21083,2020030901,2,"3469, 4497"
21083,2021121201,2,"3575, 4630"
21083,2025040102,2,"3626, 4864"
21085,2009012701,2,"1818, 3302"
21085,2020030901,2,"3469, 4497"
21085,2021121201,2,"3575, 4630"
21085,2025040102,2,"3626, 4864"
21087,2009012701,2,"1818, 3302"
21087,2020030901,2,"3469, 4497"
21087,2025021401,2,"3624, 4860"
21087,2025040102,2,"3626, 4864"
21089,2009012701,2,"1818, 3302"
21089,2020030901,2,"3469, 4497"
21089,2025021401,2,"3624, 4860"
21089,2025040102,2,"3626, 4864"
21091,2009012701,2,"1818, 3302"
21091,2020030901,2,"3469, 4497"
21091,2025021401,2,"3624, 4860"
21091,2025040102,2,"3626, 4864"
21093,2009012701,2,"1818, 3302"
21093,2020030901,2,"3469, 4497"
21093,2025040102,2,"3626, 4864"
21095,2020030901,2,"3469, 4497"
21095,2025021401,2,"3624, 4860"
21097,2009012701,2,"1818, 3302"
21097,2020030901,2,"3469, 4497"
21097,2025040102,2,"3626, 4864"
21099,2009012701,2,"1818, 3302"
21099,2020030901,2,"3469, 4497"
21099,2025021401,2,"3624, 4860"
21099,2025040102,2,"3626, 4864"
21101,2009012701,2,"1818, 3302"
21101,2020030901,2,"3469, 4497"
21101,2025021401,2,"3624, 4860"
21101,2025040102,2,"3626, 4864"
21103,2009012701,2,"1818, 3302"
21103,2020030901,2,"3469, 4497"
21103,2025021401,2,"3624, 4860"
21103,2025040102,2,"3626, 4864"
21105,2009012701,2,"1818, 3302"
21105,2020030901,2,"3469, 4497"
21105,2021121201,2,"3575, 4630"
21105,2025021401,2,"3624, 4860"
21105,2025040102,2,"3626, 4864"
21107,2009012701,2,"1818, 3302"
21107,2020030901,2,"3469, 4497"
21107,2021121201,2,"3575, 4630"
21107,2025021401,2,"3624, 4860"
21107,2025040102,2,"3626, 4864"
21109,2009012701,2,"1818, 3302"
21109,2020030901,2,"3469, 4497"
21109,2025021401,2,"3624, 4860"
21109,2025040102,2,"3626, 4864"
21109,2026012101,2,"3633, 4913"
21111,2009012701,2,"1818, 3302"
21111,2020030901,2,"3469, 4497"
21111,2025021401,2,"3624, 4860"
21111,2025040102,2,"3626, 4864"
21113,2009012701,2,"1818, 3302"
21113,2020030901,2,"3469, 4497"
21113,2025040102,2,"3626, 4864"
21115,2009012701,2,"1818, 3302"
21115,2020030901,2,"3469, 4497"
21115,2025021401,2,"3624, 4860"
21115,2025040102,2,"3626, 4864"
21117,2009012701,2,"1818, 3302"
21117,2020030901,2,"3469, 4497"
21117,2025040102,2,"3626, 4864"
21119,2020030901,2,"3469, 4497"
21119,2025021401,2,"3624, 4860"
21121,2020030901,2,"3469, 4497"
21121,2025021401,2,"3624, 4860"
21123,2009012701,2,"1818, 3302"
21123,2020030901,2,"3469, 4497"
21123,2025040102,2,"3626, 4864"
21125,2020030901,2,"3469, 4497"
21125,2025021401,2,"3624, 4860"
21125,2026012101,2,"3633, 4913"
21127,2009012701,2,"1818, 3302"
21127,2020030901,2,"3469, 4497"
21127,2025021401,2,"3624, 4860"
21127,2025040102,2,"3626, 4864"
21129,2009012701,2,"1818, 3302"
21129,2020030901,2,"3469, 4497"
21129,2025021401,2,"3624, 4860"
21129,2025040102,2,"3626, 4864"
21129,2026012101,2,"3633, 4913"
21131,2020030901,2,"3469, 4497"
21131,2025021401,2,"3624, 4860"
21131,2025040102,2,"3626, 4864"
21133,2020030901,2,"3469, 4497"
21133,2025021401,2,"3624, 4860"
21135,2009012701,2,"1818, 3302"
21135,2020030901,2,"3469, 4497"
21135,2025021401,2,"3624, 4860"
21135,2025040102,2,"3626, 4864"
21137,2009012701,2,"1818, 3302"
21137,2020030901,2,"3469, 4497"
21137,2025040102,2,"3626, 4864"
21139,2009012701,2,"1818, 3302"
21139,2020030901,2,"3469, 4497"
21139,2025021401,2,"3624, 4860"
21139,2025040102,2,"3626, 4864"
21141,2009012701,2,"1818, 3302"
21141,2020030901,2,"3469, 4497"
21141,2025040102,2,"3626, 4864"
21143,2009012701,2,"1818, 3302"
21143,2020030901,2,"3469, 4497"
21143,2021121201,2,"3575, 4630"
21143,2025040102,2,"3626, 4864"
21145,2009012701,2,"1818, 3302"
21145,2020030901,2,"3469, 4497"
21145,2025040102,2,"3626, 4864"
21147,2020030901,2,"3469, 4497"
21147,2025021401,2,"3624, 4860"
21147,2026012101,2,"3633, 4913"
21149,2009012701,2,"1818, 3302"
21149,2020030901,2,"3469, 4497"
21149,2025021401,2,"3624, 4860"
21149,2025040102,2,"3626, 4864"
21151,2009012701,2,"1818, 3302"
21151,2020030901,2,"3469, 4497"
21151,2025040102,2,"3626, 4864"
21153,2009012701,2,"1818, 3302"
21153,2020030901,2,"3469, 4497"
21153,2025021401,2,"3624, 4860"
21153,2025040102,2,"3626, 4864"
21155,2009012701,2,"1818, 3302"
21155,2020030901,2,"3469, 4497"
21155,2025040102,2,"3626, 4864"
21157,2009012701,2,"1818, 3302"
21157,2020030901,2,"3469, 4497"
21157,2021121201,2,"3575, 4630"
21157,2025021401,2,"3624, 4860"
21157,2025040102,2,"3626, 4864"
21159,2009012701,2,"1818, 3302"
21159,2020030901,2,"3469, 4497"
21159,2025021401,2,"3624, 4860"
21159,2025040102,2,"3626, 4864"
21161,2009012701,2,"1818, 3302"
21161,2020030901,2,"3469, 4497"
21163,2009012701,2,"1818, 3302"
21163,2020030901,2,"3469, 4497"
21163,2021121201,2,"3575, 4630"
21163,2025040102,2,"3626, 4864"
21165,2009012701,2,"1818, 3302"
21165,2020030901,2,"3469, 4497"
21165,2025021401,2,"3624, 4860"
21165,2026012101,2,"3633, 4913"
21167,2009012701,2,"1818, 3302"
21167,2020030901,2,"3469, 4497"
21167,2025040102,2,"3626, 4864"
21169,2009012701,2,"1818, 3302"
21169,2020030901,2,"3469, 4497"
21169,2025021401,2,"3624, 4860"
21169,2025040102,2,"3626, 4864"
21169,2026012101,2,"3633, 4913"
21171,2020030901,2,"3469, 4497"
21171,2025021401,2,"3624, 4860"
21171,2025040102,2,"3626, 4864"
21171,2026012101,2,"3633, 4913"
21173,2009012701,2,"1818, 3302"
21173,2020030901,2,"3469, 4497"
21175,2009012701,2,"1818, 3302"
21175,2020030901,2,"3469, 4497"
21175,2025021401,2,"3624, 4860"
21175,2025040102,2,"3626, 4864"
21177,2009012701,2,"1818, 3302"
21177,2020030901,2,"3469, 4497"
21177,2021121201,2,"3575, 4630"
21177,2025021401,2,"3624, 4860"
21177,2025040102,2,"3626, 4864"
21179,2009012701,2,"1818, 3302"
21179,2020030901,2,"3469, 4497"
21179,2025040102,2,"3626, 4864"
21181,2009012701,2,"1818, 3302"
21181,2020030901,2,"3469, 4497"
21181,2025021401,2,"3624, 4860"
21181,2025040102,2,"3626, 4864"
21183,2009012701,2,"1818, 3302"
21183,2020030901,2,"3469, 4497"
21183,2021121201,2,"3575, 4630"
21183,2025021401,2,"3624, 4860"
21183,2025040102,2,"3626, 4864"
21185,2009012701,2,"1818, 3302"
21185,2020030901,2,"3469, 4497"
21185,2025040102,2,"3626, 4864"
21187,2009012701,2,"1818, 3302"
21187,2020030901,2,"3469, 4497"
21187,2025040102,2,"3626, 4864"
21189,2009012701,2,"1818, 3302"
21189,2020030901,2,"3469, 4497"
21189,2025021401,2,"3624, 4860"
21189,2025040102,2,"3626, 4864"
21189,2026012101,2,"3633, 4913"
21191,2009012701,2,"1818, 3302"
21191,2020030901,2,"3469, 4497"
21191,2025040102,2,"3626, 4864"
21193,2009012701,2,"1818, 3302"
21193,2020030901,2,"3469, 4497"
21193,2025021401,2,"3624, 4860"
21193,2025040102,2,"3626, 4864"
21193,2026012101,2,"3633, 4913"
21195,2020030901,2,"3469, 4497"
21195,2025021401,2,"3624, 4860"
21197,2009012701,2,"1818, 3302"
21197,2020030901,2,"3469, 4497"
21197,2025021401,2,"3624, 4860"
21197,2025040102,2,"3626, 4864"
21199,2020030901,2,"3469, 4497"
21199,2025021401,2,"3624, 4860"
21199,2026012101,2,"3633, 4913"
21201,2009012701,2,"1818, 3302"
21201,2020030901,2,"3469, 4497"
21201,2025021401,2,"3624, 4860"
21201,2025040102,2,"3626, 4864"
21203,2020030901,2,"3469, 4497"
21203,2025021401,2,"3624, 4860"
21203,2025040102,2,"3626, 4864"
21203,2026012101,2,"3633, 4913"
21205,2009012701,2,"1818, 3302"
21205,2020030901,2,"3469, 4497"
21207,2020030901,2,"3469, 4497"
21207,2025021401,2,"3624, 4860"
21207,2026012101,2,"3633, 4913"
21209,2009012701,2,"1818, 3302"
21209,2020030901,2,"3469, 4497"
21211,2009012701,2,"1818, 3302"
21211,2020030901,2,"3469, 4497"
21211,2021121201,2,"3575, 4630"
21213,2020030901,2,"3469, 4497"
21213,2025021401,2,"3624, 4860"
21213,2025040102,2,"3626, 4864"
21215,2009012701,2,"1818, 3302"
21215,2020030901,2,"3469, 4497"
21215,2021121201,2,"3575, 4630"
21215,2025021401,2,"3624, 4860"
21215,2025040102,2,"3626, 4864"
21217,2009012701,2,"1818, 3302"
21217,2020030901,2,"3469, 4497"
21217,2025040102,2,"3626, 4864"
21219,2009012701,2,"1818, 3302"
21219,2020030901,2,"3469, 4497"
21219,2025040102,2,"3626, 4864"
21221,2009012701,2,"1818, 3302"
21221,2020030901,2,"3469, 4497"
21221,2025021401,2,"3624, 4860"
21221,2025040102,2,"3626, 4864"
21223,2009012701,2,"1818, 3302"
21223,2020030901,2,"3469, 4497"
21223,2025040102,2,"3626, 4864"
21225,2009012701,2,"1818, 3302"
21225,2020030901,2,"3469, 4497"
21225,2025021401,2,"3624, 4860"
21225,2025040102,2,"3626, 4864"
21227,2009012701,2,"1818, 3302"
21227,2020030901,2,"3469, 4497"
21227,2021121201,2,"3575, 4630"
21227,2025040102,2,"3626, 4864"
21229,2009012701,2,"1818, 3302"
21229,2020030901,2,"3469, 4497"
21229,2025040102,2,"3626, 4864"
21231,2020030901,2,"3469, 4497"
21231,2025021401,2,"3624, 4860"
21231,2026012101,2,"3633, 4913"
21233,2009012701,2,"1818, 3302"
21233,2020030901,2,"3469, 4497"
21233,2025040102,2,"3626, 4864"
21235,2020030901,2,"3469, 4497"
21235,2025021401,2,"3624, 4860"
21235,2026012101,2,"3633, 4913"
21237,2009012701,2,"1818, 3302"
21237,2020030901,2,"3469, 4497"
21237,2025021401,2,"3624, 4860"
21237,2025040102,2,"3626, 4864"
21239,2009012701,2,"1818, 3302"
21239,2020030901,2,"3469, 4497"
21239,2025021401,2,"3624, 4860"
21239,2025040102,2,"3626, 4864"
22001,2012082601,2,"3347, 4080"
22001,2017082301,2,"3382, 4345"
22001,2020030901,2,"3459, 4484"
22001,2020081804,2,"3538, 4559"
22001,2020100501,2,"3547, 4570"
22001,2020102601,2,"3549, 4577"
22001,2021021302,2,"3556, 4590"
22001,2021082601,2,"3568, 4611"
22003,2012082601,2,"3347, 4080"
22003,2017082301,2,"3382, 4345"
22003,2019070902,2,"3416, 4458"
22003,2020030901,3,"3459, 3522, 4484"
22003,2020081804,2,"3538, 4559"
22003,2020100501,2,"3547, 4570"
22003,2020102601,2,"3549, 4577"
22003,2021021302,2,"3556, 4590"
22003,2021082601,2,"3568, 4611"
22005,2011050403,2,"3322, 4015"
22005,2012082601,2,"3347, 4080"
22005,2019070902,2,"3416, 4458"
22005,2020030901,2,"3459, 4484"
22005,2020081804,2,"3538, 4559"
22005,2020100501,2,"3547, 4570"
22005,2020102601,2,"3549, 4577"
22005,2021021302,2,"3556, 4590"
22005,2021082601,2,"3568, 4611"
22005,2024090902,2,"3614, 4817"
22007,2011050403,2,"3322, 4015"
22007,2012082601,2,"3347, 4080"
22007,2019052501,2,"3413, 4462"
22007,2019070902,2,"3416, 4458"
22007,2020030901,2,"3459, 4484"
22007,2020081804,2,"3538, 4559"
22007,2020100501,2,"3547, 4570"
22007,2020102601,2,"3549, 4577"
22007,2021021302,2,"3556, 4590"
22007,2021082601,2,"3568, 4611"
22007,2024090902,2,"3614, 4817"
22009,2011050403,2,"3322, 4015"
22009,2012082601,2,"3347, 4080"
22009,2020030901,2,"3459, 4484"
22009,2020081804,2,"3538, 4559"
22009,2020100501,2,"3547, 4570"
22009,2021021302,2,"3556, 4590"
22009,2021082601,2,"3568, 4611"
22011,2017082301,2,"3382, 4345"
22011,2020030901,2,"3459, 4484"
22011,2020081804,2,"3538, 4559"
22011,2020100501,2,"3547, 4570"
22011,2020102601,2,"3549, 4577"
22011,2021021302,2,"3556, 4590"
22011,2021082601,2,"3568, 4611"
22013,2020030901,2,"3459, 4484"
22013,2020081804,2,"3538, 4559"
22013,2020100501,2,"3547, 4570"
22013,2021021302,2,"3556, 4590"
22013,2021082601,2,"3568, 4611"
22015,2020030901,2,"3459, 4484"
22015,2020081804,2,"3538, 4559"
22015,2020100501,2,"3547, 4570"
22015,2021021302,2,"3556, 4590"
22015,2021082601,2,"3568, 4611"
22017,2020030901,2,"3459, 4484"
22017,2020081804,2,"3538, 4559"
22017,2020100501,2,"3547, 4570"
22017,2021021302,2,"3556, 4590"
22017,2021082601,2,"3568, 4611"
22019,2017082301,2,"3382, 4345"
22019,2020030901,2,"3459, 4484"
22019,2020081804,2,"3538, 4559"
22019,2020100501,2,"3547, 4570"
22019,2020102601,2,"3549, 4577"
22019,2021021302,2,"3556, 4590"
22019,2021082601,2,"3568, 4611"
22021,2020030901,2,"3459, 4484"
22021,2020081804,2,"3538, 4559"
22021,2020100501,2,"3547, 4570"
22021,2021021302,2,"3556, 4590"
22021,2021082601,2,"3568, 4611"
22023,2012082601,2,"3347, 4080"
22023,2017082301,2,"3382, 4345"
22023,2019070902,2,"3416, 4458"
22023,2020030901,2,"3459, 4484"
22023,2020081804,2,"3538, 4559"
22023,2020100501,2,"3547, 4570"
22023,2020102601,2,"3549, 4577"
22023,2021021302,2,"3556, 4590"
22023,2021082601,2,"3568, 4611"
22025,2011050403,2,"3322, 4015"
22025,2019052501,2,"3413, 4462"
22025,2020030901,2,"3459, 4484"
22025,2020081804,2,"3538, 4559"
22025,2020100501,2,"3547, 4570"
22025,2021021302,2,"3556, 4590"
22025,2021082601,2,"3568, 4611"
22027,2020030901,2,"3459, 4484"
22027,2020081804,2,"3538, 4559"
22027,2020100501,2,"3547, 4570"
22027,2021021302,2,"3556, 4590"
22027,2021082601,2,"3568, 4611"
22029,2011050403,2,"3322, 4015"
22029,2019052501,2,"3413, 4462"
22029,2020030901,2,"3459, 4484"
22029,2020081804,2,"3538, 4559"
22029,2020100501,2,"3547, 4570"
22029,2021021302,2,"3556, 4590"
22029,2021082601,2,"3568, 4611"
22031,2020030901,2,"3459, 4484"
22031,2020081804,2,"3538, 4559"
22031,2020100501,2,"3547, 4570"
22031,2021021302,2,"3556, 4590"
22031,2021082601,2,"3568, 4611"
22033,2011050403,2,"3322, 4015"
22033,2012082601,2,"3347, 4080"
22033,2019070902,2,"3416, 4458"
22033,2020030901,2,"3459, 4484"
22033,2020081804,2,"3538, 4559"
22033,2020100501,2,"3547, 4570"
22033,2020102601,2,"3549, 4577"
22033,2021021302,2,"3556, 4590"
22033,2021082601,2,"3568, 4611"
22033,2024090902,2,"3614, 4817"
22035,2011050403,2,"3322, 4015"
22035,2020030901,2,"3459, 4484"
22035,2020081804,2,"3538, 4559"
22035,2020100501,2,"3547, 4570"
22035,2021021302,2,"3556, 4590"
22035,2021082601,2,"3568, 4611"
22037,2012082601,2,"3347, 4080"
22037,2019070902,2,"3416, 4458"
22037,2020030901,2,"3459, 4484"
22037,2020081804,2,"3538, 4559"
22037,2020100501,2,"3547, 4570"
22037,2020102601,2,"3549, 4577"
22037,2021021302,2,"3556, 4590"
22037,2021082601,2,"3568, 4611"
22037,2024090902,2,"3614, 4817"
22039,2020030901,2,"3459, 4484"
22039,2020081804,2,"3538, 4559"
22039,2020100501,2,"3547, 4570"
22039,2020102601,2,"3549, 4577"
22039,2021021302,2,"3556, 4590"
22039,2021082601,2,"3568, 4611"
22041,2012082601,2,"3347, 4080"
22041,2020030901,2,"3459, 4484"
22041,2020081804,2,"3538, 4559"
22041,2020100501,2,"3547, 4570"
22041,2021021302,2,"3556, 4590"
22041,2021082601,2,"3568, 4611"
22043,2020030901,2,"3459, 4484"
22043,2020081804,2,"3538, 4559"
22043,2020100501,2,"3547, 4570"
22043,2021021302,2,"3556, 4590"
22043,2021082601,2,"3568, 4611"
22045,2011050403,2,"3322, 4015"
22045,2012082601,2,"3347, 4080"
22045,2017082301,2,"3382, 4345"
22045,2019070902,2,"3416, 4458"
22045,2020030901,2,"3459, 4484"
22045,2020081804,2,"3538, 4559"
22045,2020100501,2,"3547, 4570"
22045,2020102601,2,"3549, 4577"
22045,2021021302,2,"3556, 4590"
22045,2021082601,2,"3568, 4611"
22047,2011050403,2,"3322, 4015"
22047,2012082601,2,"3347, 4080"
22047,2019052501,2,"3413, 4462"
22047,2019070902,2,"3416, 4458"
22047,2020030901,2,"3459, 4484"
22047,2020081804,2,"3538, 4559"
22047,2020100501,2,"3547, 4570"
22047,2020102601,2,"3549, 4577"
22047,2021021302,2,"3556, 4590"
22047,2021082601,2,"3568, 4611"
22047,2024090902,2,"3614, 4817"
22049,2020030901,2,"3459, 4484"
22049,2020081804,2,"3538, 4559"
22049,2020100501,2,"3547, 4570"
22049,2021021302,2,"3556, 4590"
22049,2021082601,2,"3568, 4611"
22051,2012082601,2,"3347, 4080"
22051,2019070902,2,"3416, 4458"
22051,2020030901,2,"3459, 4484"
22051,2020081804,2,"3538, 4559"
22051,2020100501,2,"3547, 4570"
22051,2020102601,2,"3549, 4577"
22051,2021021302,2,"3556, 4590"
22051,2021082601,2,"3568, 4611"
22051,2024090902,2,"3614, 4817"
22053,2012082601,2,"3347, 4080"
22053,2017082301,2,"3382, 4345"
22053,2020030901,2,"3459, 4484"
22053,2020081804,2,"3538, 4559"
22053,2020100501,2,"3547, 4570"
22053,2020102601,2,"3549, 4577"
22053,2021021302,2,"3556, 4590"
22053,2021082601,2,"3568, 4611"
22055,2019070902,2,"3416, 4458"
22055,2020030901,2,"3459, 4484"
22055,2020081804,2,"3538, 4559"
22055,2020100501,2,"3547, 4570"
22055,2020102601,2,"3549, 4577"
22055,2021021302,2,"3556, 4590"
22055,2021082601,2,"3568, 4611"
22057,2011050403,2,"3322, 4015"
22057,2012082601,2,"3347, 4080"
22057,2019070902,2,"3416, 4458"
22057,2020030901,2,"3459, 4484"
22057,2020081804,2,"3538, 4559"
22057,2020100501,2,"3547, 4570"
22057,2020102601,2,"3549, 4577"
22057,2021021302,2,"3556, 4590"
22057,2021082601,2,"3568, 4611"
22057,2024090902,2,"3614, 4817"
22059,2011050403,2,"3322, 4015"
22059,2020030901,2,"3459, 4484"
22059,2020081804,2,"3538, 4559"
22059,2020100501,2,"3547, 4570"
22059,2021021302,2,"3556, 4590"
22059,2021082601,2,"3568, 4611"
22061,2020030901,2,"3459, 4484"
22061,2020081804,2,"3538, 4559"
22061,2020100501,2,"3547, 4570"
22061,2021021302,2,"3556, 4590"
22061,2021082601,2,"3568, 4611"
22063,2012082601,2,"3347, 4080"
22063,2019070902,2,"3416, 4458"
22063,2020030901,2,"3459, 4484"
22063,2020081804,2,"3538, 4559"
22063,2020100501,2,"3547, 4570"
22063,2020102601,2,"3549, 4577"
22063,2021021302,2,"3556, 4590"
22063,2021082601,2,"3568, 4611"
22063,2024090902,2,"3614, 4817"
22065,2011050403,2,"3322, 4015"
22065,2020030901,2,"3459, 4484"
22065,2020081804,2,"3538, 4559"
22065,2020100501,2,"3547, 4570"
22065,2021021302,2,"3556, 4590"
22065,2021082601,2,"3568, 4611"
22067,2012082601,2,"3347, 4080"
22067,2020030901,2,"3459, 4484"
22067,2020081804,2,"3538, 4559"
22067,2020100501,2,"3547, 4570"
22067,2021021302,2,"3556, 4590"
22067,2021082601,2,"3568, 4611"
22069,2012082601,2,"3347, 4080"
22069,2017082301,2,"3382, 4345"
22069,2020030901,2,"3459, 4484"
22069,2020081804,2,"3538, 4559"
22069,2020100501,2,"3547, 4570"
22069,2021021302,2,"3556, 4590"
22069,2021082601,2,"3568, 4611"
22071,2012082601,2,"3347, 4080"
22071,2019070902,2,"3416, 4458"
22071,2020030901,2,"3459, 4484"
22071,2020081804,2,"3538, 4559"
22071,2020100501,2,"3547, 4570"
22071,2020102601,2,"3549, 4577"
22071,2021021302,2,"3556, 4590"
22071,2021082601,2,"3568, 4611"
22071,2024090902,2,"3614, 4817"
22073,2012082601,2,"3347, 4080"
22073,2020030901,2,"3459, 4484"
22073,2020081804,2,"3538, 4559"
22073,2020100501,2,"3547, 4570"
22073,2021021302,2,"3556, 4590"
22073,2021082601,2,"3568, 4611"
22075,2012082601,2,"3347, 4080"
22075,2019070902,2,"3416, 4458"
22075,2020030901,2,"3459, 4484"
22075,2020081804,2,"3538, 4559"
22075,2020100501,2,"3547, 4570"
22075,2020102601,2,"3549, 4577"
22075,2021021302,2,"3556, 4590"
22075,2021082601,2,"3568, 4611"
22075,2024090902,2,"3614, 4817"
22077,2011050403,2,"3322, 4015"
22077,2012082601,2,"3347, 4080"
22077,2019052501,2,"3413, 4462"
22077,2019070902,2,"3416, 4458"
22077,2020030901,2,"3459, 4484"
22077,2020081804,2,"3538, 4559"
22077,2020100501,2,"3547, 4570"
22077,2020102601,2,"3549, 4577"
22077,2021021302,2,"3556, 4590"
22077,2021082601,2,"3568, 4611"
22079,2012082601,2,"3347, 4080"
22079,2017082301,2,"3382, 4345"
22079,2019052501,2,"3413, 4462"
22079,2020030901,2,"3459, 4484"
22079,2020081804,2,"3538, 4559"
22079,2020100501,2,"3547, 4570"
22079,2021021302,2,"3556, 4590"
22079,2021082601,2,"3568, 4611"
22081,2020030901,2,"3459, 4484"
22081,2020081804,2,"3538, 4559"
22081,2020100501,2,"3547, 4570"
22081,2021021302,2,"3556, 4590"
22081,2021082601,2,"3568, 4611"
22083,2020030901,2,"3459, 4484"
22083,2020081804,2,"3538, 4559"
22083,2020100501,2,"3547, 4570"
22083,2021021302,2,"3556, 4590"
22083,2021082601,2,"3568, 4611"
22085,2017082301,2,"3382, 4345"
22085,2020030901,2,"3459, 4484"
22085,2020081804,2,"3538, 4559"
22085,2020100501,2,"3547, 4570"
22085,2021021302,2,"3556, 4590"
22085,2021082601,2,"3568, 4611"
22087,2012082601,2,"3347, 4080"
22087,2019070902,2,"3416, 4458"
22087,2020030901,2,"3459, 4484"
22087,2020081804,2,"3538, 4559"
22087,2020100501,2,"3547, 4570"
22087,2020102601,2,"3549, 4577"
22087,2021021302,2,"3556, 4590"
22087,2021082601,2,"3568, 4611"
22087,2024090902,2,"3614, 4817"
22089,2011050403,2,"3322, 4015"
22089,2012082601,2,"3347, 4080"
22089,2019070902,2,"3416, 4458"
22089,2020030901,2,"3459, 4484"
22089,2020081804,2,"3538, 4559"
22089,2020100501,2,"3547, 4570"
22089,2020102601,2,"3549, 4577"
22089,2021021302,2,"3556, 4590"
22089,2021082601,2,"3568, 4611"
22089,2024090902,2,"3614, 4817"
22091,2012082601,2,"3347, 4080"
22091,2019070902,2,"3416, 4458"
22091,2020030901,2,"3459, 4484"
22091,2020081804,2,"3538, 4559"
22091,2020100501,2,"3547, 4570"
22091,2020102601,2,"3549, 4577"
22091,2021021302,2,"3556, 4590"
22091,2021082601,2,"3568, 4611"
22091,2024090902,2,"3614, 4817"
22093,2011050403,2,"3322, 4015"
22093,2012082601,2,"3347, 4080"
22093,2020030901,2,"3459, 4484"
22093,2020081804,2,"3538, 4559"
22093,2020100501,2,"3547, 4570"
22093,2020102601,2,"3549, 4577"
22093,2021021302,2,"3556, 4590"
22093,2021082601,2,"3568, 4611"
22093,2024090902,2,"3614, 4817"
22095,2012082601,2,"3347, 4080"
22095,2019070902,2,"3416, 4458"
22095,2020030901,2,"3459, 4484"
22095,2020081804,2,"3538, 4559"
22095,2020100501,2,"3547, 4570"
22095,2020102601,2,"3549, 4577"
22095,2021021302,2,"3556, 4590"
22095,2021082601,2,"3568, 4611"
22095,2024090902,2,"3614, 4817"
22097,2011050403,2,"3322, 4015"
22097,2019070902,2,"3416, 4458"
22097,2020030901,2,"3459, 4484"
22097,2020081804,2,"3538, 4559"
22097,2020100501,2,"3547, 4570"
22097,2020102601,2,"3549, 4577"
22097,2021021302,2,"3556, 4590"
22097,2021082601,2,"3568, 4611"
22099,2011050403,2,"3322, 4015"
22099,2012082601,2,"3347, 4080"
22099,2019052501,2,"3413, 4462"
22099,2019070902,2,"3416, 4458"
22099,2020030901,2,"3459, 4484"
22099,2020081804,2,"3538, 4559"
22099,2020100501,2,"3547, 4570"
22099,2020102601,2,"3549, 4577"
22099,2021021302,2,"3556, 4590"
22099,2021082601,2,"3568, 4611"
22099,2024090902,2,"3614, 4817"
22101,2011050403,2,"3322, 4015"
22101,2012082601,2,"3347, 4080"
22101,2019052501,2,"3413, 4462"
22101,2019070902,2,"3416, 4458"
22101,2020030901,2,"3459, 4484"
22101,2020081804,2,"3538, 4559"
22101,2020100501,2,"3547, 4570"
22101,2020102601,2,"3549, 4577"
22101,2021021302,2,"3556, 4590"
22101,2021082601,2,"3568, 4611"
22101,2024090902,2,"3614, 4817"
22103,2012082601,2,"3347, 4080"
22103,2020030901,2,"3459, 4484"
22103,2020081804,2,"3538, 4559"
22103,2020100501,2,"3547, 4570"
22103,2020102601,2,"3549, 4577"
22103,2021021302,2,"3556, 4590"
22103,2021082601,2,"3568, 4611"
22103,2024090902,2,"3614, 4817"
22105,2012082601,2,"3347, 4080"
22105,2019070902,2,"3416, 4458"
22105,2020030901,2,"3459, 4484"
22105,2020081804,2,"3538, 4559"
22105,2020100501,2,"3547, 4570"
22105,2020102601,2,"3549, 4577"
22105,2021021302,2,"3556, 4590"
22105,2021082601,2,"3568, 4611"
22105,2024090902,2,"3614, 4817"
22107,2011050403,2,"3322, 4015"
22107,2020030901,2,"3459, 4484"
22107,2020081804,2,"3538, 4559"
22107,2020100501,2,"3547, 4570"
22107,2021021302,2,"3556, 4590"
22107,2021082601,2,"3568, 4611"
22109,2011050403,2,"3322, 4015"
22109,2012082601,2,"3347, 4080"
22109,2019052501,2,"3413, 4462"
22109,2019070902,2,"3416, 4458"
22109,2020030901,2,"3459, 4484"
22109,2020081804,2,"3538, 4559"
22109,2020100501,2,"3547, 4570"
22109,2020102601,2,"3549, 4577"
22109,2021021302,2,"3556, 4590"
22109,2021082601,2,"3568, 4611"
22109,2024090902,2,"3614, 4817"
22111,2020030901,2,"3459, 4484"
22111,2020081804,2,"3538, 4559"
22111,2020100501,2,"3547, 4570"
22111,2021021302,2,"3556, 4590"
22111,2021082601,2,"3568, 4611"
22113,2017082301,2,"3382, 4345"
22113,2019070902,2,"3416, 4458"
22113,2020030901,2,"3459, 4484"
22113,2020081804,2,"3538, 4559"
22113,2020100501,2,"3547, 4570"
22113,2020102601,2,"3549, 4577"
22113,2021021302,2,"3556, 4590"
22113,2021082601,2,"3568, 4611"
22115,2017082301,2,"3382, 4345"
22115,2020030901,2,"3459, 4484"
22115,2020081804,2,"3538, 4559"
22115,2020100501,2,"3547, 4570"
22115,2021021302,2,"3556, 4590"
22115,2021082601,2,"3568, 4611"
22117,2012082601,2,"3347, 4080"
22117,2020030901,2,"3459, 4484"
22117,2020081804,2,"3538, 4559"
22117,2020100501,2,"3547, 4570"
22117,2020102601,2,"3549, 4577"
22117,2021021302,2,"3556, 4590"
22117,2021082601,2,"3568, 4611"
22117,2024090902,2,"3614, 4817"
22119,2020030901,2,"3459, 4484"
22119,2020081804,2,"3538, 4559"
22119,2020100501,2,"3547, 4570"
22119,2021021302,2,"3556, 4590"
22119,2021082601,2,"3568, 4611"
22121,2011050403,2,"3322, 4015"
22121,2012082601,2,"3347, 4080"
22121,2020030901,2,"3459, 4484"
22121,2020081804,2,"3538, 4559"
22121,2020100501,2,"3547, 4570"
22121,2020102601,2,"3549, 4577"
22121,2021021302,2,"3556, 4590"
22121,2021082601,2,"3568, 4611"
22123,2020030901,2,"3459, 4484"
22123,2020081804,2,"3538, 4559"
22123,2020100501,2,"3547, 4570"
22123,2021021302,2,"3556, 4590"
22123,2021082601,2,"3568, 4611"
22125,2011050403,2,"3322, 4015"
22125,2019052501,2,"3413, 4462"
22125,2019070902,2,"3416, 4458"
22125,2020030901,2,"3459, 4484"
22125,2020081804,2,"3538, 4559"
22125,2020100501,2,"3547, 4570"
22125,2020102601,2,"3549, 4577"
22125,2021021302,2,"3556, 4590"
22125,2021082601,2,"3568, 4611"
22125,2024090902,2,"3614, 4817"
22127,2020030901,2,"3459, 4484"
22127,2020081804,2,"3538, 4559"
22127,2020100501,2,"3547, 4570"
22127,2021021302,2,"3556, 4590"
22127,2021082601,2,"3568, 4611"
23001,2020030901,2,"3444, 4522"
23003,2020030901,2,"3444, 4522"
23005,2020030901,2,"3444, 4522"
23007,2020030901,3,"3444, 3498, 4522"
23009,2020030901,3,"3444, 3498, 4522"
23011,2020030901,2,"3444, 4522"
23013,2020030901,2,"3444, 4522"
23015,2020030901,2,"3444, 4522"
23017,2020030901,3,"3444, 3498, 4522"
23019,2020030901,3,"3444, 3498, 4522"
23021,2020030901,2,"3444, 4522"
23023,2020030901,2,"3444, 4522"
23025,2020030901,3,"3444, 3498, 4522"
23027,2020030901,2,"3444, 4522"
23029,2020030901,3,"3444, 3498, 4522"
23031,2020030901,2,"3444, 4522"
24001,2012102505,2,"3349, 4091"
24001,2020030901,2,"3430, 4491"
24003,2012102505,2,"3349, 4091"
24003,2020030901,2,"3430, 4491"
24005,2011082201,2,"3335, 4034"
24005,2012102505,2,"3349, 4091"
24005,2020030901,2,"3430, 4491"
24009,2011082201,2,"3335, 4034"
24009,2012102505,2,"3349, 4091"
24009,2020030901,2,"3430, 4491"
24011,2011082201,2,"3335, 4034"
24011,2012102505,2,"3349, 4091"
24011,2020030901,2,"3430, 4491"
24013,2012102505,2,"3349, 4091"
24013,2020030901,2,"3430, 4491"
24015,2011082201,2,"3335, 4034"
24015,2012102505,2,"3349, 4091"
24015,2020030901,2,"3430, 4491"
24017,2011082201,2,"3335, 4034"
24017,2012102505,2,"3349, 4091"
24017,2020030901,2,"3430, 4491"
24019,2011082201,2,"3335, 4034"
24019,2012102505,2,"3349, 4091"
24019,2020030901,2,"3430, 4491"
24021,2012102505,2,"3349, 4091"
24021,2020030901,2,"3430, 4491"
24023,2012102505,2,"3349, 4091"
24023,2020030901,2,"3430, 4491"
24025,2011082201,2,"3335, 4034"
24025,2012102505,2,"3349, 4091"
24025,2020030901,2,"3430, 4491"
24027,2012102505,2,"3349, 4091"
24027,2020030901,2,"3430, 4491"
24029,2011082201,2,"3335, 4034"
24029,2012102505,2,"3349, 4091"
24029,2020030901,2,"3430, 4491"
24031,2012102505,2,"3349, 4091"
24031,2020030901,2,"3430, 4491"
24033,2012102505,2,"3349, 4091"
24033,2020030901,2,"3430, 4491"
24035,2011082201,2,"3335, 4034"
24035,2012102505,2,"3349, 4091"
24035,2020030901,2,"3430, 4491"
24037,2011082201,2,"3335, 4034"
24037,2012102505,2,"3349, 4091"
24037,2020030901,2,"3430, 4491"
24039,2011082201,2,"3335, 4034"
24039,2012102505,2,"3349, 4091"
24039,2020030901,2,"3430, 4491"
24041,2011082201,2,"3335, 4034"
24041,2012102505,2,"3349, 4091"
24041,2020030901,2,"3430, 4491"
24043,2012102505,2,"3349, 4091"
24043,2020030901,2,"3430, 4491"
24045,2011082201,2,"3335, 4034"
24045,2012102505,2,"3349, 4091"
24045,2020030901,2,"3430, 4491"
24047,2011082201,2,"3335, 4034"
24047,2012102505,2,"3349, 4091"
24047,2020030901,2,"3430, 4491"
24510,2011082201,2,"3335, 4034"
24510,2012102505,2,"3349, 4091"
24510,2020030901,2,"3430, 4491"
25001,2011082401,2,"3330, 4028"
25001,2012102505,2,"3350, 4097"
25001,2020030901,3,"3438, 3484, 4496"
25003,2011082401,2,"3330, 4028"
25003,2011103101,2,"3343, 4051"
25003,2020030901,2,"3438, 4496"
25005,2011082401,2,"3330, 4028"
25005,2012102505,2,"3350, 4097"
25005,2020030901,3,"3438, 3484, 4496"
25007,2011082401,2,"3330, 4028"
25007,2012102505,2,"3350, 4097"
25007,2020030901,2,"3438, 4496"
25009,2020030901,2,"3438, 4496"
25011,2011082401,2,"3330, 4028"
25011,2011103101,2,"3343, 4051"
25011,2020030901,2,"3438, 4496"
25013,2011082401,2,"3330, 4028"
25013,2011103101,2,"3343, 4051"
25013,2020030901,2,"3438, 4496"
25015,2011082401,2,"3330, 4028"
25015,2011103101,2,"3343, 4051"
25015,2020030901,2,"3438, 4496"
25017,2011103101,2,"3343, 4051"
25017,2020030901,2,"3438, 4496"
25019,2012102505,2,"3350, 4097"
25019,2020030901,2,"3438, 4496"
25021,2011082401,2,"3330, 4028"
25021,2020030901,2,"3438, 4496"
25023,2011082401,2,"3330, 4028"
25023,2012102505,2,"3350, 4097"
25023,2020030901,2,"3438, 4496"
25025,2012102505,2,"3350, 4097"
25025,2020030901,2,"3438, 4496"
25027,2011103101,2,"3343, 4051"
25027,2020030901,2,"3438, 4496"
26001,2020030901,2,"3455, 4494"
26003,2020030901,2,"3455, 4494"
26005,2020030901,2,"3455, 4494"
26007,2020030901,2,"3455, 4494"
26009,2020030901,2,"3455, 4494"
26011,2020030901,2,"3455, 4494"
26013,2020030901,2,"3455, 4494"
26015,2020030901,2,"3455, 4494"
26017,2020030901,2,"3455, 4494"
26019,2020030901,2,"3455, 4494"
26021,2020030901,2,"3455, 4494"
26023,2020030901,2,"3455, 4494"
26025,2020030901,2,"3455, 4494"
26027,2020030901,2,"3455, 4494"
26029,2020030901,2,"3455, 4494"
26031,2020030901,2,"3455, 4494"
26033,2020030901,2,"3455, 4494"
26035,2020030901,2,"3455, 4494"
26037,2020030901,2,"3455, 4494"
26039,2020030901,2,"3455, 4494"
26041,2020030901,2,"3455, 4494"
26043,2020030901,2,"3455, 4494"
26045,2020030901,2,"3455, 4494"
26047,2020030901,2,"3455, 4494"
26049,2020030901,2,"3455, 4494"
26051,2020030901,2,"3455, 4494"
26051,2020052001,2,"3525, 4547"
26053,2020030901,2,"3455, 4494"
26055,2020030901,2,"3455, 4494"
26057,2020030901,2,"3455, 4494"
26059,2020030901,2,"3455, 4494"
26061,2020030901,2,"3455, 4494"
26063,2020030901,2,"3455, 4494"
26065,2020030901,2,"3455, 4494"
26067,2020030901,2,"3455, 4494"
26069,2020030901,2,"3455, 4494"
26071,2020030901,2,"3455, 4494"
26073,2020030901,2,"3455, 4494"
26075,2020030901,2,"3455, 4494"
26077,2020030901,2,"3455, 4494"
26079,2020030901,2,"3455, 4494"
26081,2020030901,2,"3455, 4494"
26083,2020030901,2,"3455, 4494"
26085,2020030901,2,"3455, 4494"
26087,2020030901,2,"3455, 4494"
26089,2020030901,2,"3455, 4494"
26091,2020030901,2,"3455, 4494"
26093,2020030901,2,"3455, 4494"
26095,2020030901,2,"3455, 4494"
26097,2020030901,2,"3455, 4494"
26099,2020030901,2,"3455, 4494"
26101,2020030901,2,"3455, 4494"
26103,2020030901,2,"3455, 4494"
26105,2020030901,2,"3455, 4494"
26107,2020030901,2,"3455, 4494"
26109,2020030901,2,"3455, 4494"
26111,2020030901,2,"3455, 4494"
26111,2020052001,2,"3525, 4547"
26113,2020030901,2,"3455, 4494"
26115,2020030901,2,"3455, 4494"
26117,2020030901,2,"3455, 4494"
26119,2020030901,2,"3455, 4494"
26121,2020030901,2,"3455, 4494"
26123,2020030901,2,"3455, 4494"
26125,2020030901,2,"3455, 4494"
26127,2020030901,2,"3455, 4494"
26129,2020030901,2,"3455, 4494"
26131,2020030901,2,"3455, 4494"
26133,2020030901,2,"3455, 4494"
26135,2020030901,2,"3455, 4494"
26137,2020030901,2,"3455, 4494"
26139,2020030901,2,"3455, 4494"
26141,2020030901,2,"3455, 4494"
26143,2020030901,2,"3455, 4494"
26145,2020030901,2,"3455, 4494"
26147,2020030901,2,"3455, 4494"
26149,2020030901,2,"3455, 4494"
26151,2020030901,2,"3455, 4494"
26153,2020030901,2,"3455, 4494"
26155,2020030901,2,"3455, 4494"
26157,2020030901,2,"3455, 4494"
26159,2020030901,2,"3455, 4494"
26161,2020030901,2,"3455, 4494"
26163,2020030901,2,"3455, 4494"
26165,2020030901,2,"3455, 4494"
27001,2020030901,2,"3453, 4531"
27003,2020030901,2,"3453, 4531"
27005,2020030901,2,"3453, 4531"
27007,2020030901,2,"3453, 4531"
27009,2020030901,2,"3453, 4531"
27011,2010031602,2,"1900, 3310"
27011,2020030901,2,"3453, 4531"
27013,2010031602,2,"1900, 3310"
27013,2020030901,2,"3453, 4531"
27015,2010031602,2,"1900, 3310"
27015,2020030901,2,"3453, 4531"
27017,2020030901,2,"3453, 4531"
27019,2010031602,2,"1900, 3310"
27019,2020030901,2,"3453, 4531"
27021,2020030901,2,"3453, 4531"
27023,2010031602,2,"1900, 3310"
27023,2020030901,3,"3453, 3503, 4531"
27025,2020030901,2,"3453, 4531"
27027,2010031602,2,"1900, 3310"
27027,2020030901,2,"3453, 4531"
27029,2020030901,2,"3453, 4531"
27031,2020030901,2,"3453, 4531"
27033,2020030901,2,"3453, 4531"
27035,2020030901,2,"3453, 4531"
27037,2010031602,2,"1900, 3310"
27037,2020030901,2,"3453, 4531"
27039,2020030901,2,"3453, 4531"
27041,2020030901,2,"3453, 4531"
27043,2020030901,2,"3453, 4531"
27045,2020030901,2,"3453, 4531"
27047,2020030901,2,"3453, 4531"
27049,2010031602,2,"1900, 3310"
27049,2020030901,2,"3453, 4531"
27051,2020030901,2,"3453, 4531"
27053,2020030901,2,"3453, 4531"
27055,2020030901,2,"3453, 4531"
27057,2020030901,2,"3453, 4531"
27059,2020030901,2,"3453, 4531"
27061,2020030901,2,"3453, 4531"
27063,2020030901,2,"3453, 4531"
27065,2020030901,2,"3453, 4531"
27067,2020030901,2,"3453, 4531"
27069,2010031602,2,"1900, 3310"
27069,2020030901,2,"3453, 4531"
27071,2020030901,2,"3453, 4531"
27073,2010031602,2,"1900, 3310"
27073,2020030901,2,"3453, 4531"
27075,2020030901,2,"3453, 4531"
27077,2020030901,2,"3453, 4531"
27079,2020030901,2,"3453, 4531"
27081,2020030901,2,"3453, 4531"
27083,2020030901,2,"3453, 4531"
27085,2020030901,2,"3453, 4531"
27087,2020030901,2,"3453, 4531"
27089,2010031602,2,"1900, 3310"
27089,2020030901,2,"3453, 4531"
27091,2020030901,2,"3453, 4531"
27093,2020030901,2,"3453, 4531"
27095,2020030901,2,"3453, 4531"
27097,2020030901,2,"3453, 4531"
27099,2020030901,2,"3453, 4531"
27101,2020030901,2,"3453, 4531"
27103,2010031602,2,"1900, 3310"
27103,2020030901,2,"3453, 4531"
27105,2020030901,2,"3453, 4531"
27107,2010031602,2,"1900, 3310"
27107,2020030901,2,"3453, 4531"
27109,2020030901,2,"3453, 4531"
27111,2020030901,2,"3453, 4531"
27113,2020030901,2,"3453, 4531"
27115,2020030901,2,"3453, 4531"
27117,2020030901,2,"3453, 4531"
27119,2010031602,2,"1900, 3310"
27119,2020030901,2,"3453, 4531"
27121,2020030901,2,"3453, 4531"
27123,2010031602,2,"1900, 3310"
27123,2020030901,2,"3453, 4531"
27125,2020030901,2,"3453, 4531"
27127,2010031602,2,"1900, 3310"
27127,2020030901,2,"3453, 4531"
27129,2010031602,2,"1900, 3310"
27129,2020030901,2,"3453, 4531"
27131,2020030901,2,"3453, 4531"
27133,2020030901,2,"3453, 4531"
27135,2020030901,2,"3453, 4531"
27137,2020030901,2,"3453, 4531"
27139,2010031602,2,"1900, 3310"
27139,2020030901,2,"3453, 4531"
27141,2020030901,2,"3453, 4531"
27143,2010031602,2,"1900, 3310"
27143,2020030901,2,"3453, 4531"
27145,2020030901,2,"3453, 4531"
27147,2020030901,2,"3453, 4531"
27149,2020030901,2,"3453, 4531"
27151,2020030901,2,"3453, 4531"
27153,2020030901,2,"3453, 4531"
27155,2010031602,2,"1900, 3310"
27155,2020030901,2,"3453, 4531"
27157,2020030901,2,"3453, 4531"
27159,2020030901,2,"3453, 4531"
27161,2020030901,2,"3453, 4531"
27163,2020030901,2,"3453, 4531"
27165,2020030901,2,"3453, 4531"
27167,2010031602,2,"1900, 3310"
27167,2020030901,2,"3453, 4531"
27169,2020030901,2,"3453, 4531"
27171,2020030901,2,"3453, 4531"
27173,2010031602,2,"1900, 3310"
27173,2020030901,3,"3453, 3503, 4531"
28001,2011050401,2,"1983, 3320"
28001,2020030901,2,"3474, 4528"
28001,2021082601,2,"3569, 4626"
28001,2026012101,2,"3640, 4899"
28003,2020030901,2,"3474, 4528"
28003,2021082601,2,"3569, 4626"
28003,2026012101,2,"3640, 4899"
28005,2012082201,2,"3348, 4081"
28005,2020030901,2,"3474, 4528"
28005,2021082601,2,"3569, 4626"
28005,2026012101,2,"3640, 4899"
28007,2012082201,2,"3348, 4081"
28007,2020030901,2,"3474, 4528"
28007,2021082601,2,"3569, 4626"
28007,2026012101,2,"3640, 4899"
28009,2020030901,2,"3474, 4528"
28009,2021082601,2,"3569, 4626"
28009,2026012101,2,"3640, 4899"
28011,2011050401,2,"1983, 3320"
28011,2020030901,2,"3474, 4528"
28011,2021082601,2,"3569, 4626"
28011,2026012101,2,"3640, 4899"
28013,2020030901,2,"3474, 4528"
28013,2021082601,2,"3569, 4626"
28013,2026012101,2,"3640, 4899"
28015,2012082201,2,"3348, 4081"
28015,2020030901,2,"3474, 4528"
28015,2021082601,2,"3569, 4626"
28015,2026012101,2,"3640, 4899"
28017,2020030901,2,"3474, 4528"
28017,2021082601,2,"3569, 4626"
28017,2026012101,2,"3640, 4899"
28019,2020030901,2,"3474, 4528"
28019,2021082601,2,"3569, 4626"
28019,2026012101,2,"3640, 4899"
28021,2011050401,2,"1983, 3320"
28021,2020030901,2,"3474, 4528"
28021,2021082601,2,"3569, 4626"
28021,2026012101,2,"3640, 4899"
28023,2012082201,2,"3348, 4081"
28023,2020030901,2,"3474, 4528"
28023,2021082601,2,"3569, 4626"
28023,2026012101,2,"3640, 4899"
28025,2020030901,2,"3474, 4528"
28025,2021082601,2,"3569, 4626"
28025,2026012101,2,"3640, 4899"
28027,2011050401,2,"1983, 3320"
28027,2020030901,2,"3474, 4528"
28027,2021082601,2,"3569, 4626"
28027,2026012101,2,"3640, 4899"
28029,2012082201,2,"3348, 4081"
28029,2020030901,2,"3474, 4528"
28029,2021082601,2,"3569, 4626"
28029,2026012101,2,"3640, 4899"
28031,2012082201,2,"3348, 4081"
28031,2020030901,2,"3474, 4528"
28031,2021082601,2,"3569, 4626"
28031,2026012101,2,"3640, 4899"
28033,2011050401,2,"1983, 3320"
28033,2020030901,2,"3474, 4528"
28033,2021082601,2,"3569, 4626"
28033,2026012101,2,"3640, 4899"
28035,2012082201,2,"3348, 4081"
28035,2020030901,2,"3474, 4528"
28035,2021082601,2,"3569, 4626"
28035,2026012101,2,"3640, 4899"
28037,2020030901,2,"3474, 4528"
28037,2021082601,2,"3569, 4626"
28037,2026012101,2,"3640, 4899"
28039,2012082201,2,"3348, 4081"
28039,2017100401,2,"3393, 4350"
28039,2020030901,2,"3474, 4528"
28039,2020102601,2,"3550, 4576"
28039,2021082601,2,"3569, 4626"
28039,2026012101,2,"3640, 4899"
28041,2012082201,2,"3348, 4081"
28041,2020030901,2,"3474, 4528"
28041,2020102601,2,"3550, 4576"
28041,2021082601,2,"3569, 4626"
28041,2026012101,2,"3640, 4899"
28043,2012082201,2,"3348, 4081"
28043,2020030901,2,"3474, 4528"
28043,2021082601,2,"3569, 4626"
28043,2026012101,2,"3640, 4899"
28045,2012082201,2,"3348, 4081"
28045,2017100401,2,"3393, 4350"
28045,2020030901,2,"3474, 4528"
28045,2020102601,2,"3550, 4576"
28045,2021082601,2,"3569, 4626"
28045,2026012101,2,"3640, 4899"
28047,2012082201,2,"3348, 4081"
28047,2017100401,2,"3393, 4350"
28047,2020030901,2,"3474, 4528"
28047,2020102601,2,"3550, 4576"
28047,2021082601,2,"3569, 4626"
28047,2026012101,2,"3640, 4899"
28049,2012082201,2,"3348, 4081"
28049,2020030901,2,"3474, 4528"
28049,2021082601,2,"3569, 4626"
28049,2026012101,2,"3640, 4899"
28051,2012082201,2,"3348, 4081"
28051,2020030901,2,"3474, 4528"
28051,2021082601,2,"3569, 4626"
28051,2026012101,2,"3640, 4899"
28053,2011050401,2,"1983, 3320"
28053,2020030901,2,"3474, 4528"
28053,2021082601,2,"3569, 4626"
28053,2026012101,2,"3640, 4899"
28055,2011050401,2,"1983, 3320"
28055,2020030901,2,"3474, 4528"
28055,2021082601,2,"3569, 4626"
28055,2026012101,2,"3640, 4899"
28057,2020030901,2,"3474, 4528"
28057,2021082601,2,"3569, 4626"
28057,2026012101,2,"3640, 4899"
28059,2012082201,2,"3348, 4081"
28059,2017100401,2,"3393, 4350"
28059,2020030901,2,"3474, 4528"
28059,2020102601,2,"3550, 4576"
28059,2021082601,2,"3569, 4626"
28059,2026012101,2,"3640, 4899"
28061,2012082201,2,"3348, 4081"
28061,2020030901,2,"3474, 4528"
28061,2021082601,2,"3569, 4626"
28061,2026012101,2,"3640, 4899"
28063,2011050401,2,"1983, 3320"
28063,2020030901,2,"3474, 4528"
28063,2021082601,2,"3569, 4626"
28063,2026012101,2,"3640, 4899"
28065,2012082201,2,"3348, 4081"
28065,2020030901,2,"3474, 4528"
28065,2021082601,2,"3569, 4626"
28065,2026012101,2,"3640, 4899"
28067,2012082201,2,"3348, 4081"
28067,2020030901,2,"3474, 4528"
28067,2021082601,2,"3569, 4626"
28067,2026012101,2,"3640, 4899"
28069,2020030901,2,"3474, 4528"
28069,2021082601,2,"3569, 4626"
28069,2026012101,2,"3640, 4899"
28071,2020030901,2,"3474, 4528"
28071,2021082601,2,"3569, 4626"
28071,2026012101,2,"3640, 4899"
28073,2012082201,2,"3348, 4081"
28073,2020030901,2,"3474, 4528"
28073,2021082601,2,"3569, 4626"
28073,2026012101,2,"3640, 4899"
28075,2012082201,2,"3348, 4081"
28075,2020030901,2,"3474, 4528"
28075,2021082601,2,"3569, 4626"
28075,2026012101,2,"3640, 4899"
28077,2012082201,2,"3348, 4081"
28077,2020030901,2,"3474, 4528"
28077,2021082601,2,"3569, 4626"
28077,2026012101,2,"3640, 4899"
28079,2020030901,2,"3474, 4528"
28079,2021082601,2,"3569, 4626"
28079,2026012101,2,"3640, 4899"
28081,2020030901,2,"3474, 4528"
28081,2021082601,2,"3569, 4626"
28081,2026012101,2,"3640, 4899"
28083,2020030901,2,"3474, 4528"
28083,2021082601,2,"3569, 4626"
28083,2026012101,2,"3640, 4899"
28085,2012082201,2,"3348, 4081"
28085,2020030901,2,"3474, 4528"
28085,2021082601,2,"3569, 4626"
28085,2026012101,2,"3640, 4899"
28087,2020030901,2,"3474, 4528"
28087,2021082601,2,"3569, 4626"
28087,2026012101,2,"3640, 4899"
28089,2012082201,2,"3348, 4081"
28089,2020030901,2,"3474, 4528"
28089,2021082601,2,"3569, 4626"
28089,2026012101,2,"3640, 4899"
28091,2012082201,2,"3348, 4081"
28091,2020030901,2,"3474, 4528"
28091,2021082601,2,"3569, 4626"
28091,2026012101,2,"3640, 4899"
28093,2020030901,2,"3474, 4528"
28093,2021082601,2,"3569, 4626"
28093,2026012101,2,"3640, 4899"
28095,2020030901,2,"3474, 4528"
28095,2021082601,2,"3569, 4626"
28095,2026012101,2,"3640, 4899"
28097,2012082201,2,"3348, 4081"
28097,2020030901,2,"3474, 4528"
28097,2021082601,2,"3569, 4626"
28097,2026012101,2,"3640, 4899"
28099,2020030901,2,"3474, 4528"
28099,2021082601,2,"3569, 4626"
28099,2026012101,2,"3640, 4899"
28101,2020030901,2,"3474, 4528"
28101,2021082601,2,"3569, 4626"
28101,2026012101,2,"3640, 4899"
28103,2020030901,2,"3474, 4528"
28103,2021082601,2,"3569, 4626"
28103,2026012101,2,"3640, 4899"
28105,2020030901,2,"3474, 4528"
28105,2021082601,2,"3569, 4626"
28105,2026012101,2,"3640, 4899"
28107,2020030901,2,"3474, 4528"
28107,2021082601,2,"3569, 4626"
28107,2026012101,2,"3640, 4899"
28109,2012082201,2,"3348, 4081"
28109,2020030901,2,"3474, 4528"
28109,2021082601,2,"3569, 4626"
28109,2026012101,2,"3640, 4899"
28111,2012082201,2,"3348, 4081"
28111,2020030901,2,"3474, 4528"
28111,2020102601,2,"3550, 4576"
28111,2021082601,2,"3569, 4626"
28111,2026012101,2,"3640, 4899"
28113,2012082201,2,"3348, 4081"
28113,2020030901,2,"3474, 4528"
28113,2021082601,2,"3569, 4626"
28113,2026012101,2,"3640, 4899"
28115,2020030901,2,"3474, 4528"
28115,2021082601,2,"3569, 4626"
28115,2026012101,2,"3640, 4899"
28117,2020030901,2,"3474, 4528"
28117,2021082601,2,"3569, 4626"
28117,2026012101,2,"3640, 4899"
28119,2020030901,2,"3474, 4528"
28119,2021082601,2,"3569, 4626"
28119,2026012101,2,"3640, 4899"
28121,2012082201,2,"3348, 4081"
28121,2020030901,2,"3474, 4528"
28121,2021082601,2,"3569, 4626"
28121,2026012101,2,"3640, 4899"
28123,2020030901,2,"3474, 4528"
28123,2021082601,2,"3569, 4626"
28123,2026012101,2,"3640, 4899"
28125,2011050401,2,"1983, 3320"
28125,2020030901,2,"3474, 4528"
28125,2021082601,2,"3569, 4626"
28125,2026012101,2,"3640, 4899"
28127,2020030901,2,"3474, 4528"
28127,2021082601,2,"3569, 4626"
28127,2026012101,2,"3640, 4899"
28129,2020030901,2,"3474, 4528"
28129,2021082601,2,"3569, 4626"
28129,2026012101,2,"3640, 4899"
28131,2012082201,2,"3348, 4081"
28131,2017100401,2,"3393, 4350"
28131,2020030901,2,"3474, 4528"
28131,2020102601,2,"3550, 4576"
28131,2021082601,2,"3569, 4626"
28131,2026012101,2,"3640, 4899"
28133,2020030901,2,"3474, 4528"
28133,2021082601,2,"3569, 4626"
28133,2026012101,2,"3640, 4899"
28135,2020030901,2,"3474, 4528"
28135,2021082601,2,"3569, 4626"
28135,2026012101,2,"3640, 4899"
28137,2020030901,2,"3474, 4528"
28137,2021082601,2,"3569, 4626"
28137,2026012101,2,"3640, 4899"
28139,2020030901,2,"3474, 4528"
28139,2021082601,2,"3569, 4626"
28139,2026012101,2,"3640, 4899"
28141,2020030901,2,"3474, 4528"
28141,2021082601,2,"3569, 4626"
28141,2026012101,2,"3640, 4899"
28143,2011050401,2,"1983, 3320"
28143,2020030901,2,"3474, 4528"
28143,2021082601,2,"3569, 4626"
28143,2026012101,2,"3640, 4899"
28145,2020030901,2,"3474, 4528"
28145,2021082601,2,"3569, 4626"
28145,2026012101,2,"3640, 4899"
28147,2012082201,2,"3348, 4081"
28147,2020030901,2,"3474, 4528"
28147,2021082601,2,"3569, 4626"
28147,2026012101,2,"3640, 4899"
28149,2011050401,2,"1983, 3320"
28149,2020030901,2,"3474, 4528"
28149,2021082601,2,"3569, 4626"
28149,2026012101,2,"3640, 4899"
28151,2011050401,2,"1983, 3320"
28151,2020030901,2,"3474, 4528"
28151,2021082601,2,"3569, 4626"
28151,2026012101,2,"3640, 4899"
28153,2012082201,2,"3348, 4081"
28153,2020030901,2,"3474, 4528"
28153,2020102601,2,"3550, 4576"
28153,2021082601,2,"3569, 4626"
28153,2026012101,2,"3640, 4899"
28155,2020030901,2,"3474, 4528"
28155,2021082601,2,"3569, 4626"
28155,2026012101,2,"3640, 4899"
28157,2011050401,2,"1983, 3320"
28157,2012082201,2,"3348, 4081"
28157,2020030901,2,"3474, 4528"
28157,2021082601,2,"3569, 4626"
28157,2026012101,2,"3640, 4899"
28159,2020030901,2,"3474, 4528"
28159,2021082601,2,"3569, 4626"
28159,2026012101,2,"3640, 4899"
28161,2020030901,2,"3474, 4528"
28161,2021082601,2,"3569, 4626"
28161,2026012101,2,"3640, 4899"
28163,2011050401,2,"1983, 3320"
28163,2012082201,2,"3348, 4081"
28163,2020030901,2,"3474, 4528"
28163,2021082601,2,"3569, 4626"
28163,2026012101,2,"3640, 4899"
29001,2011012805,2,"1961, 3317"
29001,2020030901,2,"3482, 4490"
29003,2011012805,2,"1961, 3317"
29003,2011060703,2,"3325, 4012"
29003,2020030901,2,"3482, 4490"
29005,2011060703,2,"3325, 4012"
29005,2020030901,2,"3482, 4490"
29007,2011012805,2,"1961, 3317"
29007,2020030901,2,"3482, 4490"
29009,2015122901,2,"3374, 4250"
29009,2020030901,2,"3482, 4490"
29011,2011012805,2,"1961, 3317"
29011,2015122901,2,"3374, 4250"
29011,2020030901,2,"3482, 4490"
29013,2011012805,2,"1961, 3317"
29013,2020030901,2,"3482, 4490"
29015,2011012805,2,"1961, 3317"
29015,2020030901,2,"3482, 4490"
29017,2015122901,2,"3374, 4250"
29017,2020030901,2,"3482, 4490"
29019,2011012805,2,"1961, 3317"
29019,2020030901,2,"3482, 4490"
29021,2011012805,2,"1961, 3317"
29021,2011060703,2,"3325, 4012"
29021,2020030901,2,"3482, 4490"
29023,2020030901,2,"3482, 4490"
29025,2011012805,2,"1961, 3317"
29025,2020030901,2,"3482, 4490"
29027,2011012805,2,"1961, 3317"
29027,2020030901,2,"3482, 4490"
29029,2011012805,2,"1961, 3317"
29029,2015122901,2,"3374, 4250"
29029,2020030901,2,"3482, 4490"
29031,2015122901,2,"3374, 4250"
29031,2020030901,2,"3482, 4490"
29033,2011012805,2,"1961, 3317"
29033,2011060703,2,"3325, 4012"
29033,2020030901,2,"3482, 4490"
29035,2020030901,2,"3482, 4490"
29037,2011012805,2,"1961, 3317"
29037,2020030901,2,"3482, 4490"
29039,2011012805,2,"1961, 3317"
29039,2015122901,2,"3374, 4250"
29039,2020030901,2,"3482, 4490"
29041,2011012805,2,"1961, 3317"
29041,2020030901,2,"3482, 4490"
29043,2020030901,2,"3482, 4490"
29045,2011012805,2,"1961, 3317"
29045,2020030901,2,"3482, 4490"
29047,2020030901,2,"3482, 4490"
29049,2011012805,2,"1961, 3317"
29049,2020030901,2,"3482, 4490"
29051,2011012805,2,"1961, 3317"
29051,2015122901,2,"3374, 4250"
29051,2020030901,2,"3482, 4490"
29053,2011012805,2,"1961, 3317"
29053,2011060703,2,"3325, 4012"
29053,2020030901,2,"3482, 4490"
29055,2015122901,2,"3374, 4250"
29055,2020030901,2,"3482, 4490"
29057,2011012805,2,"1961, 3317"
29057,2020030901,2,"3482, 4490"
29059,2011012805,2,"1961, 3317"
29059,2015122901,2,"3374, 4250"
29059,2020030901,2,"3482, 4490"
29061,2020030901,2,"3482, 4490"
29063,2011012805,2,"1961, 3317"
29063,2020030901,2,"3482, 4490"
29065,2020030901,2,"3482, 4490"
29067,2015122901,2,"3374, 4250"
29067,2020030901,2,"3482, 4490"
29069,2015122901,2,"3374, 4250"
29069,2020030901,2,"3482, 4490"
29071,2015122901,2,"3374, 4250"
29071,2020030901,2,"3482, 4490"
29073,2015122901,2,"3374, 4250"
29073,2020030901,2,"3482, 4490"
29075,2020030901,2,"3482, 4490"
29077,2015122901,2,"3374, 4250"
29077,2020030901,2,"3482, 4490"
29079,2011012805,2,"1961, 3317"
29079,2020030901,2,"3482, 4490"
29081,2020030901,2,"3482, 4490"
29083,2011012805,2,"1961, 3317"
29083,2020030901,2,"3482, 4490"
29085,2011012805,2,"1961, 3317"
29085,2015122901,2,"3374, 4250"
29085,2020030901,2,"3482, 4490"
29087,2011060703,2,"3325, 4012"
29087,2020030901,2,"3482, 4490"
29089,2011012805,2,"1961, 3317"
29089,2011060703,2,"3325, 4012"
29089,2020030901,2,"3482, 4490"
29091,2015122901,2,"3374, 4250"
29091,2020030901,2,"3482, 4490"
29093,2015122901,2,"3374, 4250"
29093,2020030901,2,"3482, 4490"
29095,2020030901,2,"3482, 4490"
29097,2015122901,2,"3374, 4250"
29097,2020030901,2,"3482, 4490"
29099,2015122901,2,"3374, 4250"
29099,2020030901,2,"3482, 4490"
29101,2011012805,2,"1961, 3317"
29101,2020030901,2,"3482, 4490"
29103,2011012805,2,"1961, 3317"
29103,2020030901,2,"3482, 4490"
29105,2011012805,2,"1961, 3317"
29105,2015122901,2,"3374, 4250"
29105,2020030901,2,"3482, 4490"
29107,2011012805,2,"1961, 3317"
29107,2011060703,2,"3325, 4012"
29107,2020030901,2,"3482, 4490"
29109,2015122901,2,"3374, 4250"
29109,2020030901,2,"3482, 4490"
29111,2011012805,2,"1961, 3317"
29111,2020030901,2,"3482, 4490"
29113,2015122901,2,"3374, 4250"
29113,2020030901,2,"3482, 4490"
29115,2011012805,2,"1961, 3317"
29115,2020030901,2,"3482, 4490"
29117,2011012805,2,"1961, 3317"
29117,2020030901,2,"3482, 4490"
29119,2011012805,2,"1961, 3317"
29119,2015122901,2,"3374, 4250"
29119,2020030901,2,"3482, 4490"
29121,2011012805,2,"1961, 3317"
29121,2020030901,2,"3482, 4490"
29123,2011012805,2,"1961, 3317"
29123,2020030901,2,"3482, 4490"
29125,2011012805,2,"1961, 3317"
29125,2015122901,2,"3374, 4250"
29125,2020030901,2,"3482, 4490"
29127,2011012805,2,"1961, 3317"
29127,2020030901,2,"3482, 4490"
29129,2020030901,2,"3482, 4490"
29131,2011012805,2,"1961, 3317"
29131,2020030901,2,"3482, 4490"
29133,2015122901,2,"3374, 4250"
29133,2020030901,2,"3482, 4490"
29135,2011012805,2,"1961, 3317"
29135,2020030901,2,"3482, 4490"
29137,2011012805,2,"1961, 3317"
29137,2020030901,2,"3482, 4490"
29139,2011012805,2,"1961, 3317"
29139,2020030901,2,"3482, 4490"
29141,2011012805,2,"1961, 3317"
29141,2015122901,2,"3374, 4250"
29141,2020030901,2,"3482, 4490"
29143,2015122901,2,"3374, 4250"
29143,2020030901,2,"3482, 4490"
29145,2011012805,2,"1961, 3317"
29145,2015122901,2,"3374, 4250"
29145,2020030901,2,"3482, 4490"
29147,2020030901,2,"3482, 4490"
29149,2020030901,2,"3482, 4490"
29151,2011012805,2,"1961, 3317"
29151,2015122901,2,"3374, 4250"
29151,2020030901,2,"3482, 4490"
29153,2015122901,2,"3374, 4250"
29153,2020030901,2,"3482, 4490"
29155,2015122901,2,"3374, 4250"
29155,2020030901,2,"3482, 4490"
29157,2015122901,2,"3374, 4250"
29157,2020030901,2,"3482, 4490"
29159,2011012805,2,"1961, 3317"
29159,2020030901,2,"3482, 4490"
29161,2015122901,2,"3374, 4250"
29161,2020030901,2,"3482, 4490"
29163,2011012805,2,"1961, 3317"
29163,2020030901,2,"3482, 4490"
29165,2011012805,2,"1961, 3317"
29165,2011060703,2,"3325, 4012"
29165,2020030901,2,"3482, 4490"
29167,2011012805,2,"1961, 3317"
29167,2015122901,2,"3374, 4250"
29167,2020030901,2,"3482, 4490"
29169,2011012805,2,"1961, 3317"
29169,2015122901,2,"3374, 4250"
29169,2020030901,2,"3482, 4490"
29171,2011012805,2,"1961, 3317"
29171,2020030901,2,"3482, 4490"
29173,2011012805,2,"1961, 3317"
29173,2020030901,2,"3482, 4490"
29175,2011012805,2,"1961, 3317"
29175,2020030901,2,"3482, 4490"
29177,2011012805,2,"1961, 3317"
29177,2011060703,2,"3325, 4012"
29177,2020030901,2,"3482, 4490"
29179,2015122901,2,"3374, 4250"
29179,2020030901,2,"3482, 4490"
29181,2020030901,2,"3482, 4490"
29183,2015122901,2,"3374, 4250"
29183,2020030901,2,"3482, 4490"
29185,2011012805,2,"1961, 3317"
29185,2015122901,2,"3374, 4250"
29185,2020030901,2,"3482, 4490"
29186,2015122901,2,"3374, 4250"
29186,2020030901,2,"3482, 4490"
29187,2015122901,2,"3374, 4250"
29187,2020030901,2,"3482, 4490"
29189,2015122901,2,"3374, 4250"
29189,2020030901,2,"3482, 4490"
29195,2011012805,2,"1961, 3317"
29195,2011060703,2,"3325, 4012"
29195,2020030901,2,"3482, 4490"
29197,2011012805,2,"1961, 3317"
29197,2020030901,2,"3482, 4490"
29199,2011012805,2,"1961, 3317"
29199,2020030901,2,"3482, 4490"
29201,2015122901,2,"3374, 4250"
29201,2020030901,2,"3482, 4490"
29203,2015122901,2,"3374, 4250"
29203,2020030901,2,"3482, 4490"
29205,2011012805,2,"1961, 3317"
29205,2020030901,2,"3482, 4490"
29207,2015122901,2,"3374, 4250"
29207,2020030901,2,"3482, 4490"
29209,2015122901,2,"3374, 4250"
29209,2020030901,2,"3482, 4490"
29211,2011012805,2,"1961, 3317"
29211,2020030901,2,"3482, 4490"
29213,2015122901,2,"3374, 4250"
29213,2020030901,2,"3482, 4490"
29215,2015122901,2,"3374, 4250"
29215,2020030901,2,"3482, 4490"
29217,2011012805,2,"1961, 3317"
29217,2020030901,2,"3482, 4490"
29219,2020030901,2,"3482, 4490"
29221,2015122901,2,"3374, 4250"
29221,2020030901,2,"3482, 4490"
29223,2020030901,2,"3482, 4490"
29225,2015122901,2,"3374, 4250"
29225,2020030901,2,"3482, 4490"
29227,2011012805,2,"1961, 3317"
29227,2020030901,2,"3482, 4490"
29229,2015122901,2,"3374, 4250"
29229,2020030901,2,"3482, 4490"
29510,2015122901,2,"3374, 4250"
29510,2020030901,2,"3482, 4490"
30001,2020030901,2,"3476, 4508"
30003,2020030901,2,"3476, 4508"
30005,2020030901,4,"3476, 3477, 4508, 4509"
30007,2020030901,2,"3476, 4508"
30009,2020030901,2,"3476, 4508"
30011,2020030901,4,"3476, 3477, 4508, 4509"
30013,2020030901,2,"3476, 4508"
30015,2020030901,4,"3476, 3477, 4508, 4509"
30017,2020030901,2,"3476, 4508"
30019,2020030901,5,"3476, 3477, 3516, 4508, 4509"
30019,2025121901,2,"4902, 4914"
30021,2020030901,2,"3476, 4508"
30023,2020030901,2,"3476, 4508"
30025,2020030901,2,"3476, 4508"
30027,2020030901,2,"3476, 4508"
30029,2020030901,2,"3476, 4508"
30031,2020030901,2,"3476, 4508"
30033,2020030901,2,"3476, 4508"
30035,2020030901,2,"3476, 4508"
30037,2020030901,2,"3476, 4508"
30039,2020030901,2,"3476, 4508"
30041,2020030901,2,"3476, 4508"
30043,2020030901,2,"3476, 4508"
30045,2020030901,2,"3476, 4508"
30047,2020030901,2,"3476, 4508"
30049,2020030901,2,"3476, 4508"
30051,2020030901,2,"3476, 4508"
30053,2020030901,2,"3476, 4508"
30053,2025121602,2,"3630, 4901"
30055,2020030901,4,"3476, 3477, 4508, 4509"
30057,2020030901,2,"3476, 4508"
30059,2020030901,2,"3476, 4508"
30061,2020030901,2,"3476, 4508"
30063,2020030901,2,"3476, 4508"
30065,2020030901,2,"3476, 4508"
30067,2020030901,2,"3476, 4508"
30069,2020030901,2,"3476, 4508"
30071,2020030901,4,"3476, 3477, 4508, 4509"
30073,2020030901,2,"3476, 4508"
30075,2020030901,2,"3476, 4508"
30077,2020030901,2,"3476, 4508"
30079,2020030901,2,"3476, 4508"
30081,2020030901,2,"3476, 4508"
30083,2020030901,2,"3476, 4508"
30085,2020030901,5,"3476, 3477, 3516, 4508, 4509"
30085,2025121901,2,"4902, 4914"
30087,2020030901,2,"3476, 4508"
30089,2020030901,2,"3476, 4508"
30091,2020030901,5,"3476, 3477, 3516, 4508, 4509"
30091,2025121901,2,"4902, 4914"
30093,2020030901,2,"3476, 4508"
30095,2020030901,2,"3476, 4508"
30097,2020030901,2,"3476, 4508"
30099,2020030901,2,"3476, 4508"
30101,2020030901,2,"3476, 4508"
30103,2020030901,2,"3476, 4508"
30105,2020030901,5,"3476, 3477, 3516, 4508, 4509"
30105,2025121901,2,"4902, 4914"
30107,2020030901,2,"3476, 4508"
30109,2020030901,2,"3476, 4508"
30111,2020030901,2,"3476, 4508"
31001,2020030901,2,"3483, 4521"
31003,2020030901,2,"3483, 4521"
31005,2020030901,2,"3483, 4521"
31005,2026031701,2,"4920, 5623"
31007,2020030901,2,"3483, 4521"
31009,2020030901,2,"3483, 4521"
31011,2020030901,2,"3483, 4521"
31013,2020030901,2,"3483, 4521"
31015,2011051901,2,"3323, 4013"
31015,2020030901,2,"3483, 4521"
31017,2020030901,2,"3483, 4521"
31019,2020030901,2,"3483, 4521"
31021,2011051901,2,"3323, 4013"
31021,2020030901,6,"3480, 3483, 3489, 3493, 4483, 4521"
31023,2020030901,2,"3483, 4521"
31025,2011051901,2,"3323, 4013"
31025,2020030901,2,"3483, 4521"
31027,2020030901,2,"3483, 4521"
31029,2020030901,2,"3483, 4521"
31031,2020030901,2,"3483, 4521"
31033,2020030901,2,"3483, 4521"
31035,2020030901,2,"3483, 4521"
31037,2020030901,2,"3483, 4521"
31039,2020030901,5,"3480, 3483, 3493, 4483, 4521"
31041,2020030901,2,"3483, 4521"
31043,2011051901,2,"3323, 4013"
31043,2020030901,2,"3483, 4521"
31045,2020030901,2,"3483, 4521"
31047,2020030901,2,"3483, 4521"
31049,2020030901,2,"3483, 4521"
31051,2011051901,2,"3323, 4013"
31051,2020030901,3,"3483, 3489, 4521"
31053,2020030901,2,"3483, 4521"
31055,2011051901,2,"3323, 4013"
31055,2020030901,2,"3483, 4521"
31057,2020030901,2,"3483, 4521"
31059,2020030901,2,"3483, 4521"
31061,2020030901,2,"3483, 4521"
31063,2020030901,2,"3483, 4521"
31065,2020030901,2,"3483, 4521"
31067,2020030901,2,"3483, 4521"
31069,2011051901,2,"3323, 4013"
31069,2020030901,2,"3483, 4521"
31069,2026031701,2,"4920, 5623"
31071,2020030901,2,"3483, 4521"
31073,2020030901,2,"3483, 4521"
31075,2020030901,2,"3483, 4521"
31075,2026031701,2,"4920, 5623"
31077,2020030901,2,"3483, 4521"
31079,2020030901,2,"3483, 4521"
31081,2020030901,2,"3483, 4521"
31083,2020030901,2,"3483, 4521"
31085,2020030901,2,"3483, 4521"
31087,2020030901,2,"3483, 4521"
31089,2020030901,2,"3483, 4521"
31091,2020030901,2,"3483, 4521"
31093,2020030901,2,"3483, 4521"
31095,2020030901,2,"3483, 4521"
31097,2020030901,2,"3483, 4521"
31099,2020030901,2,"3483, 4521"
31101,2020030901,2,"3483, 4521"
31103,2020030901,2,"3483, 4521"
31105,2020030901,2,"3483, 4521"
31107,2011051901,2,"3323, 4013"
31107,2020030901,3,"3483, 3523, 4521"
31109,2020030901,2,"3483, 4521"
31111,2011051901,2,"3323, 4013"
31111,2020030901,2,"3483, 4521"
31111,2026031701,2,"4920, 5623"
31113,2020030901,2,"3483, 4521"
31115,2020030901,2,"3483, 4521"
31117,2020030901,2,"3483, 4521"
31119,2020030901,2,"3483, 4521"
31121,2020030901,2,"3483, 4521"
31123,2020030901,2,"3483, 4521"
31123,2026031701,2,"4920, 5623"
31125,2020030901,2,"3483, 4521"
31127,2011051901,2,"3323, 4013"
31127,2020030901,2,"3483, 4521"
31129,2020030901,2,"3483, 4521"
31131,2011051901,2,"3323, 4013"
31131,2020030901,2,"3483, 4521"
31133,2020030901,2,"3483, 4521"
31135,2020030901,2,"3483, 4521"
31137,2020030901,2,"3483, 4521"
31139,2020030901,2,"3483, 4521"
31141,2020030901,2,"3483, 4521"
31143,2020030901,2,"3483, 4521"
31145,2020030901,2,"3483, 4521"
31147,2011051901,2,"3323, 4013"
31147,2020030901,2,"3483, 4521"
31149,2020030901,2,"3483, 4521"
31151,2020030901,2,"3483, 4521"
31153,2011051901,2,"3323, 4013"
31153,2020030901,2,"3483, 4521"
31155,2020030901,2,"3483, 4521"
31157,2011051901,2,"3323, 4013"
31157,2020030901,2,"3483, 4521"
31159,2020030901,2,"3483, 4521"
31161,2020030901,2,"3483, 4521"
31163,2020030901,2,"3483, 4521"
31165,2020030901,2,"3483, 4521"
31167,2020030901,2,"3483, 4521"
31169,2020030901,2,"3483, 4521"
31171,2020030901,2,"3483, 4521"
31173,2011051901,2,"3323, 4013"
31173,2020030901,6,"3480, 3483, 3489, 3493, 4483, 4521"
31175,2020030901,2,"3483, 4521"
31177,2011051901,2,"3323, 4013"
31177,2020030901,2,"3483, 4521"
31179,2020030901,2,"3483, 4521"
31181,2020030901,2,"3483, 4521"
31183,2020030901,2,"3483, 4521"
31185,2020030901,2,"3483, 4521"
32001,2020030901,2,"3443, 4523"
32003,2020030901,4,"3442, 3443, 4523, 4524"
32005,2020030901,2,"3443, 4523"
32007,2020030901,3,"3443, 4523, 4534"
32009,2020030901,2,"3443, 4523"
32011,2020030901,2,"3443, 4523"
32013,2020030901,3,"3443, 4499, 4523"
32015,2020030901,2,"3443, 4523"
32017,2020030901,2,"3443, 4523"
32019,2020030901,2,"3443, 4523"
32021,2020030901,2,"3443, 4523"
32023,2020030901,2,"3443, 4523"
32027,2020030901,2,"3443, 4523"
32029,2020030901,2,"3443, 4523"
32031,2020030901,2,"3443, 4523"
32031,2026082201,2,"3653, 5674"
32033,2020030901,4,"3443, 3478, 4523, 4525"
32510,2020030901,2,"3443, 4523"
33001,2011082401,2,"3333, 4026"
33001,2020030901,2,"3445, 4516"
33003,2011082401,2,"3333, 4026"
33003,2020030901,2,"3445, 4516"
33005,2020030901,2,"3445, 4516"
33007,2011082401,2,"3333, 4026"
33007,2020030901,2,"3445, 4516"
33009,2011082401,2,"3333, 4026"
33009,2020030901,2,"3445, 4516"
33011,2011103101,2,"3344, 4049"
33011,2020030901,2,"3445, 4516"
33013,2011082401,2,"3333, 4026"
33013,2020030901,2,"3445, 4516"
33015,2011103101,2,"3344, 4049"
33015,2020030901,2,"3445, 4516"
33017,2011082401,2,"3333, 4026"
33017,2020030901,2,"3445, 4516"
33019,2011082401,2,"3333, 4026"
33019,2020030901,2,"3445, 4516"
34001,2011082201,2,"3332, 4021"
34001,2012102505,2,"3354, 4086"
34001,2020030901,2,"3451, 4488"
34001,2021082601,2,"3573, 4614"
34003,2011082201,2,"3332, 4021"
34003,2012102505,2,"3354, 4086"
34003,2020030901,2,"3451, 4488"
34003,2021082601,2,"3573, 4614"
34005,2011082201,2,"3332, 4021"
34005,2012102505,2,"3354, 4086"
34005,2020030901,2,"3451, 4488"
34005,2021082601,2,"3573, 4614"
34007,2011082201,2,"3332, 4021"
34007,2012102505,2,"3354, 4086"
34007,2020030901,2,"3451, 4488"
34007,2021082601,2,"3573, 4614"
34009,2011082201,2,"3332, 4021"
34009,2012102505,2,"3354, 4086"
34009,2020030901,2,"3451, 4488"
34009,2021082601,2,"3573, 4614"
34011,2011082201,2,"3332, 4021"
34011,2012102505,2,"3354, 4086"
34011,2020030901,2,"3451, 4488"
34011,2021082601,2,"3573, 4614"
34013,2011082201,2,"3332, 4021"
34013,2012102505,2,"3354, 4086"
34013,2020030901,2,"3451, 4488"
34013,2021082601,2,"3573, 4614"
34015,2011082201,2,"3332, 4021"
34015,2012102505,2,"3354, 4086"
34015,2020030901,2,"3451, 4488"
34015,2021082601,2,"3573, 4614"
34017,2011082201,2,"3332, 4021"
34017,2012102505,2,"3354, 4086"
34017,2020030901,2,"3451, 4488"
34017,2021082601,2,"3573, 4614"
34019,2011082201,2,"3332, 4021"
34019,2012102505,2,"3354, 4086"
34019,2020030901,2,"3451, 4488"
34019,2021082601,2,"3573, 4614"
34021,2011082201,2,"3332, 4021"
34021,2012102505,2,"3354, 4086"
34021,2020030901,2,"3451, 4488"
34021,2021082601,2,"3573, 4614"
34023,2011082201,2,"3332, 4021"
34023,2012102505,2,"3354, 4086"
34023,2020030901,2,"3451, 4488"
34023,2021082601,2,"3573, 4614"
34025,2011082201,2,"3332, 4021"
34025,2012102505,2,"3354, 4086"
34025,2020030901,2,"3451, 4488"
34025,2021082601,2,"3573, 4614"
34027,2011082201,2,"3332, 4021"
34027,2012102505,2,"3354, 4086"
34027,2020030901,2,"3451, 4488"
34027,2021082601,2,"3573, 4614"
34029,2011082201,2,"3332, 4021"
34029,2012102505,2,"3354, 4086"
34029,2020030901,2,"3451, 4488"
34029,2021082601,2,"3573, 4614"
34031,2011082201,2,"3332, 4021"
34031,2012102505,2,"3354, 4086"
34031,2020030901,2,"3451, 4488"
34031,2021082601,2,"3573, 4614"
34033,2011082201,2,"3332, 4021"
34033,2012102505,2,"3354, 4086"
34033,2020030901,2,"3451, 4488"
34033,2021082601,2,"3573, 4614"
34035,2011082201,2,"3332, 4021"
34035,2012102505,2,"3354, 4086"
34035,2020030901,2,"3451, 4488"
34035,2021082601,2,"3573, 4614"
34037,2011082201,2,"3332, 4021"
34037,2012102505,2,"3354, 4086"
34037,2020030901,2,"3451, 4488"
34037,2021082601,2,"3573, 4614"
34039,2011082201,2,"3332, 4021"
34039,2012102505,2,"3354, 4086"
34039,2020030901,2,"3451, 4488"
34039,2021082601,2,"3573, 4614"
34041,2011082201,2,"3332, 4021"
34041,2012102505,2,"3354, 4086"
34041,2020030901,2,"3451, 4488"
34041,2021082601,2,"3573, 4614"
35001,2010012101,2,"1888, 3307"
35001,2020030901,9,"3442, 3460, 3478, 3519, 3520, 4524, 4525, 4529, 4582"
35003,2020030901,3,"3460, 3496, 4529"
35005,2020030901,2,"3460, 4529"
35006,2010012101,2,"1888, 3307"
35006,2020030901,8,"3442, 3460, 3478, 3496, 4524, 4525, 4529, 4582"
35007,2020030901,2,"3460, 4529"
35009,2020030901,2,"3460, 4529"
35011,2020030901,2,"3460, 4529"
35013,2020030901,2,"3460, 4529"
35015,2020030901,2,"3460, 4529"
35017,2020030901,2,"3460, 4529"
35019,2020030901,2,"3460, 4529"
35021,2020030901,2,"3460, 4529"
35023,2020030901,2,"3460, 4529"
35025,2020030901,2,"3460, 4529"
35027,2020030901,2,"3460, 4529"
35027,2025070901,2,"3628, 4886"
35028,2020030901,2,"3460, 4529"
35029,2020030901,2,"3460, 4529"
35031,2010012101,2,"1888, 3307"
35031,2020030901,7,"3442, 3460, 3478, 4524, 4525, 4529, 4582"
35033,2020030901,2,"3460, 4529"
35035,2020030901,2,"3460, 4529"
35035,2025070901,2,"3628, 4886"
35037,2020030901,2,"3460, 4529"
35039,2010012101,2,"1888, 3307"
35039,2020030901,8,"3442, 3460, 3478, 3485, 4524, 4525, 4529, 4582"
35041,2020030901,2,"3460, 4529"
35043,2010012101,2,"1888, 3307"
35043,2020030901,12,"3442, 3460, 3478, 3485, 3520, 3521, 3558, 3559, 4524, 4525, 4529, 4582"
35045,2010012101,2,"1888, 3307"
35045,2020030901,9,"3436, 3442, 3460, 3478, 4498, 4524, 4525, 4529, 4582"
35047,2020030901,2,"3460, 4529"
35049,2020030901,5,"3460, 3485, 3559, 3580, 4529"
35051,2020030901,2,"3460, 4529"
35053,2010012101,2,"1888, 3307"
35053,2020030901,8,"3442, 3460, 3478, 3496, 4524, 4525, 4529, 4582"
35055,2020030901,4,"3460, 3500, 3510, 4529"
35057,2020030901,3,"3460, 3519, 4529"
35059,2020030901,2,"3460, 4529"
35061,2020030901,3,"3460, 3519, 4529"
36001,2020030901,2,"3434, 4480"
36003,2020030901,2,"3434, 4480"
36005,2011082201,2,"3328, 4020"
36005,2012102505,2,"3351, 4085"
36005,2020030901,2,"3434, 4480"
36005,2021082601,2,"3572, 4615"
36007,2011090801,2,"3341, 4031"
36007,2020030901,2,"3434, 4480"
36009,2020030901,2,"3434, 4480"
36011,2020030901,2,"3434, 4480"
36013,2020030901,2,"3434, 4480"
36015,2011090801,2,"3341, 4031"
36015,2020030901,2,"3434, 4480"
36017,2011090801,2,"3341, 4031"
36017,2020030901,2,"3434, 4480"
36019,2020030901,2,"3434, 4480"
36021,2011082201,2,"3328, 4020"
36021,2020030901,2,"3434, 4480"
36023,2020030901,2,"3434, 4480"
36025,2011082201,2,"3328, 4020"
36025,2011090801,2,"3341, 4031"
36025,2020030901,2,"3434, 4480"
36027,2020030901,2,"3434, 4480"
36027,2021082601,2,"3572, 4615"
36029,2020030901,2,"3434, 4480"
36029,2022122601,2,"3590, 4694"
36031,2020030901,2,"3434, 4480"
36033,2020030901,3,"3434, 3504, 4480"
36033,2024072801,2,"4818, 4825"
36035,2020030901,2,"3434, 4480"
36037,2020030901,2,"3434, 4480"
36037,2022122601,2,"3590, 4694"
36039,2011082201,2,"3328, 4020"
36039,2012102505,2,"3351, 4085"
36039,2020030901,2,"3434, 4480"
36041,2020030901,2,"3434, 4480"
36043,2011090801,2,"3341, 4031"
36043,2020030901,2,"3434, 4480"
36045,2020030901,2,"3434, 4480"
36047,2011082201,2,"3328, 4020"
36047,2012102505,2,"3351, 4085"
36047,2020030901,2,"3434, 4480"
36047,2021082601,2,"3572, 4615"
36049,2020030901,2,"3434, 4480"
36051,2020030901,2,"3434, 4480"
36053,2020030901,2,"3434, 4480"
36055,2020030901,2,"3434, 4480"
36057,2011090801,2,"3341, 4031"
36057,2020030901,2,"3434, 4480"
36059,2011082201,2,"3328, 4020"
36059,2012102505,2,"3351, 4085"
36059,2020030901,2,"3434, 4480"
36059,2021082601,2,"3572, 4615"
36061,2011082201,2,"3328, 4020"
36061,2012102505,2,"3351, 4085"
36061,2020030901,2,"3434, 4480"
36061,2021082601,2,"3572, 4615"
36063,2020030901,2,"3434, 4480"
36065,2011090801,2,"3341, 4031"
36065,2020030901,2,"3434, 4480"
36067,2020030901,2,"3434, 4480"
36069,2020030901,2,"3434, 4480"
36071,2011082201,2,"3328, 4020"
36071,2012102505,2,"3351, 4085"
36071,2020030901,2,"3434, 4480"
36071,2021082601,2,"3572, 4615"
36073,2020030901,2,"3434, 4480"
36075,2020030901,2,"3434, 4480"
36077,2011090801,2,"3341, 4031"
36077,2020030901,2,"3434, 4480"
36079,2011082201,2,"3328, 4020"
36079,2012102505,2,"3351, 4085"
36079,2020030901,2,"3434, 4480"
36079,2021082601,2,"3572, 4615"
36081,2011082201,2,"3328, 4020"
36081,2012102505,2,"3351, 4085"
36081,2020030901,2,"3434, 4480"
36081,2021082601,2,"3572, 4615"
36083,2020030901,2,"3434, 4480"
36085,2011082201,2,"3328, 4020"
36085,2012102505,2,"3351, 4085"
36085,2020030901,2,"3434, 4480"
36085,2021082601,2,"3572, 4615"
36087,2011082201,2,"3328, 4020"
36087,2012102505,2,"3351, 4085"
36087,2020030901,2,"3434, 4480"
36087,2021082601,2,"3572, 4615"
36089,2020030901,2,"3434, 4480"
36091,2020030901,2,"3434, 4480"
36093,2011090801,2,"3341, 4031"
36093,2020030901,2,"3434, 4480"
36095,2011082201,2,"3328, 4020"
36095,2011090801,2,"3341, 4031"
36095,2020030901,2,"3434, 4480"
36097,2020030901,2,"3434, 4480"
36099,2020030901,2,"3434, 4480"
36101,2020030901,2,"3434, 4480"
36103,2011082201,2,"3328, 4020"
36103,2012102505,2,"3351, 4085"
36103,2020030901,2,"3434, 4480"
36103,2021082601,2,"3572, 4615"
36103,2024082401,2,"3613, 4839"
36105,2011082201,2,"3328, 4020"
36105,2012102505,2,"3351, 4085"
36105,2020030901,2,"3434, 4480"
36105,2021082601,2,"3572, 4615"
36107,2011090801,2,"3341, 4031"
36107,2020030901,2,"3434, 4480"
36109,2020030901,2,"3434, 4480"
36111,2011082201,2,"3328, 4020"
36111,2012102505,2,"3351, 4085"
36111,2020030901,2,"3434, 4480"
36111,2021082601,2,"3572, 4615"
36113,2020030901,2,"3434, 4480"
36115,2020030901,2,"3434, 4480"
36117,2020030901,2,"3434, 4480"
36119,2011082201,2,"3328, 4020"
36119,2012102505,2,"3351, 4085"
36119,2020030901,2,"3434, 4480"
36119,2021082601,2,"3572, 4615"
36121,2020030901,2,"3434, 4480"
36123,2020030901,2,"3434, 4480"
37001,2018090602,2,"3401, 4393"
37001,2020030901,2,"3471, 4487"
37003,2020030901,2,"3471, 4487"
37003,2024092301,2,"3617, 4827"
37005,2018090602,2,"3401, 4393"
37005,2020030901,2,"3471, 4487"
37005,2024092301,2,"3617, 4827"
37007,2016092802,2,"3380, 4285"
37007,2018090602,2,"3401, 4393"
37007,2020030901,2,"3471, 4487"
37009,2018090602,2,"3401, 4393"
37009,2020030901,2,"3471, 4487"
37009,2024092301,2,"3617, 4827"
37011,2020030901,2,"3471, 4487"
37011,2024092301,2,"3617, 4827"
37013,2011082201,2,"3327, 4019"
37013,2016092802,2,"3380, 4285"
37013,2018090602,2,"3401, 4393"
37013,2019082401,2,"3423, 4465"
37013,2020030901,2,"3471, 4487"
37013,2020072601,2,"3534, 4568"
37015,2011082201,2,"3327, 4019"
37015,2016092802,2,"3380, 4285"
37015,2018090602,2,"3401, 4393"
37015,2020030901,2,"3471, 4487"
37015,2020072601,2,"3534, 4568"
37017,2016092802,2,"3380, 4285"
37017,2018090602,2,"3401, 4393"
37017,2019082401,2,"3423, 4465"
37017,2020030901,2,"3471, 4487"
37019,2011082201,2,"3327, 4019"
37019,2016092802,2,"3380, 4285"
37019,2018090602,2,"3401, 4393"
37019,2019082401,2,"3423, 4465"
37019,2020030901,2,"3471, 4487"
37019,2020072601,2,"3534, 4568"
37021,2020030901,2,"3471, 4487"
37021,2024092301,2,"3617, 4827"
37023,2020030901,2,"3471, 4487"
37023,2024092301,2,"3617, 4827"
37025,2018090602,2,"3401, 4393"
37025,2020030901,2,"3471, 4487"
37025,2024092301,2,"3617, 4827"
37027,2020030901,2,"3471, 4487"
37027,2024092301,2,"3617, 4827"
37029,2011082201,2,"3327, 4019"
37029,2016092802,2,"3380, 4285"
37029,2019082401,2,"3423, 4465"
37029,2020030901,2,"3471, 4487"
37031,2011082201,2,"3327, 4019"
37031,2016092802,2,"3380, 4285"
37031,2018090602,2,"3401, 4393"
37031,2019082401,2,"3423, 4465"
37031,2020030901,2,"3471, 4487"
37031,2020072601,2,"3534, 4568"
37033,2020030901,2,"3471, 4487"
37035,2020030901,2,"3471, 4487"
37035,2024092301,2,"3617, 4827"
37037,2016092802,2,"3380, 4285"
37037,2018090602,2,"3401, 4393"
37037,2020030901,2,"3471, 4487"
37039,2020030901,2,"3471, 4487"
37039,2024092301,2,"3617, 4827"
37041,2011082201,2,"3327, 4019"
37041,2016092802,2,"3380, 4285"
37041,2019082401,2,"3423, 4465"
37041,2020030901,2,"3471, 4487"
37041,2020072601,2,"3534, 4568"
37043,2020030901,2,"3471, 4487"
37043,2024092301,2,"3617, 4827"
37045,2020030901,2,"3471, 4487"
37045,2024092301,2,"3617, 4827"
37047,2011082201,2,"3327, 4019"
37047,2016092802,2,"3380, 4285"
37047,2018090602,2,"3401, 4393"
37047,2019082401,2,"3423, 4465"
37047,2020030901,2,"3471, 4487"
37047,2020072601,2,"3534, 4568"
37049,2011082201,2,"3327, 4019"
37049,2016092802,2,"3380, 4285"
37049,2018090602,2,"3401, 4393"
37049,2019082401,2,"3423, 4465"
37049,2020030901,2,"3471, 4487"
37049,2020072601,2,"3534, 4568"
37051,2016092802,2,"3380, 4285"
37051,2018090602,2,"3401, 4393"
37051,2020030901,2,"3471, 4487"
37053,2011082201,2,"3327, 4019"
37053,2016092802,2,"3380, 4285"
37053,2019082401,2,"3423, 4465"
37053,2020030901,2,"3471, 4487"
37055,2011082201,2,"3327, 4019"
37055,2016092802,2,"3380, 4285"
37055,2018090602,2,"3401, 4393"
37055,2019082401,2,"3423, 4465"
37055,2020030901,2,"3471, 4487"
37057,2018090602,2,"3401, 4393"
37057,2020030901,2,"3471, 4487"
37059,2020030901,2,"3471, 4487"
37061,2011082201,2,"3327, 4019"
37061,2016092802,2,"3380, 4285"
37061,2018090602,2,"3401, 4393"
37061,2019082401,2,"3423, 4465"
37061,2020030901,2,"3471, 4487"
37063,2018090602,2,"3401, 4393"
37063,2020030901,2,"3471, 4487"
37065,2011082201,2,"3327, 4019"
37065,2016092802,2,"3380, 4285"
37065,2020030901,2,"3471, 4487"
37067,2020030901,2,"3471, 4487"
37067,2024092301,2,"3617, 4827"
37069,2016092802,2,"3380, 4285"
37069,2020030901,2,"3471, 4487"
37071,2020030901,2,"3471, 4487"
37071,2024092301,2,"3617, 4827"
37073,2011082201,2,"3327, 4019"
37073,2016092802,2,"3380, 4285"
37073,2020030901,2,"3471, 4487"
37075,2020030901,2,"3471, 4487"
37075,2024092301,2,"3617, 4827"
37077,2018090602,2,"3401, 4393"
37077,2020030901,2,"3471, 4487"
37079,2011082201,2,"3327, 4019"
37079,2016092802,2,"3380, 4285"
37079,2018090602,2,"3401, 4393"
37079,2019082401,2,"3423, 4465"
37079,2020030901,2,"3471, 4487"
37081,2018090602,2,"3401, 4393"
37081,2020030901,2,"3471, 4487"
37083,2011082201,2,"3327, 4019"
37083,2016092802,2,"3380, 4285"
37083,2020030901,2,"3471, 4487"
37085,2016092802,2,"3380, 4285"
37085,2018090602,2,"3401, 4393"
37085,2020030901,2,"3471, 4487"
37087,2020030901,2,"3471, 4487"
37087,2024092301,2,"3617, 4827"
37089,2020030901,2,"3471, 4487"
37089,2024092301,2,"3617, 4827"
37091,2011082201,2,"3327, 4019"
37091,2016092802,2,"3380, 4285"
37091,2020030901,2,"3471, 4487"
37091,2020072601,2,"3534, 4568"
37093,2016092802,2,"3380, 4285"
37093,2018090602,2,"3401, 4393"
37093,2019082401,2,"3423, 4465"
37093,2020030901,2,"3471, 4487"
37095,2011082201,2,"3327, 4019"
37095,2016092802,2,"3380, 4285"
37095,2018090602,2,"3401, 4393"
37095,2019082401,2,"3423, 4465"
37095,2020030901,2,"3471, 4487"
37095,2020072601,2,"3534, 4568"
37097,2020030901,2,"3471, 4487"
37097,2024092301,2,"3617, 4827"
37099,2020030901,2,"3471, 4487"
37099,2024092301,2,"3617, 4827"
37101,2011082201,2,"3327, 4019"
37101,2016092802,2,"3380, 4285"
37101,2018090602,2,"3401, 4393"
37101,2020030901,2,"3471, 4487"
37103,2011082201,2,"3327, 4019"
37103,2016092802,2,"3380, 4285"
37103,2018090602,2,"3401, 4393"
37103,2019082401,2,"3423, 4465"
37103,2020030901,2,"3471, 4487"
37103,2020072601,2,"3534, 4568"
37105,2016092802,2,"3380, 4285"
37105,2018090602,2,"3401, 4393"
37105,2020030901,2,"3471, 4487"
37105,2024092301,2,"3617, 4827"
37107,2011082201,2,"3327, 4019"
37107,2016092802,2,"3380, 4285"
37107,2018090602,2,"3401, 4393"
37107,2019082401,2,"3423, 4465"
37107,2020030901,2,"3471, 4487"
37107,2020072601,2,"3534, 4568"
37109,2020030901,2,"3471, 4487"
37109,2024092301,2,"3617, 4827"
37111,2018090602,2,"3401, 4393"
37111,2020030901,2,"3471, 4487"
37111,2024092301,2,"3617, 4827"
37113,2020030901,2,"3471, 4487"
37113,2024092301,2,"3617, 4827"
37115,2018090602,2,"3401, 4393"
37115,2020030901,2,"3471, 4487"
37115,2024092301,2,"3617, 4827"
37117,2011082201,2,"3327, 4019"
37117,2016092802,2,"3380, 4285"
37117,2020030901,2,"3471, 4487"
37119,2020030901,2,"3471, 4487"
37119,2024092301,2,"3617, 4827"
37121,2020030901,2,"3471, 4487"
37121,2024092301,2,"3617, 4827"
37123,2016092802,2,"3380, 4285"
37123,2018090602,2,"3401, 4393"
37123,2020030901,2,"3471, 4487"
37125,2016092802,2,"3380, 4285"
37125,2018090602,2,"3401, 4393"
37125,2020030901,2,"3471, 4487"
37127,2011082201,2,"3327, 4019"
37127,2016092802,2,"3380, 4285"
37127,2020030901,2,"3471, 4487"
37127,2024092301,2,"3617, 4827"
37129,2011082201,2,"3327, 4019"
37129,2016092802,2,"3380, 4285"
37129,2018090602,2,"3401, 4393"
37129,2019082401,2,"3423, 4465"
37129,2020030901,2,"3471, 4487"
37129,2020072601,2,"3534, 4568"
37131,2011082201,2,"3327, 4019"
37131,2016092802,2,"3380, 4285"
37131,2020030901,2,"3471, 4487"
37133,2011082201,2,"3327, 4019"
37133,2016092802,2,"3380, 4285"
37133,2018090602,2,"3401, 4393"
37133,2019082401,2,"3423, 4465"
37133,2020030901,2,"3471, 4487"
37133,2020072601,2,"3534, 4568"
37135,2018090602,2,"3401, 4393"
37135,2020030901,2,"3471, 4487"
37137,2011082201,2,"3327, 4019"
37137,2016092802,2,"3380, 4285"
37137,2018090602,2,"3401, 4393"
37137,2019082401,2,"3423, 4465"
37137,2020030901,2,"3471, 4487"
37137,2020072601,2,"3534, 4568"
37139,2011082201,2,"3327, 4019"
37139,2016092802,2,"3380, 4285"
37139,2019082401,2,"3423, 4465"
37139,2020030901,2,"3471, 4487"
37141,2011082201,2,"3327, 4019"
37141,2016092802,2,"3380, 4285"
37141,2018090602,2,"3401, 4393"
37141,2019082401,2,"3423, 4465"
37141,2020030901,2,"3471, 4487"
37141,2020072601,2,"3534, 4568"
37143,2011082201,2,"3327, 4019"
37143,2016092802,2,"3380, 4285"
37143,2019082401,2,"3423, 4465"
37143,2020030901,2,"3471, 4487"
37145,2018090602,2,"3401, 4393"
37145,2020030901,2,"3471, 4487"
37147,2011082201,2,"3327, 4019"
37147,2016092802,2,"3380, 4285"
37147,2018090602,2,"3401, 4393"
37147,2019082401,2,"3423, 4465"
37147,2020030901,2,"3471, 4487"
37147,2020072601,2,"3534, 4568"
37149,2018090602,2,"3401, 4393"
37149,2020030901,2,"3471, 4487"
37149,2024092301,2,"3617, 4827"
37151,2018090602,2,"3401, 4393"
37151,2020030901,2,"3471, 4487"
37153,2016092802,2,"3380, 4285"
37153,2018090602,2,"3401, 4393"
37153,2020030901,2,"3471, 4487"
37155,2016092802,2,"3380, 4285"
37155,2018090602,2,"3401, 4393"
37155,2019082401,2,"3423, 4465"
37155,2020030901,2,"3471, 4487"
37157,2020030901,2,"3471, 4487"
37159,2018090602,2,"3401, 4393"
37159,2020030901,2,"3471, 4487"
37159,2024092301,2,"3617, 4827"
37161,2020030901,2,"3471, 4487"
37161,2024092301,2,"3617, 4827"
37163,2016092802,2,"3380, 4285"
37163,2018090602,2,"3401, 4393"
37163,2019082401,2,"3423, 4465"
37163,2020030901,2,"3471, 4487"
37165,2016092802,2,"3380, 4285"
37165,2018090602,2,"3401, 4393"
37165,2020030901,2,"3471, 4487"
37167,2018090602,2,"3401, 4393"
37167,2020030901,2,"3471, 4487"
37167,2024092301,2,"3617, 4827"
37169,2020030901,2,"3471, 4487"
37171,2020030901,2,"3471, 4487"
37171,2024092301,2,"3617, 4827"
37173,2020030901,2,"3471, 4487"
37173,2024092301,2,"3617, 4827"
37175,2020030901,2,"3471, 4487"
37175,2024092301,2,"3617, 4827"
37177,2011082201,2,"3327, 4019"
37177,2016092802,2,"3380, 4285"
37177,2018090602,2,"3401, 4393"
37177,2019082401,2,"3423, 4465"
37177,2020030901,2,"3471, 4487"
37179,2018090602,2,"3401, 4393"
37179,2020030901,2,"3471, 4487"
37179,2024092301,2,"3617, 4827"
37181,2020030901,2,"3471, 4487"
37183,2016092802,2,"3380, 4285"
37183,2020030901,2,"3471, 4487"
37185,2016092802,2,"3380, 4285"
37185,2020030901,2,"3471, 4487"
37187,2011082201,2,"3327, 4019"
37187,2016092802,2,"3380, 4285"
37187,2019082401,2,"3423, 4465"
37187,2020030901,2,"3471, 4487"
37189,2020030901,2,"3471, 4487"
37189,2024092301,2,"3617, 4827"
37191,2011082201,2,"3327, 4019"
37191,2016092802,2,"3380, 4285"
37191,2018090602,2,"3401, 4393"
37191,2019082401,2,"3423, 4465"
37191,2020030901,2,"3471, 4487"
37193,2020030901,2,"3471, 4487"
37193,2024092301,2,"3617, 4827"
37195,2011082201,2,"3327, 4019"
37195,2016092802,2,"3380, 4285"
37195,2018090602,2,"3401, 4393"
37195,2020030901,2,"3471, 4487"
37197,2020030901,2,"3471, 4487"
37197,2024092301,2,"3617, 4827"
37199,2018090602,2,"3401, 4393"
37199,2020030901,2,"3471, 4487"
37199,2024092301,2,"3617, 4827"
38001,2020030901,2,"3477, 4509"
38003,2010030302,2,"1907, 3309"
38003,2020030901,2,"3477, 4509"
38005,2010030302,2,"1907, 3309"
38005,2020030901,2,"3477, 4509"
38007,2020030901,2,"3477, 4509"
38009,2020030901,2,"3477, 4509"
38011,2020030901,2,"3477, 4509"
38013,2020030901,2,"3477, 4509"
38015,2020030901,2,"3477, 4509"
38017,2010030302,2,"1907, 3309"
38017,2013041203,2,"3364, 4118"
38017,2020030901,2,"3477, 4509"
38019,2020030901,2,"3477, 4509"
38021,2010030302,2,"1907, 3309"
38021,2020030901,2,"3477, 4509"
38023,2020030901,2,"3477, 4509"
38025,2020030901,3,"3477, 3512, 4509"
38027,2010030302,2,"1907, 3309"
38027,2020030901,2,"3477, 4509"
38029,2010030302,2,"1907, 3309"
38029,2020030901,2,"3477, 4509"
38031,2010030302,2,"1907, 3309"
38031,2020030901,2,"3477, 4509"
38033,2020030901,2,"3477, 4509"
38035,2010030302,2,"1907, 3309"
38035,2020030901,2,"3477, 4509"
38037,2020030901,2,"3477, 4509"
38039,2020030901,2,"3477, 4509"
38041,2020030901,2,"3477, 4509"
38043,2020030901,2,"3477, 4509"
38045,2010030302,2,"1907, 3309"
38045,2020030901,2,"3477, 4509"
38047,2020030901,2,"3477, 4509"
38049,2020030901,2,"3477, 4509"
38051,2020030901,2,"3477, 4509"
38053,2020030901,3,"3477, 3512, 4509"
38055,2020030901,3,"3477, 3512, 4509"
38057,2010030302,2,"1907, 3309"
38057,2020030901,3,"3477, 3512, 4509"
38059,2020030901,2,"3477, 4509"
38061,2020030901,3,"3477, 3512, 4509"
38063,2010030302,2,"1907, 3309"
38063,2020030901,2,"3477, 4509"
38065,2020030901,2,"3477, 4509"
38067,2010030302,2,"1907, 3309"
38067,2013041203,2,"3364, 4118"
38067,2020030901,2,"3477, 4509"
38069,2020030901,2,"3477, 4509"
38071,2010030302,2,"1907, 3309"
38071,2020030901,2,"3477, 4509"
38073,2010030302,2,"1907, 3309"
38073,2020030901,2,"3477, 4509"
38075,2020030901,2,"3477, 4509"
38077,2010030302,2,"1907, 3309"
38077,2013041203,2,"3364, 4118"
38077,2020030901,2,"3477, 4509"
38079,2020030901,2,"3477, 4509"
38081,2020030901,2,"3477, 4509"
38083,2020030901,2,"3477, 4509"
38085,2020030901,2,"3477, 4509"
38087,2020030901,2,"3477, 4509"
38089,2020030901,2,"3477, 4509"
38091,2020030901,2,"3477, 4509"
38093,2010030302,2,"1907, 3309"
38093,2020030901,2,"3477, 4509"
38095,2020030901,2,"3477, 4509"
38097,2010030302,2,"1907, 3309"
38097,2013041203,2,"3364, 4118"
38097,2020030901,2,"3477, 4509"
38099,2010030302,2,"1907, 3309"
38099,2013041203,2,"3364, 4118"
38099,2020030901,2,"3477, 4509"
38101,2020030901,3,"3477, 3512, 4509"
38103,2020030901,2,"3477, 4509"
38105,2020030901,2,"3477, 4509"
39001,2012063005,2,"3346, 4077"
39001,2020030901,2,"3457, 4507"
39003,2012063005,2,"3346, 4077"
39003,2020030901,2,"3457, 4507"
39005,2020030901,2,"3457, 4507"
39007,2020030901,2,"3457, 4507"
39009,2012063005,2,"3346, 4077"
39009,2020030901,2,"3457, 4507"
39011,2012063005,2,"3346, 4077"
39011,2020030901,2,"3457, 4507"
39013,2012063005,2,"3346, 4077"
39013,2020030901,2,"3457, 4507"
39015,2020030901,2,"3457, 4507"
39017,2020030901,2,"3457, 4507"
39019,2020030901,2,"3457, 4507"
39021,2012063005,2,"3346, 4077"
39021,2020030901,2,"3457, 4507"
39023,2012063005,2,"3346, 4077"
39023,2020030901,2,"3457, 4507"
39025,2020030901,2,"3457, 4507"
39027,2020030901,2,"3457, 4507"
39029,2020030901,2,"3457, 4507"
39031,2012063005,2,"3346, 4077"
39031,2020030901,2,"3457, 4507"
39033,2020030901,2,"3457, 4507"
39035,2020030901,2,"3457, 4507"
39037,2020030901,2,"3457, 4507"
39039,2020030901,2,"3457, 4507"
39041,2020030901,2,"3457, 4507"
39043,2020030901,2,"3457, 4507"
39045,2012063005,2,"3346, 4077"
39045,2020030901,2,"3457, 4507"
39047,2020030901,2,"3457, 4507"
39049,2012063005,2,"3346, 4077"
39049,2020030901,2,"3457, 4507"
39051,2020030901,2,"3457, 4507"
39053,2012063005,2,"3346, 4077"
39053,2020030901,2,"3457, 4507"
39055,2020030901,2,"3457, 4507"
39057,2020030901,2,"3457, 4507"
39059,2012063005,2,"3346, 4077"
39059,2020030901,2,"3457, 4507"
39061,2020030901,2,"3457, 4507"
39063,2012063005,2,"3346, 4077"
39063,2020030901,2,"3457, 4507"
39065,2012063005,2,"3346, 4077"
39065,2020030901,2,"3457, 4507"
39067,2012063005,2,"3346, 4077"
39067,2020030901,2,"3457, 4507"
39069,2020030901,2,"3457, 4507"
39071,2012063005,2,"3346, 4077"
39071,2020030901,2,"3457, 4507"
39073,2012063005,2,"3346, 4077"
39073,2020030901,2,"3457, 4507"
39075,2020030901,2,"3457, 4507"
39077,2020030901,2,"3457, 4507"
39079,2012063005,2,"3346, 4077"
39079,2020030901,2,"3457, 4507"
39081,2020030901,2,"3457, 4507"
39083,2012063005,2,"3346, 4077"
39083,2020030901,2,"3457, 4507"
39085,2020030901,2,"3457, 4507"
39087,2012063005,2,"3346, 4077"
39087,2020030901,2,"3457, 4507"
39089,2012063005,2,"3346, 4077"
39089,2020030901,2,"3457, 4507"
39091,2012063005,2,"3346, 4077"
39091,2020030901,2,"3457, 4507"
39093,2020030901,2,"3457, 4507"
39095,2020030901,2,"3457, 4507"
39097,2020030901,2,"3457, 4507"
39099,2020030901,2,"3457, 4507"
39101,2020030901,2,"3457, 4507"
39103,2020030901,2,"3457, 4507"
39105,2012063005,2,"3346, 4077"
39105,2020030901,2,"3457, 4507"
39107,2020030901,2,"3457, 4507"
39109,2012063005,2,"3346, 4077"
39109,2020030901,2,"3457, 4507"
39111,2012063005,2,"3346, 4077"
39111,2020030901,2,"3457, 4507"
39113,2020030901,2,"3457, 4507"
39115,2012063005,2,"3346, 4077"
39115,2020030901,2,"3457, 4507"
39117,2012063005,2,"3346, 4077"
39117,2020030901,2,"3457, 4507"
39119,2012063005,2,"3346, 4077"
39119,2020030901,2,"3457, 4507"
39121,2012063005,2,"3346, 4077"
39121,2020030901,2,"3457, 4507"
39123,2020030901,2,"3457, 4507"
39125,2012063005,2,"3346, 4077"
39125,2020030901,2,"3457, 4507"
39127,2012063005,2,"3346, 4077"
39127,2020030901,2,"3457, 4507"
39129,2012063005,2,"3346, 4077"
39129,2020030901,2,"3457, 4507"
39131,2012063005,2,"3346, 4077"
39131,2020030901,2,"3457, 4507"
39133,2020030901,2,"3457, 4507"
39135,2020030901,2,"3457, 4507"
39137,2012063005,2,"3346, 4077"
39137,2020030901,2,"3457, 4507"
39139,2020030901,2,"3457, 4507"
39141,2020030901,2,"3457, 4507"
39143,2020030901,2,"3457, 4507"
39145,2020030901,2,"3457, 4507"
39147,2020030901,2,"3457, 4507"
39149,2012063005,2,"3346, 4077"
39149,2020030901,2,"3457, 4507"
39151,2020030901,2,"3457, 4507"
39153,2020030901,2,"3457, 4507"
39155,2020030901,2,"3457, 4507"
39157,2020030901,2,"3457, 4507"
39159,2020030901,2,"3457, 4507"
39161,2012063005,2,"3346, 4077"
39161,2020030901,2,"3457, 4507"
39163,2012063005,2,"3346, 4077"
39163,2020030901,2,"3457, 4507"
39165,2020030901,2,"3457, 4507"
39167,2012063005,2,"3346, 4077"
39167,2020030901,2,"3457, 4507"
39169,2020030901,2,"3457, 4507"
39171,2020030901,2,"3457, 4507"
39173,2020030901,2,"3457, 4507"
39175,2012063005,2,"3346, 4077"
39175,2020030901,2,"3457, 4507"
40001,2020030901,2,"3462, 4530"
40001,2021021302,2,"3555, 4587"
40003,2020030901,2,"3462, 4530"
40003,2021021302,2,"3555, 4587"
40005,2020030901,2,"3462, 4530"
40005,2021021302,2,"3555, 4587"
40007,2020030901,2,"3462, 4530"
40007,2021021302,2,"3555, 4587"
40009,2020030901,2,"3462, 4530"
40009,2021021302,2,"3555, 4587"
40011,2020030901,3,"3462, 3511, 4530"
40011,2021021302,2,"3555, 4587"
40013,2020030901,3,"3462, 3518, 4530"
40013,2021021302,2,"3555, 4587"
40015,2020030901,3,"3462, 3511, 4530"
40015,2021021302,2,"3555, 4587"
40017,2020030901,3,"3462, 3511, 4530"
40017,2021021302,2,"3555, 4587"
40019,2020030901,3,"3462, 3518, 4530"
40019,2021021302,2,"3555, 4587"
40021,2020030901,3,"3462, 3499, 4530"
40021,2021021302,2,"3555, 4587"
40023,2020030901,3,"3462, 3486, 4530"
40023,2021021302,2,"3555, 4587"
40025,2020030901,2,"3462, 4530"
40025,2021021302,2,"3555, 4587"
40027,2020030901,2,"3462, 4530"
40027,2021021302,2,"3555, 4587"
40029,2020030901,3,"3462, 3518, 4530"
40029,2021021302,2,"3555, 4587"
40031,2020030901,2,"3462, 4530"
40031,2021021302,2,"3555, 4587"
40033,2020030901,2,"3462, 4530"
40033,2021021302,2,"3555, 4587"
40035,2011012803,2,"1985, 3316"
40035,2020030901,2,"3462, 4530"
40035,2021021302,2,"3555, 4587"
40037,2011012803,2,"1985, 3316"
40037,2020030901,3,"3462, 3502, 4530"
40037,2021021302,2,"3555, 4587"
40039,2020030901,2,"3462, 4530"
40039,2021021302,2,"3555, 4587"
40041,2020030901,2,"3462, 4530"
40041,2021021302,2,"3555, 4587"
40043,2020030901,2,"3462, 4530"
40043,2021021302,2,"3555, 4587"
40045,2020030901,2,"3462, 4530"
40045,2021021302,2,"3555, 4587"
40047,2020030901,2,"3462, 4530"
40047,2021021302,2,"3555, 4587"
40049,2020030901,3,"3462, 3518, 4530"
40049,2021021302,2,"3555, 4587"
40051,2020030901,4,"3462, 3511, 3518, 4530"
40051,2021021302,2,"3555, 4587"
40053,2020030901,2,"3462, 4530"
40053,2021021302,2,"3555, 4587"
40055,2020030901,2,"3462, 4530"
40055,2021021302,2,"3555, 4587"
40057,2020030901,2,"3462, 4530"
40057,2021021302,2,"3555, 4587"
40059,2020030901,2,"3462, 4530"
40059,2021021302,2,"3555, 4587"
40061,2019043001,2,"3411, 4438"
40061,2020030901,2,"3462, 4530"
40061,2021021302,2,"3555, 4587"
40063,2020030901,2,"3462, 4530"
40063,2021021302,2,"3555, 4587"
40065,2020030901,2,"3462, 4530"
40065,2021021302,2,"3555, 4587"
40067,2011012803,2,"1985, 3316"
40067,2020030901,3,"3462, 3518, 4530"
40067,2021021302,2,"3555, 4587"
40069,2020030901,3,"3462, 3518, 4530"
40069,2021021302,2,"3555, 4587"
40071,2019043001,2,"3411, 4438"
40071,2020030901,4,"3462, 3495, 3517, 4530"
40071,2021021302,2,"3555, 4587"
40073,2020030901,2,"3462, 4530"
40073,2021021302,2,"3555, 4587"
40075,2020030901,2,"3462, 4530"
40075,2021021302,2,"3555, 4587"
40077,2020030901,2,"3462, 4530"
40077,2021021302,2,"3555, 4587"
40079,2019043001,2,"3411, 4438"
40079,2020030901,2,"3462, 4530"
40079,2021021302,2,"3555, 4587"
40081,2020030901,3,"3462, 3579, 4530"
40081,2021021302,2,"3555, 4587"
40083,2011012803,2,"1985, 3316"
40083,2020030901,2,"3462, 4530"
40083,2021021302,2,"3555, 4587"
40085,2020030901,3,"3462, 3518, 4530"
40085,2021021302,2,"3555, 4587"
40087,2020030901,3,"3462, 3518, 4530"
40087,2021021302,2,"3555, 4587"
40089,2020030901,2,"3462, 4530"
40089,2021021302,2,"3555, 4587"
40091,2020030901,2,"3462, 4530"
40091,2021021302,2,"3555, 4587"
40093,2020030901,2,"3462, 4530"
40093,2021021302,2,"3555, 4587"
40095,2020030901,3,"3462, 3518, 4530"
40095,2021021302,2,"3555, 4587"
40097,2011012803,2,"1985, 3316"
40097,2020030901,2,"3462, 4530"
40097,2021021302,2,"3555, 4587"
40099,2020030901,3,"3462, 3518, 4530"
40099,2021021302,2,"3555, 4587"
40101,2019043001,2,"3411, 4438"
40101,2020030901,2,"3462, 4530"
40101,2021021302,2,"3555, 4587"
40103,2019043001,2,"3411, 4438"
40103,2020030901,4,"3462, 3495, 3570, 4530"
40103,2021021302,2,"3555, 4587"
40105,2011012803,2,"1985, 3316"
40105,2020030901,2,"3462, 4530"
40105,2021021302,2,"3555, 4587"
40107,2020030901,2,"3462, 4530"
40107,2021021302,2,"3555, 4587"
40109,2020030901,3,"3462, 3579, 4530"
40109,2021021302,2,"3555, 4587"
40111,2011012803,2,"1985, 3316"
40111,2020030901,2,"3462, 4530"
40111,2021021302,2,"3555, 4587"
40113,2011012803,2,"1985, 3316"
40113,2019043001,2,"3411, 4438"
40113,2020030901,3,"3462, 3514, 4530"
40113,2021021302,2,"3555, 4587"
40115,2011012803,2,"1985, 3316"
40115,2020030901,5,"3462, 3487, 3509, 3578, 4530"
40115,2021021302,2,"3555, 4587"
40117,2011012803,2,"1985, 3316"
40117,2019043001,2,"3411, 4438"
40117,2020030901,3,"3462, 3570, 4530"
40117,2021021302,2,"3555, 4587"
40119,2020030901,2,"3462, 4530"
40119,2021021302,2,"3555, 4587"
40121,2020030901,2,"3462, 4530"
40121,2021021302,2,"3555, 4587"
40123,2020030901,3,"3462, 3518, 4530"
40123,2021021302,2,"3555, 4587"
40125,2011012803,2,"1985, 3316"
40125,2020030901,3,"3462, 3579, 4530"
40125,2021021302,2,"3555, 4587"
40127,2020030901,2,"3462, 4530"
40127,2021021302,2,"3555, 4587"
40129,2020030901,2,"3462, 4530"
40129,2021021302,2,"3555, 4587"
40131,2011012803,2,"1985, 3316"
40131,2020030901,2,"3462, 4530"
40131,2021021302,2,"3555, 4587"
40133,2020030901,2,"3462, 4530"
40133,2021021302,2,"3555, 4587"
40135,2019043001,2,"3411, 4438"
40135,2020030901,2,"3462, 4530"
40135,2021021302,2,"3555, 4587"
40137,2011012803,2,"1985, 3316"
40137,2020030901,3,"3462, 3518, 4530"
40137,2021021302,2,"3555, 4587"
40139,2020030901,2,"3462, 4530"
40139,2021021302,2,"3555, 4587"
40141,2020030901,2,"3462, 4530"
40141,2021021302,2,"3555, 4587"
40143,2011012803,2,"1985, 3316"
40143,2019043001,2,"3411, 4438"
40143,2020030901,2,"3462, 4530"
40143,2021021302,2,"3555, 4587"
40145,2011012803,2,"1985, 3316"
40145,2019043001,2,"3411, 4438"
40145,2020030901,2,"3462, 4530"
40145,2021021302,2,"3555, 4587"
40147,2011012803,2,"1985, 3316"
40147,2020030901,2,"3462, 4530"
40147,2021021302,2,"3555, 4587"
40149,2020030901,2,"3462, 4530"
40149,2021021302,2,"3555, 4587"
40151,2020030901,2,"3462, 4530"
40151,2021021302,2,"3555, 4587"
40153,2020030901,2,"3462, 4530"
40153,2021021302,2,"3555, 4587"
41001,2020030901,2,"3429, 4499"
41003,2020030901,2,"3429, 4499"
41005,2020030901,2,"3429, 4499"
41007,2020030901,2,"3429, 4499"
41009,2020030901,2,"3429, 4499"
41011,2020030901,2,"3429, 4499"
41013,2020030901,2,"3429, 4499"
41015,2020030901,2,"3429, 4499"
41017,2020030901,2,"3429, 4499"
41019,2020030901,2,"3429, 4499"
41021,2020030901,2,"3429, 4499"
41023,2020030901,2,"3429, 4499"
41025,2020030901,2,"3429, 4499"
41027,2020030901,2,"3429, 4499"
41029,2020030901,2,"3429, 4499"
41031,2020030901,2,"3429, 4499"
41033,2020030901,2,"3429, 4499"
41035,2020030901,2,"3429, 4499"
41037,2020030901,2,"3429, 4499"
41039,2020030901,2,"3429, 4499"
41041,2020030901,2,"3429, 4499"
41043,2020030901,2,"3429, 4499"
41045,2020030901,4,"3429, 3443, 4499, 4523"
41047,2020030901,2,"3429, 4499"
41049,2020030901,2,"3429, 4499"
41051,2020030901,2,"3429, 4499"
41053,2020030901,2,"3429, 4499"
41055,2020030901,2,"3429, 4499"
41057,2020030901,2,"3429, 4499"
41059,2020030901,2,"3429, 4499"
41061,2020030901,2,"3429, 4499"
41063,2020030901,2,"3429, 4499"
41065,2020030901,2,"3429, 4499"
41067,2020030901,2,"3429, 4499"
41069,2020030901,2,"3429, 4499"
41071,2020030901,2,"3429, 4499"
42001,2011090802,2,"3340, 4030"
42001,2020030901,2,"3441, 4506"
42003,2020030901,2,"3441, 4506"
42005,2020030901,2,"3441, 4506"
42007,2020030901,2,"3441, 4506"
42009,2011090802,2,"3340, 4030"
42009,2012102505,2,"3356, 4099"
42009,2020030901,2,"3441, 4506"
42011,2011090802,2,"3340, 4030"
42011,2020030901,2,"3441, 4506"
42013,2020030901,2,"3441, 4506"
42015,2011090802,2,"3340, 4030"
42015,2020030901,2,"3441, 4506"
42017,2011082201,2,"3339, 4025"
42017,2011090802,2,"3340, 4030"
42017,2012102505,2,"3356, 4099"
42017,2020030901,2,"3441, 4506"
42019,2020030901,2,"3441, 4506"
42021,2020030901,2,"3441, 4506"
42023,2012102505,2,"3356, 4099"
42023,2020030901,2,"3441, 4506"
42025,2020030901,2,"3441, 4506"
42027,2020030901,2,"3441, 4506"
42029,2011082201,2,"3339, 4025"
42029,2011090802,2,"3340, 4030"
42029,2020030901,2,"3441, 4506"
42031,2020030901,2,"3441, 4506"
42033,2020030901,2,"3441, 4506"
42035,2020030901,2,"3441, 4506"
42037,2011090802,2,"3340, 4030"
42037,2020030901,2,"3441, 4506"
42039,2020030901,2,"3441, 4506"
42041,2011090802,2,"3340, 4030"
42041,2020030901,2,"3441, 4506"
42043,2011090802,2,"3340, 4030"
42043,2012102505,2,"3356, 4099"
42043,2020030901,2,"3441, 4506"
42045,2011082201,2,"3339, 4025"
42045,2011090802,2,"3340, 4030"
42045,2020030901,2,"3441, 4506"
42047,2020030901,2,"3441, 4506"
42049,2020030901,2,"3441, 4506"
42051,2020030901,2,"3441, 4506"
42053,2012102505,2,"3356, 4099"
42053,2020030901,2,"3441, 4506"
42055,2012102505,2,"3356, 4099"
42055,2020030901,2,"3441, 4506"
42057,2012102505,2,"3356, 4099"
42057,2020030901,2,"3441, 4506"
42059,2020030901,2,"3441, 4506"
42061,2011090802,2,"3340, 4030"
42061,2012102505,2,"3356, 4099"
42061,2020030901,2,"3441, 4506"
42063,2020030901,2,"3441, 4506"
42065,2020030901,2,"3441, 4506"
42067,2011090802,2,"3340, 4030"
42067,2012102505,2,"3356, 4099"
42067,2020030901,2,"3441, 4506"
42069,2011090802,2,"3340, 4030"
42069,2020030901,2,"3441, 4506"
42071,2011090802,2,"3340, 4030"
42071,2020030901,2,"3441, 4506"
42073,2020030901,2,"3441, 4506"
42075,2011090802,2,"3340, 4030"
42075,2020030901,2,"3441, 4506"
42077,2011082201,2,"3339, 4025"
42077,2020030901,2,"3441, 4506"
42079,2011082201,2,"3339, 4025"
42079,2011090802,2,"3340, 4030"
42079,2020030901,2,"3441, 4506"
42081,2011090802,2,"3340, 4030"
42081,2020030901,2,"3441, 4506"
42083,2020030901,2,"3441, 4506"
42085,2020030901,2,"3441, 4506"
42087,2011090802,2,"3340, 4030"
42087,2020030901,2,"3441, 4506"
42089,2011082201,2,"3339, 4025"
42089,2011090802,2,"3340, 4030"
42089,2012102505,2,"3356, 4099"
42089,2020030901,2,"3441, 4506"
42091,2011082201,2,"3339, 4025"
42091,2011090802,2,"3340, 4030"
42091,2012102505,2,"3356, 4099"
42091,2020030901,2,"3441, 4506"
42093,2011090802,2,"3340, 4030"
42093,2020030901,2,"3441, 4506"
42095,2011082201,2,"3339, 4025"
42095,2011090802,2,"3340, 4030"
42095,2012102505,2,"3356, 4099"
42095,2020030901,2,"3441, 4506"
42097,2011090802,2,"3340, 4030"
42097,2020030901,2,"3441, 4506"
42099,2011090802,2,"3340, 4030"
42099,2020030901,2,"3441, 4506"
42101,2011082201,2,"3339, 4025"
42101,2011090802,2,"3340, 4030"
42101,2012102505,2,"3356, 4099"
42101,2020030901,2,"3441, 4506"
42103,2011082201,2,"3339, 4025"
42103,2012102505,2,"3356, 4099"
42103,2020030901,2,"3441, 4506"
42105,2012102505,2,"3356, 4099"
42105,2020030901,2,"3441, 4506"
42107,2011090802,2,"3340, 4030"
42107,2020030901,2,"3441, 4506"
42109,2011090802,2,"3340, 4030"
42109,2020030901,2,"3441, 4506"
42111,2012102505,2,"3356, 4099"
42111,2020030901,2,"3441, 4506"
42113,2011082201,2,"3339, 4025"
42113,2011090802,2,"3340, 4030"
42113,2012102505,2,"3356, 4099"
42113,2020030901,2,"3441, 4506"
42115,2011090802,2,"3340, 4030"
42115,2020030901,2,"3441, 4506"
42117,2011090802,2,"3340, 4030"
42117,2020030901,2,"3441, 4506"
42119,2011090802,2,"3340, 4030"
42119,2020030901,2,"3441, 4506"
42121,2020030901,2,"3441, 4506"
42123,2020030901,2,"3441, 4506"
42125,2020030901,2,"3441, 4506"
42127,2011082201,2,"3339, 4025"
42127,2020030901,2,"3441, 4506"
42129,2020030901,2,"3441, 4506"
42131,2011082201,2,"3339, 4025"
42131,2011090802,2,"3340, 4030"
42131,2012102505,2,"3356, 4099"
42131,2020030901,2,"3441, 4506"
42133,2011090802,2,"3340, 4030"
42133,2020030901,2,"3441, 4506"
44001,2010031501,2,"1894, 3311"
44001,2011082401,2,"3334, 4027"
44001,2012102505,2,"3355, 4089"
44001,2020030901,2,"3440, 4505"
44003,2010031501,2,"1894, 3311"
44003,2011082401,2,"3334, 4027"
44003,2012102505,2,"3355, 4089"
44003,2020030901,2,"3440, 4505"
44005,2010031501,2,"1894, 3311"
44005,2011082401,2,"3334, 4027"
44005,2012102505,2,"3355, 4089"
44005,2020030901,2,"3440, 4505"
44007,2010031501,2,"1894, 3311"
44007,2011082401,2,"3334, 4027"
44007,2020030901,2,"3440, 4505"
44009,2010031501,2,"1894, 3311"
44009,2011082401,2,"3334, 4027"
44009,2012102505,2,"3355, 4089"
44009,2020030901,3,"3440, 3515, 4505"
45001,2015093001,2,"3373, 4241"
45001,2017083101,2,"3386, 4346"
45001,2020030901,2,"3470, 4492"
45001,2022092201,2,"3585, 4677"
45001,2024092301,2,"3619, 4829"
45003,2014020901,2,"3369, 4166"
45003,2015093001,2,"3373, 4241"
45003,2017083101,2,"3386, 4346"
45003,2020030901,2,"3470, 4492"
45003,2022092201,2,"3585, 4677"
45003,2024092301,2,"3619, 4829"
45005,2014020901,2,"3369, 4166"
45005,2015093001,2,"3373, 4241"
45005,2016092802,2,"3378, 4286"
45005,2017083101,2,"3386, 4346"
45005,2019082401,2,"3421, 4464"
45005,2020030901,2,"3470, 4492"
45005,2022092201,2,"3585, 4677"
45005,2024092301,2,"3619, 4829"
45007,2015093001,2,"3373, 4241"
45007,2017083101,2,"3386, 4346"
45007,2020030901,2,"3470, 4492"
45007,2022092201,2,"3585, 4677"
45007,2024092301,2,"3619, 4829"
45009,2014020901,2,"3369, 4166"
45009,2015093001,2,"3373, 4241"
45009,2016092802,2,"3378, 4286"
45009,2017083101,2,"3386, 4346"
45009,2020030901,2,"3470, 4492"
45009,2022092201,2,"3585, 4677"
45009,2024072801,2,"3606, 4835"
45009,2024092301,2,"3619, 4829"
45011,2014020901,2,"3369, 4166"
45011,2016092802,2,"3378, 4286"
45011,2017083101,2,"3386, 4346"
45011,2020030901,2,"3470, 4492"
45011,2022092201,2,"3585, 4677"
45011,2024072801,2,"3606, 4835"
45011,2024092301,2,"3619, 4829"
45013,2015093001,2,"3373, 4241"
45013,2016092802,2,"3378, 4286"
45013,2017083101,2,"3386, 4346"
45013,2019082401,2,"3421, 4464"
45013,2020030901,2,"3470, 4492"
45013,2022092201,2,"3585, 4677"
45013,2024072801,2,"3606, 4835"
45013,2024092301,2,"3619, 4829"
45015,2014020901,2,"3369, 4166"
45015,2015093001,2,"3373, 4241"
45015,2016092802,2,"3378, 4286"
45015,2017083101,2,"3386, 4346"
45015,2018090602,2,"3400, 4394"
45015,2019082401,2,"3421, 4464"
45015,2020030901,2,"3470, 4492"
45015,2022092201,2,"3585, 4677"
45015,2024072801,2,"3606, 4835"
45015,2024092301,2,"3619, 4829"
45017,2014020901,2,"3369, 4166"
45017,2015093001,2,"3373, 4241"
45017,2016092802,2,"3378, 4286"
45017,2017083101,2,"3386, 4346"
45017,2018090602,2,"3400, 4394"
45017,2020030901,2,"3470, 4492"
45017,2022092201,2,"3585, 4677"
45017,2024092301,2,"3619, 4829"
45019,2015093001,2,"3373, 4241"
45019,2016092802,2,"3378, 4286"
45019,2017083101,2,"3386, 4346"
45019,2018090602,2,"3400, 4394"
45019,2019082401,2,"3421, 4464"
45019,2020030901,2,"3470, 4492"
45019,2022092201,2,"3585, 4677"
45021,2017083101,2,"3386, 4346"
45021,2020030901,2,"3470, 4492"
45021,2022092201,2,"3585, 4677"
45021,2024092301,2,"3619, 4829"
45023,2017083101,2,"3386, 4346"
45023,2020030901,2,"3470, 4492"
45023,2022092201,2,"3585, 4677"
45023,2024092301,2,"3619, 4829"
45025,2014020901,2,"3369, 4166"
45025,2015093001,2,"3373, 4241"
45025,2016092802,2,"3378, 4286"
45025,2017083101,2,"3386, 4346"
45025,2018090602,2,"3400, 4394"
45025,2020030901,2,"3470, 4492"
45025,2022092201,2,"3585, 4677"
45027,2014020901,2,"3369, 4166"
45027,2015093001,2,"3373, 4241"
45027,2016092802,2,"3378, 4286"
45027,2017083101,2,"3386, 4346"
45027,2018090602,2,"3400, 4394"
45027,2020030901,2,"3470, 4492"
45027,2022092201,2,"3585, 4677"
45029,2014020901,2,"3369, 4166"
45029,2015093001,2,"3373, 4241"
45029,2016092802,2,"3378, 4286"
45029,2017083101,2,"3386, 4346"
45029,2018090602,2,"3400, 4394"
45029,2019082401,2,"3421, 4464"
45029,2020030901,2,"3470, 4492"
45029,2022092201,2,"3585, 4677"
45029,2024072801,2,"3606, 4835"
45029,2024092301,2,"3619, 4829"
45031,2015093001,2,"3373, 4241"
45031,2016092802,2,"3378, 4286"
45031,2017083101,2,"3386, 4346"
45031,2018090602,2,"3400, 4394"
45031,2020030901,2,"3470, 4492"
45031,2022092201,2,"3585, 4677"
45033,2014020901,2,"3369, 4166"
45033,2015093001,2,"3373, 4241"
45033,2016092802,2,"3378, 4286"
45033,2017083101,2,"3386, 4346"
45033,2018090602,2,"3400, 4394"
45033,2019082401,2,"3421, 4464"
45033,2020030901,2,"3470, 4492"
45033,2022092201,2,"3585, 4677"
45033,2024072801,2,"3606, 4835"
45035,2014020901,2,"3369, 4166"
45035,2015093001,2,"3373, 4241"
45035,2016092802,2,"3378, 4286"
45035,2017083101,2,"3386, 4346"
45035,2018090602,2,"3400, 4394"
45035,2019082401,2,"3421, 4464"
45035,2020030901,2,"3470, 4492"
45035,2022092201,2,"3585, 4677"
45035,2024072801,2,"3606, 4835"
45037,2014020901,2,"3369, 4166"
45037,2017083101,2,"3386, 4346"
45037,2020030901,2,"3470, 4492"
45037,2022092201,2,"3585, 4677"
45037,2024092301,2,"3619, 4829"
45039,2015093001,2,"3373, 4241"
45039,2017083101,2,"3386, 4346"
45039,2020030901,2,"3470, 4492"
45039,2022092201,2,"3585, 4677"
45039,2024092301,2,"3619, 4829"
45041,2014020901,2,"3369, 4166"
45041,2015093001,2,"3373, 4241"
45041,2016092802,2,"3378, 4286"
45041,2017083101,2,"3386, 4346"
45041,2018090602,2,"3400, 4394"
45041,2020030901,2,"3470, 4492"
45041,2022092201,2,"3585, 4677"
45041,2024072801,2,"3606, 4835"
45043,2014020901,2,"3369, 4166"
45043,2015093001,2,"3373, 4241"
45043,2016092802,2,"3378, 4286"
45043,2017083101,2,"3386, 4346"
45043,2018090602,2,"3400, 4394"
45043,2019082401,2,"3421, 4464"
45043,2020030901,2,"3470, 4492"
45043,2022092201,2,"3585, 4677"
45043,2024072801,2,"3606, 4835"
45045,2015093001,2,"3373, 4241"
45045,2017083101,2,"3386, 4346"
45045,2020030901,2,"3470, 4492"
45045,2022092201,2,"3585, 4677"
45045,2024092301,2,"3619, 4829"
45045,2026012101,2,"3632, 4908"
45047,2015093001,2,"3373, 4241"
45047,2017083101,2,"3386, 4346"
45047,2020030901,2,"3470, 4492"
45047,2022092201,2,"3585, 4677"
45047,2024092301,2,"3619, 4829"
45049,2014020901,2,"3369, 4166"
45049,2016092802,2,"3378, 4286"
45049,2017083101,2,"3386, 4346"
45049,2020030901,2,"3470, 4492"
45049,2022092201,2,"3585, 4677"
45049,2024072801,2,"3606, 4835"
45049,2024092301,2,"3619, 4829"
45051,2014020901,2,"3369, 4166"
45051,2015093001,2,"3373, 4241"
45051,2016092802,2,"3378, 4286"
45051,2017083101,2,"3386, 4346"
45051,2018090602,2,"3400, 4394"
45051,2019082401,2,"3421, 4464"
45051,2020030901,2,"3470, 4492"
45051,2022092201,2,"3585, 4677"
45051,2024072801,2,"3606, 4835"
45053,2016092802,2,"3378, 4286"
45053,2017083101,2,"3386, 4346"
45053,2018090602,2,"3400, 4394"
45053,2019082401,2,"3421, 4464"
45053,2020030901,2,"3470, 4492"
45053,2022092201,2,"3585, 4677"
45053,2024072801,2,"3606, 4835"
45053,2024092301,2,"3619, 4829"
45055,2015093001,2,"3373, 4241"
45055,2016092802,2,"3378, 4286"
45055,2017083101,2,"3386, 4346"
45055,2020030901,2,"3470, 4492"
45055,2022092201,2,"3585, 4677"
45055,2024092301,2,"3619, 4829"
45057,2015093001,2,"3373, 4241"
45057,2017083101,2,"3386, 4346"
45057,2018090602,2,"3400, 4394"
45057,2020030901,2,"3470, 4492"
45057,2022092201,2,"3585, 4677"
45057,2024092301,2,"3619, 4829"
45059,2015093001,2,"3373, 4241"
45059,2017083101,2,"3386, 4346"
45059,2020030901,2,"3470, 4492"
45059,2022092201,2,"3585, 4677"
45059,2024092301,2,"3619, 4829"
45061,2015093001,2,"3373, 4241"
45061,2016092802,2,"3378, 4286"
45061,2017083101,2,"3386, 4346"
45061,2020030901,2,"3470, 4492"
45061,2022092201,2,"3585, 4677"
45063,2014020901,2,"3369, 4166"
45063,2015093001,2,"3373, 4241"
45063,2017083101,2,"3386, 4346"
45063,2020030901,2,"3470, 4492"
45063,2022092201,2,"3585, 4677"
45063,2024092301,2,"3619, 4829"
45065,2015093001,2,"3373, 4241"
45065,2017083101,2,"3386, 4346"
45065,2020030901,2,"3470, 4492"
45065,2022092201,2,"3585, 4677"
45065,2024092301,2,"3619, 4829"
45067,2014020901,2,"3369, 4166"
45067,2015093001,2,"3373, 4241"
45067,2016092802,2,"3378, 4286"
45067,2017083101,2,"3386, 4346"
45067,2018090602,2,"3400, 4394"
45067,2019082401,2,"3421, 4464"
45067,2020030901,2,"3470, 4492"
45067,2022092201,2,"3585, 4677"
45069,2015093001,2,"3373, 4241"
45069,2016092802,2,"3378, 4286"
45069,2017083101,2,"3386, 4346"
45069,2018090602,2,"3400, 4394"
45069,2020030901,2,"3470, 4492"
45069,2022092201,2,"3585, 4677"
45071,2015093001,2,"3373, 4241"
45071,2017083101,2,"3386, 4346"
45071,2020030901,2,"3470, 4492"
45071,2022092201,2,"3585, 4677"
45071,2024092301,2,"3619, 4829"
45073,2017083101,2,"3386, 4346"
45073,2020030901,2,"3470, 4492"
45073,2022092201,2,"3585, 4677"
45073,2024092301,2,"3619, 4829"
45073,2026012101,2,"3632, 4908"
45075,2014020901,2,"3369, 4166"
45075,2015093001,2,"3373, 4241"
45075,2016092802,2,"3378, 4286"
45075,2017083101,2,"3386, 4346"
45075,2018090602,2,"3400, 4394"
45075,2020030901,2,"3470, 4492"
45075,2022092201,2,"3585, 4677"
45075,2024072801,2,"3606, 4835"
45075,2024092301,2,"3619, 4829"
45077,2017083101,2,"3386, 4346"
45077,2020030901,2,"3470, 4492"
45077,2022092201,2,"3585, 4677"
45077,2024092301,2,"3619, 4829"
45077,2026012101,2,"3632, 4908"
45079,2015093001,2,"3373, 4241"
45079,2016092802,2,"3378, 4286"
45079,2017083101,2,"3386, 4346"
45079,2020030901,2,"3470, 4492"
45079,2022092201,2,"3585, 4677"
45079,2024092301,2,"3619, 4829"
45081,2014020901,2,"3369, 4166"
45081,2015093001,2,"3373, 4241"
45081,2017083101,2,"3386, 4346"
45081,2020030901,2,"3470, 4492"
45081,2022092201,2,"3585, 4677"
45081,2024092301,2,"3619, 4829"
45083,2015093001,2,"3373, 4241"
45083,2017083101,2,"3386, 4346"
45083,2020030901,2,"3470, 4492"
45083,2022092201,2,"3585, 4677"
45083,2024092301,2,"3619, 4829"
45085,2014020901,2,"3369, 4166"
45085,2015093001,2,"3373, 4241"
45085,2016092802,2,"3378, 4286"
45085,2017083101,2,"3386, 4346"
45085,2018090602,2,"3400, 4394"
45085,2020030901,2,"3470, 4492"
45085,2022092201,2,"3585, 4677"
45087,2017083101,2,"3386, 4346"
45087,2020030901,2,"3470, 4492"
45087,2022092201,2,"3585, 4677"
45087,2024072801,2,"3606, 4835"
45087,2024092301,2,"3619, 4829"
45089,2014020901,2,"3369, 4166"
45089,2015093001,2,"3373, 4241"
45089,2016092802,2,"3378, 4286"
45089,2017083101,2,"3386, 4346"
45089,2018090602,2,"3400, 4394"
45089,2019082401,2,"3421, 4464"
45089,2020030901,2,"3470, 4492"
45089,2022092201,2,"3585, 4677"
45089,2024092301,2,"3619, 4829"
45091,2017083101,2,"3386, 4346"
45091,2020030901,2,"3470, 4492"
45091,2022092201,2,"3585, 4677"
45091,2024092301,2,"3619, 4829"
46003,2020030901,2,"3475, 4527"
46005,2020030901,2,"3475, 4527"
46007,2020030901,3,"3475, 4521, 4527"
46009,2020030901,2,"3475, 4527"
46011,2020030901,2,"3475, 4527"
46013,2020030901,2,"3475, 4527"
46015,2020030901,2,"3475, 4527"
46017,2020030901,2,"3475, 4527"
46019,2020030901,2,"3475, 4527"
46021,2020030901,2,"3475, 4527"
46023,2020030901,2,"3475, 4527"
46025,2020030901,2,"3475, 4527"
46027,2020030901,2,"3475, 4527"
46029,2020030901,2,"3475, 4527"
46031,2020030901,2,"3475, 4527"
46033,2020030901,2,"3475, 4527"
46035,2020030901,2,"3475, 4527"
46037,2020030901,2,"3475, 4527"
46039,2020030901,2,"3475, 4527"
46041,2020030901,3,"3475, 3536, 4527"
46043,2020030901,2,"3475, 4527"
46045,2020030901,2,"3475, 4527"
46047,2020030901,2,"3475, 4527"
46049,2020030901,2,"3475, 4527"
46051,2020030901,2,"3475, 4527"
46053,2020030901,2,"3475, 4527"
46055,2020030901,3,"3475, 3536, 4527"
46057,2020030901,2,"3475, 4527"
46059,2020030901,2,"3475, 4527"
46061,2020030901,2,"3475, 4527"
46063,2020030901,2,"3475, 4527"
46065,2020030901,2,"3475, 4527"
46067,2020030901,2,"3475, 4527"
46069,2020030901,2,"3475, 4527"
46071,2020030901,3,"3475, 4521, 4527"
46073,2020030901,2,"3475, 4527"
46075,2020030901,2,"3475, 4527"
46079,2020030901,2,"3475, 4527"
46081,2020030901,2,"3475, 4527"
46083,2020030901,2,"3475, 4527"
46085,2020030901,2,"3475, 4527"
46087,2020030901,2,"3475, 4527"
46089,2020030901,2,"3475, 4527"
46091,2020030901,2,"3475, 4527"
46093,2020030901,5,"3475, 3476, 3536, 4508, 4527"
46095,2020030901,2,"3475, 4527"
46095,2022122101,2,"4687, 4689"
46097,2020030901,2,"3475, 4527"
46099,2020030901,2,"3475, 4527"
46101,2020030901,2,"3475, 4527"
46102,2020030901,3,"3475, 4521, 4527"
46103,2020030901,2,"3475, 4527"
46105,2020030901,4,"3475, 3477, 4509, 4527"
46107,2020030901,2,"3475, 4527"
46109,2020030901,2,"3475, 4527"
46111,2020030901,2,"3475, 4527"
46115,2020030901,2,"3475, 4527"
46117,2020030901,3,"3475, 3536, 4527"
46119,2020030901,2,"3475, 4527"
46121,2020030901,2,"3475, 4527"
46121,2022122101,2,"4687, 4689"
46123,2020030901,2,"3475, 4527"
46123,2022122101,2,"4687, 4689"
46125,2020030901,2,"3475, 4527"
46127,2020030901,2,"3475, 4527"
46129,2020030901,2,"3475, 4527"
46135,2020030901,2,"3475, 4527"
46137,2020030901,3,"3475, 3536, 4527"
47001,2020030901,2,"3473, 4514"
47001,2026012101,2,"3635, 4898"
47003,2020030901,2,"3473, 4514"
47003,2026012101,2,"3635, 4898"
47005,2020030901,2,"3473, 4514"
47005,2026012101,2,"3635, 4898"
47007,2020030901,2,"3473, 4514"
47007,2026012101,2,"3635, 4898"
47009,2020030901,2,"3473, 4514"
47009,2026012101,2,"3635, 4898"
47011,2020030901,2,"3473, 4514"
47011,2026012101,2,"3635, 4898"
47013,2020030901,2,"3473, 4514"
47013,2026012101,2,"3635, 4898"
47015,2020030901,2,"3473, 4514"
47015,2026012101,2,"3635, 4898"
47017,2020030901,2,"3473, 4514"
47017,2025040102,2,"3625, 4878"
47017,2026012101,2,"3635, 4898"
47019,2020030901,2,"3473, 4514"
47019,2024092301,2,"3620, 4832"
47019,2026012101,2,"3635, 4898"
47021,2020030901,2,"3473, 4514"
47021,2021121201,2,"3576, 4637"
47021,2025040102,2,"3625, 4878"
47021,2026012101,2,"3635, 4898"
47023,2020030901,2,"3473, 4514"
47023,2026012101,2,"3635, 4898"
47025,2020030901,2,"3473, 4514"
47025,2026012101,2,"3635, 4898"
47027,2020030901,2,"3473, 4514"
47027,2026012101,2,"3635, 4898"
47029,2020030901,2,"3473, 4514"
47029,2024092301,2,"3620, 4832"
47029,2026012101,2,"3635, 4898"
47031,2020030901,2,"3473, 4514"
47031,2026012101,2,"3635, 4898"
47033,2020030901,2,"3473, 4514"
47033,2025040102,2,"3625, 4878"
47033,2026012101,2,"3635, 4898"
47035,2020030901,2,"3473, 4514"
47035,2026012101,2,"3635, 4898"
47037,2020030901,2,"3473, 4514"
47037,2025040102,2,"3625, 4878"
47037,2026012101,2,"3635, 4898"
47039,2020030901,2,"3473, 4514"
47039,2021121201,2,"3576, 4637"
47039,2025040102,2,"3625, 4878"
47039,2026012101,2,"3635, 4898"
47041,2020030901,2,"3473, 4514"
47041,2026012101,2,"3635, 4898"
47043,2020030901,2,"3473, 4514"
47043,2021121201,2,"3576, 4637"
47043,2025040102,2,"3625, 4878"
47043,2026012101,2,"3635, 4898"
47045,2020030901,2,"3473, 4514"
47045,2021121201,2,"3576, 4637"
47045,2025040102,2,"3625, 4878"
47045,2026012101,2,"3635, 4898"
47047,2020030901,2,"3473, 4514"
47047,2025040102,2,"3625, 4878"
47047,2026012101,2,"3635, 4898"
47049,2020030901,2,"3473, 4514"
47049,2026012101,2,"3635, 4898"
47051,2020030901,2,"3473, 4514"
47051,2026012101,2,"3635, 4898"
47053,2020030901,2,"3473, 4514"
47053,2021121201,2,"3576, 4637"
47053,2025040102,2,"3625, 4878"
47053,2026012101,2,"3635, 4898"
47055,2020030901,2,"3473, 4514"
47055,2026012101,2,"3635, 4898"
47057,2020030901,2,"3473, 4514"
47057,2026012101,2,"3635, 4898"
47059,2020030901,2,"3473, 4514"
47059,2024092301,2,"3620, 4832"
47059,2026012101,2,"3635, 4898"
47061,2020030901,2,"3473, 4514"
47061,2025040102,2,"3625, 4878"
47061,2026012101,2,"3635, 4898"
47063,2020030901,2,"3473, 4514"
47063,2024092301,2,"3620, 4832"
47063,2026012101,2,"3635, 4898"
47065,2020030901,2,"3473, 4514"
47065,2026012101,2,"3635, 4898"
47067,2020030901,2,"3473, 4514"
47067,2026012101,2,"3635, 4898"
47069,2020030901,2,"3473, 4514"
47069,2025040102,2,"3625, 4878"
47069,2026012101,2,"3635, 4898"
47071,2020030901,2,"3473, 4514"
47071,2025040102,2,"3625, 4878"
47071,2026012101,2,"3635, 4898"
47073,2020030901,2,"3473, 4514"
47073,2024092301,2,"3620, 4832"
47073,2026012101,2,"3635, 4898"
47075,2020030901,2,"3473, 4514"
47075,2025040102,2,"3625, 4878"
47075,2026012101,2,"3635, 4898"
47077,2020030901,2,"3473, 4514"
47077,2025040102,2,"3625, 4878"
47077,2026012101,2,"3635, 4898"
47079,2020030901,2,"3473, 4514"
47079,2025040102,2,"3625, 4878"
47079,2026012101,2,"3635, 4898"
47081,2020030901,2,"3473, 4514"
47081,2025040102,2,"3625, 4878"
47081,2026012101,2,"3635, 4898"
47083,2020030901,2,"3473, 4514"
47083,2025040102,2,"3625, 4878"
47083,2026012101,2,"3635, 4898"
47085,2020030901,2,"3473, 4514"
47085,2025040102,2,"3625, 4878"
47085,2026012101,2,"3635, 4898"
47087,2020030901,2,"3473, 4514"
47087,2026012101,2,"3635, 4898"
47089,2020030901,2,"3473, 4514"
47089,2026012101,2,"3635, 4898"
47091,2020030901,2,"3473, 4514"
47091,2024092301,2,"3620, 4832"
47091,2026012101,2,"3635, 4898"
47093,2020030901,2,"3473, 4514"
47093,2026012101,2,"3635, 4898"
47095,2020030901,2,"3473, 4514"
47095,2021121201,2,"3576, 4637"
47095,2026012101,2,"3635, 4898"
47097,2020030901,4,"3473, 3474, 4514, 4528"
47097,2025040102,2,"3625, 4878"
47097,2026012101,4,"3635, 3640, 4898, 4899"
47099,2020030901,2,"3473, 4514"
47099,2026012101,2,"3635, 4898"
47101,2020030901,2,"3473, 4514"
47101,2025040102,2,"3625, 4878"
47101,2026012101,2,"3635, 4898"
47103,2020030901,2,"3473, 4514"
47103,2026012101,2,"3635, 4898"
47105,2020030901,2,"3473, 4514"
47105,2026012101,2,"3635, 4898"
47107,2020030901,2,"3473, 4514"
47107,2026012101,2,"3635, 4898"
47109,2020030901,2,"3473, 4514"
47109,2025040102,2,"3625, 4878"
47109,2026012101,2,"3635, 4898"
47111,2020030901,2,"3473, 4514"
47111,2026012101,2,"3635, 4898"
47113,2020030901,2,"3473, 4514"
47113,2025040102,2,"3625, 4878"
47113,2026012101,2,"3635, 4898"
47115,2020030901,2,"3473, 4514"
47115,2026012101,2,"3635, 4898"
47117,2020030901,2,"3473, 4514"
47117,2026012101,2,"3635, 4898"
47119,2020030901,2,"3473, 4514"
47119,2026012101,2,"3635, 4898"
47121,2020030901,2,"3473, 4514"
47121,2026012101,2,"3635, 4898"
47123,2020030901,2,"3473, 4514"
47123,2026012101,2,"3635, 4898"
47125,2020030901,2,"3473, 4514"
47125,2025040102,2,"3625, 4878"
47125,2026012101,2,"3635, 4898"
47127,2020030901,2,"3473, 4514"
47127,2026012101,2,"3635, 4898"
47129,2020030901,2,"3473, 4514"
47129,2026012101,2,"3635, 4898"
47131,2020030901,2,"3473, 4514"
47131,2021121201,2,"3576, 4637"
47131,2025040102,2,"3625, 4878"
47131,2026012101,2,"3635, 4898"
47133,2020030901,2,"3473, 4514"
47133,2026012101,2,"3635, 4898"
47135,2020030901,2,"3473, 4514"
47135,2025040102,2,"3625, 4878"
47135,2026012101,2,"3635, 4898"
47137,2020030901,2,"3473, 4514"
47137,2026012101,2,"3635, 4898"
47139,2020030901,2,"3473, 4514"
47139,2026012101,2,"3635, 4898"
47141,2020030901,2,"3473, 4514"
47141,2026012101,2,"3635, 4898"
47143,2020030901,2,"3473, 4514"
47143,2026012101,2,"3635, 4898"
47145,2020030901,2,"3473, 4514"
47145,2026012101,2,"3635, 4898"
47147,2020030901,2,"3473, 4514"
47147,2026012101,2,"3635, 4898"
47149,2020030901,2,"3473, 4514"
47149,2026012101,2,"3635, 4898"
47151,2020030901,2,"3473, 4514"
47151,2026012101,2,"3635, 4898"
47153,2020030901,2,"3473, 4514"
47153,2026012101,2,"3635, 4898"
47155,2020030901,2,"3473, 4514"
47155,2026012101,2,"3635, 4898"
47157,2020030901,2,"3473, 4514"
47157,2025040102,2,"3625, 4878"
47157,2026012101,2,"3635, 4898"
47159,2020030901,2,"3473, 4514"
47159,2026012101,2,"3635, 4898"
47161,2020030901,2,"3473, 4514"
47161,2021121201,2,"3576, 4637"
47161,2025040102,2,"3625, 4878"
47161,2026012101,2,"3635, 4898"
47163,2020030901,2,"3473, 4514"
47163,2026012101,2,"3635, 4898"
47165,2020030901,2,"3473, 4514"
47165,2026012101,2,"3635, 4898"
47167,2020030901,2,"3473, 4514"
47167,2025040102,2,"3625, 4878"
47167,2026012101,2,"3635, 4898"
47169,2020030901,2,"3473, 4514"
47169,2026012101,2,"3635, 4898"
47171,2020030901,2,"3473, 4514"
47171,2024092301,2,"3620, 4832"
47171,2026012101,2,"3635, 4898"
47173,2020030901,2,"3473, 4514"
47173,2026012101,2,"3635, 4898"
47175,2020030901,2,"3473, 4514"
47175,2026012101,2,"3635, 4898"
47177,2020030901,2,"3473, 4514"
47177,2026012101,2,"3635, 4898"
47179,2020030901,2,"3473, 4514"
47179,2024092301,2,"3620, 4832"
47179,2026012101,2,"3635, 4898"
47181,2020030901,2,"3473, 4514"
47181,2025040102,2,"3625, 4878"
47181,2026012101,2,"3635, 4898"
47183,2020030901,2,"3473, 4514"
47183,2021121201,2,"3576, 4637"
47183,2026012101,2,"3635, 4898"
47185,2020030901,2,"3473, 4514"
47185,2026012101,2,"3635, 4898"
47187,2020030901,2,"3473, 4514"
47187,2026012101,2,"3635, 4898"
47189,2020030901,2,"3473, 4514"
47189,2025040102,2,"3625, 4878"
47189,2026012101,2,"3635, 4898"
48001,2020030901,2,"3458, 4485"
48001,2021021302,2,"3554, 4586"
48003,2020030901,2,"3458, 4485"
48003,2021021302,2,"3554, 4586"
48005,2020030901,2,"3458, 4485"
48005,2021021302,2,"3554, 4586"
48007,2020030901,2,"3458, 4485"
48007,2021021302,2,"3554, 4586"
48009,2020030901,2,"3458, 4485"
48009,2021021302,2,"3554, 4586"
48011,2020030901,2,"3458, 4485"
48011,2021021302,2,"3554, 4586"
48013,2020030901,2,"3458, 4485"
48013,2021021302,2,"3554, 4586"
48015,2020030901,2,"3458, 4485"
48015,2021021302,2,"3554, 4586"
48017,2020030901,2,"3458, 4485"
48017,2021021302,2,"3554, 4586"
48019,2020030901,2,"3458, 4485"
48019,2021021302,2,"3554, 4586"
48019,2026071703,2,"3649, 4935"
48021,2020030901,2,"3458, 4485"
48021,2021021302,2,"3554, 4586"
48023,2020030901,2,"3458, 4485"
48023,2021021302,2,"3554, 4586"
48025,2020030901,2,"3458, 4485"
48025,2021021302,2,"3554, 4586"
48027,2020030901,2,"3458, 4485"
48027,2021021302,2,"3554, 4586"
48029,2020030901,2,"3458, 4485"
48029,2021021302,2,"3554, 4586"
48031,2020030901,2,"3458, 4485"
48031,2021021302,2,"3554, 4586"
48033,2020030901,2,"3458, 4485"
48033,2021021302,2,"3554, 4586"
48035,2020030901,2,"3458, 4485"
48035,2021021302,2,"3554, 4586"
48037,2020030901,2,"3458, 4485"
48037,2021021302,2,"3554, 4586"
48039,2020030901,2,"3458, 4485"
48039,2021021302,2,"3554, 4586"
48041,2020030901,2,"3458, 4485"
48041,2021021302,2,"3554, 4586"
48043,2020030901,2,"3458, 4485"
48043,2021021302,2,"3554, 4586"
48045,2020030901,2,"3458, 4485"
48045,2021021302,2,"3554, 4586"
48047,2020030901,2,"3458, 4485"
48047,2021021302,2,"3554, 4586"
48049,2020030901,2,"3458, 4485"
48049,2021021302,2,"3554, 4586"
48051,2020030901,2,"3458, 4485"
48051,2021021302,2,"3554, 4586"
48053,2020030901,2,"3458, 4485"
48053,2021021302,2,"3554, 4586"
48055,2020030901,2,"3458, 4485"
48055,2021021302,2,"3554, 4586"
48057,2020030901,2,"3458, 4485"
48057,2021021302,2,"3554, 4586"
48059,2020030901,2,"3458, 4485"
48059,2021021302,2,"3554, 4586"
48061,2020030901,2,"3458, 4485"
48061,2021021302,2,"3554, 4586"
48063,2020030901,2,"3458, 4485"
48063,2021021302,2,"3554, 4586"
48065,2020030901,2,"3458, 4485"
48065,2021021302,2,"3554, 4586"
48067,2020030901,2,"3458, 4485"
48067,2021021302,2,"3554, 4586"
48069,2020030901,2,"3458, 4485"
48069,2021021302,2,"3554, 4586"
48071,2020030901,2,"3458, 4485"
48071,2021021302,2,"3554, 4586"
48073,2020030901,2,"3458, 4485"
48073,2021021302,2,"3554, 4586"
48075,2020030901,2,"3458, 4485"
48075,2021021302,2,"3554, 4586"
48077,2020030901,2,"3458, 4485"
48077,2021021302,2,"3554, 4586"
48079,2020030901,2,"3458, 4485"
48079,2021021302,2,"3554, 4586"
48081,2020030901,2,"3458, 4485"
48081,2021021302,2,"3554, 4586"
48083,2020030901,2,"3458, 4485"
48083,2021021302,2,"3554, 4586"
48085,2020030901,2,"3458, 4485"
48085,2021021302,2,"3554, 4586"
48087,2020030901,2,"3458, 4485"
48087,2021021302,2,"3554, 4586"
48089,2020030901,2,"3458, 4485"
48089,2021021302,2,"3554, 4586"
48091,2020030901,2,"3458, 4485"
48091,2021021302,2,"3554, 4586"
48093,2020030901,2,"3458, 4485"
48093,2021021302,2,"3554, 4586"
48095,2020030901,2,"3458, 4485"
48095,2021021302,2,"3554, 4586"
48097,2020030901,2,"3458, 4485"
48097,2021021302,2,"3554, 4586"
48099,2020030901,2,"3458, 4485"
48099,2021021302,2,"3554, 4586"
48101,2020030901,2,"3458, 4485"
48101,2021021302,2,"3554, 4586"
48103,2020030901,2,"3458, 4485"
48103,2021021302,2,"3554, 4586"
48105,2020030901,2,"3458, 4485"
48105,2021021302,2,"3554, 4586"
48105,2026071703,2,"3649, 4935"
48107,2020030901,2,"3458, 4485"
48107,2021021302,2,"3554, 4586"
48109,2020030901,2,"3458, 4485"
48109,2021021302,2,"3554, 4586"
48111,2020030901,2,"3458, 4485"
48111,2021021302,2,"3554, 4586"
48113,2020030901,2,"3458, 4485"
48113,2021021302,2,"3554, 4586"
48115,2020030901,2,"3458, 4485"
48115,2021021302,2,"3554, 4586"
48117,2020030901,2,"3458, 4485"
48117,2021021302,2,"3554, 4586"
48119,2020030901,2,"3458, 4485"
48119,2021021302,2,"3554, 4586"
48121,2020030901,2,"3458, 4485"
48121,2021021302,2,"3554, 4586"
48123,2020030901,2,"3458, 4485"
48123,2021021302,2,"3554, 4586"
48125,2020030901,2,"3458, 4485"
48125,2021021302,2,"3554, 4586"
48127,2020030901,2,"3458, 4485"
48127,2021021302,2,"3554, 4586"
48127,2026071703,2,"3649, 4935"
48129,2020030901,2,"3458, 4485"
48129,2021021302,2,"3554, 4586"
48131,2020030901,2,"3458, 4485"
48131,2021021302,2,"3554, 4586"
48133,2020030901,2,"3458, 4485"
48133,2021021302,2,"3554, 4586"
48135,2020030901,2,"3458, 4485"
48135,2021021302,2,"3554, 4586"
48137,2020030901,2,"3458, 4485"
48137,2021021302,2,"3554, 4586"
48137,2026071703,2,"3649, 4935"
48139,2020030901,2,"3458, 4485"
48139,2021021302,2,"3554, 4586"
48141,2020030901,2,"3458, 4485"
48141,2021021302,2,"3554, 4586"
48143,2020030901,2,"3458, 4485"
48143,2021021302,2,"3554, 4586"
48145,2020030901,2,"3458, 4485"
48145,2021021302,2,"3554, 4586"
48147,2020030901,2,"3458, 4485"
48147,2021021302,2,"3554, 4586"
48149,2020030901,2,"3458, 4485"
48149,2021021302,2,"3554, 4586"
48151,2020030901,2,"3458, 4485"
48151,2021021302,2,"3554, 4586"
48153,2020030901,2,"3458, 4485"
48153,2021021302,2,"3554, 4586"
48155,2020030901,2,"3458, 4485"
48155,2021021302,2,"3554, 4586"
48157,2020030901,2,"3458, 4485"
48157,2021021302,2,"3554, 4586"
48159,2020030901,2,"3458, 4485"
48159,2021021302,2,"3554, 4586"
48161,2020030901,2,"3458, 4485"
48161,2021021302,2,"3554, 4586"
48163,2020030901,2,"3458, 4485"
48163,2021021302,2,"3554, 4586"
48163,2026071703,2,"3649, 4935"
48165,2020030901,2,"3458, 4485"
48165,2021021302,2,"3554, 4586"
48167,2020030901,2,"3458, 4485"
48167,2020081804,2,"3540, 4572"
48167,2021021302,2,"3554, 4586"
48169,2020030901,2,"3458, 4485"
48169,2021021302,2,"3554, 4586"
48171,2020030901,2,"3458, 4485"
48171,2021021302,2,"3554, 4586"
48171,2026071703,2,"3649, 4935"
48173,2020030901,2,"3458, 4485"
48173,2021021302,2,"3554, 4586"
48175,2020030901,2,"3458, 4485"
48175,2021021302,2,"3554, 4586"
48177,2020030901,2,"3458, 4485"
48177,2021021302,2,"3554, 4586"
48179,2020030901,2,"3458, 4485"
48179,2021021302,2,"3554, 4586"
48181,2020030901,2,"3458, 4485"
48181,2021021302,2,"3554, 4586"
48183,2020030901,2,"3458, 4485"
48183,2021021302,2,"3554, 4586"
48185,2020030901,2,"3458, 4485"
48185,2021021302,2,"3554, 4586"
48187,2020030901,2,"3458, 4485"
48187,2021021302,2,"3554, 4586"
48189,2020030901,2,"3458, 4485"
48189,2021021302,2,"3554, 4586"
48191,2020030901,2,"3458, 4485"
48191,2021021302,2,"3554, 4586"
48193,2020030901,2,"3458, 4485"
48193,2021021302,2,"3554, 4586"
48195,2020030901,2,"3458, 4485"
48195,2021021302,2,"3554, 4586"
48197,2020030901,2,"3458, 4485"
48197,2021021302,2,"3554, 4586"
48199,2020030901,2,"3458, 4485"
48199,2021021302,2,"3554, 4586"
48201,2020030901,2,"3458, 4485"
48201,2021021302,2,"3554, 4586"
48203,2020030901,2,"3458, 4485"
48203,2021021302,2,"3554, 4586"
48205,2020030901,2,"3458, 4485"
48205,2021021302,2,"3554, 4586"
48207,2020030901,2,"3458, 4485"
48207,2021021302,2,"3554, 4586"
48209,2020030901,2,"3458, 4485"
48209,2021021302,2,"3554, 4586"
48211,2020030901,2,"3458, 4485"
48211,2021021302,2,"3554, 4586"
48213,2020030901,2,"3458, 4485"
48213,2021021302,2,"3554, 4586"
48215,2020030901,2,"3458, 4485"
48215,2021021302,2,"3554, 4586"
48217,2020030901,2,"3458, 4485"
48217,2021021302,2,"3554, 4586"
48219,2020030901,2,"3458, 4485"
48219,2021021302,2,"3554, 4586"
48221,2020030901,2,"3458, 4485"
48221,2021021302,2,"3554, 4586"
48223,2020030901,2,"3458, 4485"
48223,2021021302,2,"3554, 4586"
48225,2020030901,2,"3458, 4485"
48225,2021021302,2,"3554, 4586"
48227,2020030901,2,"3458, 4485"
48227,2021021302,2,"3554, 4586"
48229,2020030901,2,"3458, 4485"
48229,2021021302,2,"3554, 4586"
48231,2020030901,2,"3458, 4485"
48231,2021021302,2,"3554, 4586"
48233,2020030901,2,"3458, 4485"
48233,2021021302,2,"3554, 4586"
48235,2020030901,2,"3458, 4485"
48235,2021021302,2,"3554, 4586"
48237,2020030901,2,"3458, 4485"
48237,2021021302,2,"3554, 4586"
48239,2020030901,2,"3458, 4485"
48239,2021021302,2,"3554, 4586"
48241,2020030901,2,"3458, 4485"
48241,2020081804,2,"3540, 4572"
48241,2021021302,2,"3554, 4586"
48243,2020030901,2,"3458, 4485"
48243,2021021302,2,"3554, 4586"
48245,2020030901,2,"3458, 4485"
48245,2020081804,2,"3540, 4572"
48245,2021021302,2,"3554, 4586"
48247,2020030901,2,"3458, 4485"
48247,2021021302,2,"3554, 4586"
48249,2020030901,2,"3458, 4485"
48249,2021021302,2,"3554, 4586"
48251,2020030901,2,"3458, 4485"
48251,2021021302,2,"3554, 4586"
48253,2020030901,2,"3458, 4485"
48253,2021021302,2,"3554, 4586"
48255,2020030901,2,"3458, 4485"
48255,2021021302,2,"3554, 4586"
48257,2020030901,2,"3458, 4485"
48257,2021021302,2,"3554, 4586"
48259,2020030901,2,"3458, 4485"
48259,2021021302,2,"3554, 4586"
48259,2026071703,2,"3649, 4935"
48261,2020030901,2,"3458, 4485"
48261,2021021302,2,"3554, 4586"
48263,2020030901,2,"3458, 4485"
48263,2021021302,2,"3554, 4586"
48265,2020030901,2,"3458, 4485"
48265,2021021302,2,"3554, 4586"
48265,2026071703,2,"3649, 4935"
48267,2020030901,2,"3458, 4485"
48267,2021021302,2,"3554, 4586"
48267,2026071703,2,"3649, 4935"
48269,2020030901,2,"3458, 4485"
48269,2021021302,2,"3554, 4586"
48271,2020030901,2,"3458, 4485"
48271,2021021302,2,"3554, 4586"
48271,2026071703,2,"3649, 4935"
48273,2020030901,2,"3458, 4485"
48273,2021021302,2,"3554, 4586"
48275,2020030901,2,"3458, 4485"
48275,2021021302,2,"3554, 4586"
48277,2020030901,2,"3458, 4485"
48277,2021021302,2,"3554, 4586"
48279,2020030901,2,"3458, 4485"
48279,2021021302,2,"3554, 4586"
48281,2020030901,2,"3458, 4485"
48281,2021021302,2,"3554, 4586"
48283,2020030901,2,"3458, 4485"
48283,2021021302,2,"3554, 4586"
48283,2026071703,2,"3649, 4935"
48285,2020030901,2,"3458, 4485"
48285,2021021302,2,"3554, 4586"
48287,2020030901,2,"3458, 4485"
48287,2021021302,2,"3554, 4586"
48289,2020030901,2,"3458, 4485"
48289,2021021302,2,"3554, 4586"
48291,2020030901,2,"3458, 4485"
48291,2021021302,2,"3554, 4586"
48293,2020030901,2,"3458, 4485"
48293,2021021302,2,"3554, 4586"
48295,2020030901,2,"3458, 4485"
48295,2021021302,2,"3554, 4586"
48297,2020030901,2,"3458, 4485"
48297,2021021302,2,"3554, 4586"
48299,2020030901,2,"3458, 4485"
48299,2021021302,2,"3554, 4586"
48301,2020030901,2,"3458, 4485"
48301,2021021302,2,"3554, 4586"
48303,2020030901,2,"3458, 4485"
48303,2021021302,2,"3554, 4586"
48305,2020030901,2,"3458, 4485"
48305,2021021302,2,"3554, 4586"
48307,2020030901,2,"3458, 4485"
48307,2021021302,2,"3554, 4586"
48309,2020030901,2,"3458, 4485"
48309,2021021302,2,"3554, 4586"
48311,2020030901,2,"3458, 4485"
48311,2021021302,2,"3554, 4586"
48313,2020030901,2,"3458, 4485"
48313,2021021302,2,"3554, 4586"
48315,2020030901,2,"3458, 4485"
48315,2021021302,2,"3554, 4586"
48317,2020030901,2,"3458, 4485"
48317,2021021302,2,"3554, 4586"
48319,2020030901,2,"3458, 4485"
48319,2021021302,2,"3554, 4586"
48319,2026071703,2,"3649, 4935"
48321,2020030901,2,"3458, 4485"
48321,2021021302,2,"3554, 4586"
48323,2020030901,2,"3458, 4485"
48323,2021021302,2,"3554, 4586"
48323,2026071703,2,"3649, 4935"
48325,2020030901,2,"3458, 4485"
48325,2021021302,2,"3554, 4586"
48327,2020030901,2,"3458, 4485"
48327,2021021302,2,"3554, 4586"
48327,2026071703,2,"3649, 4935"
48329,2020030901,2,"3458, 4485"
48329,2021021302,2,"3554, 4586"
48331,2020030901,2,"3458, 4485"
48331,2021021302,2,"3554, 4586"
48333,2020030901,2,"3458, 4485"
48333,2021021302,2,"3554, 4586"
48335,2020030901,2,"3458, 4485"
48335,2021021302,2,"3554, 4586"
48337,2020030901,2,"3458, 4485"
48337,2021021302,2,"3554, 4586"
48339,2020030901,2,"3458, 4485"
48339,2021021302,2,"3554, 4586"
48341,2020030901,2,"3458, 4485"
48341,2021021302,2,"3554, 4586"
48343,2020030901,2,"3458, 4485"
48343,2021021302,2,"3554, 4586"
48345,2020030901,2,"3458, 4485"
48345,2021021302,2,"3554, 4586"
48347,2020030901,2,"3458, 4485"
48347,2021021302,2,"3554, 4586"
48349,2020030901,2,"3458, 4485"
48349,2021021302,2,"3554, 4586"
48351,2020030901,2,"3458, 4485"
48351,2020081804,2,"3540, 4572"
48351,2021021302,2,"3554, 4586"
48353,2020030901,2,"3458, 4485"
48353,2021021302,2,"3554, 4586"
48355,2020030901,2,"3458, 4485"
48355,2021021302,2,"3554, 4586"
48357,2020030901,2,"3458, 4485"
48357,2021021302,2,"3554, 4586"
48359,2020030901,2,"3458, 4485"
48359,2021021302,2,"3554, 4586"
48361,2020030901,2,"3458, 4485"
48361,2020081804,2,"3540, 4572"
48361,2021021302,2,"3554, 4586"
48363,2020030901,2,"3458, 4485"
48363,2021021302,2,"3554, 4586"
48365,2020030901,2,"3458, 4485"
48365,2021021302,2,"3554, 4586"
48367,2020030901,2,"3458, 4485"
48367,2021021302,2,"3554, 4586"
48369,2020030901,2,"3458, 4485"
48369,2021021302,2,"3554, 4586"
48371,2020030901,2,"3458, 4485"
48371,2021021302,2,"3554, 4586"
48373,2020030901,2,"3458, 4485"
48373,2021021302,2,"3554, 4586"
48375,2020030901,2,"3458, 4485"
48375,2021021302,2,"3554, 4586"
48377,2020030901,2,"3458, 4485"
48377,2021021302,2,"3554, 4586"
48379,2020030901,2,"3458, 4485"
48379,2021021302,2,"3554, 4586"
48381,2020030901,2,"3458, 4485"
48381,2021021302,2,"3554, 4586"
48383,2020030901,2,"3458, 4485"
48383,2021021302,2,"3554, 4586"
48385,2020030901,2,"3458, 4485"
48385,2021021302,2,"3554, 4586"
48385,2026071703,2,"3649, 4935"
48387,2020030901,2,"3458, 4485"
48387,2021021302,2,"3554, 4586"
48389,2020030901,2,"3458, 4485"
48389,2021021302,2,"3554, 4586"
48391,2020030901,2,"3458, 4485"
48391,2021021302,2,"3554, 4586"
48393,2020030901,2,"3458, 4485"
48393,2021021302,2,"3554, 4586"
48395,2020030901,2,"3458, 4485"
48395,2021021302,2,"3554, 4586"
48397,2020030901,2,"3458, 4485"
48397,2021021302,2,"3554, 4586"
48399,2020030901,2,"3458, 4485"
48399,2021021302,2,"3554, 4586"
48401,2020030901,2,"3458, 4485"
48401,2021021302,2,"3554, 4586"
48403,2020030901,2,"3458, 4485"
48403,2021021302,2,"3554, 4586"
48405,2020030901,2,"3458, 4485"
48405,2021021302,2,"3554, 4586"
48407,2020030901,2,"3458, 4485"
48407,2021021302,2,"3554, 4586"
48409,2020030901,2,"3458, 4485"
48409,2021021302,2,"3554, 4586"
48411,2020030901,2,"3458, 4485"
48411,2021021302,2,"3554, 4586"
48413,2020030901,2,"3458, 4485"
48413,2021021302,2,"3554, 4586"
48415,2020030901,2,"3458, 4485"
48415,2021021302,2,"3554, 4586"
48417,2020030901,2,"3458, 4485"
48417,2021021302,2,"3554, 4586"
48419,2020030901,2,"3458, 4485"
48419,2021021302,2,"3554, 4586"
48421,2020030901,2,"3458, 4485"
48421,2021021302,2,"3554, 4586"
48423,2020030901,2,"3458, 4485"
48423,2021021302,2,"3554, 4586"
48425,2020030901,2,"3458, 4485"
48425,2021021302,2,"3554, 4586"
48427,2020030901,2,"3458, 4485"
48427,2021021302,2,"3554, 4586"
48429,2020030901,2,"3458, 4485"
48429,2021021302,2,"3554, 4586"
48431,2020030901,2,"3458, 4485"
48431,2021021302,2,"3554, 4586"
48433,2020030901,2,"3458, 4485"
48433,2021021302,2,"3554, 4586"
48435,2020030901,2,"3458, 4485"
48435,2021021302,2,"3554, 4586"
48435,2026071703,2,"3649, 4935"
48437,2020030901,2,"3458, 4485"
48437,2021021302,2,"3554, 4586"
48439,2020030901,2,"3458, 4485"
48439,2021021302,2,"3554, 4586"
48441,2020030901,2,"3458, 4485"
48441,2021021302,2,"3554, 4586"
48443,2020030901,2,"3458, 4485"
48443,2021021302,2,"3554, 4586"
48445,2020030901,2,"3458, 4485"
48445,2021021302,2,"3554, 4586"
48447,2020030901,2,"3458, 4485"
48447,2021021302,2,"3554, 4586"
48449,2020030901,2,"3458, 4485"
48449,2021021302,2,"3554, 4586"
48451,2020030901,2,"3458, 4485"
48451,2021021302,2,"3554, 4586"
48453,2020030901,2,"3458, 4485"
48453,2021021302,2,"3554, 4586"
48455,2020030901,2,"3458, 4485"
48455,2021021302,2,"3554, 4586"
48457,2020030901,2,"3458, 4485"
48457,2021021302,2,"3554, 4586"
48459,2020030901,2,"3458, 4485"
48459,2021021302,2,"3554, 4586"
48461,2020030901,2,"3458, 4485"
48461,2021021302,2,"3554, 4586"
48463,2020030901,2,"3458, 4485"
48463,2021021302,2,"3554, 4586"
48463,2026071703,2,"3649, 4935"
48465,2020030901,2,"3458, 4485"
48465,2021021302,2,"3554, 4586"
48465,2026071703,2,"3649, 4935"
48467,2020030901,2,"3458, 4485"
48467,2021021302,2,"3554, 4586"
48469,2020030901,2,"3458, 4485"
48469,2021021302,2,"3554, 4586"
48471,2020030901,2,"3458, 4485"
48471,2021021302,2,"3554, 4586"
48473,2020030901,2,"3458, 4485"
48473,2021021302,2,"3554, 4586"
48475,2020030901,2,"3458, 4485"
48475,2021021302,2,"3554, 4586"
48477,2020030901,2,"3458, 4485"
48477,2021021302,2,"3554, 4586"
48479,2020030901,2,"3458, 4485"
48479,2021021302,2,"3554, 4586"
48481,2020030901,2,"3458, 4485"
48481,2021021302,2,"3554, 4586"
48483,2020030901,2,"3458, 4485"
48483,2021021302,2,"3554, 4586"
48485,2020030901,2,"3458, 4485"
48485,2021021302,2,"3554, 4586"
48487,2020030901,2,"3458, 4485"
48487,2021021302,2,"3554, 4586"
48489,2020030901,2,"3458, 4485"
48489,2021021302,2,"3554, 4586"
48491,2020030901,2,"3458, 4485"
48491,2021021302,2,"3554, 4586"
48493,2020030901,2,"3458, 4485"
48493,2021021302,2,"3554, 4586"
48495,2020030901,2,"3458, 4485"
48495,2021021302,2,"3554, 4586"
48497,2020030901,2,"3458, 4485"
48497,2021021302,2,"3554, 4586"
48499,2020030901,2,"3458, 4485"
48499,2021021302,2,"3554, 4586"
48501,2020030901,2,"3458, 4485"
48501,2021021302,2,"3554, 4586"
48503,2020030901,2,"3458, 4485"
48503,2021021302,2,"3554, 4586"
48505,2020030901,2,"3458, 4485"
48505,2021021302,2,"3554, 4586"
48507,2020030901,2,"3458, 4485"
48507,2021021302,2,"3554, 4586"
48507,2026071703,2,"3649, 4935"
49001,2020030901,2,"3478, 4525"
49003,2020030901,2,"3478, 4525"
49005,2020030901,2,"3478, 4525"
49007,2020030901,2,"3478, 4525"
49009,2020030901,2,"3478, 4525"
49011,2020030901,2,"3478, 4525"
49013,2020030901,2,"3478, 4525"
49015,2020030901,2,"3478, 4525"
49017,2020030901,2,"3478, 4525"
49019,2020030901,2,"3478, 4525"
49021,2020030901,2,"3478, 4525"
49023,2020030901,4,"3443, 3478, 4523, 4525"
49025,2020030901,2,"3478, 4525"
49027,2020030901,2,"3478, 4525"
49029,2020030901,2,"3478, 4525"
49031,2020030901,2,"3478, 4525"
49033,2020030901,2,"3478, 4525"
49035,2020030901,2,"3478, 4525"
49037,2010012101,2,"1888, 3307"
49037,2020030901,9,"3436, 3442, 3460, 3478, 4498, 4524, 4525, 4529, 4582"
49039,2020030901,2,"3478, 4525"
49041,2020030901,2,"3478, 4525"
49043,2020030901,2,"3478, 4525"
49045,2020030901,4,"3443, 3478, 4523, 4525"
49047,2020030901,2,"3478, 4525"
49049,2020030901,2,"3478, 4525"
49051,2020030901,2,"3478, 4525"
49053,2020030901,2,"3478, 4525"
49055,2020030901,2,"3478, 4525"
49057,2020030901,2,"3478, 4525"
50001,2020030901,2,"3437, 4532"
50001,2023071001,2,"3595, 4720"
50003,2020030901,2,"3437, 4532"
50003,2023071001,2,"3595, 4720"
50005,2020030901,2,"3437, 4532"
50005,2023071001,2,"3595, 4720"
50007,2020030901,2,"3437, 4532"
50007,2023071001,2,"3595, 4720"
50009,2020030901,2,"3437, 4532"
50009,2023071001,2,"3595, 4720"
50011,2020030901,2,"3437, 4532"
50011,2023071001,2,"3595, 4720"
50013,2020030901,2,"3437, 4532"
50013,2023071001,2,"3595, 4720"
50015,2020030901,2,"3437, 4532"
50015,2023071001,2,"3595, 4720"
50017,2020030901,2,"3437, 4532"
50017,2023071001,2,"3595, 4720"
50019,2020030901,2,"3437, 4532"
50019,2023071001,2,"3595, 4720"
50021,2020030901,2,"3437, 4532"
50021,2023071001,2,"3595, 4720"
50023,2020030901,2,"3437, 4532"
50023,2023071001,2,"3595, 4720"
50025,2020030901,2,"3437, 4532"
50025,2023071001,2,"3595, 4720"
50027,2020030901,2,"3437, 4532"
50027,2023071001,2,"3595, 4720"
51001,2011082201,2,"3329, 4024"
51001,2012102505,2,"3359, 4092"
51001,2020030901,2,"3448, 4512"
51003,2020030901,2,"3448, 4512"
51005,2020030901,2,"3448, 4512"
51007,2020030901,2,"3448, 4512"
51009,2020030901,2,"3448, 4512"
51011,2020030901,2,"3448, 4512"
51013,2012102505,2,"3359, 4092"
51013,2020030901,2,"3448, 4512"
51015,2020030901,2,"3448, 4512"
51017,2020030901,2,"3448, 4512"
51019,2020030901,2,"3448, 4512"
51019,2024092301,2,"3621, 4831"
51021,2020030901,2,"3448, 4512"
51021,2024092301,2,"3621, 4831"
51023,2018090602,2,"3403, 4401"
51023,2020030901,2,"3448, 4512"
51025,2020030901,2,"3448, 4512"
51027,2020030901,2,"3448, 4512"
51027,2024092301,2,"3621, 4831"
51029,2020030901,2,"3448, 4512"
51031,2020030901,2,"3448, 4512"
51033,2020030901,2,"3448, 4512"
51035,2020030901,2,"3448, 4512"
51035,2024092301,2,"3621, 4831"
51036,2018090602,2,"3403, 4401"
51036,2020030901,2,"3448, 4512"
51037,2020030901,2,"3448, 4512"
51041,2018090602,2,"3403, 4401"
51041,2020030901,2,"3448, 4512"
51043,2012102505,2,"3359, 4092"
51043,2020030901,2,"3448, 4512"
51045,2012102505,2,"3359, 4092"
51045,2018090602,2,"3403, 4401"
51045,2020030901,2,"3448, 4512"
51045,2024092301,2,"3621, 4831"
51047,2012102505,2,"3359, 4092"
51047,2020030901,2,"3448, 4512"
51049,2020030901,2,"3448, 4512"
51051,2020030901,2,"3448, 4512"
51051,2024092301,2,"3621, 4831"
51053,2020030901,2,"3448, 4512"
51057,2011082201,2,"3329, 4024"
51057,2012102505,2,"3359, 4092"
51057,2020030901,2,"3448, 4512"
51059,2020030901,2,"3448, 4512"
51061,2012102505,2,"3359, 4092"
51061,2020030901,2,"3448, 4512"
51063,2018090602,2,"3403, 4401"
51063,2020030901,2,"3448, 4512"
51065,2020030901,2,"3448, 4512"
51067,2018090602,2,"3403, 4401"
51067,2020030901,2,"3448, 4512"
51069,2012102505,2,"3359, 4092"
51069,2020030901,2,"3448, 4512"
51071,2020030901,2,"3448, 4512"
51071,2024092301,2,"3621, 4831"
51073,2020030901,2,"3448, 4512"
51075,2020030901,2,"3448, 4512"
51077,2018090602,2,"3403, 4401"
51077,2020030901,2,"3448, 4512"
51077,2024092301,2,"3621, 4831"
51079,2012102505,2,"3359, 4092"
51079,2020030901,2,"3448, 4512"
51081,2020030901,2,"3448, 4512"
51083,2018090602,2,"3403, 4401"
51083,2020030901,2,"3448, 4512"
51085,2020030901,2,"3448, 4512"
51087,2011082201,2,"3329, 4024"
51087,2020030901,2,"3448, 4512"
51089,2018090602,2,"3403, 4401"
51089,2020030901,2,"3448, 4512"
51091,2012102505,2,"3359, 4092"
51091,2020030901,2,"3448, 4512"
51093,2011082201,2,"3329, 4024"
51093,2018090602,2,"3403, 4401"
51093,2020030901,2,"3448, 4512"
51095,2011082201,2,"3329, 4024"
51095,2020030901,2,"3448, 4512"
51097,2011082201,2,"3329, 4024"
51097,2012102505,2,"3359, 4092"
51097,2018090602,2,"3403, 4401"
51097,2020030901,2,"3448, 4512"
51099,2011082201,2,"3329, 4024"
51099,2020030901,2,"3448, 4512"
51101,2018090602,2,"3403, 4401"
51101,2020030901,2,"3448, 4512"
51103,2011082201,2,"3329, 4024"
51103,2012102505,2,"3359, 4092"
51103,2018090602,2,"3403, 4401"
51103,2020030901,2,"3448, 4512"
51105,2020030901,2,"3448, 4512"
51107,2012102505,2,"3359, 4092"
51107,2020030901,2,"3448, 4512"
51109,2020030901,2,"3448, 4512"
51111,2018090602,2,"3403, 4401"
51111,2020030901,2,"3448, 4512"
51113,2012102505,2,"3359, 4092"
51113,2020030901,2,"3448, 4512"
51115,2011082201,2,"3329, 4024"
51115,2012102505,2,"3359, 4092"
51115,2018090602,2,"3403, 4401"
51115,2020030901,2,"3448, 4512"
51117,2018090602,2,"3403, 4401"
51117,2020030901,2,"3448, 4512"
51119,2011082201,2,"3329, 4024"
51119,2012102505,2,"3359, 4092"
51119,2020030901,2,"3448, 4512"
51121,2020030901,2,"3448, 4512"
51121,2024092301,2,"3621, 4831"
51125,2012102505,2,"3359, 4092"
51125,2018090602,2,"3403, 4401"
51125,2020030901,2,"3448, 4512"
51127,2011082201,2,"3329, 4024"
51127,2012102505,2,"3359, 4092"
51127,2020030901,2,"3448, 4512"
51131,2011082201,2,"3329, 4024"
51131,2012102505,2,"3359, 4092"
51131,2020030901,2,"3448, 4512"
51133,2011082201,2,"3329, 4024"
51133,2012102505,2,"3359, 4092"
51133,2018090602,2,"3403, 4401"
51133,2020030901,2,"3448, 4512"
51135,2018090602,2,"3403, 4401"
51135,2020030901,2,"3448, 4512"
51137,2020030901,2,"3448, 4512"
51139,2020030901,2,"3448, 4512"
51141,2018090602,2,"3403, 4401"
51141,2020030901,2,"3448, 4512"
51143,2018090602,2,"3403, 4401"
51143,2020030901,2,"3448, 4512"
51143,2024092301,2,"3621, 4831"
51145,2020030901,2,"3448, 4512"
51147,2020030901,2,"3448, 4512"
51149,2020030901,2,"3448, 4512"
51153,2012102505,2,"3359, 4092"
51153,2020030901,2,"3448, 4512"
51155,2018090602,2,"3403, 4401"
51155,2020030901,2,"3448, 4512"
51155,2024092301,2,"3621, 4831"
51157,2012102505,2,"3359, 4092"
51157,2020030901,2,"3448, 4512"
51159,2011082201,2,"3329, 4024"
51159,2020030901,2,"3448, 4512"
51161,2020030901,2,"3448, 4512"
51163,2020030901,2,"3448, 4512"
51165,2020030901,2,"3448, 4512"
51167,2018090602,2,"3403, 4401"
51167,2020030901,2,"3448, 4512"
51167,2024092301,2,"3621, 4831"
51169,2020030901,2,"3448, 4512"
51169,2024092301,2,"3621, 4831"
51171,2012102505,2,"3359, 4092"
51171,2020030901,2,"3448, 4512"
51173,2020030901,2,"3448, 4512"
51173,2024092301,2,"3621, 4831"
51175,2020030901,2,"3448, 4512"
51177,2020030901,2,"3448, 4512"
51179,2020030901,2,"3448, 4512"
51181,2011082201,2,"3329, 4024"
51181,2012102505,2,"3359, 4092"
51181,2020030901,2,"3448, 4512"
51183,2011082201,2,"3329, 4024"
51183,2020030901,2,"3448, 4512"
51185,2020030901,2,"3448, 4512"
51185,2024092301,2,"3621, 4831"
51187,2012102505,2,"3359, 4092"
51187,2020030901,2,"3448, 4512"
51191,2020030901,2,"3448, 4512"
51191,2024092301,2,"3621, 4831"
51193,2011082201,2,"3329, 4024"
51193,2012102505,2,"3359, 4092"
51193,2020030901,2,"3448, 4512"
51195,2020030901,2,"3448, 4512"
51195,2024092301,2,"3621, 4831"
51197,2020030901,2,"3448, 4512"
51197,2024092301,2,"3621, 4831"
51199,2011082201,2,"3329, 4024"
51199,2020030901,2,"3448, 4512"
51510,2020030901,2,"3448, 4512"
51520,2018090602,2,"3403, 4401"
51520,2020030901,2,"3448, 4512"
51520,2024092301,2,"3621, 4831"
51530,2020030901,2,"3448, 4512"
51540,2020030901,2,"3448, 4512"
51550,2011082201,2,"3329, 4024"
51550,2020030901,2,"3448, 4512"
51570,2020030901,2,"3448, 4512"
51580,2020030901,2,"3448, 4512"
51580,2024092301,2,"3621, 4831"
51590,2018090602,2,"3403, 4401"
51590,2020030901,2,"3448, 4512"
51590,2024092301,2,"3621, 4831"
51595,2020030901,2,"3448, 4512"
51600,2012102505,2,"3359, 4092"
51600,2020030901,2,"3448, 4512"
51610,2012102505,2,"3359, 4092"
51610,2020030901,2,"3448, 4512"
51620,2018090602,2,"3403, 4401"
51620,2020030901,2,"3448, 4512"
51630,2020030901,2,"3448, 4512"
51640,2020030901,2,"3448, 4512"
51640,2024092301,2,"3621, 4831"
51650,2011082201,2,"3329, 4024"
51650,2018090602,2,"3403, 4401"
51650,2020030901,2,"3448, 4512"
51660,2020030901,2,"3448, 4512"
51670,2020030901,2,"3448, 4512"
51678,2020030901,2,"3448, 4512"
51680,2020030901,2,"3448, 4512"
51683,2012102505,2,"3359, 4092"
51683,2020030901,2,"3448, 4512"
51685,2020030901,2,"3448, 4512"
51690,2018090602,2,"3403, 4401"
51690,2020030901,2,"3448, 4512"
51700,2011082201,2,"3329, 4024"
51700,2018090602,2,"3403, 4401"
51700,2020030901,2,"3448, 4512"
51710,2011082201,2,"3329, 4024"
51710,2020030901,2,"3448, 4512"
51720,2020030901,2,"3448, 4512"
51720,2024092301,2,"3621, 4831"
51730,2020030901,2,"3448, 4512"
51735,2011082201,2,"3329, 4024"
51735,2020030901,2,"3448, 4512"
51740,2011082201,2,"3329, 4024"
51740,2020030901,2,"3448, 4512"
51750,2020030901,2,"3448, 4512"
51750,2024092301,2,"3621, 4831"
51760,2011082201,2,"3329, 4024"
51760,2018090602,2,"3403, 4401"
51760,2020030901,2,"3448, 4512"
51770,2018090602,2,"3403, 4401"
51770,2020030901,2,"3448, 4512"
51775,2020030901,2,"3448, 4512"
51790,2020030901,2,"3448, 4512"
51800,2011082201,2,"3329, 4024"
51800,2020030901,2,"3448, 4512"
51810,2011082201,2,"3329, 4024"
51810,2020030901,2,"3448, 4512"
51820,2020030901,2,"3448, 4512"
51830,2011082201,2,"3329, 4024"
51830,2018090602,2,"3403, 4401"
51830,2020030901,2,"3448, 4512"
51840,2020030901,2,"3448, 4512"
53001,2020030901,2,"3427, 4481"
53003,2020030901,2,"3427, 4481"
53005,2020030901,2,"3427, 4481"
53007,2020030901,2,"3427, 4481"
53007,2021071401,2,"4631, 5397"
53007,2024072501,2,"4849, 5518"
53007,2025121001,2,"3629, 4906"
53009,2020030901,2,"3427, 4481"
53009,2025121001,2,"3629, 4906"
53011,2020030901,2,"3427, 4481"
53013,2020030901,2,"3427, 4481"
53015,2020030901,2,"3427, 4481"
53017,2020030901,2,"3427, 4481"
53019,2020030901,2,"3427, 4481"
53019,2021071401,2,"4631, 5397"
53019,2024072501,2,"4849, 5518"
53021,2020030901,2,"3427, 4481"
53023,2020030901,2,"3427, 4481"
53025,2020030901,2,"3427, 4481"
53027,2020030901,2,"3427, 4481"
53027,2025121001,2,"3629, 4906"
53029,2020030901,2,"3427, 4481"
53031,2020030901,2,"3427, 4481"
53031,2025121001,2,"3629, 4906"
53033,2020030901,2,"3427, 4481"
53033,2025121001,2,"3629, 4906"
53035,2020030901,2,"3427, 4481"
53037,2020030901,2,"3427, 4481"
53037,2025121001,2,"3629, 4906"
53039,2020030901,2,"3427, 4481"
53041,2020030901,2,"3427, 4481"
53041,2025121001,2,"3629, 4906"
53043,2020030901,2,"3427, 4481"
53045,2020030901,2,"3427, 4481"
53045,2025121001,2,"3629, 4906"
53047,2014071703,2,"3371, 5062"
53047,2020030901,2,"3427, 4481"
53047,2021071401,2,"4631, 5397"
53047,2024072501,2,"4849, 5518"
53049,2020030901,2,"3427, 4481"
53051,2020030901,2,"3427, 4481"
53053,2020030901,2,"3427, 4481"
53053,2025121001,2,"3629, 4906"
53055,2020030901,2,"3427, 4481"
53055,2025121001,2,"3629, 4906"
53057,2020030901,2,"3427, 4481"
53057,2025121001,2,"3629, 4906"
53059,2020030901,2,"3427, 4481"
53061,2014032201,2,"3370, 4168"
53061,2020030901,3,"3427, 3507, 4481"
53061,2025121001,2,"3629, 4906"
53063,2020030901,2,"3427, 4481"
53065,2020030901,2,"3427, 4481"
53067,2020030901,2,"3427, 4481"
53067,2025121001,2,"3629, 4906"
53069,2020030901,2,"3427, 4481"
53069,2025121001,2,"3629, 4906"
53071,2020030901,2,"3427, 4481"
53073,2020030901,2,"3427, 4481"
53073,2025121001,2,"3629, 4906"
53075,2020030901,2,"3427, 4481"
53077,2020030901,2,"3427, 4481"
53077,2025121001,2,"3629, 4906"
54001,2012063004,2,"3345, 4071"
54001,2012102505,2,"3358, 4093"
54001,2020030901,2,"3450, 4517"
54003,2012063004,2,"3345, 4071"
54003,2020030901,2,"3450, 4517"
54005,2012063004,2,"3345, 4071"
54005,2012102505,2,"3358, 4093"
54005,2020030901,2,"3450, 4517"
54007,2012063004,2,"3345, 4071"
54007,2012102505,2,"3358, 4093"
54007,2020030901,2,"3450, 4517"
54009,2020030901,2,"3450, 4517"
54011,2012063004,2,"3345, 4071"
54011,2020030901,2,"3450, 4517"
54013,2012063004,2,"3345, 4071"
54013,2020030901,2,"3450, 4517"
54015,2012063004,2,"3345, 4071"
54015,2012102505,2,"3358, 4093"
54015,2020030901,2,"3450, 4517"
54017,2012063004,2,"3345, 4071"
54017,2020030901,2,"3450, 4517"
54019,2012063004,2,"3345, 4071"
54019,2012102505,2,"3358, 4093"
54019,2020030901,2,"3450, 4517"
54021,2012063004,2,"3345, 4071"
54021,2020030901,2,"3450, 4517"
54023,2012063004,2,"3345, 4071"
54023,2020030901,2,"3450, 4517"
54025,2012063004,2,"3345, 4071"
54025,2020030901,2,"3450, 4517"
54027,2020030901,2,"3450, 4517"
54029,2020030901,2,"3450, 4517"
54031,2012063004,2,"3345, 4071"
54031,2020030901,2,"3450, 4517"
54033,2012063004,2,"3345, 4071"
54033,2020030901,2,"3450, 4517"
54035,2012063004,2,"3345, 4071"
54035,2020030901,2,"3450, 4517"
54037,2012063004,2,"3345, 4071"
54037,2020030901,2,"3450, 4517"
54039,2012063004,2,"3345, 4071"
54039,2012102505,2,"3358, 4093"
54039,2020030901,2,"3450, 4517"
54041,2012063004,2,"3345, 4071"
54041,2012102505,2,"3358, 4093"
54041,2020030901,2,"3450, 4517"
54043,2012063004,2,"3345, 4071"
54043,2020030901,2,"3450, 4517"
54045,2012063004,2,"3345, 4071"
54045,2020030901,2,"3450, 4517"
54047,2012063004,2,"3345, 4071"
54047,2020030901,2,"3450, 4517"
54049,2020030901,2,"3450, 4517"
54051,2012063004,2,"3345, 4071"
54051,2020030901,2,"3450, 4517"
54053,2012063004,2,"3345, 4071"
54053,2020030901,2,"3450, 4517"
54055,2012063004,2,"3345, 4071"
54055,2020030901,2,"3450, 4517"
54057,2020030901,2,"3450, 4517"
54059,2012063004,2,"3345, 4071"
54059,2020030901,2,"3450, 4517"
54061,2020030901,2,"3450, 4517"
54063,2012063004,2,"3345, 4071"
54063,2020030901,2,"3450, 4517"
54065,2020030901,2,"3450, 4517"
54067,2012063004,2,"3345, 4071"
54067,2012102505,2,"3358, 4093"
54067,2020030901,2,"3450, 4517"
54069,2020030901,2,"3450, 4517"
54071,2012063004,2,"3345, 4071"
54071,2012102505,2,"3358, 4093"
54071,2020030901,2,"3450, 4517"
54073,2012063004,2,"3345, 4071"
54073,2020030901,2,"3450, 4517"
54075,2012063004,2,"3345, 4071"
54075,2012102505,2,"3358, 4093"
54075,2020030901,2,"3450, 4517"
54077,2012063004,2,"3345, 4071"
54077,2012102505,2,"3358, 4093"
54077,2020030901,2,"3450, 4517"
54079,2012063004,2,"3345, 4071"
54079,2020030901,2,"3450, 4517"
54081,2012063004,2,"3345, 4071"
54081,2012102505,2,"3358, 4093"
54081,2020030901,2,"3450, 4517"
54083,2012063004,2,"3345, 4071"
54083,2012102505,2,"3358, 4093"
54083,2020030901,2,"3450, 4517"
54085,2012063004,2,"3345, 4071"
54085,2020030901,2,"3450, 4517"
54087,2012063004,2,"3345, 4071"
54087,2020030901,2,"3450, 4517"
54089,2012063004,2,"3345, 4071"
54089,2020030901,2,"3450, 4517"
54091,2012063004,2,"3345, 4071"
54091,2012102505,2,"3358, 4093"
54091,2020030901,2,"3450, 4517"
54093,2012063004,2,"3345, 4071"
54093,2012102505,2,"3358, 4093"
54093,2020030901,2,"3450, 4517"
54095,2012063004,2,"3345, 4071"
54095,2020030901,2,"3450, 4517"
54097,2012063004,2,"3345, 4071"
54097,2012102505,2,"3358, 4093"
54097,2020030901,2,"3450, 4517"
54099,2012063004,2,"3345, 4071"
54099,2020030901,2,"3450, 4517"
54101,2012063004,2,"3345, 4071"
54101,2012102505,2,"3358, 4093"
54101,2020030901,2,"3450, 4517"
54103,2012063004,2,"3345, 4071"
54103,2020030901,2,"3450, 4517"
54105,2012063004,2,"3345, 4071"
54105,2020030901,2,"3450, 4517"
54107,2012063004,2,"3345, 4071"
54107,2020030901,2,"3450, 4517"
54109,2012063004,2,"3345, 4071"
54109,2012102505,2,"3358, 4093"
54109,2020030901,2,"3450, 4517"
55001,2020030901,2,"3454, 4520"
55003,2020030901,2,"3454, 4520"
55005,2020030901,2,"3454, 4520"
55007,2020030901,2,"3454, 4520"
55009,2020030901,2,"3454, 4520"
55011,2020030901,2,"3454, 4520"
55013,2020030901,2,"3454, 4520"
55015,2020030901,2,"3454, 4520"
55017,2020030901,2,"3454, 4520"
55019,2020030901,2,"3454, 4520"
55021,2020030901,2,"3454, 4520"
55023,2020030901,2,"3454, 4520"
55025,2020030901,2,"3454, 4520"
55027,2020030901,2,"3454, 4520"
55029,2020030901,2,"3454, 4520"
55031,2020030901,4,"3453, 3454, 4520, 4531"
55033,2020030901,2,"3454, 4520"
55035,2020030901,2,"3454, 4520"
55037,2020030901,2,"3454, 4520"
55039,2020030901,2,"3454, 4520"
55041,2020030901,2,"3454, 4520"
55043,2020030901,2,"3454, 4520"
55045,2020030901,2,"3454, 4520"
55047,2020030901,2,"3454, 4520"
55049,2020030901,2,"3454, 4520"
55051,2020030901,2,"3454, 4520"
55053,2020030901,2,"3454, 4520"
55055,2020030901,2,"3454, 4520"
55057,2020030901,2,"3454, 4520"
55059,2020030901,2,"3454, 4520"
55061,2020030901,2,"3454, 4520"
55063,2020030901,2,"3454, 4520"
55065,2020030901,2,"3454, 4520"
55067,2020030901,2,"3454, 4520"
55069,2020030901,2,"3454, 4520"
55071,2020030901,2,"3454, 4520"
55073,2020030901,2,"3454, 4520"
55075,2020030901,2,"3454, 4520"
55077,2020030901,2,"3454, 4520"
55078,2020030901,2,"3454, 4520"
55079,2020030901,2,"3454, 4520"
55081,2020030901,2,"3454, 4520"
55083,2020030901,2,"3454, 4520"
55085,2020030901,2,"3454, 4520"
55087,2020030901,2,"3454, 4520"
55089,2020030901,2,"3454, 4520"
55091,2020030901,2,"3454, 4520"
55093,2020030901,2,"3454, 4520"
55095,2020030901,2,"3454, 4520"
55097,2020030901,2,"3454, 4520"
55099,2020030901,2,"3454, 4520"
55101,2020030901,2,"3454, 4520"
55103,2020030901,2,"3454, 4520"
55105,2020030901,2,"3454, 4520"
55107,2020030901,2,"3454, 4520"
55109,2020030901,2,"3454, 4520"
55111,2020030901,2,"3454, 4520"
55113,2020030901,2,"3454, 4520"
55115,2020030901,2,"3454, 4520"
55117,2020030901,2,"3454, 4520"
55119,2020030901,2,"3454, 4520"
55121,2020030901,2,"3454, 4520"
55123,2020030901,2,"3454, 4520"
55125,2020030901,2,"3454, 4520"
55127,2020030901,2,"3454, 4520"
55129,2020030901,2,"3454, 4520"
55131,2020030901,2,"3454, 4520"
55133,2020030901,2,"3454, 4520"
55135,2020030901,2,"3454, 4520"
55137,2020030901,2,"3454, 4520"
55139,2020030901,2,"3454, 4520"
55141,2020030901,2,"3454, 4520"
56001,2020030901,2,"3479, 4535"
56003,2020030901,2,"3479, 4535"
56005,2020030901,2,"3479, 4535"
56007,2020030901,2,"3479, 4535"
56009,2020030901,2,"3479, 4535"
56011,2020030901,2,"3479, 4535"
56013,2020030901,2,"3479, 4535"
56015,2020030901,2,"3479, 4535"
56017,2020030901,2,"3479, 4535"
56019,2020030901,2,"3479, 4535"
56021,2020030901,2,"3479, 4535"
56023,2020030901,2,"3479, 4535"
56025,2020030901,2,"3479, 4535"
56027,2020030901,2,"3479, 4535"
56029,2020030901,2,"3479, 4535"
56031,2020030901,2,"3479, 4535"
56033,2020030901,2,"3479, 4535"
56035,2020030901,2,"3479, 4535"
56037,2020030901,2,"3479, 4535"
56039,2020030901,2,"3479, 4535"
56041,2020030901,2,"3479, 4535"
56043,2020030901,2,"3479, 4535"
56045,2020030901,2,"3479, 4535"
