county_fips,event_id,incidentBeginDate,incidentEndDate,incidentType,declaration_numbers,declaration_count,source_record_count,event_key_method,year
01001,incident:2011042505,2011-04-15 00:00:00+00:00,2011-05-31 00:00:00+00:00,Severe Storm,1971; 3319,2,2,official_incident_id,2011
01001,incident:2017100401,2017-10-06 00:00:00+00:00,2017-10-10 00:00:00+00:00,Hurricane,3394; 4349,2,2,official_incident_id,2017
01001,incident:2020030901,2020-01-20 00:00:00+00:00,2023-05-11 00:00:00+00:00,Biological,3472; 4503,2,2,official_incident_id,2020
01003,incident:2011042505,2011-04-15 00:00:00+00:00,2011-05-31 00:00:00+00:00,Severe Storm,1971; 3319,2,2,official_incident_id,2011
01003,incident:2017100401,2017-10-06 00:00:00+00:00,2017-10-10 00:00:00+00:00,Hurricane,3394; 4349,2,2,official_incident_id,2017
01003,incident:2020030901,2020-01-20 00:00:00+00:00,2023-05-11 00:00:00+00:00,Biological,3472; 4503,2,2,official_incident_id,2020
01003,incident:2020091301,2020-09-14 00:00:00+00:00,2020-09-16 00:00:00+00:00,Hurricane,3545; 4563,2,2,official_incident_id,2020
01005,incident:2011042505,2011-04-15 00:00:00+00:00,2011-05-31 00:00:00+00:00,Severe Storm,1971; 3319,2,2,official_incident_id,2011
01005,incident:2020030901,2020-01-20 00:00:00+00:00,2023-05-11 00:00:00+00:00,Biological,3472; 4503,2,2,official_incident_id,2020
01005,incident:2020091301,2020-09-14 00:00:00+00:00,2020-09-16 00:00:00+00:00,Hurricane,3545; 4563,2,2,official_incident_id,2020
01007,incident:2011042505,2011-04-15 00:00:00+00:00,2011-05-31 00:00:00+00:00,Severe Storm,1971; 3319,2,2,official_incident_id,2011
01007,incident:2020030901,2020-01-20 00:00:00+00:00,2023-05-11 00:00:00+00:00,Biological,3472; 4503,2,2,official_incident_id,2020
01009,incident:2011042505,2011-04-15 00:00:00+00:00,2011-05-31 00:00:00+00:00,Severe Storm,1971; 3319,2,2,official_incident_id,2011
01009,incident:2020030901,2020-01-20 00:00:00+00:00,2023-05-11 00:00:00+00:00,Biological,3472; 4503,2,2,official_incident_id,2020
01011,incident:2011042505,2011-04-15 00:00:00+00:00,2011-05-31 00:00:00+00:00,Severe Storm,1971; 3319,2,2,official_incident_id,2011
01011,incident:2020030901,2020-01-20 00:00:00+00:00,2023-05-11 00:00:00+00:00,Biological,3472; 4503,2,2,official_incident_id,2020
01013,incident:2011042505,2011-04-15 00:00:00+00:00,2011-05-31 00:00:00+00:00,Severe Storm,1971; 3319,2,2,official_incident_id,2011
01013,incident:2020030901,2020-01-20 00:00:00+00:00,2023-05-11 00:00:00+00:00,Biological,3472; 4503,2,2,official_incident_id,2020
01013,incident:2020091301,2020-09-14 00:00:00+00:00,2020-09-16 00:00:00+00:00,Hurricane,3545; 4563,2,2,official_incident_id,2020
01015,incident:2011042505,2011-04-15 00:00:00+00:00,2011-05-31 00:00:00+00:00,Severe Storm,1971; 3319,2,2,official_incident_id,2011
01015,incident:2020030901,2020-01-20 00:00:00+00:00,2023-05-11 00:00:00+00:00,Biological,3472; 4503,2,2,official_incident_id,2020
01017,incident:2011042505,2011-04-15 00:00:00+00:00,2011-05-31 00:00:00+00:00,Severe Storm,1971; 3319,2,2,official_incident_id,2011
01017,incident:2020030901,2020-01-20 00:00:00+00:00,2023-05-11 00:00:00+00:00,Biological,3472; 4503,2,2,official_incident_id,2020
01019,incident:2011042505,2011-04-15 00:00:00+00:00,2011-05-31 00:00:00+00:00,Severe Storm,1971; 3319,2,2,official_incident_id,2011
01019,incident:2020030901,2020-01-20 00:00:00+00:00,2023-05-11 00:00:00+00:00,Biological,3472; 4503,2,2,official_incident_id,2020
01021,incident:2011042505,2011-04-15 00:00:00+00:00,2011-05-31 00:00:00+00:00,Severe Storm,1971; 3319,2,2,official_incident_id,2011
01021,incident:2020030901,2020-01-20 00:00:00+00:00,2023-05-11 00:00:00+00:00,Biological,3472; 4503,2,2,official_incident_id,2020
01023,incident:2011042505,2011-04-15 00:00:00+00:00,2011-05-31 00:00:00+00:00,Severe Storm,1971; 3319,2,2,official_incident_id,2011
01023,incident:2017100401,2017-10-06 00:00:00+00:00,2017-10-10 00:00:00+00:00,Hurricane,3394; 4349,2,2,official_incident_id,2017
01023,incident:2020030901,2020-01-20 00:00:00+00:00,2023-05-11 00:00:00+00:00,Biological,3472; 4503,2,2,official_incident_id,2020
01025,incident:2011042505,2011-04-15 00:00:00+00:00,2011-05-31 00:00:00+00:00,Severe Storm,1971; 3319,2,2,official_incident_id,2011
01025,incident:2017100401,2017-10-06 00:00:00+00:00,2017-10-10 00:00:00+00:00,Hurricane,3394; 4349,2,2,official_incident_id,2017
01025,incident:2020030901,2020-01-20 00:00:00+00:00,2023-05-11 00:00:00+00:00,Biological,3472; 4503,2,2,official_incident_id,2020
01025,incident:2020091301,2020-09-14 00:00:00+00:00,2020-09-16 00:00:00+00:00,Hurricane,3545; 4563,2,2,official_incident_id,2020
01027,incident:2011042505,2011-04-15 00:00:00+00:00,2011-05-31 00:00:00+00:00,Severe Storm,1971; 3319,2,2,official_incident_id,2011
01027,incident:2020030901,2020-01-20 00:00:00+00:00,2023-05-11 00:00:00+00:00,Biological,3472; 4503,2,2,official_incident_id,2020
01029,incident:2011042505,2011-04-15 00:00:00+00:00,2011-05-31 00:00:00+00:00,Severe Storm,1971; 3319,2,2,official_incident_id,2011
01029,incident:2020030901,2020-01-20 00:00:00+00:00,2023-05-11 00:00:00+00:00,Biological,3472; 4503,2,2,official_incident_id,2020
01031,incident:2011042505,2011-04-15 00:00:00+00:00,2011-05-31 00:00:00+00:00,Severe Storm,1971; 3319,2,2,official_incident_id,2011
01031,incident:2020030901,2020-01-20 00:00:00+00:00,2023-05-11 00:00:00+00:00,Biological,3472; 4503,2,2,official_incident_id,2020
01031,incident:2020091301,2020-09-14 00:00:00+00:00,2020-09-16 00:00:00+00:00,Hurricane,3545; 4563,2,2,official_incident_id,2020
01033,incident:2011042505,2011-04-15 00:00:00+00:00,2011-05-31 00:00:00+00:00,Severe Storm,1971; 3319,2,2,official_incident_id,2011
01033,incident:2020030901,2020-01-20 00:00:00+00:00,2023-05-11 00:00:00+00:00,Biological,3472; 4503,2,2,official_incident_id,2020
01035,incident:2011042505,2011-04-15 00:00:00+00:00,2011-05-31 00:00:00+00:00,Severe Storm,1971; 3319,2,2,official_incident_id,2011
01035,incident:2020030901,2020-01-20 00:00:00+00:00,2023-05-11 00:00:00+00:00,Biological,3472; 4503,2,2,official_incident_id,2020
01035,incident:2020091301,2020-09-14 00:00:00+00:00,2020-09-16 00:00:00+00:00,Hurricane,3545; 4563,2,2,official_incident_id,2020
01037,incident:2011042505,2011-04-15 00:00:00+00:00,2011-05-31 00:00:00+00:00,Severe Storm,1971; 3319,2,2,official_incident_id,2011
01037,incident:2020030901,2020-01-20 00:00:00+00:00,2023-05-11 00:00:00+00:00,Biological,3472; 4503,2,2,official_incident_id,2020
01039,incident:2011042505,2011-04-15 00:00:00+00:00,2011-05-31 00:00:00+00:00,Severe Storm,1971; 3319,2,2,official_incident_id,2011
01039,incident:2020030901,2020-01-20 00:00:00+00:00,2023-05-11 00:00:00+00:00,Biological,3472; 4503,2,2,official_incident_id,2020
01039,incident:2020091301,2020-09-14 00:00:00+00:00,2020-09-16 00:00:00+00:00,Hurricane,3545; 4563,2,2,official_incident_id,2020
01041,incident:2011042505,2011-04-15 00:00:00+00:00,2011-05-31 00:00:00+00:00,Severe Storm,1971; 3319,2,2,official_incident_id,2011
01041,incident:2020030901,2020-01-20 00:00:00+00:00,2023-05-11 00:00:00+00:00,Biological,3472; 4503,2,2,official_incident_id,2020
01041,incident:2020091301,2020-09-14 00:00:00+00:00,2020-09-16 00:00:00+00:00,Hurricane,3545; 4563,2,2,official_incident_id,2020
01043,incident:2011042505,2011-04-15 00:00:00+00:00,2011-05-31 00:00:00+00:00,Severe Storm,1971; 3319,2,2,official_incident_id,2011
01043,incident:2020030901,2020-01-20 00:00:00+00:00,2023-05-11 00:00:00+00:00,Biological,3472; 4503,2,2,official_incident_id,2020
01045,incident:2011042505,2011-04-15 00:00:00+00:00,2011-05-31 00:00:00+00:00,Severe Storm,1971; 3319,2,2,official_incident_id,2011
01045,incident:2018100601,2018-10-10 00:00:00+00:00,2018-10-13 00:00:00+00:00,Hurricane,3407; 4406,2,2,official_incident_id,2018
01045,incident:2020030901,2020-01-20 00:00:00+00:00,2023-05-11 00:00:00+00:00,Biological,3472; 4503,2,2,official_incident_id,2020
01047,incident:2011042505,2011-04-15 00:00:00+00:00,2011-05-31 00:00:00+00:00,Severe Storm,1971; 3319,2,2,official_incident_id,2011
01047,incident:2017100401,2017-10-06 00:00:00+00:00,2017-10-10 00:00:00+00:00,Hurricane,3394; 4349,2,2,official_incident_id,2017
01047,incident:2020030901,2020-01-20 00:00:00+00:00,2023-05-11 00:00:00+00:00,Biological,3472; 4503,2,2,official_incident_id,2020
01049,incident:2011042505,2011-04-15 00:00:00+00:00,2011-05-31 00:00:00+00:00,Severe Storm,1971; 3319,2,2,official_incident_id,2011
01049,incident:2020030901,2020-01-20 00:00:00+00:00,2023-05-11 00:00:00+00:00,Biological,3472; 4503,2,2,official_incident_id,2020
01051,incident:2011042505,2011-04-15 00:00:00+00:00,2011-05-31 00:00:00+00:00,Severe Storm,1971; 3319,2,2,official_incident_id,2011
01051,incident:2020030901,2020-01-20 00:00:00+00:00,2023-05-11 00:00:00+00:00,Biological,3472; 4503,2,2,official_incident_id,2020
01053,incident:2011042505,2011-04-15 00:00:00+00:00,2011-05-31 00:00:00+00:00,Severe Storm,1971; 3319,2,2,official_incident_id,2011
01053,incident:2020030901,2020-01-20 00:00:00+00:00,2023-05-11 00:00:00+00:00,Biological,3472; 4503,2,2,official_incident_id,2020
01053,incident:2020091301,2020-09-14 00:00:00+00:00,2020-09-16 00:00:00+00:00,Hurricane,3545; 4563,2,2,official_incident_id,2020
01055,incident:2011042505,2011-04-15 00:00:00+00:00,2011-05-31 00:00:00+00:00,Severe Storm,1971; 3319,2,2,official_incident_id,2011
01055,incident:2020030901,2020-01-20 00:00:00+00:00,2023-05-11 00:00:00+00:00,Biological,3472; 4503,2,2,official_incident_id,2020
01057,incident:2011042505,2011-04-15 00:00:00+00:00,2011-05-31 00:00:00+00:00,Severe Storm,1971; 3319,2,2,official_incident_id,2011
01057,incident:2020030901,2020-01-20 00:00:00+00:00,2023-05-11 00:00:00+00:00,Biological,3472; 4503,2,2,official_incident_id,2020
01059,incident:2011042505,2011-04-15 00:00:00+00:00,2011-05-31 00:00:00+00:00,Severe Storm,1971; 3319,2,2,official_incident_id,2011
01059,incident:2020030901,2020-01-20 00:00:00+00:00,2023-05-11 00:00:00+00:00,Biological,3472; 4503,2,2,official_incident_id,2020
01061,incident:2011042505,2011-04-15 00:00:00+00:00,2011-05-31 00:00:00+00:00,Severe Storm,1971; 3319,2,2,official_incident_id,2011
01061,incident:2018100601,2018-10-10 00:00:00+00:00,2018-10-13 00:00:00+00:00,Hurricane,3407; 4406,2,2,official_incident_id,2018
01061,incident:2020030901,2020-01-20 00:00:00+00:00,2023-05-11 00:00:00+00:00,Biological,3472; 4503,2,2,official_incident_id,2020
01061,incident:2020091301,2020-09-14 00:00:00+00:00,2020-09-16 00:00:00+00:00,Hurricane,3545; 4563,2,2,official_incident_id,2020
01063,incident:2011042505,2011-04-15 00:00:00+00:00,2011-05-31 00:00:00+00:00,Severe Storm,1971; 3319,2,2,official_incident_id,2011
01063,incident:2020030901,2020-01-20 00:00:00+00:00,2023-05-11 00:00:00+00:00,Biological,3472; 4503,2,2,official_incident_id,2020
01065,incident:2011042505,2011-04-15 00:00:00+00:00,2011-05-31 00:00:00+00:00,Severe Storm,1971; 3319,2,2,official_incident_id,2011
01065,incident:2020030901,2020-01-20 00:00:00+00:00,2023-05-11 00:00:00+00:00,Biological,3472; 4503,2,2,official_incident_id,2020
01067,incident:2011042505,2011-04-15 00:00:00+00:00,2011-05-31 00:00:00+00:00,Severe Storm,1971; 3319,2,2,official_incident_id,2011
01067,incident:2018100601,2018-10-10 00:00:00+00:00,2018-10-13 00:00:00+00:00,Hurricane,3407; 4406,2,2,official_incident_id,2018
01067,incident:2020030901,2020-01-20 00:00:00+00:00,2023-05-11 00:00:00+00:00,Biological,3472; 4503,2,2,official_incident_id,2020
01069,incident:2011042505,2011-04-15 00:00:00+00:00,2011-05-31 00:00:00+00:00,Severe Storm,1971; 3319,2,2,official_incident_id,2011
01069,incident:2018100601,2018-10-10 00:00:00+00:00,2018-10-13 00:00:00+00:00,Hurricane,3407; 4406,2,2,official_incident_id,2018
01069,incident:2020030901,2020-01-20 00:00:00+00:00,2023-05-11 00:00:00+00:00,Biological,3472; 4503,2,2,official_incident_id,2020
01069,incident:2020091301,2020-09-14 00:00:00+00:00,2020-09-16 00:00:00+00:00,Hurricane,3545; 4563,2,2,official_incident_id,2020
01071,incident:2011042505,2011-04-15 00:00:00+00:00,2011-05-31 00:00:00+00:00,Severe Storm,1971; 3319,2,2,official_incident_id,2011
01071,incident:2020030901,2020-01-20 00:00:00+00:00,2023-05-11 00:00:00+00:00,Biological,3472; 4503,2,2,official_incident_id,2020
01073,incident:2011042505,2011-04-15 00:00:00+00:00,2011-05-31 00:00:00+00:00,Severe Storm,1971; 3319,2,2,official_incident_id,2011
01073,incident:2020030901,2020-01-20 00:00:00+00:00,2023-05-11 00:00:00+00:00,Biological,3472; 4503,2,2,official_incident_id,2020
01075,incident:2011042505,2011-04-15 00:00:00+00:00,2011-05-31 00:00:00+00:00,Severe Storm,1971; 3319,2,2,official_incident_id,2011
01075,incident:2020030901,2020-01-20 00:00:00+00:00,2023-05-11 00:00:00+00:00,Biological,3472; 4503,2,2,official_incident_id,2020
01077,incident:2011042505,2011-04-15 00:00:00+00:00,2011-05-31 00:00:00+00:00,Severe Storm,1971; 3319,2,2,official_incident_id,2011
01077,incident:2020030901,2020-01-20 00:00:00+00:00,2023-05-11 00:00:00+00:00,Biological,3472; 4503,2,2,official_incident_id,2020
01079,incident:2011042505,2011-04-15 00:00:00+00:00,2011-05-31 00:00:00+00:00,Severe Storm,1971; 3319,2,2,official_incident_id,2011
01079,incident:2020030901,2020-01-20 00:00:00+00:00,2023-05-11 00:00:00+00:00,Biological,3472; 4503,2,2,official_incident_id,2020
01081,incident:2011042505,2011-04-15 00:00:00+00:00,2011-05-31 00:00:00+00:00,Severe Storm,1971; 3319,2,2,official_incident_id,2011
01081,incident:2020030901,2020-01-20 00:00:00+00:00,2023-05-11 00:00:00+00:00,Biological,3472; 4503,2,2,official_incident_id,2020
01083,incident:2011042505,2011-04-15 00:00:00+00:00,2011-05-31 00:00:00+00:00,Severe Storm,1971; 3319,2,2,official_incident_id,2011
01083,incident:2020030901,2020-01-20 00:00:00+00:00,2023-05-11 00:00:00+00:00,Biological,3472; 4503,2,2,official_incident_id,2020
01085,incident:2011042505,2011-04-15 00:00:00+00:00,2011-05-31 00:00:00+00:00,Severe Storm,1971; 3319,2,2,official_incident_id,2011
01085,incident:2020030901,2020-01-20 00:00:00+00:00,2023-05-11 00:00:00+00:00,Biological,3472; 4503,2,2,official_incident_id,2020
01087,incident:2011042505,2011-04-15 00:00:00+00:00,2011-05-31 00:00:00+00:00,Severe Storm,1971; 3319,2,2,official_incident_id,2011
01087,incident:2017100401,2017-10-06 00:00:00+00:00,2017-10-10 00:00:00+00:00,Hurricane,3394; 4349,2,2,official_incident_id,2017
01087,incident:2020030901,2020-01-20 00:00:00+00:00,2023-05-11 00:00:00+00:00,Biological,3472; 4503,2,2,official_incident_id,2020
01089,incident:2011042505,2011-04-15 00:00:00+00:00,2011-05-31 00:00:00+00:00,Severe Storm,1971; 3319,2,2,official_incident_id,2011
01089,incident:2020030901,2020-01-20 00:00:00+00:00,2023-05-11 00:00:00+00:00,Biological,3472; 4503,2,2,official_incident_id,2020
01091,incident:2011042505,2011-04-15 00:00:00+00:00,2011-05-31 00:00:00+00:00,Severe Storm,1971; 3319,2,2,official_incident_id,2011
01091,incident:2020030901,2020-01-20 00:00:00+00:00,2023-05-11 00:00:00+00:00,Biological,3472; 4503,2,2,official_incident_id,2020
01093,incident:2011042505,2011-04-15 00:00:00+00:00,2011-05-31 00:00:00+00:00,Severe Storm,1971; 3319,2,2,official_incident_id,2011
01093,incident:2020030901,2020-01-20 00:00:00+00:00,2023-05-11 00:00:00+00:00,Biological,3472; 4503,2,2,official_incident_id,2020
01095,incident:2011042505,2011-04-15 00:00:00+00:00,2011-05-31 00:00:00+00:00,Severe Storm,1971; 3319,2,2,official_incident_id,2011
01095,incident:2020030901,2020-01-20 00:00:00+00:00,2023-05-11 00:00:00+00:00,Biological,3472; 4503,2,2,official_incident_id,2020
01097,incident:2011042505,2011-04-15 00:00:00+00:00,2011-05-31 00:00:00+00:00,Severe Storm,1971; 3319,2,2,official_incident_id,2011
01097,incident:2017100401,2017-10-06 00:00:00+00:00,2017-10-10 00:00:00+00:00,Hurricane,3394; 4349,2,2,official_incident_id,2017
01097,incident:2018100601,2018-10-10 00:00:00+00:00,2018-10-13 00:00:00+00:00,Hurricane,3407; 4406,2,2,official_incident_id,2018
01097,incident:2020030901,2020-01-20 00:00:00+00:00,2023-05-11 00:00:00+00:00,Biological,3472; 4503,2,2,official_incident_id,2020
01097,incident:2020091301,2020-09-14 00:00:00+00:00,2020-09-16 00:00:00+00:00,Hurricane,3545; 4563,2,2,official_incident_id,2020
01099,incident:2011042505,2011-04-15 00:00:00+00:00,2011-05-31 00:00:00+00:00,Severe Storm,1971; 3319,2,2,official_incident_id,2011
01099,incident:2020030901,2020-01-20 00:00:00+00:00,2023-05-11 00:00:00+00:00,Biological,3472; 4503,2,2,official_incident_id,2020
01099,incident:2020091301,2020-09-14 00:00:00+00:00,2020-09-16 00:00:00+00:00,Hurricane,3545; 4563,2,2,official_incident_id,2020
01101,incident:2011042505,2011-04-15 00:00:00+00:00,2011-05-31 00:00:00+00:00,Severe Storm,1971; 3319,2,2,official_incident_id,2011
01101,incident:2020030901,2020-01-20 00:00:00+00:00,2023-05-11 00:00:00+00:00,Biological,3472; 4503,2,2,official_incident_id,2020
01103,incident:2011042505,2011-04-15 00:00:00+00:00,2011-05-31 00:00:00+00:00,Severe Storm,1971; 3319,2,2,official_incident_id,2011
01103,incident:2020030901,2020-01-20 00:00:00+00:00,2023-05-11 00:00:00+00:00,Biological,3472; 4503,2,2,official_incident_id,2020
01105,incident:2011042505,2011-04-15 00:00:00+00:00,2011-05-31 00:00:00+00:00,Severe Storm,1971; 3319,2,2,official_incident_id,2011
01105,incident:2020030901,2020-01-20 00:00:00+00:00,2023-05-11 00:00:00+00:00,Biological,3472; 4503,2,2,official_incident_id,2020
01107,incident:2011042505,2011-04-15 00:00:00+00:00,2011-05-31 00:00:00+00:00,Severe Storm,1971; 3319,2,2,official_incident_id,2011
01107,incident:2020030901,2020-01-20 00:00:00+00:00,2023-05-11 00:00:00+00:00,Biological,3472; 4503,2,2,official_incident_id,2020
01109,incident:2011042505,2011-04-15 00:00:00+00:00,2011-05-31 00:00:00+00:00,Severe Storm,1971; 3319,2,2,official_incident_id,2011
01109,incident:2020030901,2020-01-20 00:00:00+00:00,2023-05-11 00:00:00+00:00,Biological,3472; 4503,2,2,official_incident_id,2020
01109,incident:2020091301,2020-09-14 00:00:00+00:00,2020-09-16 00:00:00+00:00,Hurricane,3545; 4563,2,2,official_incident_id,2020
01111,incident:2011042505,2011-04-15 00:00:00+00:00,2011-05-31 00:00:00+00:00,Severe Storm,1971; 3319,2,2,official_incident_id,2011
01111,incident:2020030901,2020-01-20 00:00:00+00:00,2023-05-11 00:00:00+00:00,Biological,3472; 4503,2,2,official_incident_id,2020
01113,incident:2011042505,2011-04-15 00:00:00+00:00,2011-05-31 00:00:00+00:00,Severe Storm,1971; 3319,2,2,official_incident_id,2011
01113,incident:2020030901,2020-01-20 00:00:00+00:00,2023-05-11 00:00:00+00:00,Biological,3472; 4503,2,2,official_incident_id,2020
01115,incident:2011042505,2011-04-15 00:00:00+00:00,2011-05-31 00:00:00+00:00,Severe Storm,1971; 3319,2,2,official_incident_id,2011
01115,incident:2020030901,2020-01-20 00:00:00+00:00,2023-05-11 00:00:00+00:00,Biological,3472; 4503,2,2,official_incident_id,2020
01117,incident:2011042505,2011-04-15 00:00:00+00:00,2011-05-31 00:00:00+00:00,Severe Storm,1971; 3319,2,2,official_incident_id,2011
01117,incident:2020030901,2020-01-20 00:00:00+00:00,2023-05-11 00:00:00+00:00,Biological,3472; 4503,2,2,official_incident_id,2020
01119,incident:2011042505,2011-04-15 00:00:00+00:00,2011-05-31 00:00:00+00:00,Severe Storm,1971; 3319,2,2,official_incident_id,2011
01119,incident:2020030901,2020-01-20 00:00:00+00:00,2023-05-11 00:00:00+00:00,Biological,3472; 4503,2,2,official_incident_id,2020
01121,incident:2011042505,2011-04-15 00:00:00+00:00,2011-05-31 00:00:00+00:00,Severe Storm,1971; 3319,2,2,official_incident_id,2011
01121,incident:2020030901,2020-01-20 00:00:00+00:00,2023-05-11 00:00:00+00:00,Biological,3472; 4503,2,2,official_incident_id,2020
01123,incident:2011042505,2011-04-15 00:00:00+00:00,2011-05-31 00:00:00+00:00,Severe Storm,1971; 3319,2,2,official_incident_id,2011
01123,incident:2020030901,2020-01-20 00:00:00+00:00,2023-05-11 00:00:00+00:00,Biological,3472; 4503,2,2,official_incident_id,2020
01125,incident:2011042505,2011-04-15 00:00:00+00:00,2011-05-31 00:00:00+00:00,Severe Storm,1971; 3319,2,2,official_incident_id,2011
01125,incident:2020030901,2020-01-20 00:00:00+00:00,2023-05-11 00:00:00+00:00,Biological,3472; 4503,2,2,official_incident_id,2020
01127,incident:2011042505,2011-04-15 00:00:00+00:00,2011-05-31 00:00:00+00:00,Severe Storm,1971; 3319,2,2,official_incident_id,2011
01127,incident:2020030901,2020-01-20 00:00:00+00:00,2023-05-11 00:00:00+00:00,Biological,3472; 4503,2,2,official_incident_id,2020
01129,incident:2011042505,2011-04-15 00:00:00+00:00,2011-05-31 00:00:00+00:00,Severe Storm,1971; 3319,2,2,official_incident_id,2011
01129,incident:2017100401,2017-10-06 00:00:00+00:00,2017-10-10 00:00:00+00:00,Hurricane,3394; 4349,2,2,official_incident_id,2017
01129,incident:2020030901,2020-01-20 00:00:00+00:00,2023-05-11 00:00:00+00:00,Biological,3472; 4503,2,2,official_incident_id,2020
01131,incident:2011042505,2011-04-15 00:00:00+00:00,2011-05-31 00:00:00+00:00,Severe Storm,1971; 3319,2,2,official_incident_id,2011
01131,incident:2020030901,2020-01-20 00:00:00+00:00,2023-05-11 00:00:00+00:00,Biological,3472; 4503,2,2,official_incident_id,2020
01133,incident:2011042505,2011-04-15 00:00:00+00:00,2011-05-31 00:00:00+00:00,Severe Storm,1971; 3319,2,2,official_incident_id,2011
01133,incident:2020030901,2020-01-20 00:00:00+00:00,2023-05-11 00:00:00+00:00,Biological,3472; 4503,2,2,official_incident_id,2020
02000,incident:2018113001,2018-11-30 00:00:00+00:00,2018-11-30 00:00:00+00:00,Earthquake,3410; 4413,2,6,official_incident_id,2018
02000,incident:2020030901,2020-01-20 00:00:00+00:00,2023-05-11 00:00:00+00:00,Biological,3446; 4533,2,121,official_incident_id,2020
02000,incident:2025101101,2025-10-08 00:00:00+00:00,2025-10-13 00:00:00+00:00,Flood,4893; 4912,2,11,official_incident_id,2025
04001,incident:2010012101,2010-01-18 00:00:00+00:00,2010-01-29 00:00:00+00:00,Severe Storm,1888; 3307,2,4,official_incident_id,2010
04001,incident:2020030901,2020-01-20 00:00:00+00:00,2023-05-11 00:00:00+00:00,Biological,3442; 3460; 3478; 4524; 4525; 4529; 4582,7,9,official_incident_id,2020
04003,incident:2020030901,2020-01-20 00:00:00+00:00,2023-05-11 00:00:00+00:00,Biological,3442; 4524,2,2,official_incident_id,2020
04005,incident:2010012101,2010-01-18 00:00:00+00:00,2010-01-29 00:00:00+00:00,Severe Storm,1888; 3307,2,6,official_incident_id,2010
04005,incident:2020030901,2020-01-20 00:00:00+00:00,2023-05-11 00:00:00+00:00,Biological,3442; 3460; 3478; 4524; 4525; 4529; 4582,7,17,official_incident_id,2020
04007,incident:2020030901,2020-01-20 00:00:00+00:00,2023-05-11 00:00:00+00:00,Biological,3442; 4524,2,6,official_incident_id,2020
04007,incident:2024071201,2024-07-10 00:00:00+00:00,2024-07-17 00:00:00+00:00,Fire,4833; 5508,2,2,official_incident_id,2024
04009,incident:2020030901,2020-01-20 00:00:00+00:00,2023-05-11 00:00:00+00:00,Biological,3442; 4524,2,4,official_incident_id,2020
04009,incident:2024071201,2024-07-10 00:00:00+00:00,2024-07-17 00:00:00+00:00,Fire,4833; 5508,2,2,official_incident_id,2024
04011,incident:2020030901,2020-01-20 00:00:00+00:00,2023-05-11 00:00:00+00:00,Biological,3442; 4524,2,2,official_incident_id,2020
04012,incident:2020030901,2020-01-20 00:00:00+00:00,2023-05-11 00:00:00+00:00,Biological,3442; 4524,2,4,official_incident_id,2020
04013,incident:2020030901,2020-01-20 00:00:00+00:00,2023-05-11 00:00:00+00:00,Biological,3442; 4524,2,4,official_incident_id,2020
04015,incident:2020030901,2020-01-20 00:00:00+00:00,2023-05-11 00:00:00+00:00,Biological,3442; 3443; 4523; 4524,4,10,official_incident_id,2020
04017,incident:2010012101,2010-01-18 00:00:00+00:00,2010-01-29 00:00:00+00:00,Severe Storm,1888; 3307,2,6,official_incident_id,2010
04017,incident:2020030901,2020-01-20 00:00:00+00:00,2023-05-11 00:00:00+00:00,Biological,3442; 3460; 3478; 4524; 4525; 4529; 4582,7,11,official_incident_id,2020
04019,incident:2020030901,2020-01-20 00:00:00+00:00,2023-05-11 00:00:00+00:00,Biological,3442; 4524,2,2,official_incident_id,2020
04021,incident:2020030901,2020-01-20 00:00:00+00:00,2023-05-11 00:00:00+00:00,Biological,3442; 4524,2,8,official_incident_id,2020
04021,incident:2024071201,2024-07-10 00:00:00+00:00,2024-07-17 00:00:00+00:00,Fire,4833; 5508,2,2,official_incident_id,2024
04023,incident:2020030901,2020-01-20 00:00:00+00:00,2023-05-11 00:00:00+00:00,Biological,3442; 4524,2,2,official_incident_id,2020
04025,incident:2020030901,2020-01-20 00:00:00+00:00,2023-05-11 00:00:00+00:00,Biological,3442; 4524,2,8,official_incident_id,2020
04027,incident:2020030901,2020-01-20 00:00:00+00:00,2023-05-11 00:00:00+00:00,Biological,3442; 4524,2,4,official_incident_id,2020
05001,incident:2019052601,2019-05-21 00:00:00+00:00,2019-06-14 00:00:00+00:00,Flood,3414; 4441,2,2,official_incident_id,2019
05001,incident:2020030901,2020-01-20 00:00:00+00:00,2023-05-11 00:00:00+00:00,Biological,3461; 4518,2,2,official_incident_id,2020
05003,incident:2020030901,2020-01-20 00:00:00+00:00,2023-05-11 00:00:00+00:00,Biological,3461; 4518,2,2,official_incident_id,2020
05005,incident:2009012601,2009-01-26 00:00:00+00:00,2009-01-30 00:00:00+00:00,Severe Ice Storm; Severe Storm,1819; 3301,2,2,official_incident_id,2009
05005,incident:2020030901,2020-01-20 00:00:00+00:00,2023-05-11 00:00:00+00:00,Biological,3461; 4518,2,2,official_incident_id,2020
05007,incident:2009012601,2009-01-26 00:00:00+00:00,2009-01-30 00:00:00+00:00,Severe Ice Storm; Severe Storm,1819; 3301,2,2,official_incident_id,2009
05007,incident:2020030901,2020-01-20 00:00:00+00:00,2023-05-11 00:00:00+00:00,Biological,3461; 4518,2,2,official_incident_id,2020
05009,incident:2009012601,2009-01-26 00:00:00+00:00,2009-01-30 00:00:00+00:00,Severe Ice Storm; Severe Storm,1819; 3301,2,2,official_incident_id,2009
05009,incident:2020030901,2020-01-20 00:00:00+00:00,2023-05-11 00:00:00+00:00,Biological,3461; 4518,2,2,official_incident_id,2020
05011,incident:2020030901,2020-01-20 00:00:00+00:00,2023-05-11 00:00:00+00:00,Biological,3461; 4518,2,2,official_incident_id,2020
05013,incident:2020030901,2020-01-20 00:00:00+00:00,2023-05-11 00:00:00+00:00,Biological,3461; 4518,2,2,official_incident_id,2020
05015,incident:2009012601,2009-01-26 00:00:00+00:00,2009-01-30 00:00:00+00:00,Severe Ice Storm; Severe Storm,1819; 3301,2,2,official_incident_id,2009
05015,incident:2020030901,2020-01-20 00:00:00+00:00,2023-05-11 00:00:00+00:00,Biological,3461; 4518,2,2,official_incident_id,2020
05017,incident:2019052601,2019-05-21 00:00:00+00:00,2019-06-14 00:00:00+00:00,Flood,3414; 4441,2,2,official_incident_id,2019
05017,incident:2020030901,2020-01-20 00:00:00+00:00,2023-05-11 00:00:00+00:00,Biological,3461; 4518,2,2,official_incident_id,2020
05019,incident:2020030901,2020-01-20 00:00:00+00:00,2023-05-11 00:00:00+00:00,Biological,3461; 4518,2,2,official_incident_id,2020
05021,incident:2009012601,2009-01-26 00:00:00+00:00,2009-01-30 00:00:00+00:00,Severe Ice Storm; Severe Storm,1819; 3301,2,2,official_incident_id,2009
05021,incident:2020030901,2020-01-20 00:00:00+00:00,2023-05-11 00:00:00+00:00,Biological,3461; 4518,2,2,official_incident_id,2020
05023,incident:2009012601,2009-01-26 00:00:00+00:00,2009-01-30 00:00:00+00:00,Severe Ice Storm; Severe Storm,1819; 3301,2,2,official_incident_id,2009
05023,incident:2020030901,2020-01-20 00:00:00+00:00,2023-05-11 00:00:00+00:00,Biological,3461; 4518,2,2,official_incident_id,2020
05025,incident:2020030901,2020-01-20 00:00:00+00:00,2023-05-11 00:00:00+00:00,Biological,3461; 4518,2,2,official_incident_id,2020
05027,incident:2020030901,2020-01-20 00:00:00+00:00,2023-05-11 00:00:00+00:00,Biological,3461; 4518,2,2,official_incident_id,2020
05029,incident:2009012601,2009-01-26 00:00:00+00:00,2009-01-30 00:00:00+00:00,Severe Ice Storm; Severe Storm,1819; 3301,2,2,official_incident_id,2009
05029,incident:2019052601,2019-05-21 00:00:00+00:00,2019-06-14 00:00:00+00:00,Flood,3414; 4441,2,2,official_incident_id,2019
05029,incident:2020030901,2020-01-20 00:00:00+00:00,2023-05-11 00:00:00+00:00,Biological,3461; 4518,2,2,official_incident_id,2020
05031,incident:2009012601,2009-01-26 00:00:00+00:00,2009-01-30 00:00:00+00:00,Severe Ice Storm; Severe Storm,1819; 3301,2,2,official_incident_id,2009
05031,incident:2020030901,2020-01-20 00:00:00+00:00,2023-05-11 00:00:00+00:00,Biological,3461; 4518,2,2,official_incident_id,2020
05033,incident:2009012601,2009-01-26 00:00:00+00:00,2009-01-30 00:00:00+00:00,Severe Ice Storm; Severe Storm,1819; 3301,2,2,official_incident_id,2009
05033,incident:2019052601,2019-05-21 00:00:00+00:00,2019-06-14 00:00:00+00:00,Flood,3414; 4441,2,2,official_incident_id,2019
05033,incident:2020030901,2020-01-20 00:00:00+00:00,2023-05-11 00:00:00+00:00,Biological,3461; 4518,2,2,official_incident_id,2020
05035,incident:2020030901,2020-01-20 00:00:00+00:00,2023-05-11 00:00:00+00:00,Biological,3461; 4518,2,2,official_incident_id,2020
05037,incident:2009012601,2009-01-26 00:00:00+00:00,2009-01-30 00:00:00+00:00,Severe Ice Storm; Severe Storm,1819; 3301,2,2,official_incident_id,2009
05037,incident:2020030901,2020-01-20 00:00:00+00:00,2023-05-11 00:00:00+00:00,Biological,3461; 4518,2,2,official_incident_id,2020
05039,incident:2020030901,2020-01-20 00:00:00+00:00,2023-05-11 00:00:00+00:00,Biological,3461; 4518,2,2,official_incident_id,2020
05041,incident:2019052601,2019-05-21 00:00:00+00:00,2019-06-14 00:00:00+00:00,Flood,3414; 4441,2,2,official_incident_id,2019
05041,incident:2020030901,2020-01-20 00:00:00+00:00,2023-05-11 00:00:00+00:00,Biological,3461; 4518,2,2,official_incident_id,2020
05043,incident:2020030901,2020-01-20 00:00:00+00:00,2023-05-11 00:00:00+00:00,Biological,3461; 4518,2,2,official_incident_id,2020
05045,incident:2019052601,2019-05-21 00:00:00+00:00,2019-06-14 00:00:00+00:00,Flood,3414; 4441,2,2,official_incident_id,2019
05045,incident:2020030901,2020-01-20 00:00:00+00:00,2023-05-11 00:00:00+00:00,Biological,3461; 4518,2,2,official_incident_id,2020
05047,incident:2009012601,2009-01-26 00:00:00+00:00,2009-01-30 00:00:00+00:00,Severe Ice Storm; Severe Storm,1819; 3301,2,2,official_incident_id,2009
05047,incident:2019052601,2019-05-21 00:00:00+00:00,2019-06-14 00:00:00+00:00,Flood,3414; 4441,2,2,official_incident_id,2019
05047,incident:2020030901,2020-01-20 00:00:00+00:00,2023-05-11 00:00:00+00:00,Biological,3461; 4518,2,2,official_incident_id,2020
05049,incident:2009012601,2009-01-26 00:00:00+00:00,2009-01-30 00:00:00+00:00,Severe Ice Storm; Severe Storm,1819; 3301,2,2,official_incident_id,2009
05049,incident:2020030901,2020-01-20 00:00:00+00:00,2023-05-11 00:00:00+00:00,Biological,3461; 4518,2,2,official_incident_id,2020
05051,incident:2020030901,2020-01-20 00:00:00+00:00,2023-05-11 00:00:00+00:00,Biological,3461; 4518,2,2,official_incident_id,2020
05053,incident:2020030901,2020-01-20 00:00:00+00:00,2023-05-11 00:00:00+00:00,Biological,3461; 4518,2,2,official_incident_id,2020
05055,incident:2009012601,2009-01-26 00:00:00+00:00,2009-01-30 00:00:00+00:00,Severe Ice Storm; Severe Storm,1819; 3301,2,2,official_incident_id,2009
05055,incident:2020030901,2020-01-20 00:00:00+00:00,2023-05-11 00:00:00+00:00,Biological,3461; 4518,2,2,official_incident_id,2020
05057,incident:2020030901,2020-01-20 00:00:00+00:00,2023-05-11 00:00:00+00:00,Biological,3461; 4518,2,2,official_incident_id,2020
05059,incident:2020030901,2020-01-20 00:00:00+00:00,2023-05-11 00:00:00+00:00,Biological,3461; 4518,2,2,official_incident_id,2020
05061,incident:2020030901,2020-01-20 00:00:00+00:00,2023-05-11 00:00:00+00:00,Biological,3461; 4518,2,2,official_incident_id,2020
05063,incident:2009012601,2009-01-26 00:00:00+00:00,2009-01-30 00:00:00+00:00,Severe Ice Storm; Severe Storm,1819; 3301,2,2,official_incident_id,2009
05063,incident:2020030901,2020-01-20 00:00:00+00:00,2023-05-11 00:00:00+00:00,Biological,3461; 4518,2,2,official_incident_id,2020
05065,incident:2009012601,2009-01-26 00:00:00+00:00,2009-01-30 00:00:00+00:00,Severe Ice Storm; Severe Storm,1819; 3301,2,2,official_incident_id,2009
05065,incident:2020030901,2020-01-20 00:00:00+00:00,2023-05-11 00:00:00+00:00,Biological,3461; 4518,2,2,official_incident_id,2020
05067,incident:2009012601,2009-01-26 00:00:00+00:00,2009-01-30 00:00:00+00:00,Severe Ice Storm; Severe Storm,1819; 3301,2,2,official_incident_id,2009
05067,incident:2020030901,2020-01-20 00:00:00+00:00,2023-05-11 00:00:00+00:00,Biological,3461; 4518,2,2,official_incident_id,2020
05069,incident:2019052601,2019-05-21 00:00:00+00:00,2019-06-14 00:00:00+00:00,Flood,3414; 4441,2,2,official_incident_id,2019
05069,incident:2020030901,2020-01-20 00:00:00+00:00,2023-05-11 00:00:00+00:00,Biological,3461; 4518,2,2,official_incident_id,2020
05071,incident:2009012601,2009-01-26 00:00:00+00:00,2009-01-30 00:00:00+00:00,Severe Ice Storm; Severe Storm,1819; 3301,2,2,official_incident_id,2009
05071,incident:2019052601,2019-05-21 00:00:00+00:00,2019-06-14 00:00:00+00:00,Flood,3414; 4441,2,2,official_incident_id,2019
05071,incident:2020030901,2020-01-20 00:00:00+00:00,2023-05-11 00:00:00+00:00,Biological,3461; 4518,2,2,official_incident_id,2020
05073,incident:2020030901,2020-01-20 00:00:00+00:00,2023-05-11 00:00:00+00:00,Biological,3461; 4518,2,2,official_incident_id,2020
05075,incident:2009012601,2009-01-26 00:00:00+00:00,2009-01-30 00:00:00+00:00,Severe Ice Storm; Severe Storm,1819; 3301,2,2,official_incident_id,2009
05075,incident:2020030901,2020-01-20 00:00:00+00:00,2023-05-11 00:00:00+00:00,Biological,3461; 4518,2,2,official_incident_id,2020
05077,incident:2020030901,2020-01-20 00:00:00+00:00,2023-05-11 00:00:00+00:00,Biological,3461; 4518,2,2,official_incident_id,2020
05079,incident:2019052601,2019-05-21 00:00:00+00:00,2019-06-14 00:00:00+00:00,Flood,3414; 4441,2,2,official_incident_id,2019
05079,incident:2020030901,2020-01-20 00:00:00+00:00,2023-05-11 00:00:00+00:00,Biological,3461; 4518,2,2,official_incident_id,2020
05081,incident:2020030901,2020-01-20 00:00:00+00:00,2023-05-11 00:00:00+00:00,Biological,3461; 4518,2,2,official_incident_id,2020
05083,incident:2019052601,2019-05-21 00:00:00+00:00,2019-06-14 00:00:00+00:00,Flood,3414; 4441,2,2,official_incident_id,2019
05083,incident:2020030901,2020-01-20 00:00:00+00:00,2023-05-11 00:00:00+00:00,Biological,3461; 4518,2,2,official_incident_id,2020
05085,incident:2020030901,2020-01-20 00:00:00+00:00,2023-05-11 00:00:00+00:00,Biological,3461; 4518,2,2,official_incident_id,2020
05087,incident:2009012601,2009-01-26 00:00:00+00:00,2009-01-30 00:00:00+00:00,Severe Ice Storm; Severe Storm,1819; 3301,2,2,official_incident_id,2009
05087,incident:2020030901,2020-01-20 00:00:00+00:00,2023-05-11 00:00:00+00:00,Biological,3461; 4518,2,2,official_incident_id,2020
05089,incident:2009012601,2009-01-26 00:00:00+00:00,2009-01-30 00:00:00+00:00,Severe Ice Storm; Severe Storm,1819; 3301,2,2,official_incident_id,2009
05089,incident:2020030901,2020-01-20 00:00:00+00:00,2023-05-11 00:00:00+00:00,Biological,3461; 4518,2,2,official_incident_id,2020
05091,incident:2020030901,2020-01-20 00:00:00+00:00,2023-05-11 00:00:00+00:00,Biological,3461; 4518,2,2,official_incident_id,2020
05093,incident:2009012601,2009-01-26 00:00:00+00:00,2009-01-30 00:00:00+00:00,Severe Ice Storm; Severe Storm,1819; 3301,2,2,official_incident_id,2009
05093,incident:2020030901,2020-01-20 00:00:00+00:00,2023-05-11 00:00:00+00:00,Biological,3461; 4518,2,2,official_incident_id,2020
05095,incident:2020030901,2020-01-20 00:00:00+00:00,2023-05-11 00:00:00+00:00,Biological,3461; 4518,2,2,official_incident_id,2020
05097,incident:2020030901,2020-01-20 00:00:00+00:00,2023-05-11 00:00:00+00:00,Biological,3461; 4518,2,2,official_incident_id,2020
05099,incident:2020030901,2020-01-20 00:00:00+00:00,2023-05-11 00:00:00+00:00,Biological,3461; 4518,2,2,official_incident_id,2020
05101,incident:2009012601,2009-01-26 00:00:00+00:00,2009-01-30 00:00:00+00:00,Severe Ice Storm; Severe Storm,1819; 3301,2,2,official_incident_id,2009
05101,incident:2020030901,2020-01-20 00:00:00+00:00,2023-05-11 00:00:00+00:00,Biological,3461; 4518,2,2,official_incident_id,2020
05103,incident:2020030901,2020-01-20 00:00:00+00:00,2023-05-11 00:00:00+00:00,Biological,3461; 4518,2,2,official_incident_id,2020
05105,incident:2019052601,2019-05-21 00:00:00+00:00,2019-06-14 00:00:00+00:00,Flood,3414; 4441,2,2,official_incident_id,2019
05105,incident:2020030901,2020-01-20 00:00:00+00:00,2023-05-11 00:00:00+00:00,Biological,3461; 4518,2,2,official_incident_id,2020
05107,incident:2020030901,2020-01-20 00:00:00+00:00,2023-05-11 00:00:00+00:00,Biological,3461; 4518,2,2,official_incident_id,2020
05109,incident:2020030901,2020-01-20 00:00:00+00:00,2023-05-11 00:00:00+00:00,Biological,3461; 4518,2,2,official_incident_id,2020
05111,incident:2009012601,2009-01-26 00:00:00+00:00,2009-01-30 00:00:00+00:00,Severe Ice Storm; Severe Storm,1819; 3301,2,2,official_incident_id,2009
05111,incident:2020030901,2020-01-20 00:00:00+00:00,2023-05-11 00:00:00+00:00,Biological,3461; 4518,2,2,official_incident_id,2020
05113,incident:2020030901,2020-01-20 00:00:00+00:00,2023-05-11 00:00:00+00:00,Biological,3461; 4518,2,2,official_incident_id,2020
05115,incident:2009012601,2009-01-26 00:00:00+00:00,2009-01-30 00:00:00+00:00,Severe Ice Storm; Severe Storm,1819; 3301,2,2,official_incident_id,2009
05115,incident:2019052601,2019-05-21 00:00:00+00:00,2019-06-14 00:00:00+00:00,Flood,3414; 4441,2,2,official_incident_id,2019
05115,incident:2020030901,2020-01-20 00:00:00+00:00,2023-05-11 00:00:00+00:00,Biological,3461; 4518,2,2,official_incident_id,2020
05117,incident:2020030901,2020-01-20 00:00:00+00:00,2023-05-11 00:00:00+00:00,Biological,3461; 4518,2,2,official_incident_id,2020
05119,incident:2019052601,2019-05-21 00:00:00+00:00,2019-06-14 00:00:00+00:00,Flood,3414; 4441,2,2,official_incident_id,2019
05119,incident:2020030901,2020-01-20 00:00:00+00:00,2023-05-11 00:00:00+00:00,Biological,3461; 4518,2,2,official_incident_id,2020
05121,incident:2009012601,2009-01-26 00:00:00+00:00,2009-01-30 00:00:00+00:00,Severe Ice Storm; Severe Storm,1819; 3301,2,2,official_incident_id,2009
05121,incident:2020030901,2020-01-20 00:00:00+00:00,2023-05-11 00:00:00+00:00,Biological,3461; 4518,2,2,official_incident_id,2020
05123,incident:2020030901,2020-01-20 00:00:00+00:00,2023-05-11 00:00:00+00:00,Biological,3461; 4518,2,2,official_incident_id,2020
05125,incident:2020030901,2020-01-20 00:00:00+00:00,2023-05-11 00:00:00+00:00,Biological,3461; 4518,2,2,official_incident_id,2020
05127,incident:2020030901,2020-01-20 00:00:00+00:00,2023-05-11 00:00:00+00:00,Biological,3461; 4518,2,2,official_incident_id,2020
05129,incident:2009012601,2009-01-26 00:00:00+00:00,2009-01-30 00:00:00+00:00,Severe Ice Storm; Severe Storm,1819; 3301,2,2,official_incident_id,2009
05129,incident:2020030901,2020-01-20 00:00:00+00:00,2023-05-11 00:00:00+00:00,Biological,3461; 4518,2,2,official_incident_id,2020
05131,incident:2019052601,2019-05-21 00:00:00+00:00,2019-06-14 00:00:00+00:00,Flood,3414; 4441,2,2,official_incident_id,2019
05131,incident:2020030901,2020-01-20 00:00:00+00:00,2023-05-11 00:00:00+00:00,Biological,3461; 4518,2,2,official_incident_id,2020
05133,incident:2020030901,2020-01-20 00:00:00+00:00,2023-05-11 00:00:00+00:00,Biological,3461; 4518,2,2,official_incident_id,2020
05135,incident:2009012601,2009-01-26 00:00:00+00:00,2009-01-30 00:00:00+00:00,Severe Ice Storm; Severe Storm,1819; 3301,2,2,official_incident_id,2009
05135,incident:2020030901,2020-01-20 00:00:00+00:00,2023-05-11 00:00:00+00:00,Biological,3461; 4518,2,2,official_incident_id,2020
05137,incident:2009012601,2009-01-26 00:00:00+00:00,2009-01-30 00:00:00+00:00,Severe Ice Storm; Severe Storm,1819; 3301,2,2,official_incident_id,2009
05137,incident:2020030901,2020-01-20 00:00:00+00:00,2023-05-11 00:00:00+00:00,Biological,3461; 4518,2,2,official_incident_id,2020
05139,incident:2020030901,2020-01-20 00:00:00+00:00,2023-05-11 00:00:00+00:00,Biological,3461; 4518,2,2,official_incident_id,2020
05141,incident:2009012601,2009-01-26 00:00:00+00:00,2009-01-30 00:00:00+00:00,Severe Ice Storm; Severe Storm,1819; 3301,2,2,official_incident_id,2009
05141,incident:2020030901,2020-01-20 00:00:00+00:00,2023-05-11 00:00:00+00:00,Biological,3461; 4518,2,2,official_incident_id,2020
05143,incident:2009012601,2009-01-26 00:00:00+00:00,2009-01-30 00:00:00+00:00,Severe Ice Storm; Severe Storm,1819; 3301,2,2,official_incident_id,2009
05143,incident:2020030901,2020-01-20 00:00:00+00:00,2023-05-11 00:00:00+00:00,Biological,3461; 4518,2,2,official_incident_id,2020
05145,incident:2020030901,2020-01-20 00:00:00+00:00,2023-05-11 00:00:00+00:00,Biological,3461; 4518,2,2,official_incident_id,2020
05147,incident:2020030901,2020-01-20 00:00:00+00:00,2023-05-11 00:00:00+00:00,Biological,3461; 4518,2,2,official_incident_id,2020
05149,incident:2019052601,2019-05-21 00:00:00+00:00,2019-06-14 00:00:00+00:00,Flood,3414; 4441,2,2,official_incident_id,2019
05149,incident:2020030901,2020-01-20 00:00:00+00:00,2023-05-11 00:00:00+00:00,Biological,3461; 4518,2,2,official_incident_id,2020
06001,incident:2020030901,2020-01-20 00:00:00+00:00,2023-05-11 00:00:00+00:00,Biological,3428; 4482,2,2,official_incident_id,2020
06001,incident:2023010401,2022-12-27 00:00:00+00:00,2023-01-31 00:00:00+00:00,Flood,3591; 4683,2,2,official_incident_id,2022
06003,incident:2020030901,2020-01-20 00:00:00+00:00,2023-05-11 00:00:00+00:00,Biological,3428; 4482,2,2,official_incident_id,2020
06003,incident:2023030901,2023-02-21 00:00:00+00:00,2023-07-10 00:00:00+00:00,Flood; Severe Storm,3592; 4699,2,2,official_incident_id,2023
06005,incident:2020030901,2020-01-20 00:00:00+00:00,2023-05-11 00:00:00+00:00,Biological,3428; 4482,2,2,official_incident_id,2020
06005,incident:2023030901,2023-02-21 00:00:00+00:00,2023-07-10 00:00:00+00:00,Flood; Severe Storm,3592; 4699,2,2,official_incident_id,2023
06007,incident:2018110903,2018-11-08 00:00:00+00:00,2018-11-25 00:00:00+00:00,Fire,3409; 4407,2,2,official_incident_id,2018
06007,incident:2020030901,2020-01-20 00:00:00+00:00,2023-05-11 00:00:00+00:00,Biological,3428; 4482,2,2,official_incident_id,2020
06007,incident:2023030901,2023-02-21 00:00:00+00:00,2023-07-10 00:00:00+00:00,Flood; Severe Storm,3592; 4699,2,2,official_incident_id,2023
06009,incident:2020030901,2020-01-20 00:00:00+00:00,2023-05-11 00:00:00+00:00,Biological,3428; 4482,2,2,official_incident_id,2020
06009,incident:2023030901,2023-02-21 00:00:00+00:00,2023-07-10 00:00:00+00:00,Flood; Severe Storm,3592; 4699,2,2,official_incident_id,2023
06011,incident:2020030901,2020-01-20 00:00:00+00:00,2023-05-11 00:00:00+00:00,Biological,3428; 4482,2,2,official_incident_id,2020
06011,incident:2023010401,2022-12-27 00:00:00+00:00,2023-01-31 00:00:00+00:00,Flood,3591; 4683,2,2,official_incident_id,2022
06013,incident:2020030901,2020-01-20 00:00:00+00:00,2023-05-11 00:00:00+00:00,Biological,3428; 4482,2,2,official_incident_id,2020
06013,incident:2023010401,2022-12-27 00:00:00+00:00,2023-01-31 00:00:00+00:00,Flood,3591; 4683,2,2,official_incident_id,2022
06015,incident:2020030901,2020-01-20 00:00:00+00:00,2023-05-11 00:00:00+00:00,Biological,3428; 4482,2,2,official_incident_id,2020
06015,incident:2023030901,2023-02-21 00:00:00+00:00,2023-07-10 00:00:00+00:00,Flood; Severe Storm,3592; 4699,2,2,official_incident_id,2023
06017,incident:2020030901,2020-01-20 00:00:00+00:00,2023-05-11 00:00:00+00:00,Biological,3428; 4482,2,2,official_incident_id,2020
06017,incident:2021081801,2021-08-14 00:00:00+00:00,2021-10-21 00:00:00+00:00,Fire,3571; 4619; 5413,3,3,official_incident_id,2021
06017,incident:2023010401,2022-12-27 00:00:00+00:00,2023-01-31 00:00:00+00:00,Flood,3591; 4683,2,2,official_incident_id,2022
06017,incident:2023030901,2023-02-21 00:00:00+00:00,2023-07-10 00:00:00+00:00,Flood; Severe Storm,3592; 4699,2,2,official_incident_id,2023
06019,incident:2020030901,2020-01-20 00:00:00+00:00,2023-05-11 00:00:00+00:00,Biological,3428; 4482,2,2,official_incident_id,2020
06019,incident:2023010401,2022-12-27 00:00:00+00:00,2023-01-31 00:00:00+00:00,Flood,3591; 4683,2,2,official_incident_id,2022
06019,incident:2023030901,2023-02-21 00:00:00+00:00,2023-07-10 00:00:00+00:00,Flood; Severe Storm,3592; 4699,2,2,official_incident_id,2023
06021,incident:2020030901,2020-01-20 00:00:00+00:00,2023-05-11 00:00:00+00:00,Biological,3428; 4482,2,2,official_incident_id,2020
06021,incident:2023010401,2022-12-27 00:00:00+00:00,2023-01-31 00:00:00+00:00,Flood,3591; 4683,2,2,official_incident_id,2022
06021,incident:2023030901,2023-02-21 00:00:00+00:00,2023-07-10 00:00:00+00:00,Flood; Severe Storm,3592; 4699,2,2,official_incident_id,2023
06023,incident:2020030901,2020-01-20 00:00:00+00:00,2023-05-11 00:00:00+00:00,Biological,3428; 4482,2,2,official_incident_id,2020
06023,incident:2023010401,2022-12-27 00:00:00+00:00,2023-01-31 00:00:00+00:00,Flood,3591; 4683,2,2,official_incident_id,2022
06023,incident:2023030901,2023-02-21 00:00:00+00:00,2023-07-10 00:00:00+00:00,Flood; Severe Storm,3592; 4699,2,2,official_incident_id,2023
06025,incident:2020030901,2020-01-20 00:00:00+00:00,2023-05-11 00:00:00+00:00,Biological,3428; 4482,2,2,official_incident_id,2020
06025,incident:2023030901,2023-02-21 00:00:00+00:00,2023-07-10 00:00:00+00:00,Flood; Severe Storm,3592; 4699,2,2,official_incident_id,2023
06027,incident:2020030901,2020-01-20 00:00:00+00:00,2023-05-11 00:00:00+00:00,Biological,3428; 4482,2,2,official_incident_id,2020
06027,incident:2023030901,2023-02-21 00:00:00+00:00,2023-07-10 00:00:00+00:00,Flood; Severe Storm,3592; 4699,2,2,official_incident_id,2023
06029,incident:2020030901,2020-01-20 00:00:00+00:00,2023-05-11 00:00:00+00:00,Biological,3428; 4482,2,2,official_incident_id,2020
06029,incident:2023030901,2023-02-21 00:00:00+00:00,2023-07-10 00:00:00+00:00,Flood; Severe Storm,3592; 4699,2,2,official_incident_id,2023
06031,incident:2020030901,2020-01-20 00:00:00+00:00,2023-05-11 00:00:00+00:00,Biological,3428; 4482,2,2,official_incident_id,2020
06031,incident:2023030901,2023-02-21 00:00:00+00:00,2023-07-10 00:00:00+00:00,Flood; Severe Storm,3592; 4699,2,2,official_incident_id,2023
06033,incident:2015091301,2015-09-09 00:00:00+00:00,2015-10-30 00:00:00+00:00,Fire,4240; 5112,2,2,official_incident_id,2015
06033,incident:2020030901,2020-01-20 00:00:00+00:00,2023-05-11 00:00:00+00:00,Biological,3428; 4482,2,2,official_incident_id,2020
06033,incident:2023030901,2023-02-21 00:00:00+00:00,2023-07-10 00:00:00+00:00,Flood; Severe Storm,3592; 4699,2,2,official_incident_id,2023
06035,incident:2020030901,2020-01-20 00:00:00+00:00,2023-05-11 00:00:00+00:00,Biological,3428; 4482,2,2,official_incident_id,2020
06037,incident:2017120802,2017-12-04 00:00:00+00:00,2018-01-31 00:00:00+00:00,Fire,3396; 4353,2,2,official_incident_id,2017
06037,incident:2018110903,2018-11-08 00:00:00+00:00,2018-11-25 00:00:00+00:00,Fire,3409; 4407,2,2,official_incident_id,2018
06037,incident:2020030901,2020-01-20 00:00:00+00:00,2023-05-11 00:00:00+00:00,Biological,3428; 4482,2,2,official_incident_id,2020
06037,incident:2023010401,2022-12-27 00:00:00+00:00,2023-01-31 00:00:00+00:00,Flood,3591; 4683,2,2,official_incident_id,2022
06037,incident:2023030901,2023-02-21 00:00:00+00:00,2023-07-10 00:00:00+00:00,Flood; Severe Storm,3592; 4699,2,2,official_incident_id,2023
06039,incident:2020030901,2020-01-20 00:00:00+00:00,2023-05-11 00:00:00+00:00,Biological,3428; 4482,2,2,official_incident_id,2020
06039,incident:2023010401,2022-12-27 00:00:00+00:00,2023-01-31 00:00:00+00:00,Flood,3591; 4683,2,2,official_incident_id,2022
06039,incident:2023030901,2023-02-21 00:00:00+00:00,2023-07-10 00:00:00+00:00,Flood; Severe Storm,3592; 4699,2,2,official_incident_id,2023
06041,incident:2020030901,2020-01-20 00:00:00+00:00,2023-05-11 00:00:00+00:00,Biological,3428; 4482,2,2,official_incident_id,2020
06041,incident:2023010401,2022-12-27 00:00:00+00:00,2023-01-31 00:00:00+00:00,Flood,3591; 4683,2,2,official_incident_id,2022
06043,incident:2020030901,2020-01-20 00:00:00+00:00,2023-05-11 00:00:00+00:00,Biological,3428; 4482,2,2,official_incident_id,2020
06043,incident:2023010401,2022-12-27 00:00:00+00:00,2023-01-31 00:00:00+00:00,Flood,3591; 4683,2,2,official_incident_id,2022
06043,incident:2023030901,2023-02-21 00:00:00+00:00,2023-07-10 00:00:00+00:00,Flood; Severe Storm,3592; 4699,2,2,official_incident_id,2023
06045,incident:2020030901,2020-01-20 00:00:00+00:00,2023-05-11 00:00:00+00:00,Biological,3428; 4482,2,2,official_incident_id,2020
06045,incident:2023010401,2022-12-27 00:00:00+00:00,2023-01-31 00:00:00+00:00,Flood,3591; 4683,2,2,official_incident_id,2022
06045,incident:2023030901,2023-02-21 00:00:00+00:00,2023-07-10 00:00:00+00:00,Flood; Severe Storm,3592; 4699,2,2,official_incident_id,2023
06047,incident:2020030901,2020-01-20 00:00:00+00:00,2023-05-11 00:00:00+00:00,Biological,3428; 4482,2,2,official_incident_id,2020
06047,incident:2023010401,2022-12-27 00:00:00+00:00,2023-01-31 00:00:00+00:00,Flood,3591; 4683,2,2,official_incident_id,2022
06047,incident:2023030901,2023-02-21 00:00:00+00:00,2023-07-10 00:00:00+00:00,Flood; Severe Storm,3592; 4699,2,2,official_incident_id,2023
06049,incident:2020030901,2020-01-20 00:00:00+00:00,2023-05-11 00:00:00+00:00,Biological,3428; 4482,2,2,official_incident_id,2020
06051,incident:2020030901,2020-01-20 00:00:00+00:00,2023-05-11 00:00:00+00:00,Biological,3428; 4482,2,2,official_incident_id,2020
06051,incident:2023030901,2023-02-21 00:00:00+00:00,2023-07-10 00:00:00+00:00,Flood; Severe Storm,3592; 4699,2,2,official_incident_id,2023
06053,incident:2020030901,2020-01-20 00:00:00+00:00,2023-05-11 00:00:00+00:00,Biological,3428; 4482,2,2,official_incident_id,2020
06053,incident:2023010401,2022-12-27 00:00:00+00:00,2023-01-31 00:00:00+00:00,Flood,3591; 4683,2,2,official_incident_id,2022
06053,incident:2023030901,2023-02-21 00:00:00+00:00,2023-07-10 00:00:00+00:00,Flood; Severe Storm,3592; 4699,2,2,official_incident_id,2023
06055,incident:2020030901,2020-01-20 00:00:00+00:00,2023-05-11 00:00:00+00:00,Biological,3428; 4482,2,2,official_incident_id,2020
06055,incident:2023010401,2022-12-27 00:00:00+00:00,2023-01-31 00:00:00+00:00,Flood,3591; 4683,2,2,official_incident_id,2022
06055,incident:2023030901,2023-02-21 00:00:00+00:00,2023-07-10 00:00:00+00:00,Flood; Severe Storm,3592; 4699,2,2,official_incident_id,2023
06057,incident:2020030901,2020-01-20 00:00:00+00:00,2023-05-11 00:00:00+00:00,Biological,3428; 4482,2,2,official_incident_id,2020
06057,incident:2023030901,2023-02-21 00:00:00+00:00,2023-07-10 00:00:00+00:00,Flood; Severe Storm,3592; 4699,2,2,official_incident_id,2023
06059,incident:2020030901,2020-01-20 00:00:00+00:00,2023-05-11 00:00:00+00:00,Biological,3428; 4482,2,2,official_incident_id,2020
06061,incident:2020030901,2020-01-20 00:00:00+00:00,2023-05-11 00:00:00+00:00,Biological,3428; 4482,2,2,official_incident_id,2020
06061,incident:2023010401,2022-12-27 00:00:00+00:00,2023-01-31 00:00:00+00:00,Flood,3591; 4683,2,2,official_incident_id,2022
06063,incident:2020030901,2020-01-20 00:00:00+00:00,2023-05-11 00:00:00+00:00,Biological,3428; 4482,2,2,official_incident_id,2020
06063,incident:2023030901,2023-02-21 00:00:00+00:00,2023-07-10 00:00:00+00:00,Flood; Severe Storm,3592; 4699,2,2,official_incident_id,2023
06065,incident:2020030901,2020-01-20 00:00:00+00:00,2023-05-11 00:00:00+00:00,Biological,3428; 3442; 4482; 4524,4,4,official_incident_id,2020
06065,incident:2023081703,2023-08-19 00:00:00+00:00,2023-08-21 00:00:00+00:00,Hurricane; Tropical Storm,4746; 4750,2,2,official_incident_id,2023
06067,incident:2020030901,2020-01-20 00:00:00+00:00,2023-05-11 00:00:00+00:00,Biological,3428; 4482,2,2,official_incident_id,2020
06067,incident:2023010401,2022-12-27 00:00:00+00:00,2023-01-31 00:00:00+00:00,Flood,3591; 4683,2,2,official_incident_id,2022
06067,incident:2023030901,2023-02-21 00:00:00+00:00,2023-07-10 00:00:00+00:00,Flood; Severe Storm,3592; 4699,2,2,official_incident_id,2023
06069,incident:2020030901,2020-01-20 00:00:00+00:00,2023-05-11 00:00:00+00:00,Biological,3428; 4482,2,2,official_incident_id,2020
06069,incident:2023010401,2022-12-27 00:00:00+00:00,2023-01-31 00:00:00+00:00,Flood,3591; 4683,2,2,official_incident_id,2022
06069,incident:2023030901,2023-02-21 00:00:00+00:00,2023-07-10 00:00:00+00:00,Flood; Severe Storm,3592; 4699,2,2,official_incident_id,2023
06071,incident:2020030901,2020-01-20 00:00:00+00:00,2023-05-11 00:00:00+00:00,Biological,3428; 3442; 3443; 4482; 4523; 4524,6,8,official_incident_id,2020
06071,incident:2023030901,2023-02-21 00:00:00+00:00,2023-07-10 00:00:00+00:00,Flood; Severe Storm,3592; 4699,2,2,official_incident_id,2023
06073,incident:2017120802,2017-12-04 00:00:00+00:00,2018-01-31 00:00:00+00:00,Fire,3396; 4353,2,2,official_incident_id,2017
06073,incident:2020030901,2020-01-20 00:00:00+00:00,2023-05-11 00:00:00+00:00,Biological,3428; 4482,2,2,official_incident_id,2020
06073,incident:2023010401,2022-12-27 00:00:00+00:00,2023-01-31 00:00:00+00:00,Flood,3591; 4683,2,2,official_incident_id,2022
06075,incident:2020030901,2020-01-20 00:00:00+00:00,2023-05-11 00:00:00+00:00,Biological,3428; 4482,2,2,official_incident_id,2020
06075,incident:2023010401,2022-12-27 00:00:00+00:00,2023-01-31 00:00:00+00:00,Flood,3591; 4683,2,2,official_incident_id,2022
06075,incident:2023030901,2023-02-21 00:00:00+00:00,2023-07-10 00:00:00+00:00,Flood; Severe Storm,3592; 4699,2,2,official_incident_id,2023
06077,incident:2020030901,2020-01-20 00:00:00+00:00,2023-05-11 00:00:00+00:00,Biological,3428; 4482,2,2,official_incident_id,2020
06077,incident:2023010401,2022-12-27 00:00:00+00:00,2023-01-31 00:00:00+00:00,Flood,3591; 4683,2,2,official_incident_id,2022
06077,incident:2023030901,2023-02-21 00:00:00+00:00,2023-07-10 00:00:00+00:00,Flood; Severe Storm,3592; 4699,2,2,official_incident_id,2023
06079,incident:2020030901,2020-01-20 00:00:00+00:00,2023-05-11 00:00:00+00:00,Biological,3428; 4482,2,2,official_incident_id,2020
06079,incident:2023010401,2022-12-27 00:00:00+00:00,2023-01-31 00:00:00+00:00,Flood,3591; 4683,2,2,official_incident_id,2022
06079,incident:2023030901,2023-02-21 00:00:00+00:00,2023-07-10 00:00:00+00:00,Flood; Severe Storm,3592; 4699,2,2,official_incident_id,2023
06081,incident:2020030901,2020-01-20 00:00:00+00:00,2023-05-11 00:00:00+00:00,Biological,3428; 4482,2,2,official_incident_id,2020
06081,incident:2023010401,2022-12-27 00:00:00+00:00,2023-01-31 00:00:00+00:00,Flood,3591; 4683,2,2,official_incident_id,2022
06081,incident:2023030901,2023-02-21 00:00:00+00:00,2023-07-10 00:00:00+00:00,Flood; Severe Storm,3592; 4699,2,2,official_incident_id,2023
06083,incident:2017120802,2017-12-04 00:00:00+00:00,2018-01-31 00:00:00+00:00,Fire,3396; 4353,2,2,official_incident_id,2017
06083,incident:2020030901,2020-01-20 00:00:00+00:00,2023-05-11 00:00:00+00:00,Biological,3428; 4482,2,2,official_incident_id,2020
06083,incident:2023010401,2022-12-27 00:00:00+00:00,2023-01-31 00:00:00+00:00,Flood,3591; 4683,2,2,official_incident_id,2022
06083,incident:2023030901,2023-02-21 00:00:00+00:00,2023-07-10 00:00:00+00:00,Flood; Severe Storm,3592; 4699,2,2,official_incident_id,2023
06085,incident:2020030901,2020-01-20 00:00:00+00:00,2023-05-11 00:00:00+00:00,Biological,3428; 4482,2,2,official_incident_id,2020
06085,incident:2023010401,2022-12-27 00:00:00+00:00,2023-01-31 00:00:00+00:00,Flood,3591; 4683,2,2,official_incident_id,2022
06085,incident:2023030901,2023-02-21 00:00:00+00:00,2023-07-10 00:00:00+00:00,Flood; Severe Storm,3592; 4699,2,2,official_incident_id,2023
06087,incident:2020030901,2020-01-20 00:00:00+00:00,2023-05-11 00:00:00+00:00,Biological,3428; 4482,2,2,official_incident_id,2020
06087,incident:2023010401,2022-12-27 00:00:00+00:00,2023-01-31 00:00:00+00:00,Flood,3591; 4683,2,2,official_incident_id,2022
06087,incident:2023030901,2023-02-21 00:00:00+00:00,2023-07-10 00:00:00+00:00,Flood; Severe Storm,3592; 4699,2,2,official_incident_id,2023
06089,incident:2018072401,2018-07-23 00:00:00+00:00,2018-09-19 00:00:00+00:00,Fire,3398; 4382; 5259,3,3,official_incident_id,2018
06089,incident:2020030901,2020-01-20 00:00:00+00:00,2023-05-11 00:00:00+00:00,Biological,3428; 4482,2,2,official_incident_id,2020
06091,incident:2020030901,2020-01-20 00:00:00+00:00,2023-05-11 00:00:00+00:00,Biological,3428; 4482,2,2,official_incident_id,2020
06091,incident:2023030901,2023-02-21 00:00:00+00:00,2023-07-10 00:00:00+00:00,Flood; Severe Storm,3592; 4699,2,2,official_incident_id,2023
06093,incident:2020030901,2020-01-20 00:00:00+00:00,2023-05-11 00:00:00+00:00,Biological,3428; 4482,2,2,official_incident_id,2020
06095,incident:2020030901,2020-01-20 00:00:00+00:00,2023-05-11 00:00:00+00:00,Biological,3428; 4482,2,2,official_incident_id,2020
06095,incident:2023010401,2022-12-27 00:00:00+00:00,2023-01-31 00:00:00+00:00,Flood,3591; 4683,2,2,official_incident_id,2022
06097,incident:2020030901,2020-01-20 00:00:00+00:00,2023-05-11 00:00:00+00:00,Biological,3428; 4482,2,2,official_incident_id,2020
06097,incident:2023010401,2022-12-27 00:00:00+00:00,2023-01-31 00:00:00+00:00,Flood,3591; 4683,2,2,official_incident_id,2022
06097,incident:2023030901,2023-02-21 00:00:00+00:00,2023-07-10 00:00:00+00:00,Flood; Severe Storm,3592; 4699,2,2,official_incident_id,2023
06099,incident:2020030901,2020-01-20 00:00:00+00:00,2023-05-11 00:00:00+00:00,Biological,3428; 4482,2,2,official_incident_id,2020
06099,incident:2023010401,2022-12-27 00:00:00+00:00,2023-01-31 00:00:00+00:00,Flood,3591; 4683,2,2,official_incident_id,2022
06099,incident:2023030901,2023-02-21 00:00:00+00:00,2023-07-10 00:00:00+00:00,Flood; Severe Storm,3592; 4699,2,2,official_incident_id,2023
06101,incident:2020030901,2020-01-20 00:00:00+00:00,2023-05-11 00:00:00+00:00,Biological,3428; 4482,2,2,official_incident_id,2020
06101,incident:2023010401,2022-12-27 00:00:00+00:00,2023-01-31 00:00:00+00:00,Flood,3591; 4683,2,2,official_incident_id,2022
06103,incident:2020030901,2020-01-20 00:00:00+00:00,2023-05-11 00:00:00+00:00,Biological,3428; 4482,2,2,official_incident_id,2020
06103,incident:2023010401,2022-12-27 00:00:00+00:00,2023-01-31 00:00:00+00:00,Flood,3591; 4683,2,2,official_incident_id,2022
06105,incident:2020030901,2020-01-20 00:00:00+00:00,2023-05-11 00:00:00+00:00,Biological,3428; 4482,2,2,official_incident_id,2020
06105,incident:2023030901,2023-02-21 00:00:00+00:00,2023-07-10 00:00:00+00:00,Flood; Severe Storm,3592; 4699,2,2,official_incident_id,2023
06107,incident:2020030901,2020-01-20 00:00:00+00:00,2023-05-11 00:00:00+00:00,Biological,3428; 4482,2,2,official_incident_id,2020
06107,incident:2023010401,2022-12-27 00:00:00+00:00,2023-01-31 00:00:00+00:00,Flood,3591; 4683,2,2,official_incident_id,2022
06107,incident:2023030901,2023-02-21 00:00:00+00:00,2023-07-10 00:00:00+00:00,Flood; Severe Storm,3592; 4699,2,2,official_incident_id,2023
06109,incident:2013082401,2013-08-17 00:00:00+00:00,2013-10-24 00:00:00+00:00,Fire,4158; 5049,2,2,official_incident_id,2013
06109,incident:2020030901,2020-01-20 00:00:00+00:00,2023-05-11 00:00:00+00:00,Biological,3428; 4482,2,2,official_incident_id,2020
06109,incident:2023030901,2023-02-21 00:00:00+00:00,2023-07-10 00:00:00+00:00,Flood; Severe Storm,3592; 4699,2,2,official_incident_id,2023
06111,incident:2017120802,2017-12-04 00:00:00+00:00,2018-01-31 00:00:00+00:00,Fire,3396; 4353,2,2,official_incident_id,2017
06111,incident:2018110903,2018-11-08 00:00:00+00:00,2018-11-25 00:00:00+00:00,Fire,3409; 4407,2,2,official_incident_id,2018
06111,incident:2020030901,2020-01-20 00:00:00+00:00,2023-05-11 00:00:00+00:00,Biological,3428; 4482,2,2,official_incident_id,2020
06111,incident:2023010401,2022-12-27 00:00:00+00:00,2023-01-31 00:00:00+00:00,Flood,3591; 4683,2,2,official_incident_id,2022
06113,incident:2020030901,2020-01-20 00:00:00+00:00,2023-05-11 00:00:00+00:00,Biological,3428; 4482,2,2,official_incident_id,2020
06113,incident:2023010401,2022-12-27 00:00:00+00:00,2023-01-31 00:00:00+00:00,Flood,3591; 4683,2,2,official_incident_id,2022
06115,incident:2020030901,2020-01-20 00:00:00+00:00,2023-05-11 00:00:00+00:00,Biological,3428; 4482,2,2,official_incident_id,2020
08001,incident:2013091201,2013-09-11 00:00:00+00:00,2013-09-30 00:00:00+00:00,Flood,3365; 4145,2,2,official_incident_id,2013
08001,incident:2020030901,2020-01-20 00:00:00+00:00,2023-05-11 00:00:00+00:00,Biological,3436; 4498,2,2,official_incident_id,2020
08003,incident:2020030901,2020-01-20 00:00:00+00:00,2023-05-11 00:00:00+00:00,Biological,3436; 4498,2,2,official_incident_id,2020
08005,incident:2013091201,2013-09-11 00:00:00+00:00,2013-09-30 00:00:00+00:00,Flood,3365; 4145,2,2,official_incident_id,2013
08005,incident:2020030901,2020-01-20 00:00:00+00:00,2023-05-11 00:00:00+00:00,Biological,3436; 4498,2,2,official_incident_id,2020
08007,incident:2020030901,2020-01-20 00:00:00+00:00,2023-05-11 00:00:00+00:00,Biological,3436; 4498,2,4,official_incident_id,2020
08009,incident:2020030901,2020-01-20 00:00:00+00:00,2023-05-11 00:00:00+00:00,Biological,3436; 4498,2,2,official_incident_id,2020
08011,incident:2020030901,2020-01-20 00:00:00+00:00,2023-05-11 00:00:00+00:00,Biological,3436; 4498,2,2,official_incident_id,2020
08013,incident:2013091201,2013-09-11 00:00:00+00:00,2013-09-30 00:00:00+00:00,Flood,3365; 4145,2,2,official_incident_id,2013
08013,incident:2020030901,2020-01-20 00:00:00+00:00,2023-05-11 00:00:00+00:00,Biological,3436; 4498,2,2,official_incident_id,2020
08014,incident:2020030901,2020-01-20 00:00:00+00:00,2023-05-11 00:00:00+00:00,Biological,3436; 4498,2,2,official_incident_id,2020
08015,incident:2020030901,2020-01-20 00:00:00+00:00,2023-05-11 00:00:00+00:00,Biological,3436; 4498,2,2,official_incident_id,2020
08017,incident:2020030901,2020-01-20 00:00:00+00:00,2023-05-11 00:00:00+00:00,Biological,3436; 4498,2,2,official_incident_id,2020
08019,incident:2013091201,2013-09-11 00:00:00+00:00,2013-09-30 00:00:00+00:00,Flood,3365; 4145,2,2,official_incident_id,2013
08019,incident:2020030901,2020-01-20 00:00:00+00:00,2023-05-11 00:00:00+00:00,Biological,3436; 4498,2,2,official_incident_id,2020
08021,incident:2020030901,2020-01-20 00:00:00+00:00,2023-05-11 00:00:00+00:00,Biological,3436; 4498,2,2,official_incident_id,2020
08023,incident:2020030901,2020-01-20 00:00:00+00:00,2023-05-11 00:00:00+00:00,Biological,3436; 4498,2,2,official_incident_id,2020
08025,incident:2020030901,2020-01-20 00:00:00+00:00,2023-05-11 00:00:00+00:00,Biological,3436; 4498,2,2,official_incident_id,2020
08027,incident:2020030901,2020-01-20 00:00:00+00:00,2023-05-11 00:00:00+00:00,Biological,3436; 4498,2,2,official_incident_id,2020
08029,incident:2020030901,2020-01-20 00:00:00+00:00,2023-05-11 00:00:00+00:00,Biological,3436; 4498,2,2,official_incident_id,2020
08031,incident:2013091201,2013-09-11 00:00:00+00:00,2013-09-30 00:00:00+00:00,Flood,3365; 4145,2,2,official_incident_id,2013
08031,incident:2020030901,2020-01-20 00:00:00+00:00,2023-05-11 00:00:00+00:00,Biological,3436; 4498,2,2,official_incident_id,2020
08033,incident:2020030901,2020-01-20 00:00:00+00:00,2023-05-11 00:00:00+00:00,Biological,3436; 4498,2,2,official_incident_id,2020
08035,incident:2020030901,2020-01-20 00:00:00+00:00,2023-05-11 00:00:00+00:00,Biological,3436; 4498,2,2,official_incident_id,2020
08037,incident:2020030901,2020-01-20 00:00:00+00:00,2023-05-11 00:00:00+00:00,Biological,3436; 4498,2,2,official_incident_id,2020
08039,incident:2020030901,2020-01-20 00:00:00+00:00,2023-05-11 00:00:00+00:00,Biological,3436; 4498,2,2,official_incident_id,2020
08041,incident:2013061201,2013-06-11 00:00:00+00:00,2013-06-21 00:00:00+00:00,Fire,4134; 5027,2,2,official_incident_id,2013
08041,incident:2013091201,2013-09-11 00:00:00+00:00,2013-09-30 00:00:00+00:00,Flood,3365; 4145,2,2,official_incident_id,2013
08041,incident:2020030901,2020-01-20 00:00:00+00:00,2023-05-11 00:00:00+00:00,Biological,3436; 4498,2,2,official_incident_id,2020
08043,incident:2013061202,2013-06-11 00:00:00+00:00,2013-06-16 00:00:00+00:00,Fire,4133; 5028,2,2,official_incident_id,2013
08043,incident:2013091201,2013-09-11 00:00:00+00:00,2013-09-30 00:00:00+00:00,Flood,3365; 4145,2,2,official_incident_id,2013
08043,incident:2020030901,2020-01-20 00:00:00+00:00,2023-05-11 00:00:00+00:00,Biological,3436; 4498,2,2,official_incident_id,2020
08045,incident:2020030901,2020-01-20 00:00:00+00:00,2023-05-11 00:00:00+00:00,Biological,3436; 4498,2,2,official_incident_id,2020
08047,incident:2020030901,2020-01-20 00:00:00+00:00,2023-05-11 00:00:00+00:00,Biological,3436; 4498,2,2,official_incident_id,2020
08049,incident:2020030901,2020-01-20 00:00:00+00:00,2023-05-11 00:00:00+00:00,Biological,3436; 4498,2,2,official_incident_id,2020
08051,incident:2020030901,2020-01-20 00:00:00+00:00,2023-05-11 00:00:00+00:00,Biological,3436; 4498,2,2,official_incident_id,2020
08053,incident:2020030901,2020-01-20 00:00:00+00:00,2023-05-11 00:00:00+00:00,Biological,3436; 4498,2,2,official_incident_id,2020
08055,incident:2020030901,2020-01-20 00:00:00+00:00,2023-05-11 00:00:00+00:00,Biological,3436; 4498,2,2,official_incident_id,2020
08057,incident:2020030901,2020-01-20 00:00:00+00:00,2023-05-11 00:00:00+00:00,Biological,3436; 4498,2,2,official_incident_id,2020
08059,incident:2013091201,2013-09-11 00:00:00+00:00,2013-09-30 00:00:00+00:00,Flood,3365; 4145,2,2,official_incident_id,2013
08059,incident:2020030901,2020-01-20 00:00:00+00:00,2023-05-11 00:00:00+00:00,Biological,3436; 4498,2,2,official_incident_id,2020
08061,incident:2020030901,2020-01-20 00:00:00+00:00,2023-05-11 00:00:00+00:00,Biological,3436; 4498,2,2,official_incident_id,2020
08063,incident:2020030901,2020-01-20 00:00:00+00:00,2023-05-11 00:00:00+00:00,Biological,3436; 4498,2,2,official_incident_id,2020
08065,incident:2020030901,2020-01-20 00:00:00+00:00,2023-05-11 00:00:00+00:00,Biological,3436; 4498,2,2,official_incident_id,2020
08067,incident:2020030901,2020-01-20 00:00:00+00:00,2023-05-11 00:00:00+00:00,Biological,3436; 3460; 3478; 4498; 4525; 4529,6,10,official_incident_id,2020
08069,incident:2013091201,2013-09-11 00:00:00+00:00,2013-09-30 00:00:00+00:00,Flood,3365; 4145,2,2,official_incident_id,2013
08069,incident:2020030901,2020-01-20 00:00:00+00:00,2023-05-11 00:00:00+00:00,Biological,3436; 4498,2,2,official_incident_id,2020
08071,incident:2020030901,2020-01-20 00:00:00+00:00,2023-05-11 00:00:00+00:00,Biological,3436; 4498,2,2,official_incident_id,2020
08073,incident:2020030901,2020-01-20 00:00:00+00:00,2023-05-11 00:00:00+00:00,Biological,3436; 4498,2,2,official_incident_id,2020
08075,incident:2013091201,2013-09-11 00:00:00+00:00,2013-09-30 00:00:00+00:00,Flood,3365; 4145,2,2,official_incident_id,2013
08075,incident:2020030901,2020-01-20 00:00:00+00:00,2023-05-11 00:00:00+00:00,Biological,3436; 4498,2,2,official_incident_id,2020
08077,incident:2020030901,2020-01-20 00:00:00+00:00,2023-05-11 00:00:00+00:00,Biological,3436; 4498,2,2,official_incident_id,2020
08079,incident:2020030901,2020-01-20 00:00:00+00:00,2023-05-11 00:00:00+00:00,Biological,3436; 4498,2,2,official_incident_id,2020
08081,incident:2020030901,2020-01-20 00:00:00+00:00,2023-05-11 00:00:00+00:00,Biological,3436; 4498,2,2,official_incident_id,2020
08083,incident:2020030901,2020-01-20 00:00:00+00:00,2023-05-11 00:00:00+00:00,Biological,3436; 3460; 3478; 4498; 4525; 4529,6,10,official_incident_id,2020
08085,incident:2020030901,2020-01-20 00:00:00+00:00,2023-05-11 00:00:00+00:00,Biological,3436; 4498,2,2,official_incident_id,2020
08087,incident:2013091201,2013-09-11 00:00:00+00:00,2013-09-30 00:00:00+00:00,Flood,3365; 4145,2,2,official_incident_id,2013
08087,incident:2020030901,2020-01-20 00:00:00+00:00,2023-05-11 00:00:00+00:00,Biological,3436; 4498,2,2,official_incident_id,2020
08089,incident:2020030901,2020-01-20 00:00:00+00:00,2023-05-11 00:00:00+00:00,Biological,3436; 4498,2,2,official_incident_id,2020
08091,incident:2020030901,2020-01-20 00:00:00+00:00,2023-05-11 00:00:00+00:00,Biological,3436; 4498,2,2,official_incident_id,2020
08093,incident:2020030901,2020-01-20 00:00:00+00:00,2023-05-11 00:00:00+00:00,Biological,3436; 4498,2,2,official_incident_id,2020
08095,incident:2020030901,2020-01-20 00:00:00+00:00,2023-05-11 00:00:00+00:00,Biological,3436; 4498,2,2,official_incident_id,2020
08097,incident:2020030901,2020-01-20 00:00:00+00:00,2023-05-11 00:00:00+00:00,Biological,3436; 4498,2,2,official_incident_id,2020
08099,incident:2020030901,2020-01-20 00:00:00+00:00,2023-05-11 00:00:00+00:00,Biological,3436; 4498,2,2,official_incident_id,2020
08101,incident:2020030901,2020-01-20 00:00:00+00:00,2023-05-11 00:00:00+00:00,Biological,3436; 4498,2,2,official_incident_id,2020
08103,incident:2020030901,2020-01-20 00:00:00+00:00,2023-05-11 00:00:00+00:00,Biological,3436; 4498,2,2,official_incident_id,2020
08105,incident:2020030901,2020-01-20 00:00:00+00:00,2023-05-11 00:00:00+00:00,Biological,3436; 4498,2,2,official_incident_id,2020
08107,incident:2020030901,2020-01-20 00:00:00+00:00,2023-05-11 00:00:00+00:00,Biological,3436; 4498,2,2,official_incident_id,2020
08109,incident:2020030901,2020-01-20 00:00:00+00:00,2023-05-11 00:00:00+00:00,Biological,3436; 4498,2,2,official_incident_id,2020
08111,incident:2020030901,2020-01-20 00:00:00+00:00,2023-05-11 00:00:00+00:00,Biological,3436; 4498,2,2,official_incident_id,2020
08113,incident:2020030901,2020-01-20 00:00:00+00:00,2023-05-11 00:00:00+00:00,Biological,3436; 4498,2,2,official_incident_id,2020
08115,incident:2020030901,2020-01-20 00:00:00+00:00,2023-05-11 00:00:00+00:00,Biological,3436; 4498,2,2,official_incident_id,2020
08117,incident:2020030901,2020-01-20 00:00:00+00:00,2023-05-11 00:00:00+00:00,Biological,3436; 4498,2,2,official_incident_id,2020
08119,incident:2020030901,2020-01-20 00:00:00+00:00,2023-05-11 00:00:00+00:00,Biological,3436; 4498,2,2,official_incident_id,2020
08121,incident:2013091201,2013-09-11 00:00:00+00:00,2013-09-30 00:00:00+00:00,Flood,3365; 4145,2,2,official_incident_id,2013
08121,incident:2020030901,2020-01-20 00:00:00+00:00,2023-05-11 00:00:00+00:00,Biological,3436; 4498,2,2,official_incident_id,2020
08123,incident:2013091201,2013-09-11 00:00:00+00:00,2013-09-30 00:00:00+00:00,Flood,3365; 4145,2,2,official_incident_id,2013
08123,incident:2020030901,2020-01-20 00:00:00+00:00,2023-05-11 00:00:00+00:00,Biological,3436; 4498,2,2,official_incident_id,2020
08125,incident:2020030901,2020-01-20 00:00:00+00:00,2023-05-11 00:00:00+00:00,Biological,3436; 4498,2,2,official_incident_id,2020
09000,incident:2011082401,2011-08-26 00:00:00+00:00,2011-09-01 00:00:00+00:00,Hurricane,3331; 4023,2,16,official_incident_id,2011
09000,incident:2011103101,2011-10-29 00:00:00+00:00,2011-10-30 00:00:00+00:00,Severe Storm,3342; 4046,2,15,official_incident_id,2011
09000,incident:2012102505,2012-10-27 00:00:00+00:00,2012-11-08 00:00:00+00:00,Hurricane,3353; 4087,2,16,official_incident_id,2012
09000,incident:2013020801,2013-02-08 00:00:00+00:00,2013-02-11 00:00:00+00:00,Severe Storm,3361; 4106,2,18,official_incident_id,2013
09000,incident:2020030901,2020-01-20 00:00:00+00:00,2023-05-11 00:00:00+00:00,Biological,3439; 4500,2,21,official_incident_id,2020
09000,incident:2020072601,2020-08-04 00:00:00+00:00,2020-08-04 00:00:00+00:00,Hurricane,3535; 4580,2,20,official_incident_id,2020
09000,incident:2024081901,2024-08-18 00:00:00+00:00,2024-08-19 00:00:00+00:00,Severe Storm,3612; 4820,2,6,official_incident_id,2024
10001,incident:2011082201,2011-08-25 00:00:00+00:00,2011-08-31 00:00:00+00:00,Hurricane,3336; 4037,2,2,official_incident_id,2011
10001,incident:2012102505,2012-10-27 00:00:00+00:00,2012-11-08 00:00:00+00:00,Hurricane,3357; 4090,2,2,official_incident_id,2012
10001,incident:2020030901,2020-01-20 00:00:00+00:00,2023-05-11 00:00:00+00:00,Biological,3449; 4526,2,2,official_incident_id,2020
10003,incident:2012102505,2012-10-27 00:00:00+00:00,2012-11-08 00:00:00+00:00,Hurricane,3357; 4090,2,2,official_incident_id,2012
10003,incident:2020030901,2020-01-20 00:00:00+00:00,2023-05-11 00:00:00+00:00,Biological,3449; 4526,2,2,official_incident_id,2020
10005,incident:2011082201,2011-08-25 00:00:00+00:00,2011-08-31 00:00:00+00:00,Hurricane,3336; 4037,2,2,official_incident_id,2011
10005,incident:2012102505,2012-10-27 00:00:00+00:00,2012-11-08 00:00:00+00:00,Hurricane,3357; 4090,2,2,official_incident_id,2012
10005,incident:2020030901,2020-01-20 00:00:00+00:00,2023-05-11 00:00:00+00:00,Biological,3449; 4526,2,2,official_incident_id,2020
11001,incident:2011082201,2011-08-26 00:00:00+00:00,2011-09-01 00:00:00+00:00,Hurricane,3337; 4036,2,2,official_incident_id,2011
11001,incident:2012102505,2012-10-26 00:00:00+00:00,2012-10-31 00:00:00+00:00,Hurricane,3352; 4096,2,2,official_incident_id,2012
11001,incident:2020030901,2020-01-20 00:00:00+00:00,2023-05-11 00:00:00+00:00,Biological,3447; 4502,2,2,official_incident_id,2020
12001,incident:2017083101,2017-09-04 00:00:00+00:00,2017-10-18 00:00:00+00:00,Hurricane,3385; 4337,2,2,official_incident_id,2017
12001,incident:2020030901,2020-01-20 00:00:00+00:00,2023-05-11 00:00:00+00:00,Biological,3432; 4486,2,2,official_incident_id,2020
12001,incident:2022092201,2022-09-23 00:00:00+00:00,2022-11-04 00:00:00+00:00,Hurricane,3584; 4673,2,2,official_incident_id,2022
12001,incident:2022110701,2022-11-07 00:00:00+00:00,2022-11-30 00:00:00+00:00,Hurricane; Tropical Storm,3587; 4680,2,2,official_incident_id,2022
12001,incident:2023082403,2023-08-27 00:00:00+00:00,2023-09-04 00:00:00+00:00,Hurricane; Tropical Storm,3596; 4734,2,2,official_incident_id,2023
12001,incident:2024072801,2024-08-01 00:00:00+00:00,2024-08-27 00:00:00+00:00,Tropical Storm,3605; 4806,2,2,official_incident_id,2024
12001,incident:2024092301,2024-09-23 00:00:00+00:00,2024-10-07 00:00:00+00:00,Hurricane; Tropical Storm,3615; 4828,2,2,official_incident_id,2024
12001,incident:2024100501,2024-10-05 00:00:00+00:00,2024-11-02 00:00:00+00:00,Hurricane,3622; 4834,2,2,official_incident_id,2024
12003,incident:2017083101,2017-09-04 00:00:00+00:00,2017-10-18 00:00:00+00:00,Hurricane,3385; 4337,2,2,official_incident_id,2017
12003,incident:2020030901,2020-01-20 00:00:00+00:00,2023-05-11 00:00:00+00:00,Biological,3432; 4486,2,2,official_incident_id,2020
12003,incident:2022092201,2022-09-23 00:00:00+00:00,2022-11-04 00:00:00+00:00,Hurricane,3584; 4673,2,2,official_incident_id,2022
12003,incident:2023082403,2023-08-27 00:00:00+00:00,2023-09-04 00:00:00+00:00,Hurricane; Tropical Storm,3596; 4734,2,2,official_incident_id,2023
12003,incident:2024072801,2024-08-01 00:00:00+00:00,2024-08-27 00:00:00+00:00,Tropical Storm,3605; 4806,2,2,official_incident_id,2024
12003,incident:2024100501,2024-10-05 00:00:00+00:00,2024-11-02 00:00:00+00:00,Hurricane,3622; 4834,2,2,official_incident_id,2024
12005,incident:2017083101,2017-09-04 00:00:00+00:00,2017-10-18 00:00:00+00:00,Hurricane,3385; 4337,2,2,official_incident_id,2017
12005,incident:2018100601,2018-10-07 00:00:00+00:00,2018-10-19 00:00:00+00:00,Hurricane,3405; 4399,2,2,official_incident_id,2018
12005,incident:2020030901,2020-01-20 00:00:00+00:00,2023-05-11 00:00:00+00:00,Biological,3432; 4486,2,2,official_incident_id,2020
12005,incident:2020091301,2020-09-14 00:00:00+00:00,2020-09-28 00:00:00+00:00,Hurricane,3546; 4564,2,2,official_incident_id,2020
12005,incident:2022092201,2022-09-23 00:00:00+00:00,2022-11-04 00:00:00+00:00,Hurricane,3584; 4673,2,2,official_incident_id,2022
12005,incident:2023082403,2023-08-27 00:00:00+00:00,2023-09-04 00:00:00+00:00,Hurricane; Tropical Storm,3596; 4734,2,2,official_incident_id,2023
12005,incident:2024072801,2024-08-01 00:00:00+00:00,2024-08-27 00:00:00+00:00,Tropical Storm,3605; 4806,2,2,official_incident_id,2024
12005,incident:2024092301,2024-09-23 00:00:00+00:00,2024-10-07 00:00:00+00:00,Hurricane; Tropical Storm,3615; 4828,2,2,official_incident_id,2024
12007,incident:2017083101,2017-09-04 00:00:00+00:00,2017-10-18 00:00:00+00:00,Hurricane,3385; 4337,2,2,official_incident_id,2017
12007,incident:2020030901,2020-01-20 00:00:00+00:00,2023-05-11 00:00:00+00:00,Biological,3432; 4486,2,2,official_incident_id,2020
12007,incident:2022092201,2022-09-23 00:00:00+00:00,2022-11-04 00:00:00+00:00,Hurricane,3584; 4673,2,2,official_incident_id,2022
12007,incident:2022110701,2022-11-07 00:00:00+00:00,2022-11-30 00:00:00+00:00,Hurricane; Tropical Storm,3587; 4680,2,2,official_incident_id,2022
12007,incident:2023082403,2023-08-27 00:00:00+00:00,2023-09-04 00:00:00+00:00,Hurricane; Tropical Storm,3596; 4734,2,2,official_incident_id,2023
12007,incident:2024072801,2024-08-01 00:00:00+00:00,2024-08-27 00:00:00+00:00,Tropical Storm,3605; 4806,2,2,official_incident_id,2024
12007,incident:2024092301,2024-09-23 00:00:00+00:00,2024-10-07 00:00:00+00:00,Hurricane; Tropical Storm,3615; 4828,2,2,official_incident_id,2024
12007,incident:2024100501,2024-10-05 00:00:00+00:00,2024-11-02 00:00:00+00:00,Hurricane,3622; 4834,2,2,official_incident_id,2024
12009,incident:2016092802,2016-10-03 00:00:00+00:00,2016-10-19 00:00:00+00:00,Hurricane,3377; 4283,2,2,official_incident_id,2016
12009,incident:2017083101,2017-09-04 00:00:00+00:00,2017-10-18 00:00:00+00:00,Hurricane,3385; 4337,2,2,official_incident_id,2017
12009,incident:2019082401,2019-08-28 00:00:00+00:00,2019-09-09 00:00:00+00:00,Hurricane,3419; 4468,2,2,official_incident_id,2019
12009,incident:2020030901,2020-01-20 00:00:00+00:00,2023-05-11 00:00:00+00:00,Biological,3432; 4486,2,2,official_incident_id,2020
12009,incident:2022092201,2022-09-23 00:00:00+00:00,2022-11-04 00:00:00+00:00,Hurricane,3584; 4673,2,2,official_incident_id,2022
12009,incident:2022110701,2022-11-07 00:00:00+00:00,2022-11-30 00:00:00+00:00,Hurricane; Tropical Storm,3587; 4680,2,2,official_incident_id,2022
12009,incident:2023082403,2023-08-27 00:00:00+00:00,2023-09-04 00:00:00+00:00,Hurricane; Tropical Storm,3596; 4734,2,2,official_incident_id,2023
12009,incident:2024072801,2024-08-01 00:00:00+00:00,2024-08-27 00:00:00+00:00,Tropical Storm,3605; 4806,2,2,official_incident_id,2024
12009,incident:2024100501,2024-10-05 00:00:00+00:00,2024-11-02 00:00:00+00:00,Hurricane,3622; 4834,2,2,official_incident_id,2024
12011,incident:2016092802,2016-10-03 00:00:00+00:00,2016-10-19 00:00:00+00:00,Hurricane,3377; 4283,2,2,official_incident_id,2016
12011,incident:2017083101,2017-09-04 00:00:00+00:00,2017-10-18 00:00:00+00:00,Hurricane,3385; 3388; 4337; 4341,4,5,official_incident_id,2017
12011,incident:2019082401,2019-08-28 00:00:00+00:00,2019-09-09 00:00:00+00:00,Hurricane,3419; 3420; 4468,3,4,official_incident_id,2019
12011,incident:2020030901,2020-01-20 00:00:00+00:00,2023-05-11 00:00:00+00:00,Biological,3432; 3468; 4486; 4545,4,6,official_incident_id,2020
12011,incident:2022092201,2022-09-23 00:00:00+00:00,2022-11-04 00:00:00+00:00,Hurricane,3584; 4673; 4675,3,5,official_incident_id,2022
12011,incident:2022110701,2022-11-07 00:00:00+00:00,2022-11-30 00:00:00+00:00,Hurricane; Tropical Storm,3587; 3588; 4680,3,4,official_incident_id,2022
12011,incident:2024100501,2024-10-05 00:00:00+00:00,2024-11-02 00:00:00+00:00,Hurricane,3622; 3623; 4834; 4844,4,6,official_incident_id,2024
12013,incident:2017083101,2017-09-04 00:00:00+00:00,2017-10-18 00:00:00+00:00,Hurricane,3385; 4337,2,2,official_incident_id,2017
12013,incident:2018100601,2018-10-07 00:00:00+00:00,2018-10-19 00:00:00+00:00,Hurricane,3405; 4399,2,2,official_incident_id,2018
12013,incident:2020030901,2020-01-20 00:00:00+00:00,2023-05-11 00:00:00+00:00,Biological,3432; 4486,2,2,official_incident_id,2020
12013,incident:2020091301,2020-09-14 00:00:00+00:00,2020-09-28 00:00:00+00:00,Hurricane,3546; 4564,2,2,official_incident_id,2020
12013,incident:2022092201,2022-09-23 00:00:00+00:00,2022-11-04 00:00:00+00:00,Hurricane,3584; 4673,2,2,official_incident_id,2022
12013,incident:2023082403,2023-08-27 00:00:00+00:00,2023-09-04 00:00:00+00:00,Hurricane; Tropical Storm,3596; 4734,2,2,official_incident_id,2023
12013,incident:2024072801,2024-08-01 00:00:00+00:00,2024-08-27 00:00:00+00:00,Tropical Storm,3605; 4806,2,2,official_incident_id,2024
12013,incident:2024092301,2024-09-23 00:00:00+00:00,2024-10-07 00:00:00+00:00,Hurricane; Tropical Storm,3615; 4828,2,2,official_incident_id,2024
12015,incident:2017083101,2017-09-04 00:00:00+00:00,2017-10-18 00:00:00+00:00,Hurricane,3385; 4337,2,2,official_incident_id,2017
12015,incident:2020030901,2020-01-20 00:00:00+00:00,2023-05-11 00:00:00+00:00,Biological,3432; 4486,2,2,official_incident_id,2020
12015,incident:2022092201,2022-09-23 00:00:00+00:00,2022-11-04 00:00:00+00:00,Hurricane,3584; 4673,2,2,official_incident_id,2022
12015,incident:2022110701,2022-11-07 00:00:00+00:00,2022-11-30 00:00:00+00:00,Hurricane; Tropical Storm,3587; 4680,2,2,official_incident_id,2022
12015,incident:2023082403,2023-08-27 00:00:00+00:00,2023-09-04 00:00:00+00:00,Hurricane; Tropical Storm,3596; 4734,2,2,official_incident_id,2023
12015,incident:2024072801,2024-08-01 00:00:00+00:00,2024-08-27 00:00:00+00:00,Tropical Storm,3605; 4806,2,2,official_incident_id,2024
12015,incident:2024092301,2024-09-23 00:00:00+00:00,2024-10-07 00:00:00+00:00,Hurricane; Tropical Storm,3615; 4828,2,2,official_incident_id,2024
12015,incident:2024100501,2024-10-05 00:00:00+00:00,2024-11-02 00:00:00+00:00,Hurricane,3622; 4834,2,2,official_incident_id,2024
12017,incident:2017083101,2017-09-04 00:00:00+00:00,2017-10-18 00:00:00+00:00,Hurricane,3385; 4337,2,2,official_incident_id,2017
12017,incident:2020030901,2020-01-20 00:00:00+00:00,2023-05-11 00:00:00+00:00,Biological,3432; 4486,2,2,official_incident_id,2020
12017,incident:2022092201,2022-09-23 00:00:00+00:00,2022-11-04 00:00:00+00:00,Hurricane,3584; 4673,2,2,official_incident_id,2022
12017,incident:2022110701,2022-11-07 00:00:00+00:00,2022-11-30 00:00:00+00:00,Hurricane; Tropical Storm,3587; 4680,2,2,official_incident_id,2022
12017,incident:2023082403,2023-08-27 00:00:00+00:00,2023-09-04 00:00:00+00:00,Hurricane; Tropical Storm,3596; 4734,2,2,official_incident_id,2023
12017,incident:2024072801,2024-08-01 00:00:00+00:00,2024-08-27 00:00:00+00:00,Tropical Storm,3605; 4806,2,2,official_incident_id,2024
12017,incident:2024092301,2024-09-23 00:00:00+00:00,2024-10-07 00:00:00+00:00,Hurricane; Tropical Storm,3615; 4828,2,2,official_incident_id,2024
12017,incident:2024100501,2024-10-05 00:00:00+00:00,2024-11-02 00:00:00+00:00,Hurricane,3622; 4834,2,2,official_incident_id,2024
12019,incident:2016092802,2016-10-03 00:00:00+00:00,2016-10-19 00:00:00+00:00,Hurricane,3377; 4283,2,2,official_incident_id,2016
12019,incident:2017083101,2017-09-04 00:00:00+00:00,2017-10-18 00:00:00+00:00,Hurricane,3385; 4337,2,2,official_incident_id,2017
12019,incident:2020030901,2020-01-20 00:00:00+00:00,2023-05-11 00:00:00+00:00,Biological,3432; 4486,2,2,official_incident_id,2020
12019,incident:2022092201,2022-09-23 00:00:00+00:00,2022-11-04 00:00:00+00:00,Hurricane,3584; 4673,2,2,official_incident_id,2022
12019,incident:2022110701,2022-11-07 00:00:00+00:00,2022-11-30 00:00:00+00:00,Hurricane; Tropical Storm,3587; 4680,2,2,official_incident_id,2022
12019,incident:2023082403,2023-08-27 00:00:00+00:00,2023-09-04 00:00:00+00:00,Hurricane; Tropical Storm,3596; 4734,2,2,official_incident_id,2023
12019,incident:2024072801,2024-08-01 00:00:00+00:00,2024-08-27 00:00:00+00:00,Tropical Storm,3605; 4806,2,2,official_incident_id,2024
12019,incident:2024100501,2024-10-05 00:00:00+00:00,2024-11-02 00:00:00+00:00,Hurricane,3622; 4834,2,2,official_incident_id,2024
12021,incident:2017083101,2017-09-04 00:00:00+00:00,2017-10-18 00:00:00+00:00,Hurricane,3385; 4337; 4341,3,3,official_incident_id,2017
12021,incident:2019082401,2019-08-28 00:00:00+00:00,2019-09-09 00:00:00+00:00,Hurricane,3419; 3420,2,2,official_incident_id,2019
12021,incident:2020030901,2020-01-20 00:00:00+00:00,2023-05-11 00:00:00+00:00,Biological,3432; 3468; 4486; 4545,4,4,official_incident_id,2020
12021,incident:2022092201,2022-09-23 00:00:00+00:00,2022-11-04 00:00:00+00:00,Hurricane,3584; 4673; 4675,3,3,official_incident_id,2022
12021,incident:2022110701,2022-11-07 00:00:00+00:00,2022-11-30 00:00:00+00:00,Hurricane; Tropical Storm,3587; 3588; 4680,3,3,official_incident_id,2022
12021,incident:2023082403,2023-08-27 00:00:00+00:00,2023-09-04 00:00:00+00:00,Hurricane; Tropical Storm,3596; 4734,2,2,official_incident_id,2023
12021,incident:2024072801,2024-08-01 00:00:00+00:00,2024-08-27 00:00:00+00:00,Tropical Storm,3605; 4806,2,2,official_incident_id,2024
12021,incident:2024092301,2024-09-23 00:00:00+00:00,2024-10-07 00:00:00+00:00,Hurricane; Tropical Storm,3615; 4828,2,2,official_incident_id,2024
12021,incident:2024100501,2024-10-05 00:00:00+00:00,2024-11-02 00:00:00+00:00,Hurricane,3622; 3623; 4834; 4844,4,4,official_incident_id,2024
12023,incident:2017083101,2017-09-04 00:00:00+00:00,2017-10-18 00:00:00+00:00,Hurricane,3385; 4337,2,2,official_incident_id,2017
12023,incident:2020030901,2020-01-20 00:00:00+00:00,2023-05-11 00:00:00+00:00,Biological,3432; 4486,2,2,official_incident_id,2020
12023,incident:2022092201,2022-09-23 00:00:00+00:00,2022-11-04 00:00:00+00:00,Hurricane,3584; 4673,2,2,official_incident_id,2022
12023,incident:2023082403,2023-08-27 00:00:00+00:00,2023-09-04 00:00:00+00:00,Hurricane; Tropical Storm,3596; 4734,2,2,official_incident_id,2023
12023,incident:2024072801,2024-08-01 00:00:00+00:00,2024-08-27 00:00:00+00:00,Tropical Storm,3605; 4806,2,2,official_incident_id,2024
12023,incident:2024092301,2024-09-23 00:00:00+00:00,2024-10-07 00:00:00+00:00,Hurricane; Tropical Storm,3615; 4828,2,2,official_incident_id,2024
12023,incident:2024100501,2024-10-05 00:00:00+00:00,2024-11-02 00:00:00+00:00,Hurricane,3622; 4834,2,2,official_incident_id,2024
12027,incident:2017083101,2017-09-04 00:00:00+00:00,2017-10-18 00:00:00+00:00,Hurricane,3385; 4337,2,2,official_incident_id,2017
12027,incident:2020030901,2020-01-20 00:00:00+00:00,2023-05-11 00:00:00+00:00,Biological,3432; 4486,2,2,official_incident_id,2020
12027,incident:2022092201,2022-09-23 00:00:00+00:00,2022-11-04 00:00:00+00:00,Hurricane,3584; 4673,2,2,official_incident_id,2022
12027,incident:2022110701,2022-11-07 00:00:00+00:00,2022-11-30 00:00:00+00:00,Hurricane; Tropical Storm,3587; 4680,2,2,official_incident_id,2022
12027,incident:2023082403,2023-08-27 00:00:00+00:00,2023-09-04 00:00:00+00:00,Hurricane; Tropical Storm,3596; 4734,2,2,official_incident_id,2023
12027,incident:2024072801,2024-08-01 00:00:00+00:00,2024-08-27 00:00:00+00:00,Tropical Storm,3605; 4806,2,2,official_incident_id,2024
12027,incident:2024100501,2024-10-05 00:00:00+00:00,2024-11-02 00:00:00+00:00,Hurricane,3622; 4834,2,2,official_incident_id,2024
12029,incident:2017083101,2017-09-04 00:00:00+00:00,2017-10-18 00:00:00+00:00,Hurricane,3385; 4337,2,2,official_incident_id,2017
12029,incident:2020030901,2020-01-20 00:00:00+00:00,2023-05-11 00:00:00+00:00,Biological,3432; 4486,2,2,official_incident_id,2020
12029,incident:2022092201,2022-09-23 00:00:00+00:00,2022-11-04 00:00:00+00:00,Hurricane,3584; 4673,2,2,official_incident_id,2022
12029,incident:2022110701,2022-11-07 00:00:00+00:00,2022-11-30 00:00:00+00:00,Hurricane; Tropical Storm,3587; 4680,2,2,official_incident_id,2022
12029,incident:2023082403,2023-08-27 00:00:00+00:00,2023-09-04 00:00:00+00:00,Hurricane; Tropical Storm,3596; 4734,2,2,official_incident_id,2023
12029,incident:2024072801,2024-08-01 00:00:00+00:00,2024-08-27 00:00:00+00:00,Tropical Storm,3605; 4806,2,2,official_incident_id,2024
12029,incident:2024092301,2024-09-23 00:00:00+00:00,2024-10-07 00:00:00+00:00,Hurricane; Tropical Storm,3615; 4828,2,2,official_incident_id,2024
12029,incident:2024100501,2024-10-05 00:00:00+00:00,2024-11-02 00:00:00+00:00,Hurricane,3622; 4834,2,2,official_incident_id,2024
12031,incident:2016092802,2016-10-03 00:00:00+00:00,2016-10-19 00:00:00+00:00,Hurricane,3377; 4283,2,2,official_incident_id,2016
12031,incident:2017083101,2017-09-04 00:00:00+00:00,2017-10-18 00:00:00+00:00,Hurricane,3385; 4337,2,2,official_incident_id,2017
12031,incident:2019082401,2019-08-28 00:00:00+00:00,2019-09-09 00:00:00+00:00,Hurricane,3419; 4468,2,2,official_incident_id,2019
12031,incident:2020030901,2020-01-20 00:00:00+00:00,2023-05-11 00:00:00+00:00,Biological,3432; 4486,2,2,official_incident_id,2020
12031,incident:2022092201,2022-09-23 00:00:00+00:00,2022-11-04 00:00:00+00:00,Hurricane,3584; 4673,2,2,official_incident_id,2022
12031,incident:2022110701,2022-11-07 00:00:00+00:00,2022-11-30 00:00:00+00:00,Hurricane; Tropical Storm,3587; 4680,2,2,official_incident_id,2022
12031,incident:2023082403,2023-08-27 00:00:00+00:00,2023-09-04 00:00:00+00:00,Hurricane; Tropical Storm,3596; 4734,2,2,official_incident_id,2023
12031,incident:2024072801,2024-08-01 00:00:00+00:00,2024-08-27 00:00:00+00:00,Tropical Storm,3605; 4806,2,2,official_incident_id,2024
12031,incident:2024100501,2024-10-05 00:00:00+00:00,2024-11-02 00:00:00+00:00,Hurricane,3622; 4834,2,2,official_incident_id,2024
12033,incident:2017083101,2017-09-04 00:00:00+00:00,2017-10-18 00:00:00+00:00,Hurricane,3385; 4337,2,2,official_incident_id,2017
12033,incident:2020030901,2020-01-20 00:00:00+00:00,2023-05-11 00:00:00+00:00,Biological,3432; 4486,2,2,official_incident_id,2020
12033,incident:2020091301,2020-09-14 00:00:00+00:00,2020-09-28 00:00:00+00:00,Hurricane,3546; 4564,2,2,official_incident_id,2020
12033,incident:2022092201,2022-09-23 00:00:00+00:00,2022-11-04 00:00:00+00:00,Hurricane,3584; 4673,2,2,official_incident_id,2022
12033,incident:2024072801,2024-08-01 00:00:00+00:00,2024-08-27 00:00:00+00:00,Tropical Storm,3605; 4806,2,2,official_incident_id,2024
12033,incident:2024092301,2024-09-23 00:00:00+00:00,2024-10-07 00:00:00+00:00,Hurricane; Tropical Storm,3615; 4828,2,2,official_incident_id,2024
12035,incident:2016092802,2016-10-03 00:00:00+00:00,2016-10-19 00:00:00+00:00,Hurricane,3377; 4283,2,2,official_incident_id,2016
12035,incident:2017083101,2017-09-04 00:00:00+00:00,2017-10-18 00:00:00+00:00,Hurricane,3385; 4337,2,2,official_incident_id,2017
12035,incident:2019082401,2019-08-28 00:00:00+00:00,2019-09-09 00:00:00+00:00,Hurricane,3419; 4468,2,2,official_incident_id,2019
12035,incident:2020030901,2020-01-20 00:00:00+00:00,2023-05-11 00:00:00+00:00,Biological,3432; 4486,2,2,official_incident_id,2020
12035,incident:2022092201,2022-09-23 00:00:00+00:00,2022-11-04 00:00:00+00:00,Hurricane,3584; 4673,2,2,official_incident_id,2022
12035,incident:2022110701,2022-11-07 00:00:00+00:00,2022-11-30 00:00:00+00:00,Hurricane; Tropical Storm,3587; 4680,2,2,official_incident_id,2022
12035,incident:2023082403,2023-08-27 00:00:00+00:00,2023-09-04 00:00:00+00:00,Hurricane; Tropical Storm,3596; 4734,2,2,official_incident_id,2023
12035,incident:2024072801,2024-08-01 00:00:00+00:00,2024-08-27 00:00:00+00:00,Tropical Storm,3605; 4806,2,2,official_incident_id,2024
12035,incident:2024100501,2024-10-05 00:00:00+00:00,2024-11-02 00:00:00+00:00,Hurricane,3622; 4834,2,2,official_incident_id,2024
12037,incident:2017083101,2017-09-04 00:00:00+00:00,2017-10-18 00:00:00+00:00,Hurricane,3385; 4337,2,2,official_incident_id,2017
12037,incident:2018100601,2018-10-07 00:00:00+00:00,2018-10-19 00:00:00+00:00,Hurricane,3405; 4399,2,2,official_incident_id,2018
12037,incident:2020030901,2020-01-20 00:00:00+00:00,2023-05-11 00:00:00+00:00,Biological,3432; 4486,2,2,official_incident_id,2020
12037,incident:2020091301,2020-09-14 00:00:00+00:00,2020-09-28 00:00:00+00:00,Hurricane,3546; 4564,2,2,official_incident_id,2020
12037,incident:2022092201,2022-09-23 00:00:00+00:00,2022-11-04 00:00:00+00:00,Hurricane,3584; 4673,2,2,official_incident_id,2022
12037,incident:2023082403,2023-08-27 00:00:00+00:00,2023-09-04 00:00:00+00:00,Hurricane; Tropical Storm,3596; 4734,2,2,official_incident_id,2023
12037,incident:2024072801,2024-08-01 00:00:00+00:00,2024-08-27 00:00:00+00:00,Tropical Storm,3605; 4806,2,2,official_incident_id,2024
12037,incident:2024092301,2024-09-23 00:00:00+00:00,2024-10-07 00:00:00+00:00,Hurricane; Tropical Storm,3615; 4828,2,2,official_incident_id,2024
12039,incident:2017083101,2017-09-04 00:00:00+00:00,2017-10-18 00:00:00+00:00,Hurricane,3385; 4337,2,2,official_incident_id,2017
12039,incident:2018100601,2018-10-07 00:00:00+00:00,2018-10-19 00:00:00+00:00,Hurricane,3405; 4399,2,2,official_incident_id,2018
12039,incident:2020030901,2020-01-20 00:00:00+00:00,2023-05-11 00:00:00+00:00,Biological,3432; 4486,2,2,official_incident_id,2020
12039,incident:2020091301,2020-09-14 00:00:00+00:00,2020-09-28 00:00:00+00:00,Hurricane,3546; 4564,2,2,official_incident_id,2020
12039,incident:2022092201,2022-09-23 00:00:00+00:00,2022-11-04 00:00:00+00:00,Hurricane,3584; 4673,2,2,official_incident_id,2022
12039,incident:2023082403,2023-08-27 00:00:00+00:00,2023-09-04 00:00:00+00:00,Hurricane; Tropical Storm,3596; 4734,2,2,official_incident_id,2023
12039,incident:2024072801,2024-08-01 00:00:00+00:00,2024-08-27 00:00:00+00:00,Tropical Storm,3605; 4806,2,2,official_incident_id,2024
12039,incident:2024092301,2024-09-23 00:00:00+00:00,2024-10-07 00:00:00+00:00,Hurricane; Tropical Storm,3615; 4828,2,2,official_incident_id,2024
12041,incident:2017083101,2017-09-04 00:00:00+00:00,2017-10-18 00:00:00+00:00,Hurricane,3385; 4337,2,2,official_incident_id,2017
12041,incident:2020030901,2020-01-20 00:00:00+00:00,2023-05-11 00:00:00+00:00,Biological,3432; 4486,2,2,official_incident_id,2020
12041,incident:2022092201,2022-09-23 00:00:00+00:00,2022-11-04 00:00:00+00:00,Hurricane,3584; 4673,2,2,official_incident_id,2022
12041,incident:2022110701,2022-11-07 00:00:00+00:00,2022-11-30 00:00:00+00:00,Hurricane; Tropical Storm,3587; 4680,2,2,official_incident_id,2022
12041,incident:2023082403,2023-08-27 00:00:00+00:00,2023-09-04 00:00:00+00:00,Hurricane; Tropical Storm,3596; 4734,2,2,official_incident_id,2023
12041,incident:2024072801,2024-08-01 00:00:00+00:00,2024-08-27 00:00:00+00:00,Tropical Storm,3605; 4806,2,2,official_incident_id,2024
12041,incident:2024092301,2024-09-23 00:00:00+00:00,2024-10-07 00:00:00+00:00,Hurricane; Tropical Storm,3615; 4828,2,2,official_incident_id,2024
12041,incident:2024100501,2024-10-05 00:00:00+00:00,2024-11-02 00:00:00+00:00,Hurricane,3622; 4834,2,2,official_incident_id,2024
12043,incident:2017083101,2017-09-04 00:00:00+00:00,2017-10-18 00:00:00+00:00,Hurricane,3385; 4337; 4341,3,3,official_incident_id,2017
12043,incident:2019082401,2019-08-28 00:00:00+00:00,2019-09-09 00:00:00+00:00,Hurricane,3419; 3420,2,2,official_incident_id,2019
12043,incident:2020030901,2020-01-20 00:00:00+00:00,2023-05-11 00:00:00+00:00,Biological,3432; 3468; 4486; 4545,4,4,official_incident_id,2020
12043,incident:2022092201,2022-09-23 00:00:00+00:00,2022-11-04 00:00:00+00:00,Hurricane,3584; 4673; 4675,3,3,official_incident_id,2022
12043,incident:2022110701,2022-11-07 00:00:00+00:00,2022-11-30 00:00:00+00:00,Hurricane; Tropical Storm,3587; 3588; 4680,3,3,official_incident_id,2022
12043,incident:2024072801,2024-08-01 00:00:00+00:00,2024-08-27 00:00:00+00:00,Tropical Storm,3605; 4806,2,2,official_incident_id,2024
12043,incident:2024100501,2024-10-05 00:00:00+00:00,2024-11-02 00:00:00+00:00,Hurricane,3622; 3623; 4834; 4844,4,4,official_incident_id,2024
12045,incident:2017083101,2017-09-04 00:00:00+00:00,2017-10-18 00:00:00+00:00,Hurricane,3385; 4337,2,2,official_incident_id,2017
12045,incident:2018100601,2018-10-07 00:00:00+00:00,2018-10-19 00:00:00+00:00,Hurricane,3405; 4399,2,2,official_incident_id,2018
12045,incident:2020030901,2020-01-20 00:00:00+00:00,2023-05-11 00:00:00+00:00,Biological,3432; 4486,2,2,official_incident_id,2020
12045,incident:2020091301,2020-09-14 00:00:00+00:00,2020-09-28 00:00:00+00:00,Hurricane,3546; 4564,2,2,official_incident_id,2020
12045,incident:2022092201,2022-09-23 00:00:00+00:00,2022-11-04 00:00:00+00:00,Hurricane,3584; 4673,2,2,official_incident_id,2022
12045,incident:2023082403,2023-08-27 00:00:00+00:00,2023-09-04 00:00:00+00:00,Hurricane; Tropical Storm,3596; 4734,2,2,official_incident_id,2023
12045,incident:2024072801,2024-08-01 00:00:00+00:00,2024-08-27 00:00:00+00:00,Tropical Storm,3605; 4806,2,2,official_incident_id,2024
12045,incident:2024092301,2024-09-23 00:00:00+00:00,2024-10-07 00:00:00+00:00,Hurricane; Tropical Storm,3615; 4828,2,2,official_incident_id,2024
12047,incident:2017083101,2017-09-04 00:00:00+00:00,2017-10-18 00:00:00+00:00,Hurricane,3385; 4337,2,2,official_incident_id,2017
12047,incident:2018100601,2018-10-07 00:00:00+00:00,2018-10-19 00:00:00+00:00,Hurricane,3405; 4399,2,2,official_incident_id,2018
12047,incident:2020030901,2020-01-20 00:00:00+00:00,2023-05-11 00:00:00+00:00,Biological,3432; 4486,2,2,official_incident_id,2020
12047,incident:2022092201,2022-09-23 00:00:00+00:00,2022-11-04 00:00:00+00:00,Hurricane,3584; 4673,2,2,official_incident_id,2022
12047,incident:2023082403,2023-08-27 00:00:00+00:00,2023-09-04 00:00:00+00:00,Hurricane; Tropical Storm,3596; 4734,2,2,official_incident_id,2023
12047,incident:2024072801,2024-08-01 00:00:00+00:00,2024-08-27 00:00:00+00:00,Tropical Storm,3605; 4806,2,2,official_incident_id,2024
12047,incident:2024092301,2024-09-23 00:00:00+00:00,2024-10-07 00:00:00+00:00,Hurricane; Tropical Storm,3615; 4828,2,2,official_incident_id,2024
12047,incident:2024100501,2024-10-05 00:00:00+00:00,2024-11-02 00:00:00+00:00,Hurricane,3622; 4834,2,2,official_incident_id,2024
12049,incident:2017083101,2017-09-04 00:00:00+00:00,2017-10-18 00:00:00+00:00,Hurricane,3385; 4337,2,2,official_incident_id,2017
12049,incident:2020030901,2020-01-20 00:00:00+00:00,2023-05-11 00:00:00+00:00,Biological,3432; 4486,2,2,official_incident_id,2020
12049,incident:2022092201,2022-09-23 00:00:00+00:00,2022-11-04 00:00:00+00:00,Hurricane,3584; 4673,2,2,official_incident_id,2022
12049,incident:2022110701,2022-11-07 00:00:00+00:00,2022-11-30 00:00:00+00:00,Hurricane; Tropical Storm,3587; 4680,2,2,official_incident_id,2022
12049,incident:2023082403,2023-08-27 00:00:00+00:00,2023-09-04 00:00:00+00:00,Hurricane; Tropical Storm,3596; 4734,2,2,official_incident_id,2023
12049,incident:2024072801,2024-08-01 00:00:00+00:00,2024-08-27 00:00:00+00:00,Tropical Storm,3605; 4806,2,2,official_incident_id,2024
12049,incident:2024100501,2024-10-05 00:00:00+00:00,2024-11-02 00:00:00+00:00,Hurricane,3622; 4834,2,2,official_incident_id,2024
12051,incident:2017083101,2017-09-04 00:00:00+00:00,2017-10-18 00:00:00+00:00,Hurricane,3385; 4337; 4341,3,3,official_incident_id,2017
12051,incident:2019082401,2019-08-28 00:00:00+00:00,2019-09-09 00:00:00+00:00,Hurricane,3419; 3420,2,2,official_incident_id,2019
12051,incident:2020030901,2020-01-20 00:00:00+00:00,2023-05-11 00:00:00+00:00,Biological,3432; 3468; 4486; 4545,4,4,official_incident_id,2020
12051,incident:2022092201,2022-09-23 00:00:00+00:00,2022-11-04 00:00:00+00:00,Hurricane,3584; 4673; 4675,3,3,official_incident_id,2022
12051,incident:2022110701,2022-11-07 00:00:00+00:00,2022-11-30 00:00:00+00:00,Hurricane; Tropical Storm,3587; 3588; 4680,3,3,official_incident_id,2022
12051,incident:2024072801,2024-08-01 00:00:00+00:00,2024-08-27 00:00:00+00:00,Tropical Storm,3605; 4806,2,2,official_incident_id,2024
12051,incident:2024100501,2024-10-05 00:00:00+00:00,2024-11-02 00:00:00+00:00,Hurricane,3622; 3623; 4834; 4844,4,4,official_incident_id,2024
12053,incident:2017083101,2017-09-04 00:00:00+00:00,2017-10-18 00:00:00+00:00,Hurricane,3385; 4337,2,2,official_incident_id,2017
12053,incident:2020030901,2020-01-20 00:00:00+00:00,2023-05-11 00:00:00+00:00,Biological,3432; 4486,2,2,official_incident_id,2020
12053,incident:2022092201,2022-09-23 00:00:00+00:00,2022-11-04 00:00:00+00:00,Hurricane,3584; 4673,2,2,official_incident_id,2022
12053,incident:2022110701,2022-11-07 00:00:00+00:00,2022-11-30 00:00:00+00:00,Hurricane; Tropical Storm,3587; 4680,2,2,official_incident_id,2022
12053,incident:2023082403,2023-08-27 00:00:00+00:00,2023-09-04 00:00:00+00:00,Hurricane; Tropical Storm,3596; 4734,2,2,official_incident_id,2023
12053,incident:2024072801,2024-08-01 00:00:00+00:00,2024-08-27 00:00:00+00:00,Tropical Storm,3605; 4806,2,2,official_incident_id,2024
12053,incident:2024092301,2024-09-23 00:00:00+00:00,2024-10-07 00:00:00+00:00,Hurricane; Tropical Storm,3615; 4828,2,2,official_incident_id,2024
12053,incident:2024100501,2024-10-05 00:00:00+00:00,2024-11-02 00:00:00+00:00,Hurricane,3622; 4834,2,2,official_incident_id,2024
12055,incident:2017083101,2017-09-04 00:00:00+00:00,2017-10-18 00:00:00+00:00,Hurricane,3385; 4337,2,2,official_incident_id,2017
12055,incident:2020030901,2020-01-20 00:00:00+00:00,2023-05-11 00:00:00+00:00,Biological,3432; 4486,2,2,official_incident_id,2020
12055,incident:2022092201,2022-09-23 00:00:00+00:00,2022-11-04 00:00:00+00:00,Hurricane,3584; 4673,2,2,official_incident_id,2022
12055,incident:2022110701,2022-11-07 00:00:00+00:00,2022-11-30 00:00:00+00:00,Hurricane; Tropical Storm,3587; 4680,2,2,official_incident_id,2022
12055,incident:2024072801,2024-08-01 00:00:00+00:00,2024-08-27 00:00:00+00:00,Tropical Storm,3605; 4806,2,2,official_incident_id,2024
12055,incident:2024100501,2024-10-05 00:00:00+00:00,2024-11-02 00:00:00+00:00,Hurricane,3622; 4834,2,2,official_incident_id,2024
12057,incident:2017083101,2017-09-04 00:00:00+00:00,2017-10-18 00:00:00+00:00,Hurricane,3385; 4337; 4341,3,3,official_incident_id,2017
12057,incident:2019082401,2019-08-28 00:00:00+00:00,2019-09-09 00:00:00+00:00,Hurricane,3419; 3420,2,2,official_incident_id,2019
12057,incident:2020030901,2020-01-20 00:00:00+00:00,2023-05-11 00:00:00+00:00,Biological,3432; 3468; 4486; 4545,4,4,official_incident_id,2020
12057,incident:2022092201,2022-09-23 00:00:00+00:00,2022-11-04 00:00:00+00:00,Hurricane,3584; 4673; 4675,3,3,official_incident_id,2022
12057,incident:2022110701,2022-11-07 00:00:00+00:00,2022-11-30 00:00:00+00:00,Hurricane; Tropical Storm,3587; 3588; 4680,3,3,official_incident_id,2022
12057,incident:2023082403,2023-08-27 00:00:00+00:00,2023-09-04 00:00:00+00:00,Hurricane; Tropical Storm,3596; 4734,2,2,official_incident_id,2023
12057,incident:2024072801,2024-08-01 00:00:00+00:00,2024-08-27 00:00:00+00:00,Tropical Storm,3605; 4806,2,2,official_incident_id,2024
12057,incident:2024092301,2024-09-23 00:00:00+00:00,2024-10-07 00:00:00+00:00,Hurricane; Tropical Storm,3615; 4828,2,2,official_incident_id,2024
12057,incident:2024100501,2024-10-05 00:00:00+00:00,2024-11-02 00:00:00+00:00,Hurricane,3622; 3623; 4834; 4844,4,4,official_incident_id,2024
12059,incident:2017083101,2017-09-04 00:00:00+00:00,2017-10-18 00:00:00+00:00,Hurricane,3385; 4337,2,2,official_incident_id,2017
12059,incident:2018100601,2018-10-07 00:00:00+00:00,2018-10-19 00:00:00+00:00,Hurricane,3405; 4399,2,2,official_incident_id,2018
12059,incident:2020030901,2020-01-20 00:00:00+00:00,2023-05-11 00:00:00+00:00,Biological,3432; 4486,2,2,official_incident_id,2020
12059,incident:2020091301,2020-09-14 00:00:00+00:00,2020-09-28 00:00:00+00:00,Hurricane,3546; 4564,2,2,official_incident_id,2020
12059,incident:2022092201,2022-09-23 00:00:00+00:00,2022-11-04 00:00:00+00:00,Hurricane,3584; 4673,2,2,official_incident_id,2022
12059,incident:2024072801,2024-08-01 00:00:00+00:00,2024-08-27 00:00:00+00:00,Tropical Storm,3605; 4806,2,2,official_incident_id,2024
12059,incident:2024092301,2024-09-23 00:00:00+00:00,2024-10-07 00:00:00+00:00,Hurricane; Tropical Storm,3615; 4828,2,2,official_incident_id,2024
12061,incident:2016092802,2016-10-03 00:00:00+00:00,2016-10-19 00:00:00+00:00,Hurricane,3377; 4283,2,2,official_incident_id,2016
12061,incident:2017083101,2017-09-04 00:00:00+00:00,2017-10-18 00:00:00+00:00,Hurricane,3385; 4337,2,2,official_incident_id,2017
12061,incident:2019082401,2019-08-28 00:00:00+00:00,2019-09-09 00:00:00+00:00,Hurricane,3419; 4468,2,2,official_incident_id,2019
12061,incident:2020030901,2020-01-20 00:00:00+00:00,2023-05-11 00:00:00+00:00,Biological,3432; 4486,2,2,official_incident_id,2020
12061,incident:2022092201,2022-09-23 00:00:00+00:00,2022-11-04 00:00:00+00:00,Hurricane,3584; 4673,2,2,official_incident_id,2022
12061,incident:2022110701,2022-11-07 00:00:00+00:00,2022-11-30 00:00:00+00:00,Hurricane; Tropical Storm,3587; 4680,2,2,official_incident_id,2022
12061,incident:2024100501,2024-10-05 00:00:00+00:00,2024-11-02 00:00:00+00:00,Hurricane,3622; 4834,2,2,official_incident_id,2024
12063,incident:2017083101,2017-09-04 00:00:00+00:00,2017-10-18 00:00:00+00:00,Hurricane,3385; 4337,2,2,official_incident_id,2017
12063,incident:2018100601,2018-10-07 00:00:00+00:00,2018-10-19 00:00:00+00:00,Hurricane,3405; 4399,2,2,official_incident_id,2018
12063,incident:2020030901,2020-01-20 00:00:00+00:00,2023-05-11 00:00:00+00:00,Biological,3432; 4486,2,2,official_incident_id,2020
12063,incident:2020091301,2020-09-14 00:00:00+00:00,2020-09-28 00:00:00+00:00,Hurricane,3546; 4564,2,2,official_incident_id,2020
12063,incident:2022092201,2022-09-23 00:00:00+00:00,2022-11-04 00:00:00+00:00,Hurricane,3584; 4673,2,2,official_incident_id,2022
12063,incident:2024072801,2024-08-01 00:00:00+00:00,2024-08-27 00:00:00+00:00,Tropical Storm,3605; 4806,2,2,official_incident_id,2024
12063,incident:2024092301,2024-09-23 00:00:00+00:00,2024-10-07 00:00:00+00:00,Hurricane; Tropical Storm,3615; 4828,2,2,official_incident_id,2024
12065,incident:2017083101,2017-09-04 00:00:00+00:00,2017-10-18 00:00:00+00:00,Hurricane,3385; 4337,2,2,official_incident_id,2017
12065,incident:2018100601,2018-10-07 00:00:00+00:00,2018-10-19 00:00:00+00:00,Hurricane,3405; 4399,2,2,official_incident_id,2018
12065,incident:2020030901,2020-01-20 00:00:00+00:00,2023-05-11 00:00:00+00:00,Biological,3432; 4486,2,2,official_incident_id,2020
12065,incident:2022092201,2022-09-23 00:00:00+00:00,2022-11-04 00:00:00+00:00,Hurricane,3584; 4673,2,2,official_incident_id,2022
12065,incident:2022110701,2022-11-07 00:00:00+00:00,2022-11-30 00:00:00+00:00,Hurricane; Tropical Storm,3587; 4680,2,2,official_incident_id,2022
12065,incident:2023082403,2023-08-27 00:00:00+00:00,2023-09-04 00:00:00+00:00,Hurricane; Tropical Storm,3596; 4734,2,2,official_incident_id,2023
12065,incident:2024072801,2024-08-01 00:00:00+00:00,2024-08-27 00:00:00+00:00,Tropical Storm,3605; 4806,2,2,official_incident_id,2024
12065,incident:2024092301,2024-09-23 00:00:00+00:00,2024-10-07 00:00:00+00:00,Hurricane; Tropical Storm,3615; 4828,2,2,official_incident_id,2024
12067,incident:2017083101,2017-09-04 00:00:00+00:00,2017-10-18 00:00:00+00:00,Hurricane,3385; 4337,2,2,official_incident_id,2017
12067,incident:2020030901,2020-01-20 00:00:00+00:00,2023-05-11 00:00:00+00:00,Biological,3432; 4486,2,2,official_incident_id,2020
12067,incident:2022092201,2022-09-23 00:00:00+00:00,2022-11-04 00:00:00+00:00,Hurricane,3584; 4673,2,2,official_incident_id,2022
12067,incident:2023082403,2023-08-27 00:00:00+00:00,2023-09-04 00:00:00+00:00,Hurricane; Tropical Storm,3596; 4734,2,2,official_incident_id,2023
12067,incident:2024072801,2024-08-01 00:00:00+00:00,2024-08-27 00:00:00+00:00,Tropical Storm,3605; 4806,2,2,official_incident_id,2024
12067,incident:2024092301,2024-09-23 00:00:00+00:00,2024-10-07 00:00:00+00:00,Hurricane; Tropical Storm,3615; 4828,2,2,official_incident_id,2024
12067,incident:2024100501,2024-10-05 00:00:00+00:00,2024-11-02 00:00:00+00:00,Hurricane,3622; 4834,2,2,official_incident_id,2024
12069,incident:2016092802,2016-10-03 00:00:00+00:00,2016-10-19 00:00:00+00:00,Hurricane,3377; 4283,2,2,official_incident_id,2016
12069,incident:2017083101,2017-09-04 00:00:00+00:00,2017-10-18 00:00:00+00:00,Hurricane,3385; 4337,2,2,official_incident_id,2017
12069,incident:2020030901,2020-01-20 00:00:00+00:00,2023-05-11 00:00:00+00:00,Biological,3432; 4486,2,2,official_incident_id,2020
12069,incident:2022092201,2022-09-23 00:00:00+00:00,2022-11-04 00:00:00+00:00,Hurricane,3584; 4673,2,2,official_incident_id,2022
12069,incident:2022110701,2022-11-07 00:00:00+00:00,2022-11-30 00:00:00+00:00,Hurricane; Tropical Storm,3587; 4680,2,2,official_incident_id,2022
12069,incident:2023082403,2023-08-27 00:00:00+00:00,2023-09-04 00:00:00+00:00,Hurricane; Tropical Storm,3596; 4734,2,2,official_incident_id,2023
12069,incident:2024072801,2024-08-01 00:00:00+00:00,2024-08-27 00:00:00+00:00,Tropical Storm,3605; 4806,2,2,official_incident_id,2024
12069,incident:2024100501,2024-10-05 00:00:00+00:00,2024-11-02 00:00:00+00:00,Hurricane,3622; 4834,2,2,official_incident_id,2024
12071,incident:2017083101,2017-09-04 00:00:00+00:00,2017-10-18 00:00:00+00:00,Hurricane,3385; 4337,2,2,official_incident_id,2017
12071,incident:2020030901,2020-01-20 00:00:00+00:00,2023-05-11 00:00:00+00:00,Biological,3432; 4486,2,2,official_incident_id,2020
12071,incident:2022092201,2022-09-23 00:00:00+00:00,2022-11-04 00:00:00+00:00,Hurricane,3584; 4673,2,2,official_incident_id,2022
12071,incident:2022110701,2022-11-07 00:00:00+00:00,2022-11-30 00:00:00+00:00,Hurricane; Tropical Storm,3587; 4680,2,2,official_incident_id,2022
12071,incident:2023082403,2023-08-27 00:00:00+00:00,2023-09-04 00:00:00+00:00,Hurricane; Tropical Storm,3596; 4734,2,2,official_incident_id,2023
12071,incident:2024072801,2024-08-01 00:00:00+00:00,2024-08-27 00:00:00+00:00,Tropical Storm,3605; 4806,2,2,official_incident_id,2024
12071,incident:2024092301,2024-09-23 00:00:00+00:00,2024-10-07 00:00:00+00:00,Hurricane; Tropical Storm,3615; 4828,2,2,official_incident_id,2024
12071,incident:2024100501,2024-10-05 00:00:00+00:00,2024-11-02 00:00:00+00:00,Hurricane,3622; 4834,2,2,official_incident_id,2024
12073,incident:2017083101,2017-09-04 00:00:00+00:00,2017-10-18 00:00:00+00:00,Hurricane,3385; 4337,2,2,official_incident_id,2017
12073,incident:2018100601,2018-10-07 00:00:00+00:00,2018-10-19 00:00:00+00:00,Hurricane,3405; 4399,2,2,official_incident_id,2018
12073,incident:2020030901,2020-01-20 00:00:00+00:00,2023-05-11 00:00:00+00:00,Biological,3432; 4486,2,2,official_incident_id,2020
12073,incident:2022092201,2022-09-23 00:00:00+00:00,2022-11-04 00:00:00+00:00,Hurricane,3584; 4673,2,2,official_incident_id,2022
12073,incident:2023082403,2023-08-27 00:00:00+00:00,2023-09-04 00:00:00+00:00,Hurricane; Tropical Storm,3596; 4734,2,2,official_incident_id,2023
12073,incident:2024072801,2024-08-01 00:00:00+00:00,2024-08-27 00:00:00+00:00,Tropical Storm,3605; 4806,2,2,official_incident_id,2024
12073,incident:2024092301,2024-09-23 00:00:00+00:00,2024-10-07 00:00:00+00:00,Hurricane; Tropical Storm,3615; 4828,2,2,official_incident_id,2024
12075,incident:2017083101,2017-09-04 00:00:00+00:00,2017-10-18 00:00:00+00:00,Hurricane,3385; 4337,2,2,official_incident_id,2017
12075,incident:2020030901,2020-01-20 00:00:00+00:00,2023-05-11 00:00:00+00:00,Biological,3432; 4486,2,2,official_incident_id,2020
12075,incident:2022092201,2022-09-23 00:00:00+00:00,2022-11-04 00:00:00+00:00,Hurricane,3584; 4673,2,2,official_incident_id,2022
12075,incident:2022110701,2022-11-07 00:00:00+00:00,2022-11-30 00:00:00+00:00,Hurricane; Tropical Storm,3587; 4680,2,2,official_incident_id,2022
12075,incident:2023082403,2023-08-27 00:00:00+00:00,2023-09-04 00:00:00+00:00,Hurricane; Tropical Storm,3596; 4734,2,2,official_incident_id,2023
12075,incident:2024072801,2024-08-01 00:00:00+00:00,2024-08-27 00:00:00+00:00,Tropical Storm,3605; 4806,2,2,official_incident_id,2024
12075,incident:2024092301,2024-09-23 00:00:00+00:00,2024-10-07 00:00:00+00:00,Hurricane; Tropical Storm,3615; 4828,2,2,official_incident_id,2024
12075,incident:2024100501,2024-10-05 00:00:00+00:00,2024-11-02 00:00:00+00:00,Hurricane,3622; 4834,2,2,official_incident_id,2024
12077,incident:2017083101,2017-09-04 00:00:00+00:00,2017-10-18 00:00:00+00:00,Hurricane,3385; 4337,2,2,official_incident_id,2017
12077,incident:2018100601,2018-10-07 00:00:00+00:00,2018-10-19 00:00:00+00:00,Hurricane,3405; 4399,2,2,official_incident_id,2018
12077,incident:2020030901,2020-01-20 00:00:00+00:00,2023-05-11 00:00:00+00:00,Biological,3432; 4486,2,2,official_incident_id,2020
12077,incident:2020091301,2020-09-14 00:00:00+00:00,2020-09-28 00:00:00+00:00,Hurricane,3546; 4564,2,2,official_incident_id,2020
12077,incident:2022092201,2022-09-23 00:00:00+00:00,2022-11-04 00:00:00+00:00,Hurricane,3584; 4673,2,2,official_incident_id,2022
12077,incident:2023082403,2023-08-27 00:00:00+00:00,2023-09-04 00:00:00+00:00,Hurricane; Tropical Storm,3596; 4734,2,2,official_incident_id,2023
12077,incident:2024072801,2024-08-01 00:00:00+00:00,2024-08-27 00:00:00+00:00,Tropical Storm,3605; 4806,2,2,official_incident_id,2024
12077,incident:2024092301,2024-09-23 00:00:00+00:00,2024-10-07 00:00:00+00:00,Hurricane; Tropical Storm,3615; 4828,2,2,official_incident_id,2024
12079,incident:2017083101,2017-09-04 00:00:00+00:00,2017-10-18 00:00:00+00:00,Hurricane,3385; 4337,2,2,official_incident_id,2017
12079,incident:2018100601,2018-10-07 00:00:00+00:00,2018-10-19 00:00:00+00:00,Hurricane,3405; 4399,2,2,official_incident_id,2018
12079,incident:2020030901,2020-01-20 00:00:00+00:00,2023-05-11 00:00:00+00:00,Biological,3432; 4486,2,2,official_incident_id,2020
12079,incident:2022092201,2022-09-23 00:00:00+00:00,2022-11-04 00:00:00+00:00,Hurricane,3584; 4673,2,2,official_incident_id,2022
12079,incident:2023082403,2023-08-27 00:00:00+00:00,2023-09-04 00:00:00+00:00,Hurricane; Tropical Storm,3596; 4734,2,2,official_incident_id,2023
12079,incident:2024072801,2024-08-01 00:00:00+00:00,2024-08-27 00:00:00+00:00,Tropical Storm,3605; 4806,2,2,official_incident_id,2024
12079,incident:2024092301,2024-09-23 00:00:00+00:00,2024-10-07 00:00:00+00:00,Hurricane; Tropical Storm,3615; 4828,2,2,official_incident_id,2024
12079,incident:2024100501,2024-10-05 00:00:00+00:00,2024-11-02 00:00:00+00:00,Hurricane,3622; 4834,2,2,official_incident_id,2024
12081,incident:2017083101,2017-09-04 00:00:00+00:00,2017-10-18 00:00:00+00:00,Hurricane,3385; 4337,2,2,official_incident_id,2017
12081,incident:2020030901,2020-01-20 00:00:00+00:00,2023-05-11 00:00:00+00:00,Biological,3432; 4486,2,2,official_incident_id,2020
12081,incident:2022092201,2022-09-23 00:00:00+00:00,2022-11-04 00:00:00+00:00,Hurricane,3584; 4673,2,2,official_incident_id,2022
12081,incident:2022110701,2022-11-07 00:00:00+00:00,2022-11-30 00:00:00+00:00,Hurricane; Tropical Storm,3587; 4680,2,2,official_incident_id,2022
12081,incident:2023082403,2023-08-27 00:00:00+00:00,2023-09-04 00:00:00+00:00,Hurricane; Tropical Storm,3596; 4734,2,2,official_incident_id,2023
12081,incident:2024072801,2024-08-01 00:00:00+00:00,2024-08-27 00:00:00+00:00,Tropical Storm,3605; 4806,2,2,official_incident_id,2024
12081,incident:2024092301,2024-09-23 00:00:00+00:00,2024-10-07 00:00:00+00:00,Hurricane; Tropical Storm,3615; 4828,2,2,official_incident_id,2024
12081,incident:2024100501,2024-10-05 00:00:00+00:00,2024-11-02 00:00:00+00:00,Hurricane,3622; 4834,2,2,official_incident_id,2024
12083,incident:2017083101,2017-09-04 00:00:00+00:00,2017-10-18 00:00:00+00:00,Hurricane,3385; 4337,2,2,official_incident_id,2017
12083,incident:2020030901,2020-01-20 00:00:00+00:00,2023-05-11 00:00:00+00:00,Biological,3432; 4486,2,2,official_incident_id,2020
12083,incident:2022092201,2022-09-23 00:00:00+00:00,2022-11-04 00:00:00+00:00,Hurricane,3584; 4673,2,2,official_incident_id,2022
12083,incident:2022110701,2022-11-07 00:00:00+00:00,2022-11-30 00:00:00+00:00,Hurricane; Tropical Storm,3587; 4680,2,2,official_incident_id,2022
12083,incident:2023082403,2023-08-27 00:00:00+00:00,2023-09-04 00:00:00+00:00,Hurricane; Tropical Storm,3596; 4734,2,2,official_incident_id,2023
12083,incident:2024072801,2024-08-01 00:00:00+00:00,2024-08-27 00:00:00+00:00,Tropical Storm,3605; 4806,2,2,official_incident_id,2024
12083,incident:2024092301,2024-09-23 00:00:00+00:00,2024-10-07 00:00:00+00:00,Hurricane; Tropical Storm,3615; 4828,2,2,official_incident_id,2024
12083,incident:2024100501,2024-10-05 00:00:00+00:00,2024-11-02 00:00:00+00:00,Hurricane,3622; 4834,2,2,official_incident_id,2024
12085,incident:2016092802,2016-10-03 00:00:00+00:00,2016-10-19 00:00:00+00:00,Hurricane,3377; 4283,2,2,official_incident_id,2016
12085,incident:2017083101,2017-09-04 00:00:00+00:00,2017-10-18 00:00:00+00:00,Hurricane,3385; 4337,2,2,official_incident_id,2017
12085,incident:2019082401,2019-08-28 00:00:00+00:00,2019-09-09 00:00:00+00:00,Hurricane,3419; 4468,2,2,official_incident_id,2019
12085,incident:2020030901,2020-01-20 00:00:00+00:00,2023-05-11 00:00:00+00:00,Biological,3432; 4486,2,2,official_incident_id,2020
12085,incident:2022092201,2022-09-23 00:00:00+00:00,2022-11-04 00:00:00+00:00,Hurricane,3584; 4673,2,2,official_incident_id,2022
12085,incident:2022110701,2022-11-07 00:00:00+00:00,2022-11-30 00:00:00+00:00,Hurricane; Tropical Storm,3587; 4680,2,2,official_incident_id,2022
12085,incident:2024100501,2024-10-05 00:00:00+00:00,2024-11-02 00:00:00+00:00,Hurricane,3622; 4834,2,2,official_incident_id,2024
12086,incident:2017083101,2017-09-04 00:00:00+00:00,2017-10-18 00:00:00+00:00,Hurricane,3385; 4337,2,2,official_incident_id,2017
12086,incident:2020030901,2020-01-20 00:00:00+00:00,2023-05-11 00:00:00+00:00,Biological,3432; 4486,2,2,official_incident_id,2020
12086,incident:2022092201,2022-09-23 00:00:00+00:00,2022-11-04 00:00:00+00:00,Hurricane,3584; 4673,2,2,official_incident_id,2022
12086,incident:2022110701,2022-11-07 00:00:00+00:00,2022-11-30 00:00:00+00:00,Hurricane; Tropical Storm,3587; 4680,2,2,official_incident_id,2022
12086,incident:2024100501,2024-10-05 00:00:00+00:00,2024-11-02 00:00:00+00:00,Hurricane,3622; 4834,2,2,official_incident_id,2024
12087,incident:2017083101,2017-09-04 00:00:00+00:00,2017-10-18 00:00:00+00:00,Hurricane,3385; 4337,2,2,official_incident_id,2017
12087,incident:2020030901,2020-01-20 00:00:00+00:00,2023-05-11 00:00:00+00:00,Biological,3432; 4486,2,2,official_incident_id,2020
12087,incident:2022092201,2022-09-23 00:00:00+00:00,2022-11-04 00:00:00+00:00,Hurricane,3584; 4673,2,2,official_incident_id,2022
12087,incident:2024072801,2024-08-01 00:00:00+00:00,2024-08-27 00:00:00+00:00,Tropical Storm,3605; 4806,2,2,official_incident_id,2024
12087,incident:2024092301,2024-09-23 00:00:00+00:00,2024-10-07 00:00:00+00:00,Hurricane; Tropical Storm,3615; 4828,2,2,official_incident_id,2024
12087,incident:2024100501,2024-10-05 00:00:00+00:00,2024-11-02 00:00:00+00:00,Hurricane,3622; 4834,2,2,official_incident_id,2024
12089,incident:2016092802,2016-10-03 00:00:00+00:00,2016-10-19 00:00:00+00:00,Hurricane,3377; 4283,2,2,official_incident_id,2016
12089,incident:2017083101,2017-09-04 00:00:00+00:00,2017-10-18 00:00:00+00:00,Hurricane,3385; 4337,2,2,official_incident_id,2017
12089,incident:2019082401,2019-08-28 00:00:00+00:00,2019-09-09 00:00:00+00:00,Hurricane,3419; 4468,2,2,official_incident_id,2019
12089,incident:2020030901,2020-01-20 00:00:00+00:00,2023-05-11 00:00:00+00:00,Biological,3432; 4486,2,2,official_incident_id,2020
12089,incident:2022092201,2022-09-23 00:00:00+00:00,2022-11-04 00:00:00+00:00,Hurricane,3584; 4673,2,2,official_incident_id,2022
12089,incident:2022110701,2022-11-07 00:00:00+00:00,2022-11-30 00:00:00+00:00,Hurricane; Tropical Storm,3587; 4680,2,2,official_incident_id,2022
12089,incident:2023082403,2023-08-27 00:00:00+00:00,2023-09-04 00:00:00+00:00,Hurricane; Tropical Storm,3596; 4734,2,2,official_incident_id,2023
12089,incident:2024072801,2024-08-01 00:00:00+00:00,2024-08-27 00:00:00+00:00,Tropical Storm,3605; 4806,2,2,official_incident_id,2024
12089,incident:2024100501,2024-10-05 00:00:00+00:00,2024-11-02 00:00:00+00:00,Hurricane,3622; 4834,2,2,official_incident_id,2024
12091,incident:2017083101,2017-09-04 00:00:00+00:00,2017-10-18 00:00:00+00:00,Hurricane,3385; 4337,2,2,official_incident_id,2017
12091,incident:2018100601,2018-10-07 00:00:00+00:00,2018-10-19 00:00:00+00:00,Hurricane,3405; 4399,2,2,official_incident_id,2018
12091,incident:2020030901,2020-01-20 00:00:00+00:00,2023-05-11 00:00:00+00:00,Biological,3432; 4486,2,2,official_incident_id,2020
12091,incident:2020091301,2020-09-14 00:00:00+00:00,2020-09-28 00:00:00+00:00,Hurricane,3546; 4564,2,2,official_incident_id,2020
12091,incident:2022092201,2022-09-23 00:00:00+00:00,2022-11-04 00:00:00+00:00,Hurricane,3584; 4673,2,2,official_incident_id,2022
12091,incident:2024072801,2024-08-01 00:00:00+00:00,2024-08-27 00:00:00+00:00,Tropical Storm,3605; 4806,2,2,official_incident_id,2024
12091,incident:2024092301,2024-09-23 00:00:00+00:00,2024-10-07 00:00:00+00:00,Hurricane; Tropical Storm,3615; 4828,2,2,official_incident_id,2024
12093,incident:2017083101,2017-09-04 00:00:00+00:00,2017-10-18 00:00:00+00:00,Hurricane,3385; 4337,2,2,official_incident_id,2017
12093,incident:2020030901,2020-01-20 00:00:00+00:00,2023-05-11 00:00:00+00:00,Biological,3432; 4486,2,2,official_incident_id,2020
12093,incident:2022092201,2022-09-23 00:00:00+00:00,2022-11-04 00:00:00+00:00,Hurricane,3584; 4673,2,2,official_incident_id,2022
12093,incident:2022110701,2022-11-07 00:00:00+00:00,2022-11-30 00:00:00+00:00,Hurricane; Tropical Storm,3587; 4680,2,2,official_incident_id,2022
12093,incident:2024072801,2024-08-01 00:00:00+00:00,2024-08-27 00:00:00+00:00,Tropical Storm,3605; 4806,2,2,official_incident_id,2024
12093,incident:2024100501,2024-10-05 00:00:00+00:00,2024-11-02 00:00:00+00:00,Hurricane,3622; 4834,2,2,official_incident_id,2024
12095,incident:2016092802,2016-10-03 00:00:00+00:00,2016-10-19 00:00:00+00:00,Hurricane,3377; 4283,2,2,official_incident_id,2016
12095,incident:2017083101,2017-09-04 00:00:00+00:00,2017-10-18 00:00:00+00:00,Hurricane,3385; 4337,2,2,official_incident_id,2017
12095,incident:2020030901,2020-01-20 00:00:00+00:00,2023-05-11 00:00:00+00:00,Biological,3432; 4486,2,2,official_incident_id,2020
12095,incident:2022092201,2022-09-23 00:00:00+00:00,2022-11-04 00:00:00+00:00,Hurricane,3584; 4673,2,2,official_incident_id,2022
12095,incident:2022110701,2022-11-07 00:00:00+00:00,2022-11-30 00:00:00+00:00,Hurricane; Tropical Storm,3587; 4680,2,2,official_incident_id,2022
12095,incident:2023082403,2023-08-27 00:00:00+00:00,2023-09-04 00:00:00+00:00,Hurricane; Tropical Storm,3596; 4734,2,2,official_incident_id,2023
12095,incident:2024072801,2024-08-01 00:00:00+00:00,2024-08-27 00:00:00+00:00,Tropical Storm,3605; 4806,2,2,official_incident_id,2024
12095,incident:2024100501,2024-10-05 00:00:00+00:00,2024-11-02 00:00:00+00:00,Hurricane,3622; 4834,2,2,official_incident_id,2024
12097,incident:2016092802,2016-10-03 00:00:00+00:00,2016-10-19 00:00:00+00:00,Hurricane,3377; 4283,2,2,official_incident_id,2016
12097,incident:2017083101,2017-09-04 00:00:00+00:00,2017-10-18 00:00:00+00:00,Hurricane,3385; 4337,2,2,official_incident_id,2017
12097,incident:2019082401,2019-08-28 00:00:00+00:00,2019-09-09 00:00:00+00:00,Hurricane,3419; 4468,2,2,official_incident_id,2019
12097,incident:2020030901,2020-01-20 00:00:00+00:00,2023-05-11 00:00:00+00:00,Biological,3432; 4486,2,2,official_incident_id,2020
12097,incident:2022092201,2022-09-23 00:00:00+00:00,2022-11-04 00:00:00+00:00,Hurricane,3584; 4673,2,2,official_incident_id,2022
12097,incident:2022110701,2022-11-07 00:00:00+00:00,2022-11-30 00:00:00+00:00,Hurricane; Tropical Storm,3587; 4680,2,2,official_incident_id,2022
12097,incident:2023082403,2023-08-27 00:00:00+00:00,2023-09-04 00:00:00+00:00,Hurricane; Tropical Storm,3596; 4734,2,2,official_incident_id,2023
12097,incident:2024072801,2024-08-01 00:00:00+00:00,2024-08-27 00:00:00+00:00,Tropical Storm,3605; 4806,2,2,official_incident_id,2024
12097,incident:2024100501,2024-10-05 00:00:00+00:00,2024-11-02 00:00:00+00:00,Hurricane,3622; 4834,2,2,official_incident_id,2024
12099,incident:2016092802,2016-10-03 00:00:00+00:00,2016-10-19 00:00:00+00:00,Hurricane,3377; 4283,2,2,official_incident_id,2016
12099,incident:2017083101,2017-09-04 00:00:00+00:00,2017-10-18 00:00:00+00:00,Hurricane,3385; 4337,2,2,official_incident_id,2017
12099,incident:2019082401,2019-08-28 00:00:00+00:00,2019-09-09 00:00:00+00:00,Hurricane,3419; 4468,2,2,official_incident_id,2019
12099,incident:2020030901,2020-01-20 00:00:00+00:00,2023-05-11 00:00:00+00:00,Biological,3432; 4486,2,2,official_incident_id,2020
12099,incident:2022092201,2022-09-23 00:00:00+00:00,2022-11-04 00:00:00+00:00,Hurricane,3584; 4673,2,2,official_incident_id,2022
12099,incident:2022110701,2022-11-07 00:00:00+00:00,2022-11-30 00:00:00+00:00,Hurricane; Tropical Storm,3587; 4680,2,2,official_incident_id,2022
12099,incident:2024100501,2024-10-05 00:00:00+00:00,2024-11-02 00:00:00+00:00,Hurricane,3622; 4834,2,2,official_incident_id,2024
12101,incident:2017083101,2017-09-04 00:00:00+00:00,2017-10-18 00:00:00+00:00,Hurricane,3385; 4337,2,2,official_incident_id,2017
12101,incident:2020030901,2020-01-20 00:00:00+00:00,2023-05-11 00:00:00+00:00,Biological,3432; 4486,2,2,official_incident_id,2020
12101,incident:2022092201,2022-09-23 00:00:00+00:00,2022-11-04 00:00:00+00:00,Hurricane,3584; 4673,2,2,official_incident_id,2022
12101,incident:2022110701,2022-11-07 00:00:00+00:00,2022-11-30 00:00:00+00:00,Hurricane; Tropical Storm,3587; 4680,2,2,official_incident_id,2022
12101,incident:2023082403,2023-08-27 00:00:00+00:00,2023-09-04 00:00:00+00:00,Hurricane; Tropical Storm,3596; 4734,2,2,official_incident_id,2023
12101,incident:2024072801,2024-08-01 00:00:00+00:00,2024-08-27 00:00:00+00:00,Tropical Storm,3605; 4806,2,2,official_incident_id,2024
12101,incident:2024092301,2024-09-23 00:00:00+00:00,2024-10-07 00:00:00+00:00,Hurricane; Tropical Storm,3615; 4828,2,2,official_incident_id,2024
12101,incident:2024100501,2024-10-05 00:00:00+00:00,2024-11-02 00:00:00+00:00,Hurricane,3622; 4834,2,2,official_incident_id,2024
12103,incident:2017083101,2017-09-04 00:00:00+00:00,2017-10-18 00:00:00+00:00,Hurricane,3385; 4337,2,2,official_incident_id,2017
12103,incident:2020030901,2020-01-20 00:00:00+00:00,2023-05-11 00:00:00+00:00,Biological,3432; 4486,2,2,official_incident_id,2020
12103,incident:2022092201,2022-09-23 00:00:00+00:00,2022-11-04 00:00:00+00:00,Hurricane,3584; 4673,2,2,official_incident_id,2022
12103,incident:2022110701,2022-11-07 00:00:00+00:00,2022-11-30 00:00:00+00:00,Hurricane; Tropical Storm,3587; 4680,2,2,official_incident_id,2022
12103,incident:2023082403,2023-08-27 00:00:00+00:00,2023-09-04 00:00:00+00:00,Hurricane; Tropical Storm,3596; 4734,2,2,official_incident_id,2023
12103,incident:2024072801,2024-08-01 00:00:00+00:00,2024-08-27 00:00:00+00:00,Tropical Storm,3605; 4806,2,2,official_incident_id,2024
12103,incident:2024092301,2024-09-23 00:00:00+00:00,2024-10-07 00:00:00+00:00,Hurricane; Tropical Storm,3615; 4828,2,2,official_incident_id,2024
12103,incident:2024100501,2024-10-05 00:00:00+00:00,2024-11-02 00:00:00+00:00,Hurricane,3622; 4834,2,2,official_incident_id,2024
12105,incident:2017083101,2017-09-04 00:00:00+00:00,2017-10-18 00:00:00+00:00,Hurricane,3385; 4337,2,2,official_incident_id,2017
12105,incident:2020030901,2020-01-20 00:00:00+00:00,2023-05-11 00:00:00+00:00,Biological,3432; 4486,2,2,official_incident_id,2020
12105,incident:2022092201,2022-09-23 00:00:00+00:00,2022-11-04 00:00:00+00:00,Hurricane,3584; 4673,2,2,official_incident_id,2022
12105,incident:2022110701,2022-11-07 00:00:00+00:00,2022-11-30 00:00:00+00:00,Hurricane; Tropical Storm,3587; 4680,2,2,official_incident_id,2022
12105,incident:2023082403,2023-08-27 00:00:00+00:00,2023-09-04 00:00:00+00:00,Hurricane; Tropical Storm,3596; 4734,2,2,official_incident_id,2023
12105,incident:2024072801,2024-08-01 00:00:00+00:00,2024-08-27 00:00:00+00:00,Tropical Storm,3605; 4806,2,2,official_incident_id,2024
12105,incident:2024100501,2024-10-05 00:00:00+00:00,2024-11-02 00:00:00+00:00,Hurricane,3622; 4834,2,2,official_incident_id,2024
12107,incident:2016092802,2016-10-03 00:00:00+00:00,2016-10-19 00:00:00+00:00,Hurricane,3377; 4283,2,2,official_incident_id,2016
12107,incident:2017083101,2017-09-04 00:00:00+00:00,2017-10-18 00:00:00+00:00,Hurricane,3385; 4337,2,2,official_incident_id,2017
12107,incident:2019082401,2019-08-28 00:00:00+00:00,2019-09-09 00:00:00+00:00,Hurricane,3419; 4468,2,2,official_incident_id,2019
12107,incident:2020030901,2020-01-20 00:00:00+00:00,2023-05-11 00:00:00+00:00,Biological,3432; 4486,2,2,official_incident_id,2020
12107,incident:2022092201,2022-09-23 00:00:00+00:00,2022-11-04 00:00:00+00:00,Hurricane,3584; 4673,2,2,official_incident_id,2022
12107,incident:2022110701,2022-11-07 00:00:00+00:00,2022-11-30 00:00:00+00:00,Hurricane; Tropical Storm,3587; 4680,2,2,official_incident_id,2022
12107,incident:2023082403,2023-08-27 00:00:00+00:00,2023-09-04 00:00:00+00:00,Hurricane; Tropical Storm,3596; 4734,2,2,official_incident_id,2023
12107,incident:2024072801,2024-08-01 00:00:00+00:00,2024-08-27 00:00:00+00:00,Tropical Storm,3605; 4806,2,2,official_incident_id,2024
12107,incident:2024100501,2024-10-05 00:00:00+00:00,2024-11-02 00:00:00+00:00,Hurricane,3622; 4834,2,2,official_incident_id,2024
12109,incident:2016092802,2016-10-03 00:00:00+00:00,2016-10-19 00:00:00+00:00,Hurricane,3377; 4283,2,2,official_incident_id,2016
12109,incident:2017083101,2017-09-04 00:00:00+00:00,2017-10-18 00:00:00+00:00,Hurricane,3385; 4337,2,2,official_incident_id,2017
12109,incident:2019082401,2019-08-28 00:00:00+00:00,2019-09-09 00:00:00+00:00,Hurricane,3419; 4468,2,2,official_incident_id,2019
12109,incident:2020030901,2020-01-20 00:00:00+00:00,2023-05-11 00:00:00+00:00,Biological,3432; 4486,2,2,official_incident_id,2020
12109,incident:2022092201,2022-09-23 00:00:00+00:00,2022-11-04 00:00:00+00:00,Hurricane,3584; 4673,2,2,official_incident_id,2022
12109,incident:2022110701,2022-11-07 00:00:00+00:00,2022-11-30 00:00:00+00:00,Hurricane; Tropical Storm,3587; 4680,2,2,official_incident_id,2022
12109,incident:2023082403,2023-08-27 00:00:00+00:00,2023-09-04 00:00:00+00:00,Hurricane; Tropical Storm,3596; 4734,2,2,official_incident_id,2023
12109,incident:2024072801,2024-08-01 00:00:00+00:00,2024-08-27 00:00:00+00:00,Tropical Storm,3605; 4806,2,2,official_incident_id,2024
12109,incident:2024100501,2024-10-05 00:00:00+00:00,2024-11-02 00:00:00+00:00,Hurricane,3622; 4834,2,2,official_incident_id,2024
12111,incident:2016092802,2016-10-03 00:00:00+00:00,2016-10-19 00:00:00+00:00,Hurricane,3377; 4283,2,2,official_incident_id,2016
12111,incident:2017083101,2017-09-04 00:00:00+00:00,2017-10-18 00:00:00+00:00,Hurricane,3385; 4337; 4341,3,3,official_incident_id,2017
12111,incident:2019082401,2019-08-28 00:00:00+00:00,2019-09-09 00:00:00+00:00,Hurricane,3419; 3420; 4468,3,3,official_incident_id,2019
12111,incident:2020030901,2020-01-20 00:00:00+00:00,2023-05-11 00:00:00+00:00,Biological,3432; 3468; 4486; 4545,4,4,official_incident_id,2020
12111,incident:2022092201,2022-09-23 00:00:00+00:00,2022-11-04 00:00:00+00:00,Hurricane,3584; 4673; 4675,3,3,official_incident_id,2022
12111,incident:2022110701,2022-11-07 00:00:00+00:00,2022-11-30 00:00:00+00:00,Hurricane; Tropical Storm,3587; 3588; 4680,3,3,official_incident_id,2022
12111,incident:2024100501,2024-10-05 00:00:00+00:00,2024-11-02 00:00:00+00:00,Hurricane,3622; 3623; 4834; 4844,4,4,official_incident_id,2024
12113,incident:2017083101,2017-09-04 00:00:00+00:00,2017-10-18 00:00:00+00:00,Hurricane,3385; 4337,2,2,official_incident_id,2017
12113,incident:2020030901,2020-01-20 00:00:00+00:00,2023-05-11 00:00:00+00:00,Biological,3432; 4486,2,2,official_incident_id,2020
12113,incident:2020091301,2020-09-14 00:00:00+00:00,2020-09-28 00:00:00+00:00,Hurricane,3546; 4564,2,2,official_incident_id,2020
12113,incident:2022092201,2022-09-23 00:00:00+00:00,2022-11-04 00:00:00+00:00,Hurricane,3584; 4673,2,2,official_incident_id,2022
12113,incident:2024072801,2024-08-01 00:00:00+00:00,2024-08-27 00:00:00+00:00,Tropical Storm,3605; 4806,2,2,official_incident_id,2024
12113,incident:2024092301,2024-09-23 00:00:00+00:00,2024-10-07 00:00:00+00:00,Hurricane; Tropical Storm,3615; 4828,2,2,official_incident_id,2024
12115,incident:2017083101,2017-09-04 00:00:00+00:00,2017-10-18 00:00:00+00:00,Hurricane,3385; 4337,2,2,official_incident_id,2017
12115,incident:2020030901,2020-01-20 00:00:00+00:00,2023-05-11 00:00:00+00:00,Biological,3432; 4486,2,2,official_incident_id,2020
12115,incident:2022092201,2022-09-23 00:00:00+00:00,2022-11-04 00:00:00+00:00,Hurricane,3584; 4673,2,2,official_incident_id,2022
12115,incident:2022110701,2022-11-07 00:00:00+00:00,2022-11-30 00:00:00+00:00,Hurricane; Tropical Storm,3587; 4680,2,2,official_incident_id,2022
12115,incident:2023082403,2023-08-27 00:00:00+00:00,2023-09-04 00:00:00+00:00,Hurricane; Tropical Storm,3596; 4734,2,2,official_incident_id,2023
12115,incident:2024072801,2024-08-01 00:00:00+00:00,2024-08-27 00:00:00+00:00,Tropical Storm,3605; 4806,2,2,official_incident_id,2024
12115,incident:2024092301,2024-09-23 00:00:00+00:00,2024-10-07 00:00:00+00:00,Hurricane; Tropical Storm,3615; 4828,2,2,official_incident_id,2024
12115,incident:2024100501,2024-10-05 00:00:00+00:00,2024-11-02 00:00:00+00:00,Hurricane,3622; 4834,2,2,official_incident_id,2024
12117,incident:2016092802,2016-10-03 00:00:00+00:00,2016-10-19 00:00:00+00:00,Hurricane,3377; 4283,2,2,official_incident_id,2016
12117,incident:2017083101,2017-09-04 00:00:00+00:00,2017-10-18 00:00:00+00:00,Hurricane,3385; 4337,2,2,official_incident_id,2017
12117,incident:2019082401,2019-08-28 00:00:00+00:00,2019-09-09 00:00:00+00:00,Hurricane,3419; 4468,2,2,official_incident_id,2019
12117,incident:2020030901,2020-01-20 00:00:00+00:00,2023-05-11 00:00:00+00:00,Biological,3432; 4486,2,2,official_incident_id,2020
12117,incident:2022092201,2022-09-23 00:00:00+00:00,2022-11-04 00:00:00+00:00,Hurricane,3584; 4673,2,2,official_incident_id,2022
12117,incident:2022110701,2022-11-07 00:00:00+00:00,2022-11-30 00:00:00+00:00,Hurricane; Tropical Storm,3587; 4680,2,2,official_incident_id,2022
12117,incident:2023082403,2023-08-27 00:00:00+00:00,2023-09-04 00:00:00+00:00,Hurricane; Tropical Storm,3596; 4734,2,2,official_incident_id,2023
12117,incident:2024072801,2024-08-01 00:00:00+00:00,2024-08-27 00:00:00+00:00,Tropical Storm,3605; 4806,2,2,official_incident_id,2024
12117,incident:2024100501,2024-10-05 00:00:00+00:00,2024-11-02 00:00:00+00:00,Hurricane,3622; 4834,2,2,official_incident_id,2024
12119,incident:2017083101,2017-09-04 00:00:00+00:00,2017-10-18 00:00:00+00:00,Hurricane,3385; 4337,2,2,official_incident_id,2017
12119,incident:2020030901,2020-01-20 00:00:00+00:00,2023-05-11 00:00:00+00:00,Biological,3432; 4486,2,2,official_incident_id,2020
12119,incident:2022092201,2022-09-23 00:00:00+00:00,2022-11-04 00:00:00+00:00,Hurricane,3584; 4673,2,2,official_incident_id,2022
12119,incident:2022110701,2022-11-07 00:00:00+00:00,2022-11-30 00:00:00+00:00,Hurricane; Tropical Storm,3587; 4680,2,2,official_incident_id,2022
12119,incident:2023082403,2023-08-27 00:00:00+00:00,2023-09-04 00:00:00+00:00,Hurricane; Tropical Storm,3596; 4734,2,2,official_incident_id,2023
12119,incident:2024072801,2024-08-01 00:00:00+00:00,2024-08-27 00:00:00+00:00,Tropical Storm,3605; 4806,2,2,official_incident_id,2024
12119,incident:2024092301,2024-09-23 00:00:00+00:00,2024-10-07 00:00:00+00:00,Hurricane; Tropical Storm,3615; 4828,2,2,official_incident_id,2024
12119,incident:2024100501,2024-10-05 00:00:00+00:00,2024-11-02 00:00:00+00:00,Hurricane,3622; 4834,2,2,official_incident_id,2024
12121,incident:2017083101,2017-09-04 00:00:00+00:00,2017-10-18 00:00:00+00:00,Hurricane,3385; 4337,2,2,official_incident_id,2017
12121,incident:2018100601,2018-10-07 00:00:00+00:00,2018-10-19 00:00:00+00:00,Hurricane,3405; 4399,2,2,official_incident_id,2018
12121,incident:2020030901,2020-01-20 00:00:00+00:00,2023-05-11 00:00:00+00:00,Biological,3432; 4486,2,2,official_incident_id,2020
12121,incident:2022092201,2022-09-23 00:00:00+00:00,2022-11-04 00:00:00+00:00,Hurricane,3584; 4673,2,2,official_incident_id,2022
12121,incident:2023082403,2023-08-27 00:00:00+00:00,2023-09-04 00:00:00+00:00,Hurricane; Tropical Storm,3596; 4734,2,2,official_incident_id,2023
12121,incident:2024072801,2024-08-01 00:00:00+00:00,2024-08-27 00:00:00+00:00,Tropical Storm,3605; 4806,2,2,official_incident_id,2024
12121,incident:2024092301,2024-09-23 00:00:00+00:00,2024-10-07 00:00:00+00:00,Hurricane; Tropical Storm,3615; 4828,2,2,official_incident_id,2024
12121,incident:2024100501,2024-10-05 00:00:00+00:00,2024-11-02 00:00:00+00:00,Hurricane,3622; 4834,2,2,official_incident_id,2024
12123,incident:2017083101,2017-09-04 00:00:00+00:00,2017-10-18 00:00:00+00:00,Hurricane,3385; 4337,2,2,official_incident_id,2017
12123,incident:2018100601,2018-10-07 00:00:00+00:00,2018-10-19 00:00:00+00:00,Hurricane,3405; 4399,2,2,official_incident_id,2018
12123,incident:2020030901,2020-01-20 00:00:00+00:00,2023-05-11 00:00:00+00:00,Biological,3432; 4486,2,2,official_incident_id,2020
12123,incident:2022092201,2022-09-23 00:00:00+00:00,2022-11-04 00:00:00+00:00,Hurricane,3584; 4673,2,2,official_incident_id,2022
12123,incident:2022110701,2022-11-07 00:00:00+00:00,2022-11-30 00:00:00+00:00,Hurricane; Tropical Storm,3587; 4680,2,2,official_incident_id,2022
12123,incident:2023082403,2023-08-27 00:00:00+00:00,2023-09-04 00:00:00+00:00,Hurricane; Tropical Storm,3596; 4734,2,2,official_incident_id,2023
12123,incident:2024072801,2024-08-01 00:00:00+00:00,2024-08-27 00:00:00+00:00,Tropical Storm,3605; 4806,2,2,official_incident_id,2024
12123,incident:2024092301,2024-09-23 00:00:00+00:00,2024-10-07 00:00:00+00:00,Hurricane; Tropical Storm,3615; 4828,2,2,official_incident_id,2024
12123,incident:2024100501,2024-10-05 00:00:00+00:00,2024-11-02 00:00:00+00:00,Hurricane,3622; 4834,2,2,official_incident_id,2024
12125,incident:2017083101,2017-09-04 00:00:00+00:00,2017-10-18 00:00:00+00:00,Hurricane,3385; 4337,2,2,official_incident_id,2017
12125,incident:2020030901,2020-01-20 00:00:00+00:00,2023-05-11 00:00:00+00:00,Biological,3432; 4486,2,2,official_incident_id,2020
12125,incident:2022092201,2022-09-23 00:00:00+00:00,2022-11-04 00:00:00+00:00,Hurricane,3584; 4673,2,2,official_incident_id,2022
12125,incident:2023082403,2023-08-27 00:00:00+00:00,2023-09-04 00:00:00+00:00,Hurricane; Tropical Storm,3596; 4734,2,2,official_incident_id,2023
12125,incident:2024072801,2024-08-01 00:00:00+00:00,2024-08-27 00:00:00+00:00,Tropical Storm,3605; 4806,2,2,official_incident_id,2024
12125,incident:2024092301,2024-09-23 00:00:00+00:00,2024-10-07 00:00:00+00:00,Hurricane; Tropical Storm,3615; 4828,2,2,official_incident_id,2024
12125,incident:2024100501,2024-10-05 00:00:00+00:00,2024-11-02 00:00:00+00:00,Hurricane,3622; 4834,2,2,official_incident_id,2024
12127,incident:2016092802,2016-10-03 00:00:00+00:00,2016-10-19 00:00:00+00:00,Hurricane,3377; 4283,2,2,official_incident_id,2016
12127,incident:2017083101,2017-09-04 00:00:00+00:00,2017-10-18 00:00:00+00:00,Hurricane,3385; 4337,2,2,official_incident_id,2017
12127,incident:2019082401,2019-08-28 00:00:00+00:00,2019-09-09 00:00:00+00:00,Hurricane,3419; 4468,2,2,official_incident_id,2019
12127,incident:2020030901,2020-01-20 00:00:00+00:00,2023-05-11 00:00:00+00:00,Biological,3432; 4486,2,2,official_incident_id,2020
12127,incident:2022092201,2022-09-23 00:00:00+00:00,2022-11-04 00:00:00+00:00,Hurricane,3584; 4673,2,2,official_incident_id,2022
12127,incident:2022110701,2022-11-07 00:00:00+00:00,2022-11-30 00:00:00+00:00,Hurricane; Tropical Storm,3587; 4680,2,2,official_incident_id,2022
12127,incident:2023082403,2023-08-27 00:00:00+00:00,2023-09-04 00:00:00+00:00,Hurricane; Tropical Storm,3596; 4734,2,2,official_incident_id,2023
12127,incident:2024072801,2024-08-01 00:00:00+00:00,2024-08-27 00:00:00+00:00,Tropical Storm,3605; 4806,2,2,official_incident_id,2024
12127,incident:2024100501,2024-10-05 00:00:00+00:00,2024-11-02 00:00:00+00:00,Hurricane,3622; 4834,2,2,official_incident_id,2024
12129,incident:2017083101,2017-09-04 00:00:00+00:00,2017-10-18 00:00:00+00:00,Hurricane,3385; 4337,2,2,official_incident_id,2017
12129,incident:2018100601,2018-10-07 00:00:00+00:00,2018-10-19 00:00:00+00:00,Hurricane,3405; 4399,2,2,official_incident_id,2018
12129,incident:2020030901,2020-01-20 00:00:00+00:00,2023-05-11 00:00:00+00:00,Biological,3432; 4486,2,2,official_incident_id,2020
12129,incident:2022092201,2022-09-23 00:00:00+00:00,2022-11-04 00:00:00+00:00,Hurricane,3584; 4673,2,2,official_incident_id,2022
12129,incident:2022110701,2022-11-07 00:00:00+00:00,2022-11-30 00:00:00+00:00,Hurricane; Tropical Storm,3587; 4680,2,2,official_incident_id,2022
12129,incident:2023082403,2023-08-27 00:00:00+00:00,2023-09-04 00:00:00+00:00,Hurricane; Tropical Storm,3596; 4734,2,2,official_incident_id,2023
12129,incident:2024072801,2024-08-01 00:00:00+00:00,2024-08-27 00:00:00+00:00,Tropical Storm,3605; 4806,2,2,official_incident_id,2024
12129,incident:2024092301,2024-09-23 00:00:00+00:00,2024-10-07 00:00:00+00:00,Hurricane; Tropical Storm,3615; 4828,2,2,official_incident_id,2024
12131,incident:2017083101,2017-09-04 00:00:00+00:00,2017-10-18 00:00:00+00:00,Hurricane,3385; 4337,2,2,official_incident_id,2017
12131,incident:2018100601,2018-10-07 00:00:00+00:00,2018-10-19 00:00:00+00:00,Hurricane,3405; 4399,2,2,official_incident_id,2018
12131,incident:2020030901,2020-01-20 00:00:00+00:00,2023-05-11 00:00:00+00:00,Biological,3432; 4486,2,2,official_incident_id,2020
12131,incident:2020091301,2020-09-14 00:00:00+00:00,2020-09-28 00:00:00+00:00,Hurricane,3546; 4564,2,2,official_incident_id,2020
12131,incident:2022092201,2022-09-23 00:00:00+00:00,2022-11-04 00:00:00+00:00,Hurricane,3584; 4673,2,2,official_incident_id,2022
12131,incident:2024072801,2024-08-01 00:00:00+00:00,2024-08-27 00:00:00+00:00,Tropical Storm,3605; 4806,2,2,official_incident_id,2024
12131,incident:2024092301,2024-09-23 00:00:00+00:00,2024-10-07 00:00:00+00:00,Hurricane; Tropical Storm,3615; 4828,2,2,official_incident_id,2024
12133,incident:2017083101,2017-09-04 00:00:00+00:00,2017-10-18 00:00:00+00:00,Hurricane,3385; 4337,2,2,official_incident_id,2017
12133,incident:2018100601,2018-10-07 00:00:00+00:00,2018-10-19 00:00:00+00:00,Hurricane,3405; 4399,2,2,official_incident_id,2018
12133,incident:2020030901,2020-01-20 00:00:00+00:00,2023-05-11 00:00:00+00:00,Biological,3432; 4486,2,2,official_incident_id,2020
12133,incident:2020091301,2020-09-14 00:00:00+00:00,2020-09-28 00:00:00+00:00,Hurricane,3546; 4564,2,2,official_incident_id,2020
12133,incident:2022092201,2022-09-23 00:00:00+00:00,2022-11-04 00:00:00+00:00,Hurricane,3584; 4673,2,2,official_incident_id,2022
12133,incident:2024072801,2024-08-01 00:00:00+00:00,2024-08-27 00:00:00+00:00,Tropical Storm,3605; 4806,2,2,official_incident_id,2024
12133,incident:2024092301,2024-09-23 00:00:00+00:00,2024-10-07 00:00:00+00:00,Hurricane; Tropical Storm,3615; 4828,2,2,official_incident_id,2024
13001,incident:2017083101,2017-09-07 00:00:00+00:00,2017-09-20 00:00:00+00:00,Hurricane,3387; 4338,2,2,official_incident_id,2017
13001,incident:2018100601,2018-10-09 00:00:00+00:00,2018-10-23 00:00:00+00:00,Hurricane,3406; 4400,2,2,official_incident_id,2018
13001,incident:2020030901,2020-01-20 00:00:00+00:00,2023-05-11 00:00:00+00:00,Biological,3464; 4501,2,2,official_incident_id,2020
13001,incident:2024072801,2024-08-04 00:00:00+00:00,2024-08-20 00:00:00+00:00,Tropical Storm,3607; 4821,2,2,official_incident_id,2024
13001,incident:2024092301,2024-09-24 00:00:00+00:00,2024-10-30 00:00:00+00:00,Hurricane; Tropical Storm,3616; 4830,2,2,official_incident_id,2024
13003,incident:2017083101,2017-09-07 00:00:00+00:00,2017-09-20 00:00:00+00:00,Hurricane,3387; 4338,2,2,official_incident_id,2017
13003,incident:2018100601,2018-10-09 00:00:00+00:00,2018-10-23 00:00:00+00:00,Hurricane,3406; 4400,2,2,official_incident_id,2018
13003,incident:2020030901,2020-01-20 00:00:00+00:00,2023-05-11 00:00:00+00:00,Biological,3464; 4501,2,2,official_incident_id,2020
13003,incident:2024072801,2024-08-04 00:00:00+00:00,2024-08-20 00:00:00+00:00,Tropical Storm,3607; 4821,2,2,official_incident_id,2024
13003,incident:2024092301,2024-09-24 00:00:00+00:00,2024-10-30 00:00:00+00:00,Hurricane; Tropical Storm,3616; 4830,2,2,official_incident_id,2024
13005,incident:2017083101,2017-09-07 00:00:00+00:00,2017-09-20 00:00:00+00:00,Hurricane,3387; 4338,2,2,official_incident_id,2017
13005,incident:2018100601,2018-10-09 00:00:00+00:00,2018-10-23 00:00:00+00:00,Hurricane,3406; 4400,2,2,official_incident_id,2018
13005,incident:2020030901,2020-01-20 00:00:00+00:00,2023-05-11 00:00:00+00:00,Biological,3464; 4501,2,2,official_incident_id,2020
13005,incident:2024072801,2024-08-04 00:00:00+00:00,2024-08-20 00:00:00+00:00,Tropical Storm,3607; 4821,2,2,official_incident_id,2024
13005,incident:2024092301,2024-09-24 00:00:00+00:00,2024-10-30 00:00:00+00:00,Hurricane; Tropical Storm,3616; 4830,2,2,official_incident_id,2024
13007,incident:2017083101,2017-09-07 00:00:00+00:00,2017-09-20 00:00:00+00:00,Hurricane,3387; 4338,2,2,official_incident_id,2017
13007,incident:2018100601,2018-10-09 00:00:00+00:00,2018-10-23 00:00:00+00:00,Hurricane,3406; 4400,2,2,official_incident_id,2018
13007,incident:2020030901,2020-01-20 00:00:00+00:00,2023-05-11 00:00:00+00:00,Biological,3464; 4501,2,2,official_incident_id,2020
13009,incident:2014020901,2014-02-10 00:00:00+00:00,2014-02-14 00:00:00+00:00,Severe Ice Storm,3368; 4165,2,2,official_incident_id,2014
13009,incident:2017083101,2017-09-07 00:00:00+00:00,2017-09-20 00:00:00+00:00,Hurricane,3387; 4338,2,2,official_incident_id,2017
13009,incident:2020030901,2020-01-20 00:00:00+00:00,2023-05-11 00:00:00+00:00,Biological,3464; 4501,2,2,official_incident_id,2020
13009,incident:2024092301,2024-09-24 00:00:00+00:00,2024-10-30 00:00:00+00:00,Hurricane; Tropical Storm,3616; 4830,2,2,official_incident_id,2024
13011,incident:2017083101,2017-09-07 00:00:00+00:00,2017-09-20 00:00:00+00:00,Hurricane,3387; 4338,2,2,official_incident_id,2017
13011,incident:2020030901,2020-01-20 00:00:00+00:00,2023-05-11 00:00:00+00:00,Biological,3464; 4501,2,2,official_incident_id,2020
13011,incident:2024092301,2024-09-24 00:00:00+00:00,2024-10-30 00:00:00+00:00,Hurricane; Tropical Storm,3616; 4830,2,2,official_incident_id,2024
13013,incident:2017083101,2017-09-07 00:00:00+00:00,2017-09-20 00:00:00+00:00,Hurricane,3387; 4338,2,2,official_incident_id,2017
13013,incident:2020030901,2020-01-20 00:00:00+00:00,2023-05-11 00:00:00+00:00,Biological,3464; 4501,2,2,official_incident_id,2020
13015,incident:2017083101,2017-09-07 00:00:00+00:00,2017-09-20 00:00:00+00:00,Hurricane,3387; 4338,2,2,official_incident_id,2017
13015,incident:2020030901,2020-01-20 00:00:00+00:00,2023-05-11 00:00:00+00:00,Biological,3464; 4501,2,2,official_incident_id,2020
13017,incident:2017083101,2017-09-07 00:00:00+00:00,2017-09-20 00:00:00+00:00,Hurricane,3387; 4338,2,2,official_incident_id,2017
13017,incident:2018100601,2018-10-09 00:00:00+00:00,2018-10-23 00:00:00+00:00,Hurricane,3406; 4400,2,2,official_incident_id,2018
13017,incident:2020030901,2020-01-20 00:00:00+00:00,2023-05-11 00:00:00+00:00,Biological,3464; 4501,2,2,official_incident_id,2020
13017,incident:2024092301,2024-09-24 00:00:00+00:00,2024-10-30 00:00:00+00:00,Hurricane; Tropical Storm,3616; 4830,2,2,official_incident_id,2024
13019,incident:2017083101,2017-09-07 00:00:00+00:00,2017-09-20 00:00:00+00:00,Hurricane,3387; 4338,2,2,official_incident_id,2017
13019,incident:2018100601,2018-10-09 00:00:00+00:00,2018-10-23 00:00:00+00:00,Hurricane,3406; 4400,2,2,official_incident_id,2018
13019,incident:2020030901,2020-01-20 00:00:00+00:00,2023-05-11 00:00:00+00:00,Biological,3464; 4501,2,2,official_incident_id,2020
13019,incident:2024072801,2024-08-04 00:00:00+00:00,2024-08-20 00:00:00+00:00,Tropical Storm,3607; 4821,2,2,official_incident_id,2024
13019,incident:2024092301,2024-09-24 00:00:00+00:00,2024-10-30 00:00:00+00:00,Hurricane; Tropical Storm,3616; 4830,2,2,official_incident_id,2024
13021,incident:2017083101,2017-09-07 00:00:00+00:00,2017-09-20 00:00:00+00:00,Hurricane,3387; 4338,2,2,official_incident_id,2017
13021,incident:2020030901,2020-01-20 00:00:00+00:00,2023-05-11 00:00:00+00:00,Biological,3464; 4501,2,2,official_incident_id,2020
13023,incident:2017083101,2017-09-07 00:00:00+00:00,2017-09-20 00:00:00+00:00,Hurricane,3387; 4338,2,2,official_incident_id,2017
13023,incident:2018100601,2018-10-09 00:00:00+00:00,2018-10-23 00:00:00+00:00,Hurricane,3406; 4400,2,2,official_incident_id,2018
13023,incident:2020030901,2020-01-20 00:00:00+00:00,2023-05-11 00:00:00+00:00,Biological,3464; 4501,2,2,official_incident_id,2020
13023,incident:2024092301,2024-09-24 00:00:00+00:00,2024-10-30 00:00:00+00:00,Hurricane; Tropical Storm,3616; 4830,2,2,official_incident_id,2024
13025,incident:2016092802,2016-10-04 00:00:00+00:00,2016-10-15 00:00:00+00:00,Hurricane,3379; 4284,2,2,official_incident_id,2016
13025,incident:2017083101,2017-09-07 00:00:00+00:00,2017-09-20 00:00:00+00:00,Hurricane,3387; 4338,2,2,official_incident_id,2017
13025,incident:2020030901,2020-01-20 00:00:00+00:00,2023-05-11 00:00:00+00:00,Biological,3464; 4501,2,2,official_incident_id,2020
13025,incident:2024072801,2024-08-04 00:00:00+00:00,2024-08-20 00:00:00+00:00,Tropical Storm,3607; 4821,2,2,official_incident_id,2024
13025,incident:2024092301,2024-09-24 00:00:00+00:00,2024-10-30 00:00:00+00:00,Hurricane; Tropical Storm,3616; 4830,2,2,official_incident_id,2024
13027,incident:2017083101,2017-09-07 00:00:00+00:00,2017-09-20 00:00:00+00:00,Hurricane,3387; 4338,2,2,official_incident_id,2017
13027,incident:2018100601,2018-10-09 00:00:00+00:00,2018-10-23 00:00:00+00:00,Hurricane,3406; 4400,2,2,official_incident_id,2018
13027,incident:2020030901,2020-01-20 00:00:00+00:00,2023-05-11 00:00:00+00:00,Biological,3464; 4501,2,2,official_incident_id,2020
13027,incident:2024072801,2024-08-04 00:00:00+00:00,2024-08-20 00:00:00+00:00,Tropical Storm,3607; 4821,2,2,official_incident_id,2024
13027,incident:2024092301,2024-09-24 00:00:00+00:00,2024-10-30 00:00:00+00:00,Hurricane; Tropical Storm,3616; 4830,2,2,official_incident_id,2024
13029,incident:2016092802,2016-10-04 00:00:00+00:00,2016-10-15 00:00:00+00:00,Hurricane,3379; 4284,2,2,official_incident_id,2016
13029,incident:2017083101,2017-09-07 00:00:00+00:00,2017-09-20 00:00:00+00:00,Hurricane,3387; 4338,2,2,official_incident_id,2017
13029,incident:2020030901,2020-01-20 00:00:00+00:00,2023-05-11 00:00:00+00:00,Biological,3464; 4501,2,2,official_incident_id,2020
13029,incident:2024072801,2024-08-04 00:00:00+00:00,2024-08-20 00:00:00+00:00,Tropical Storm,3607; 4821,2,2,official_incident_id,2024
13029,incident:2024092301,2024-09-24 00:00:00+00:00,2024-10-30 00:00:00+00:00,Hurricane; Tropical Storm,3616; 4830,2,2,official_incident_id,2024
13031,incident:2014020901,2014-02-10 00:00:00+00:00,2014-02-14 00:00:00+00:00,Severe Ice Storm,3368; 4165,2,2,official_incident_id,2014
13031,incident:2016092802,2016-10-04 00:00:00+00:00,2016-10-15 00:00:00+00:00,Hurricane,3379; 4284,2,2,official_incident_id,2016
13031,incident:2017083101,2017-09-07 00:00:00+00:00,2017-09-20 00:00:00+00:00,Hurricane,3387; 4338,2,2,official_incident_id,2017
13031,incident:2018100601,2018-10-09 00:00:00+00:00,2018-10-23 00:00:00+00:00,Hurricane,3406; 4400,2,2,official_incident_id,2018
13031,incident:2020030901,2020-01-20 00:00:00+00:00,2023-05-11 00:00:00+00:00,Biological,3464; 4501,2,2,official_incident_id,2020
13031,incident:2024072801,2024-08-04 00:00:00+00:00,2024-08-20 00:00:00+00:00,Tropical Storm,3607; 4821,2,2,official_incident_id,2024
13031,incident:2024092301,2024-09-24 00:00:00+00:00,2024-10-30 00:00:00+00:00,Hurricane; Tropical Storm,3616; 4830,2,2,official_incident_id,2024
13033,incident:2014020901,2014-02-10 00:00:00+00:00,2014-02-14 00:00:00+00:00,Severe Ice Storm,3368; 4165,2,2,official_incident_id,2014
13033,incident:2017083101,2017-09-07 00:00:00+00:00,2017-09-20 00:00:00+00:00,Hurricane,3387; 4338,2,2,official_incident_id,2017
13033,incident:2018100601,2018-10-09 00:00:00+00:00,2018-10-23 00:00:00+00:00,Hurricane,3406; 4400,2,2,official_incident_id,2018
13033,incident:2020030901,2020-01-20 00:00:00+00:00,2023-05-11 00:00:00+00:00,Biological,3464; 4501,2,2,official_incident_id,2020
13033,incident:2024072801,2024-08-04 00:00:00+00:00,2024-08-20 00:00:00+00:00,Tropical Storm,3607; 4821,2,2,official_incident_id,2024
13033,incident:2024092301,2024-09-24 00:00:00+00:00,2024-10-30 00:00:00+00:00,Hurricane; Tropical Storm,3616; 4830,2,2,official_incident_id,2024
13035,incident:2014020901,2014-02-10 00:00:00+00:00,2014-02-14 00:00:00+00:00,Severe Ice Storm,3368; 4165,2,2,official_incident_id,2014
13035,incident:2017083101,2017-09-07 00:00:00+00:00,2017-09-20 00:00:00+00:00,Hurricane,3387; 4338,2,2,official_incident_id,2017
13035,incident:2020030901,2020-01-20 00:00:00+00:00,2023-05-11 00:00:00+00:00,Biological,3464; 4501,2,2,official_incident_id,2020
13035,incident:2024092301,2024-09-24 00:00:00+00:00,2024-10-30 00:00:00+00:00,Hurricane; Tropical Storm,3616; 4830,2,2,official_incident_id,2024
13037,incident:2017083101,2017-09-07 00:00:00+00:00,2017-09-20 00:00:00+00:00,Hurricane,3387; 4338,2,2,official_incident_id,2017
13037,incident:2018100601,2018-10-09 00:00:00+00:00,2018-10-23 00:00:00+00:00,Hurricane,3406; 4400,2,2,official_incident_id,2018
13037,incident:2020030901,2020-01-20 00:00:00+00:00,2023-05-11 00:00:00+00:00,Biological,3464; 4501,2,2,official_incident_id,2020
13039,incident:2016092802,2016-10-04 00:00:00+00:00,2016-10-15 00:00:00+00:00,Hurricane,3379; 4284,2,2,official_incident_id,2016
13039,incident:2017083101,2017-09-07 00:00:00+00:00,2017-09-20 00:00:00+00:00,Hurricane,3387; 4338,2,2,official_incident_id,2017
13039,incident:2020030901,2020-01-20 00:00:00+00:00,2023-05-11 00:00:00+00:00,Biological,3464; 4501,2,2,official_incident_id,2020
13039,incident:2024072801,2024-08-04 00:00:00+00:00,2024-08-20 00:00:00+00:00,Tropical Storm,3607; 4821,2,2,official_incident_id,2024
13039,incident:2024092301,2024-09-24 00:00:00+00:00,2024-10-30 00:00:00+00:00,Hurricane; Tropical Storm,3616; 4830,2,2,official_incident_id,2024
13043,incident:2014020901,2014-02-10 00:00:00+00:00,2014-02-14 00:00:00+00:00,Severe Ice Storm,3368; 4165,2,2,official_incident_id,2014
13043,incident:2016092802,2016-10-04 00:00:00+00:00,2016-10-15 00:00:00+00:00,Hurricane,3379; 4284,2,2,official_incident_id,2016
13043,incident:2017083101,2017-09-07 00:00:00+00:00,2017-09-20 00:00:00+00:00,Hurricane,3387; 4338,2,2,official_incident_id,2017
13043,incident:2018100601,2018-10-09 00:00:00+00:00,2018-10-23 00:00:00+00:00,Hurricane,3406; 4400,2,2,official_incident_id,2018
13043,incident:2020030901,2020-01-20 00:00:00+00:00,2023-05-11 00:00:00+00:00,Biological,3464; 4501,2,2,official_incident_id,2020
13043,incident:2024072801,2024-08-04 00:00:00+00:00,2024-08-20 00:00:00+00:00,Tropical Storm,3607; 4821,2,2,official_incident_id,2024
13043,incident:2024092301,2024-09-24 00:00:00+00:00,2024-10-30 00:00:00+00:00,Hurricane; Tropical Storm,3616; 4830,2,2,official_incident_id,2024
13045,incident:2014020901,2014-02-10 00:00:00+00:00,2014-02-14 00:00:00+00:00,Severe Ice Storm,3368; 4165,2,2,official_incident_id,2014
13045,incident:2017083101,2017-09-07 00:00:00+00:00,2017-09-20 00:00:00+00:00,Hurricane,3387; 4338,2,2,official_incident_id,2017
13045,incident:2020030901,2020-01-20 00:00:00+00:00,2023-05-11 00:00:00+00:00,Biological,3464; 4501,2,2,official_incident_id,2020
13047,incident:2017083101,2017-09-07 00:00:00+00:00,2017-09-20 00:00:00+00:00,Hurricane,3387; 4338,2,2,official_incident_id,2017
13047,incident:2020030901,2020-01-20 00:00:00+00:00,2023-05-11 00:00:00+00:00,Biological,3464; 4501,2,2,official_incident_id,2020
13049,incident:2017083101,2017-09-07 00:00:00+00:00,2017-09-20 00:00:00+00:00,Hurricane,3387; 4338,2,2,official_incident_id,2017
13049,incident:2020030901,2020-01-20 00:00:00+00:00,2023-05-11 00:00:00+00:00,Biological,3464; 4501,2,2,official_incident_id,2020
13049,incident:2024072801,2024-08-04 00:00:00+00:00,2024-08-20 00:00:00+00:00,Tropical Storm,3607; 4821,2,2,official_incident_id,2024
13049,incident:2024092301,2024-09-24 00:00:00+00:00,2024-10-30 00:00:00+00:00,Hurricane; Tropical Storm,3616; 4830,2,2,official_incident_id,2024
13051,incident:2016092802,2016-10-04 00:00:00+00:00,2016-10-15 00:00:00+00:00,Hurricane,3379; 4284,2,2,official_incident_id,2016
13051,incident:2017083101,2017-09-07 00:00:00+00:00,2017-09-20 00:00:00+00:00,Hurricane,3387; 4338,2,2,official_incident_id,2017
13051,incident:2020030901,2020-01-20 00:00:00+00:00,2023-05-11 00:00:00+00:00,Biological,3464; 4501,2,2,official_incident_id,2020
13051,incident:2024072801,2024-08-04 00:00:00+00:00,2024-08-20 00:00:00+00:00,Tropical Storm,3607; 4821,2,2,official_incident_id,2024
13051,incident:2024092301,2024-09-24 00:00:00+00:00,2024-10-30 00:00:00+00:00,Hurricane; Tropical Storm,3616; 4830,2,2,official_incident_id,2024
13053,incident:2017083101,2017-09-07 00:00:00+00:00,2017-09-20 00:00:00+00:00,Hurricane,3387; 4338,2,2,official_incident_id,2017
13053,incident:2018100601,2018-10-09 00:00:00+00:00,2018-10-23 00:00:00+00:00,Hurricane,3406; 4400,2,2,official_incident_id,2018
13053,incident:2020030901,2020-01-20 00:00:00+00:00,2023-05-11 00:00:00+00:00,Biological,3464; 4501,2,2,official_incident_id,2020
13055,incident:2017083101,2017-09-07 00:00:00+00:00,2017-09-20 00:00:00+00:00,Hurricane,3387; 4338,2,2,official_incident_id,2017
13055,incident:2020030901,2020-01-20 00:00:00+00:00,2023-05-11 00:00:00+00:00,Biological,3464; 4501,2,2,official_incident_id,2020
13057,incident:2017083101,2017-09-07 00:00:00+00:00,2017-09-20 00:00:00+00:00,Hurricane,3387; 4338,2,2,official_incident_id,2017
13057,incident:2020030901,2020-01-20 00:00:00+00:00,2023-05-11 00:00:00+00:00,Biological,3464; 4501,2,2,official_incident_id,2020
13059,incident:2017083101,2017-09-07 00:00:00+00:00,2017-09-20 00:00:00+00:00,Hurricane,3387; 4338,2,2,official_incident_id,2017
13059,incident:2020030901,2020-01-20 00:00:00+00:00,2023-05-11 00:00:00+00:00,Biological,3464; 4501,2,2,official_incident_id,2020
13061,incident:2017083101,2017-09-07 00:00:00+00:00,2017-09-20 00:00:00+00:00,Hurricane,3387; 4338,2,2,official_incident_id,2017
13061,incident:2018100601,2018-10-09 00:00:00+00:00,2018-10-23 00:00:00+00:00,Hurricane,3406; 4400,2,2,official_incident_id,2018
13061,incident:2020030901,2020-01-20 00:00:00+00:00,2023-05-11 00:00:00+00:00,Biological,3464; 4501,2,2,official_incident_id,2020
13063,incident:2017083101,2017-09-07 00:00:00+00:00,2017-09-20 00:00:00+00:00,Hurricane,3387; 4338,2,2,official_incident_id,2017
13063,incident:2020030901,2020-01-20 00:00:00+00:00,2023-05-11 00:00:00+00:00,Biological,3464; 4501,2,2,official_incident_id,2020
13065,incident:2017083101,2017-09-07 00:00:00+00:00,2017-09-20 00:00:00+00:00,Hurricane,3387; 4338,2,2,official_incident_id,2017
13065,incident:2020030901,2020-01-20 00:00:00+00:00,2023-05-11 00:00:00+00:00,Biological,3464; 4501,2,2,official_incident_id,2020
13065,incident:2024072801,2024-08-04 00:00:00+00:00,2024-08-20 00:00:00+00:00,Tropical Storm,3607; 4821,2,2,official_incident_id,2024
13065,incident:2024092301,2024-09-24 00:00:00+00:00,2024-10-30 00:00:00+00:00,Hurricane; Tropical Storm,3616; 4830,2,2,official_incident_id,2024
13067,incident:2017083101,2017-09-07 00:00:00+00:00,2017-09-20 00:00:00+00:00,Hurricane,3387; 4338,2,2,official_incident_id,2017
13067,incident:2020030901,2020-01-20 00:00:00+00:00,2023-05-11 00:00:00+00:00,Biological,3464; 4501,2,2,official_incident_id,2020
13069,incident:2017083101,2017-09-07 00:00:00+00:00,2017-09-20 00:00:00+00:00,Hurricane,3387; 4338,2,2,official_incident_id,2017
13069,incident:2018100601,2018-10-09 00:00:00+00:00,2018-10-23 00:00:00+00:00,Hurricane,3406; 4400,2,2,official_incident_id,2018
13069,incident:2020030901,2020-01-20 00:00:00+00:00,2023-05-11 00:00:00+00:00,Biological,3464; 4501,2,2,official_incident_id,2020
13069,incident:2024072801,2024-08-04 00:00:00+00:00,2024-08-20 00:00:00+00:00,Tropical Storm,3607; 4821,2,2,official_incident_id,2024
13069,incident:2024092301,2024-09-24 00:00:00+00:00,2024-10-30 00:00:00+00:00,Hurricane; Tropical Storm,3616; 4830,2,2,official_incident_id,2024
13071,incident:2017083101,2017-09-07 00:00:00+00:00,2017-09-20 00:00:00+00:00,Hurricane,3387; 4338,2,2,official_incident_id,2017
13071,incident:2018100601,2018-10-09 00:00:00+00:00,2018-10-23 00:00:00+00:00,Hurricane,3406; 4400,2,2,official_incident_id,2018
13071,incident:2020030901,2020-01-20 00:00:00+00:00,2023-05-11 00:00:00+00:00,Biological,3464; 4501,2,2,official_incident_id,2020
13071,incident:2024072801,2024-08-04 00:00:00+00:00,2024-08-20 00:00:00+00:00,Tropical Storm,3607; 4821,2,2,official_incident_id,2024
13071,incident:2024092301,2024-09-24 00:00:00+00:00,2024-10-30 00:00:00+00:00,Hurricane; Tropical Storm,3616; 4830,2,2,official_incident_id,2024
13073,incident:2014020901,2014-02-10 00:00:00+00:00,2014-02-14 00:00:00+00:00,Severe Ice Storm,3368; 4165,2,2,official_incident_id,2014
13073,incident:2017083101,2017-09-07 00:00:00+00:00,2017-09-20 00:00:00+00:00,Hurricane,3387; 4338,2,2,official_incident_id,2017
13073,incident:2020030901,2020-01-20 00:00:00+00:00,2023-05-11 00:00:00+00:00,Biological,3464; 4501,2,2,official_incident_id,2020
13073,incident:2024092301,2024-09-24 00:00:00+00:00,2024-10-30 00:00:00+00:00,Hurricane; Tropical Storm,3616; 4830,2,2,official_incident_id,2024
13075,incident:2017083101,2017-09-07 00:00:00+00:00,2017-09-20 00:00:00+00:00,Hurricane,3387; 4338,2,2,official_incident_id,2017
13075,incident:2018100601,2018-10-09 00:00:00+00:00,2018-10-23 00:00:00+00:00,Hurricane,3406; 4400,2,2,official_incident_id,2018
13075,incident:2020030901,2020-01-20 00:00:00+00:00,2023-05-11 00:00:00+00:00,Biological,3464; 4501,2,2,official_incident_id,2020
13075,incident:2024072801,2024-08-04 00:00:00+00:00,2024-08-20 00:00:00+00:00,Tropical Storm,3607; 4821,2,2,official_incident_id,2024
13075,incident:2024092301,2024-09-24 00:00:00+00:00,2024-10-30 00:00:00+00:00,Hurricane; Tropical Storm,3616; 4830,2,2,official_incident_id,2024
13077,incident:2014020901,2014-02-10 00:00:00+00:00,2014-02-14 00:00:00+00:00,Severe Ice Storm,3368; 4165,2,2,official_incident_id,2014
13077,incident:2017083101,2017-09-07 00:00:00+00:00,2017-09-20 00:00:00+00:00,Hurricane,3387; 4338,2,2,official_incident_id,2017
13077,incident:2020030901,2020-01-20 00:00:00+00:00,2023-05-11 00:00:00+00:00,Biological,3464; 4501,2,2,official_incident_id,2020
13079,incident:2017083101,2017-09-07 00:00:00+00:00,2017-09-20 00:00:00+00:00,Hurricane,3387; 4338,2,2,official_incident_id,2017
13079,incident:2018100601,2018-10-09 00:00:00+00:00,2018-10-23 00:00:00+00:00,Hurricane,3406; 4400,2,2,official_incident_id,2018
13079,incident:2020030901,2020-01-20 00:00:00+00:00,2023-05-11 00:00:00+00:00,Biological,3464; 4501,2,2,official_incident_id,2020
13081,incident:2017083101,2017-09-07 00:00:00+00:00,2017-09-20 00:00:00+00:00,Hurricane,3387; 4338,2,2,official_incident_id,2017
13081,incident:2018100601,2018-10-09 00:00:00+00:00,2018-10-23 00:00:00+00:00,Hurricane,3406; 4400,2,2,official_incident_id,2018
13081,incident:2020030901,2020-01-20 00:00:00+00:00,2023-05-11 00:00:00+00:00,Biological,3464; 4501,2,2,official_incident_id,2020
13081,incident:2024092301,2024-09-24 00:00:00+00:00,2024-10-30 00:00:00+00:00,Hurricane; Tropical Storm,3616; 4830,2,2,official_incident_id,2024
13083,incident:2014020901,2014-02-10 00:00:00+00:00,2014-02-14 00:00:00+00:00,Severe Ice Storm,3368; 4165,2,2,official_incident_id,2014
13083,incident:2017083101,2017-09-07 00:00:00+00:00,2017-09-20 00:00:00+00:00,Hurricane,3387; 4338,2,2,official_incident_id,2017
13083,incident:2020030901,2020-01-20 00:00:00+00:00,2023-05-11 00:00:00+00:00,Biological,3464; 4501,2,2,official_incident_id,2020
13085,incident:2017083101,2017-09-07 00:00:00+00:00,2017-09-20 00:00:00+00:00,Hurricane,3387; 4338,2,2,official_incident_id,2017
13085,incident:2020030901,2020-01-20 00:00:00+00:00,2023-05-11 00:00:00+00:00,Biological,3464; 4501,2,2,official_incident_id,2020
13085,incident:2024092301,2024-09-24 00:00:00+00:00,2024-10-30 00:00:00+00:00,Hurricane; Tropical Storm,3616; 4830,2,2,official_incident_id,2024
13087,incident:2017083101,2017-09-07 00:00:00+00:00,2017-09-20 00:00:00+00:00,Hurricane,3387; 4338,2,2,official_incident_id,2017
13087,incident:2018100601,2018-10-09 00:00:00+00:00,2018-10-23 00:00:00+00:00,Hurricane,3406; 4400,2,2,official_incident_id,2018
13087,incident:2020030901,2020-01-20 00:00:00+00:00,2023-05-11 00:00:00+00:00,Biological,3464; 4501,2,2,official_incident_id,2020
13087,incident:2024092301,2024-09-24 00:00:00+00:00,2024-10-30 00:00:00+00:00,Hurricane; Tropical Storm,3616; 4830,2,2,official_incident_id,2024
13089,incident:2017083101,2017-09-07 00:00:00+00:00,2017-09-20 00:00:00+00:00,Hurricane,3387; 4338,2,2,official_incident_id,2017
13089,incident:2020030901,2020-01-20 00:00:00+00:00,2023-05-11 00:00:00+00:00,Biological,3464; 4501,2,2,official_incident_id,2020
13091,incident:2017083101,2017-09-07 00:00:00+00:00,2017-09-20 00:00:00+00:00,Hurricane,3387; 4338,2,2,official_incident_id,2017
13091,incident:2018100601,2018-10-09 00:00:00+00:00,2018-10-23 00:00:00+00:00,Hurricane,3406; 4400,2,2,official_incident_id,2018
13091,incident:2020030901,2020-01-20 00:00:00+00:00,2023-05-11 00:00:00+00:00,Biological,3464; 4501,2,2,official_incident_id,2020
13091,incident:2024092301,2024-09-24 00:00:00+00:00,2024-10-30 00:00:00+00:00,Hurricane; Tropical Storm,3616; 4830,2,2,official_incident_id,2024
13093,incident:2017083101,2017-09-07 00:00:00+00:00,2017-09-20 00:00:00+00:00,Hurricane,3387; 4338,2,2,official_incident_id,2017
13093,incident:2018100601,2018-10-09 00:00:00+00:00,2018-10-23 00:00:00+00:00,Hurricane,3406; 4400,2,2,official_incident_id,2018
13093,incident:2020030901,2020-01-20 00:00:00+00:00,2023-05-11 00:00:00+00:00,Biological,3464; 4501,2,2,official_incident_id,2020
13093,incident:2024092301,2024-09-24 00:00:00+00:00,2024-10-30 00:00:00+00:00,Hurricane; Tropical Storm,3616; 4830,2,2,official_incident_id,2024
13095,incident:2017083101,2017-09-07 00:00:00+00:00,2017-09-20 00:00:00+00:00,Hurricane,3387; 4338,2,2,official_incident_id,2017
13095,incident:2018100601,2018-10-09 00:00:00+00:00,2018-10-23 00:00:00+00:00,Hurricane,3406; 4400,2,2,official_incident_id,2018
13095,incident:2020030901,2020-01-20 00:00:00+00:00,2023-05-11 00:00:00+00:00,Biological,3464; 4501,2,2,official_incident_id,2020
13097,incident:2017083101,2017-09-07 00:00:00+00:00,2017-09-20 00:00:00+00:00,Hurricane,3387; 4338,2,2,official_incident_id,2017
13097,incident:2020030901,2020-01-20 00:00:00+00:00,2023-05-11 00:00:00+00:00,Biological,3464; 4501,2,2,official_incident_id,2020
13099,incident:2017083101,2017-09-07 00:00:00+00:00,2017-09-20 00:00:00+00:00,Hurricane,3387; 4338,2,2,official_incident_id,2017
13099,incident:2018100601,2018-10-09 00:00:00+00:00,2018-10-23 00:00:00+00:00,Hurricane,3406; 4400,2,2,official_incident_id,2018
13099,incident:2020030901,2020-01-20 00:00:00+00:00,2023-05-11 00:00:00+00:00,Biological,3464; 4501,2,2,official_incident_id,2020
13101,incident:2017083101,2017-09-07 00:00:00+00:00,2017-09-20 00:00:00+00:00,Hurricane,3387; 4338,2,2,official_incident_id,2017
13101,incident:2018100601,2018-10-09 00:00:00+00:00,2018-10-23 00:00:00+00:00,Hurricane,3406; 4400,2,2,official_incident_id,2018
13101,incident:2020030901,2020-01-20 00:00:00+00:00,2023-05-11 00:00:00+00:00,Biological,3464; 4501,2,2,official_incident_id,2020
13101,incident:2024072801,2024-08-04 00:00:00+00:00,2024-08-20 00:00:00+00:00,Tropical Storm,3607; 4821,2,2,official_incident_id,2024
13101,incident:2024092301,2024-09-24 00:00:00+00:00,2024-10-30 00:00:00+00:00,Hurricane; Tropical Storm,3616; 4830,2,2,official_incident_id,2024
13103,incident:2016092802,2016-10-04 00:00:00+00:00,2016-10-15 00:00:00+00:00,Hurricane,3379; 4284,2,2,official_incident_id,2016
13103,incident:2017083101,2017-09-07 00:00:00+00:00,2017-09-20 00:00:00+00:00,Hurricane,3387; 4338,2,2,official_incident_id,2017
13103,incident:2020030901,2020-01-20 00:00:00+00:00,2023-05-11 00:00:00+00:00,Biological,3464; 4501,2,2,official_incident_id,2020
13103,incident:2024072801,2024-08-04 00:00:00+00:00,2024-08-20 00:00:00+00:00,Tropical Storm,3607; 4821,2,2,official_incident_id,2024
13103,incident:2024092301,2024-09-24 00:00:00+00:00,2024-10-30 00:00:00+00:00,Hurricane; Tropical Storm,3616; 4830,2,2,official_incident_id,2024
13105,incident:2017083101,2017-09-07 00:00:00+00:00,2017-09-20 00:00:00+00:00,Hurricane,3387; 4338,2,2,official_incident_id,2017
13105,incident:2020030901,2020-01-20 00:00:00+00:00,2023-05-11 00:00:00+00:00,Biological,3464; 4501,2,2,official_incident_id,2020
13105,incident:2024092301,2024-09-24 00:00:00+00:00,2024-10-30 00:00:00+00:00,Hurricane; Tropical Storm,3616; 4830,2,2,official_incident_id,2024
13107,incident:2014020901,2014-02-10 00:00:00+00:00,2014-02-14 00:00:00+00:00,Severe Ice Storm,3368; 4165,2,2,official_incident_id,2014
13107,incident:2016092802,2016-10-04 00:00:00+00:00,2016-10-15 00:00:00+00:00,Hurricane,3379; 4284,2,2,official_incident_id,2016
13107,incident:2017083101,2017-09-07 00:00:00+00:00,2017-09-20 00:00:00+00:00,Hurricane,3387; 4338,2,2,official_incident_id,2017
13107,incident:2018100601,2018-10-09 00:00:00+00:00,2018-10-23 00:00:00+00:00,Hurricane,3406; 4400,2,2,official_incident_id,2018
13107,incident:2020030901,2020-01-20 00:00:00+00:00,2023-05-11 00:00:00+00:00,Biological,3464; 4501,2,2,official_incident_id,2020
13107,incident:2024092301,2024-09-24 00:00:00+00:00,2024-10-30 00:00:00+00:00,Hurricane; Tropical Storm,3616; 4830,2,2,official_incident_id,2024
13109,incident:2016092802,2016-10-04 00:00:00+00:00,2016-10-15 00:00:00+00:00,Hurricane,3379; 4284,2,2,official_incident_id,2016
13109,incident:2017083101,2017-09-07 00:00:00+00:00,2017-09-20 00:00:00+00:00,Hurricane,3387; 4338,2,2,official_incident_id,2017
13109,incident:2018100601,2018-10-09 00:00:00+00:00,2018-10-23 00:00:00+00:00,Hurricane,3406; 4400,2,2,official_incident_id,2018
13109,incident:2020030901,2020-01-20 00:00:00+00:00,2023-05-11 00:00:00+00:00,Biological,3464; 4501,2,2,official_incident_id,2020
13109,incident:2024072801,2024-08-04 00:00:00+00:00,2024-08-20 00:00:00+00:00,Tropical Storm,3607; 4821,2,2,official_incident_id,2024
13109,incident:2024092301,2024-09-24 00:00:00+00:00,2024-10-30 00:00:00+00:00,Hurricane; Tropical Storm,3616; 4830,2,2,official_incident_id,2024
13111,incident:2014020901,2014-02-10 00:00:00+00:00,2014-02-14 00:00:00+00:00,Severe Ice Storm,3368; 4165,2,2,official_incident_id,2014
13111,incident:2017083101,2017-09-07 00:00:00+00:00,2017-09-20 00:00:00+00:00,Hurricane,3387; 4338,2,2,official_incident_id,2017
13111,incident:2020030901,2020-01-20 00:00:00+00:00,2023-05-11 00:00:00+00:00,Biological,3464; 4501,2,2,official_incident_id,2020
13113,incident:2014020901,2014-02-10 00:00:00+00:00,2014-02-14 00:00:00+00:00,Severe Ice Storm,3368; 4165,2,2,official_incident_id,2014
13113,incident:2017083101,2017-09-07 00:00:00+00:00,2017-09-20 00:00:00+00:00,Hurricane,3387; 4338,2,2,official_incident_id,2017
13113,incident:2020030901,2020-01-20 00:00:00+00:00,2023-05-11 00:00:00+00:00,Biological,3464; 4501,2,2,official_incident_id,2020
13115,incident:2017083101,2017-09-07 00:00:00+00:00,2017-09-20 00:00:00+00:00,Hurricane,3387; 4338,2,2,official_incident_id,2017
13115,incident:2020030901,2020-01-20 00:00:00+00:00,2023-05-11 00:00:00+00:00,Biological,3464; 4501,2,2,official_incident_id,2020
13117,incident:2017083101,2017-09-07 00:00:00+00:00,2017-09-20 00:00:00+00:00,Hurricane,3387; 4338,2,2,official_incident_id,2017
13117,incident:2020030901,2020-01-20 00:00:00+00:00,2023-05-11 00:00:00+00:00,Biological,3464; 4501,2,2,official_incident_id,2020
13119,incident:2017083101,2017-09-07 00:00:00+00:00,2017-09-20 00:00:00+00:00,Hurricane,3387; 4338,2,2,official_incident_id,2017
13119,incident:2020030901,2020-01-20 00:00:00+00:00,2023-05-11 00:00:00+00:00,Biological,3464; 4501,2,2,official_incident_id,2020
13119,incident:2024092301,2024-09-24 00:00:00+00:00,2024-10-30 00:00:00+00:00,Hurricane; Tropical Storm,3616; 4830,2,2,official_incident_id,2024
13121,incident:2014020901,2014-02-10 00:00:00+00:00,2014-02-14 00:00:00+00:00,Severe Ice Storm,3368; 4165,2,2,official_incident_id,2014
13121,incident:2017083101,2017-09-07 00:00:00+00:00,2017-09-20 00:00:00+00:00,Hurricane,3387; 4338,2,2,official_incident_id,2017
13121,incident:2020030901,2020-01-20 00:00:00+00:00,2023-05-11 00:00:00+00:00,Biological,3464; 4501,2,2,official_incident_id,2020
13121,incident:2024092301,2024-09-24 00:00:00+00:00,2024-10-30 00:00:00+00:00,Hurricane; Tropical Storm,3616; 4830,2,2,official_incident_id,2024
13123,incident:2014020901,2014-02-10 00:00:00+00:00,2014-02-14 00:00:00+00:00,Severe Ice Storm,3368; 4165,2,2,official_incident_id,2014
13123,incident:2017083101,2017-09-07 00:00:00+00:00,2017-09-20 00:00:00+00:00,Hurricane,3387; 4338,2,2,official_incident_id,2017
13123,incident:2020030901,2020-01-20 00:00:00+00:00,2023-05-11 00:00:00+00:00,Biological,3464; 4501,2,2,official_incident_id,2020
13123,incident:2024092301,2024-09-24 00:00:00+00:00,2024-10-30 00:00:00+00:00,Hurricane; Tropical Storm,3616; 4830,2,2,official_incident_id,2024
13125,incident:2014020901,2014-02-10 00:00:00+00:00,2014-02-14 00:00:00+00:00,Severe Ice Storm,3368; 4165,2,2,official_incident_id,2014
13125,incident:2017083101,2017-09-07 00:00:00+00:00,2017-09-20 00:00:00+00:00,Hurricane,3387; 4338,2,2,official_incident_id,2017
13125,incident:2018100601,2018-10-09 00:00:00+00:00,2018-10-23 00:00:00+00:00,Hurricane,3406; 4400,2,2,official_incident_id,2018
13125,incident:2020030901,2020-01-20 00:00:00+00:00,2023-05-11 00:00:00+00:00,Biological,3464; 4501,2,2,official_incident_id,2020
13125,incident:2024092301,2024-09-24 00:00:00+00:00,2024-10-30 00:00:00+00:00,Hurricane; Tropical Storm,3616; 4830,2,2,official_incident_id,2024
13127,incident:2016092802,2016-10-04 00:00:00+00:00,2016-10-15 00:00:00+00:00,Hurricane,3379; 4284,2,2,official_incident_id,2016
13127,incident:2017083101,2017-09-07 00:00:00+00:00,2017-09-20 00:00:00+00:00,Hurricane,3387; 4338,2,2,official_incident_id,2017
13127,incident:2020030901,2020-01-20 00:00:00+00:00,2023-05-11 00:00:00+00:00,Biological,3464; 4501,2,2,official_incident_id,2020
13127,incident:2024092301,2024-09-24 00:00:00+00:00,2024-10-30 00:00:00+00:00,Hurricane; Tropical Storm,3616; 4830,2,2,official_incident_id,2024
13129,incident:2017083101,2017-09-07 00:00:00+00:00,2017-09-20 00:00:00+00:00,Hurricane,3387; 4338,2,2,official_incident_id,2017
13129,incident:2020030901,2020-01-20 00:00:00+00:00,2023-05-11 00:00:00+00:00,Biological,3464; 4501,2,2,official_incident_id,2020
13131,incident:2017083101,2017-09-07 00:00:00+00:00,2017-09-20 00:00:00+00:00,Hurricane,3387; 4338,2,2,official_incident_id,2017
13131,incident:2018100601,2018-10-09 00:00:00+00:00,2018-10-23 00:00:00+00:00,Hurricane,3406; 4400,2,2,official_incident_id,2018
13131,incident:2020030901,2020-01-20 00:00:00+00:00,2023-05-11 00:00:00+00:00,Biological,3464; 4501,2,4,official_incident_id,2020
13131,incident:2024092301,2024-09-24 00:00:00+00:00,2024-10-30 00:00:00+00:00,Hurricane; Tropical Storm,3616; 4830,2,2,official_incident_id,2024
13133,incident:2017083101,2017-09-07 00:00:00+00:00,2017-09-20 00:00:00+00:00,Hurricane,3387; 4338,2,2,official_incident_id,2017
13133,incident:2020030901,2020-01-20 00:00:00+00:00,2023-05-11 00:00:00+00:00,Biological,3464; 4501,2,2,official_incident_id,2020
13133,incident:2024092301,2024-09-24 00:00:00+00:00,2024-10-30 00:00:00+00:00,Hurricane; Tropical Storm,3616; 4830,2,2,official_incident_id,2024
13135,incident:2017083101,2017-09-07 00:00:00+00:00,2017-09-20 00:00:00+00:00,Hurricane,3387; 4338,2,2,official_incident_id,2017
13135,incident:2020030901,2020-01-20 00:00:00+00:00,2023-05-11 00:00:00+00:00,Biological,3464; 4501,2,2,official_incident_id,2020
13137,incident:2014020901,2014-02-10 00:00:00+00:00,2014-02-14 00:00:00+00:00,Severe Ice Storm,3368; 4165,2,2,official_incident_id,2014
13137,incident:2017083101,2017-09-07 00:00:00+00:00,2017-09-20 00:00:00+00:00,Hurricane,3387; 4338,2,2,official_incident_id,2017
13137,incident:2020030901,2020-01-20 00:00:00+00:00,2023-05-11 00:00:00+00:00,Biological,3464; 4501,2,2,official_incident_id,2020
13137,incident:2024092301,2024-09-24 00:00:00+00:00,2024-10-30 00:00:00+00:00,Hurricane; Tropical Storm,3616; 4830,2,2,official_incident_id,2024
13139,incident:2017083101,2017-09-07 00:00:00+00:00,2017-09-20 00:00:00+00:00,Hurricane,3387; 4338,2,2,official_incident_id,2017
13139,incident:2020030901,2020-01-20 00:00:00+00:00,2023-05-11 00:00:00+00:00,Biological,3464; 4501,2,2,official_incident_id,2020
13141,incident:2014020901,2014-02-10 00:00:00+00:00,2014-02-14 00:00:00+00:00,Severe Ice Storm,3368; 4165,2,2,official_incident_id,2014
13141,incident:2017083101,2017-09-07 00:00:00+00:00,2017-09-20 00:00:00+00:00,Hurricane,3387; 4338,2,2,official_incident_id,2017
13141,incident:2018100601,2018-10-09 00:00:00+00:00,2018-10-23 00:00:00+00:00,Hurricane,3406; 4400,2,2,official_incident_id,2018
13141,incident:2020030901,2020-01-20 00:00:00+00:00,2023-05-11 00:00:00+00:00,Biological,3464; 4501,2,2,official_incident_id,2020
13141,incident:2024092301,2024-09-24 00:00:00+00:00,2024-10-30 00:00:00+00:00,Hurricane; Tropical Storm,3616; 4830,2,2,official_incident_id,2024
13143,incident:2014020901,2014-02-10 00:00:00+00:00,2014-02-14 00:00:00+00:00,Severe Ice Storm,3368; 4165,2,2,official_incident_id,2014
13143,incident:2017083101,2017-09-07 00:00:00+00:00,2017-09-20 00:00:00+00:00,Hurricane,3387; 4338,2,2,official_incident_id,2017
13143,incident:2020030901,2020-01-20 00:00:00+00:00,2023-05-11 00:00:00+00:00,Biological,3464; 4501,2,2,official_incident_id,2020
13145,incident:2017083101,2017-09-07 00:00:00+00:00,2017-09-20 00:00:00+00:00,Hurricane,3387; 4338,2,2,official_incident_id,2017
13145,incident:2020030901,2020-01-20 00:00:00+00:00,2023-05-11 00:00:00+00:00,Biological,3464; 4501,2,2,official_incident_id,2020
13147,incident:2017083101,2017-09-07 00:00:00+00:00,2017-09-20 00:00:00+00:00,Hurricane,3387; 4338,2,2,official_incident_id,2017
13147,incident:2020030901,2020-01-20 00:00:00+00:00,2023-05-11 00:00:00+00:00,Biological,3464; 4501,2,2,official_incident_id,2020
13147,incident:2024092301,2024-09-24 00:00:00+00:00,2024-10-30 00:00:00+00:00,Hurricane; Tropical Storm,3616; 4830,2,2,official_incident_id,2024
13149,incident:2014020901,2014-02-10 00:00:00+00:00,2014-02-14 00:00:00+00:00,Severe Ice Storm,3368; 4165,2,2,official_incident_id,2014
13149,incident:2017083101,2017-09-07 00:00:00+00:00,2017-09-20 00:00:00+00:00,Hurricane,3387; 4338,2,2,official_incident_id,2017
13149,incident:2020030901,2020-01-20 00:00:00+00:00,2023-05-11 00:00:00+00:00,Biological,3464; 4501,2,2,official_incident_id,2020
13151,incident:2017083101,2017-09-07 00:00:00+00:00,2017-09-20 00:00:00+00:00,Hurricane,3387; 4338,2,2,official_incident_id,2017
13151,incident:2020030901,2020-01-20 00:00:00+00:00,2023-05-11 00:00:00+00:00,Biological,3464; 4501,2,2,official_incident_id,2020
13153,incident:2017083101,2017-09-07 00:00:00+00:00,2017-09-20 00:00:00+00:00,Hurricane,3387; 4338,2,2,official_incident_id,2017
13153,incident:2018100601,2018-10-09 00:00:00+00:00,2018-10-23 00:00:00+00:00,Hurricane,3406; 4400,2,2,official_incident_id,2018
13153,incident:2020030901,2020-01-20 00:00:00+00:00,2023-05-11 00:00:00+00:00,Biological,3464; 4501,2,2,official_incident_id,2020
13155,incident:2017083101,2017-09-07 00:00:00+00:00,2017-09-20 00:00:00+00:00,Hurricane,3387; 4338,2,2,official_incident_id,2017
13155,incident:2018100601,2018-10-09 00:00:00+00:00,2018-10-23 00:00:00+00:00,Hurricane,3406; 4400,2,2,official_incident_id,2018
13155,incident:2020030901,2020-01-20 00:00:00+00:00,2023-05-11 00:00:00+00:00,Biological,3464; 4501,2,2,official_incident_id,2020
13155,incident:2024092301,2024-09-24 00:00:00+00:00,2024-10-30 00:00:00+00:00,Hurricane; Tropical Storm,3616; 4830,2,2,official_incident_id,2024
13157,incident:2017083101,2017-09-07 00:00:00+00:00,2017-09-20 00:00:00+00:00,Hurricane,3387; 4338,2,2,official_incident_id,2017
13157,incident:2020030901,2020-01-20 00:00:00+00:00,2023-05-11 00:00:00+00:00,Biological,3464; 4501,2,2,official_incident_id,2020
13157,incident:2024092301,2024-09-24 00:00:00+00:00,2024-10-30 00:00:00+00:00,Hurricane; Tropical Storm,3616; 4830,2,2,official_incident_id,2024
13159,incident:2014020901,2014-02-10 00:00:00+00:00,2014-02-14 00:00:00+00:00,Severe Ice Storm,3368; 4165,2,2,official_incident_id,2014
13159,incident:2017083101,2017-09-07 00:00:00+00:00,2017-09-20 00:00:00+00:00,Hurricane,3387; 4338,2,2,official_incident_id,2017
13159,incident:2020030901,2020-01-20 00:00:00+00:00,2023-05-11 00:00:00+00:00,Biological,3464; 4501,2,2,official_incident_id,2020
13159,incident:2024092301,2024-09-24 00:00:00+00:00,2024-10-30 00:00:00+00:00,Hurricane; Tropical Storm,3616; 4830,2,2,official_incident_id,2024
13161,incident:2017083101,2017-09-07 00:00:00+00:00,2017-09-20 00:00:00+00:00,Hurricane,3387; 4338,2,2,official_incident_id,2017
13161,incident:2018100601,2018-10-09 00:00:00+00:00,2018-10-23 00:00:00+00:00,Hurricane,3406; 4400,2,2,official_incident_id,2018
13161,incident:2020030901,2020-01-20 00:00:00+00:00,2023-05-11 00:00:00+00:00,Biological,3464; 4501,2,2,official_incident_id,2020
13161,incident:2024072801,2024-08-04 00:00:00+00:00,2024-08-20 00:00:00+00:00,Tropical Storm,3607; 4821,2,2,official_incident_id,2024
13161,incident:2024092301,2024-09-24 00:00:00+00:00,2024-10-30 00:00:00+00:00,Hurricane; Tropical Storm,3616; 4830,2,2,official_incident_id,2024
13163,incident:2014020901,2014-02-10 00:00:00+00:00,2014-02-14 00:00:00+00:00,Severe Ice Storm,3368; 4165,2,2,official_incident_id,2014
13163,incident:2017083101,2017-09-07 00:00:00+00:00,2017-09-20 00:00:00+00:00,Hurricane,3387; 4338,2,2,official_incident_id,2017
13163,incident:2018100601,2018-10-09 00:00:00+00:00,2018-10-23 00:00:00+00:00,Hurricane,3406; 4400,2,2,official_incident_id,2018
13163,incident:2020030901,2020-01-20 00:00:00+00:00,2023-05-11 00:00:00+00:00,Biological,3464; 4501,2,2,official_incident_id,2020
13163,incident:2024092301,2024-09-24 00:00:00+00:00,2024-10-30 00:00:00+00:00,Hurricane; Tropical Storm,3616; 4830,2,2,official_incident_id,2024
13165,incident:2014020901,2014-02-10 00:00:00+00:00,2014-02-14 00:00:00+00:00,Severe Ice Storm,3368; 4165,2,2,official_incident_id,2014
13165,incident:2016092802,2016-10-04 00:00:00+00:00,2016-10-15 00:00:00+00:00,Hurricane,3379; 4284,2,2,official_incident_id,2016
13165,incident:2017083101,2017-09-07 00:00:00+00:00,2017-09-20 00:00:00+00:00,Hurricane,3387; 4338,2,2,official_incident_id,2017
13165,incident:2018100601,2018-10-09 00:00:00+00:00,2018-10-23 00:00:00+00:00,Hurricane,3406; 4400,2,2,official_incident_id,2018
13165,incident:2020030901,2020-01-20 00:00:00+00:00,2023-05-11 00:00:00+00:00,Biological,3464; 4501,2,2,official_incident_id,2020
13165,incident:2024072801,2024-08-04 00:00:00+00:00,2024-08-20 00:00:00+00:00,Tropical Storm,3607; 4821,2,2,official_incident_id,2024
13165,incident:2024092301,2024-09-24 00:00:00+00:00,2024-10-30 00:00:00+00:00,Hurricane; Tropical Storm,3616; 4830,2,2,official_incident_id,2024
13167,incident:2014020901,2014-02-10 00:00:00+00:00,2014-02-14 00:00:00+00:00,Severe Ice Storm,3368; 4165,2,2,official_incident_id,2014
13167,incident:2017083101,2017-09-07 00:00:00+00:00,2017-09-20 00:00:00+00:00,Hurricane,3387; 4338,2,2,official_incident_id,2017
13167,incident:2018100601,2018-10-09 00:00:00+00:00,2018-10-23 00:00:00+00:00,Hurricane,3406; 4400,2,2,official_incident_id,2018
13167,incident:2020030901,2020-01-20 00:00:00+00:00,2023-05-11 00:00:00+00:00,Biological,3464; 4501,2,2,official_incident_id,2020
13167,incident:2024092301,2024-09-24 00:00:00+00:00,2024-10-30 00:00:00+00:00,Hurricane; Tropical Storm,3616; 4830,2,2,official_incident_id,2024
13169,incident:2014020901,2014-02-10 00:00:00+00:00,2014-02-14 00:00:00+00:00,Severe Ice Storm,3368; 4165,2,2,official_incident_id,2014
13169,incident:2017083101,2017-09-07 00:00:00+00:00,2017-09-20 00:00:00+00:00,Hurricane,3387; 4338,2,2,official_incident_id,2017
13169,incident:2018100601,2018-10-09 00:00:00+00:00,2018-10-23 00:00:00+00:00,Hurricane,3406; 4400,2,2,official_incident_id,2018
13169,incident:2020030901,2020-01-20 00:00:00+00:00,2023-05-11 00:00:00+00:00,Biological,3464; 4501,2,2,official_incident_id,2020
13171,incident:2014020901,2014-02-10 00:00:00+00:00,2014-02-14 00:00:00+00:00,Severe Ice Storm,3368; 4165,2,2,official_incident_id,2014
13171,incident:2017083101,2017-09-07 00:00:00+00:00,2017-09-20 00:00:00+00:00,Hurricane,3387; 4338,2,2,official_incident_id,2017
13171,incident:2020030901,2020-01-20 00:00:00+00:00,2023-05-11 00:00:00+00:00,Biological,3464; 4501,2,2,official_incident_id,2020
13171,incident:2024092301,2024-09-24 00:00:00+00:00,2024-10-30 00:00:00+00:00,Hurricane; Tropical Storm,3616; 4830,2,2,official_incident_id,2024
13173,incident:2017083101,2017-09-07 00:00:00+00:00,2017-09-20 00:00:00+00:00,Hurricane,3387; 4338,2,2,official_incident_id,2017
13173,incident:2020030901,2020-01-20 00:00:00+00:00,2023-05-11 00:00:00+00:00,Biological,3464; 4501,2,2,official_incident_id,2020
13173,incident:2024072801,2024-08-04 00:00:00+00:00,2024-08-20 00:00:00+00:00,Tropical Storm,3607; 4821,2,2,official_incident_id,2024
13173,incident:2024092301,2024-09-24 00:00:00+00:00,2024-10-30 00:00:00+00:00,Hurricane; Tropical Storm,3616; 4830,2,2,official_incident_id,2024
13175,incident:2017083101,2017-09-07 00:00:00+00:00,2017-09-20 00:00:00+00:00,Hurricane,3387; 4338,2,2,official_incident_id,2017
13175,incident:2018100601,2018-10-09 00:00:00+00:00,2018-10-23 00:00:00+00:00,Hurricane,3406; 4400,2,2,official_incident_id,2018
13175,incident:2020030901,2020-01-20 00:00:00+00:00,2023-05-11 00:00:00+00:00,Biological,3464; 4501,2,2,official_incident_id,2020
13175,incident:2024092301,2024-09-24 00:00:00+00:00,2024-10-30 00:00:00+00:00,Hurricane; Tropical Storm,3616; 4830,2,2,official_incident_id,2024
13177,incident:2017083101,2017-09-07 00:00:00+00:00,2017-09-20 00:00:00+00:00,Hurricane,3387; 4338,2,2,official_incident_id,2017
13177,incident:2018100601,2018-10-09 00:00:00+00:00,2018-10-23 00:00:00+00:00,Hurricane,3406; 4400,2,2,official_incident_id,2018
13177,incident:2020030901,2020-01-20 00:00:00+00:00,2023-05-11 00:00:00+00:00,Biological,3464; 4501,2,2,official_incident_id,2020
13179,incident:2016092802,2016-10-04 00:00:00+00:00,2016-10-15 00:00:00+00:00,Hurricane,3379; 4284,2,2,official_incident_id,2016
13179,incident:2017083101,2017-09-07 00:00:00+00:00,2017-09-20 00:00:00+00:00,Hurricane,3387; 4338,2,2,official_incident_id,2017
13179,incident:2020030901,2020-01-20 00:00:00+00:00,2023-05-11 00:00:00+00:00,Biological,3464; 4501,2,2,official_incident_id,2020
13179,incident:2024072801,2024-08-04 00:00:00+00:00,2024-08-20 00:00:00+00:00,Tropical Storm,3607; 4821,2,2,official_incident_id,2024
13179,incident:2024092301,2024-09-24 00:00:00+00:00,2024-10-30 00:00:00+00:00,Hurricane; Tropical Storm,3616; 4830,2,2,official_incident_id,2024
13181,incident:2017083101,2017-09-07 00:00:00+00:00,2017-09-20 00:00:00+00:00,Hurricane,3387; 4338,2,2,official_incident_id,2017
13181,incident:2020030901,2020-01-20 00:00:00+00:00,2023-05-11 00:00:00+00:00,Biological,3464; 4501,2,2,official_incident_id,2020
13181,incident:2024092301,2024-09-24 00:00:00+00:00,2024-10-30 00:00:00+00:00,Hurricane; Tropical Storm,3616; 4830,2,2,official_incident_id,2024
13183,incident:2016092802,2016-10-04 00:00:00+00:00,2016-10-15 00:00:00+00:00,Hurricane,3379; 4284,2,2,official_incident_id,2016
13183,incident:2017083101,2017-09-07 00:00:00+00:00,2017-09-20 00:00:00+00:00,Hurricane,3387; 4338,2,2,official_incident_id,2017
13183,incident:2020030901,2020-01-20 00:00:00+00:00,2023-05-11 00:00:00+00:00,Biological,3464; 4501,2,2,official_incident_id,2020
13183,incident:2024072801,2024-08-04 00:00:00+00:00,2024-08-20 00:00:00+00:00,Tropical Storm,3607; 4821,2,2,official_incident_id,2024
13183,incident:2024092301,2024-09-24 00:00:00+00:00,2024-10-30 00:00:00+00:00,Hurricane; Tropical Storm,3616; 4830,2,2,official_incident_id,2024
13185,incident:2017083101,2017-09-07 00:00:00+00:00,2017-09-20 00:00:00+00:00,Hurricane,3387; 4338,2,2,official_incident_id,2017
13185,incident:2020030901,2020-01-20 00:00:00+00:00,2023-05-11 00:00:00+00:00,Biological,3464; 4501,2,2,official_incident_id,2020
13185,incident:2024072801,2024-08-04 00:00:00+00:00,2024-08-20 00:00:00+00:00,Tropical Storm,3607; 4821,2,2,official_incident_id,2024
13185,incident:2024092301,2024-09-24 00:00:00+00:00,2024-10-30 00:00:00+00:00,Hurricane; Tropical Storm,3616; 4830,2,2,official_incident_id,2024
13187,incident:2017083101,2017-09-07 00:00:00+00:00,2017-09-20 00:00:00+00:00,Hurricane,3387; 4338,2,2,official_incident_id,2017
13187,incident:2020030901,2020-01-20 00:00:00+00:00,2023-05-11 00:00:00+00:00,Biological,3464; 4501,2,2,official_incident_id,2020
13187,incident:2024092301,2024-09-24 00:00:00+00:00,2024-10-30 00:00:00+00:00,Hurricane; Tropical Storm,3616; 4830,2,2,official_incident_id,2024
13189,incident:2014020901,2014-02-10 00:00:00+00:00,2014-02-14 00:00:00+00:00,Severe Ice Storm,3368; 4165,2,2,official_incident_id,2014
13189,incident:2017083101,2017-09-07 00:00:00+00:00,2017-09-20 00:00:00+00:00,Hurricane,3387; 4338,2,2,official_incident_id,2017
13189,incident:2020030901,2020-01-20 00:00:00+00:00,2023-05-11 00:00:00+00:00,Biological,3464; 4501,2,2,official_incident_id,2020
13189,incident:2024092301,2024-09-24 00:00:00+00:00,2024-10-30 00:00:00+00:00,Hurricane; Tropical Storm,3616; 4830,2,2,official_incident_id,2024
13191,incident:2016092802,2016-10-04 00:00:00+00:00,2016-10-15 00:00:00+00:00,Hurricane,3379; 4284,2,2,official_incident_id,2016
13191,incident:2017083101,2017-09-07 00:00:00+00:00,2017-09-20 00:00:00+00:00,Hurricane,3387; 4338,2,2,official_incident_id,2017
13191,incident:2020030901,2020-01-20 00:00:00+00:00,2023-05-11 00:00:00+00:00,Biological,3464; 4501,2,2,official_incident_id,2020
13191,incident:2024072801,2024-08-04 00:00:00+00:00,2024-08-20 00:00:00+00:00,Tropical Storm,3607; 4821,2,2,official_incident_id,2024
13191,incident:2024092301,2024-09-24 00:00:00+00:00,2024-10-30 00:00:00+00:00,Hurricane; Tropical Storm,3616; 4830,2,2,official_incident_id,2024
13193,incident:2017083101,2017-09-07 00:00:00+00:00,2017-09-20 00:00:00+00:00,Hurricane,3387; 4338,2,2,official_incident_id,2017
13193,incident:2018100601,2018-10-09 00:00:00+00:00,2018-10-23 00:00:00+00:00,Hurricane,3406; 4400,2,2,official_incident_id,2018
13193,incident:2020030901,2020-01-20 00:00:00+00:00,2023-05-11 00:00:00+00:00,Biological,3464; 4501,2,2,official_incident_id,2020
13195,incident:2014020901,2014-02-10 00:00:00+00:00,2014-02-14 00:00:00+00:00,Severe Ice Storm,3368; 4165,2,2,official_incident_id,2014
13195,incident:2017083101,2017-09-07 00:00:00+00:00,2017-09-20 00:00:00+00:00,Hurricane,3387; 4338,2,2,official_incident_id,2017
13195,incident:2020030901,2020-01-20 00:00:00+00:00,2023-05-11 00:00:00+00:00,Biological,3464; 4501,2,2,official_incident_id,2020
13195,incident:2024092301,2024-09-24 00:00:00+00:00,2024-10-30 00:00:00+00:00,Hurricane; Tropical Storm,3616; 4830,2,2,official_incident_id,2024
13197,incident:2017083101,2017-09-07 00:00:00+00:00,2017-09-20 00:00:00+00:00,Hurricane,3387; 4338,2,2,official_incident_id,2017
13197,incident:2018100601,2018-10-09 00:00:00+00:00,2018-10-23 00:00:00+00:00,Hurricane,3406; 4400,2,2,official_incident_id,2018
13197,incident:2020030901,2020-01-20 00:00:00+00:00,2023-05-11 00:00:00+00:00,Biological,3464; 4501,2,2,official_incident_id,2020
13199,incident:2014020901,2014-02-10 00:00:00+00:00,2014-02-14 00:00:00+00:00,Severe Ice Storm,3368; 4165,2,2,official_incident_id,2014
13199,incident:2017083101,2017-09-07 00:00:00+00:00,2017-09-20 00:00:00+00:00,Hurricane,3387; 4338,2,2,official_incident_id,2017
13199,incident:2020030901,2020-01-20 00:00:00+00:00,2023-05-11 00:00:00+00:00,Biological,3464; 4501,2,2,official_incident_id,2020
13201,incident:2017083101,2017-09-07 00:00:00+00:00,2017-09-20 00:00:00+00:00,Hurricane,3387; 4338,2,2,official_incident_id,2017
13201,incident:2018100601,2018-10-09 00:00:00+00:00,2018-10-23 00:00:00+00:00,Hurricane,3406; 4400,2,2,official_incident_id,2018
13201,incident:2020030901,2020-01-20 00:00:00+00:00,2023-05-11 00:00:00+00:00,Biological,3464; 4501,2,2,official_incident_id,2020
13205,incident:2017083101,2017-09-07 00:00:00+00:00,2017-09-20 00:00:00+00:00,Hurricane,3387; 4338,2,2,official_incident_id,2017
13205,incident:2018100601,2018-10-09 00:00:00+00:00,2018-10-23 00:00:00+00:00,Hurricane,3406; 4400,2,2,official_incident_id,2018
13205,incident:2020030901,2020-01-20 00:00:00+00:00,2023-05-11 00:00:00+00:00,Biological,3464; 4501,2,2,official_incident_id,2020
13205,incident:2024092301,2024-09-24 00:00:00+00:00,2024-10-30 00:00:00+00:00,Hurricane; Tropical Storm,3616; 4830,2,2,official_incident_id,2024
13207,incident:2014020901,2014-02-10 00:00:00+00:00,2014-02-14 00:00:00+00:00,Severe Ice Storm,3368; 4165,2,2,official_incident_id,2014
13207,incident:2017083101,2017-09-07 00:00:00+00:00,2017-09-20 00:00:00+00:00,Hurricane,3387; 4338,2,2,official_incident_id,2017
13207,incident:2020030901,2020-01-20 00:00:00+00:00,2023-05-11 00:00:00+00:00,Biological,3464; 4501,2,2,official_incident_id,2020
13207,incident:2024092301,2024-09-24 00:00:00+00:00,2024-10-30 00:00:00+00:00,Hurricane; Tropical Storm,3616; 4830,2,2,official_incident_id,2024
13209,incident:2017083101,2017-09-07 00:00:00+00:00,2017-09-20 00:00:00+00:00,Hurricane,3387; 4338,2,2,official_incident_id,2017
13209,incident:2018100601,2018-10-09 00:00:00+00:00,2018-10-23 00:00:00+00:00,Hurricane,3406; 4400,2,2,official_incident_id,2018
13209,incident:2020030901,2020-01-20 00:00:00+00:00,2023-05-11 00:00:00+00:00,Biological,3464; 4501,2,2,official_incident_id,2020
13209,incident:2024092301,2024-09-24 00:00:00+00:00,2024-10-30 00:00:00+00:00,Hurricane; Tropical Storm,3616; 4830,2,2,official_incident_id,2024
13211,incident:2014020901,2014-02-10 00:00:00+00:00,2014-02-14 00:00:00+00:00,Severe Ice Storm,3368; 4165,2,2,official_incident_id,2014
13211,incident:2017083101,2017-09-07 00:00:00+00:00,2017-09-20 00:00:00+00:00,Hurricane,3387; 4338,2,2,official_incident_id,2017
13211,incident:2020030901,2020-01-20 00:00:00+00:00,2023-05-11 00:00:00+00:00,Biological,3464; 4501,2,2,official_incident_id,2020
13213,incident:2017083101,2017-09-07 00:00:00+00:00,2017-09-20 00:00:00+00:00,Hurricane,3387; 4338,2,2,official_incident_id,2017
13213,incident:2020030901,2020-01-20 00:00:00+00:00,2023-05-11 00:00:00+00:00,Biological,3464; 4501,2,2,official_incident_id,2020
13215,incident:2017083101,2017-09-07 00:00:00+00:00,2017-09-20 00:00:00+00:00,Hurricane,3387; 4338,2,2,official_incident_id,2017
13215,incident:2020030901,2020-01-20 00:00:00+00:00,2023-05-11 00:00:00+00:00,Biological,3464; 4501,2,2,official_incident_id,2020
13217,incident:2014020901,2014-02-10 00:00:00+00:00,2014-02-14 00:00:00+00:00,Severe Ice Storm,3368; 4165,2,2,official_incident_id,2014
13217,incident:2017083101,2017-09-07 00:00:00+00:00,2017-09-20 00:00:00+00:00,Hurricane,3387; 4338,2,2,official_incident_id,2017
13217,incident:2020030901,2020-01-20 00:00:00+00:00,2023-05-11 00:00:00+00:00,Biological,3464; 4501,2,2,official_incident_id,2020
13217,incident:2024092301,2024-09-24 00:00:00+00:00,2024-10-30 00:00:00+00:00,Hurricane; Tropical Storm,3616; 4830,2,2,official_incident_id,2024
13219,incident:2017083101,2017-09-07 00:00:00+00:00,2017-09-20 00:00:00+00:00,Hurricane,3387; 4338,2,2,official_incident_id,2017
13219,incident:2020030901,2020-01-20 00:00:00+00:00,2023-05-11 00:00:00+00:00,Biological,3464; 4501,2,2,official_incident_id,2020
13221,incident:2017083101,2017-09-07 00:00:00+00:00,2017-09-20 00:00:00+00:00,Hurricane,3387; 4338,2,2,official_incident_id,2017
13221,incident:2020030901,2020-01-20 00:00:00+00:00,2023-05-11 00:00:00+00:00,Biological,3464; 4501,2,2,official_incident_id,2020
13221,incident:2024092301,2024-09-24 00:00:00+00:00,2024-10-30 00:00:00+00:00,Hurricane; Tropical Storm,3616; 4830,2,2,official_incident_id,2024
13223,incident:2017083101,2017-09-07 00:00:00+00:00,2017-09-20 00:00:00+00:00,Hurricane,3387; 4338,2,2,official_incident_id,2017
13223,incident:2020030901,2020-01-20 00:00:00+00:00,2023-05-11 00:00:00+00:00,Biological,3464; 4501,2,2,official_incident_id,2020
13223,incident:2024092301,2024-09-24 00:00:00+00:00,2024-10-30 00:00:00+00:00,Hurricane; Tropical Storm,3616; 4830,2,2,official_incident_id,2024
13225,incident:2017083101,2017-09-07 00:00:00+00:00,2017-09-20 00:00:00+00:00,Hurricane,3387; 4338,2,2,official_incident_id,2017
13225,incident:2018100601,2018-10-09 00:00:00+00:00,2018-10-23 00:00:00+00:00,Hurricane,3406; 4400,2,2,official_incident_id,2018
13225,incident:2020030901,2020-01-20 00:00:00+00:00,2023-05-11 00:00:00+00:00,Biological,3464; 4501,2,2,official_incident_id,2020
13227,incident:2014020901,2014-02-10 00:00:00+00:00,2014-02-14 00:00:00+00:00,Severe Ice Storm,3368; 4165,2,2,official_incident_id,2014
13227,incident:2017083101,2017-09-07 00:00:00+00:00,2017-09-20 00:00:00+00:00,Hurricane,3387; 4338,2,2,official_incident_id,2017
13227,incident:2020030901,2020-01-20 00:00:00+00:00,2023-05-11 00:00:00+00:00,Biological,3464; 4501,2,2,official_incident_id,2020
13229,incident:2016092802,2016-10-04 00:00:00+00:00,2016-10-15 00:00:00+00:00,Hurricane,3379; 4284,2,2,official_incident_id,2016
13229,incident:2017083101,2017-09-07 00:00:00+00:00,2017-09-20 00:00:00+00:00,Hurricane,3387; 4338,2,2,official_incident_id,2017
13229,incident:2020030901,2020-01-20 00:00:00+00:00,2023-05-11 00:00:00+00:00,Biological,3464; 4501,2,2,official_incident_id,2020
13229,incident:2024072801,2024-08-04 00:00:00+00:00,2024-08-20 00:00:00+00:00,Tropical Storm,3607; 4821,2,2,official_incident_id,2024
13229,incident:2024092301,2024-09-24 00:00:00+00:00,2024-10-30 00:00:00+00:00,Hurricane; Tropical Storm,3616; 4830,2,2,official_incident_id,2024
13231,incident:2014020901,2014-02-10 00:00:00+00:00,2014-02-14 00:00:00+00:00,Severe Ice Storm,3368; 4165,2,2,official_incident_id,2014
13231,incident:2017083101,2017-09-07 00:00:00+00:00,2017-09-20 00:00:00+00:00,Hurricane,3387; 4338,2,2,official_incident_id,2017
13231,incident:2020030901,2020-01-20 00:00:00+00:00,2023-05-11 00:00:00+00:00,Biological,3464; 4501,2,2,official_incident_id,2020
13231,incident:2024092301,2024-09-24 00:00:00+00:00,2024-10-30 00:00:00+00:00,Hurricane; Tropical Storm,3616; 4830,2,2,official_incident_id,2024
13233,incident:2017083101,2017-09-07 00:00:00+00:00,2017-09-20 00:00:00+00:00,Hurricane,3387; 4338,2,2,official_incident_id,2017
13233,incident:2020030901,2020-01-20 00:00:00+00:00,2023-05-11 00:00:00+00:00,Biological,3464; 4501,2,2,official_incident_id,2020
13235,incident:2017083101,2017-09-07 00:00:00+00:00,2017-09-20 00:00:00+00:00,Hurricane,3387; 4338,2,2,official_incident_id,2017
13235,incident:2018100601,2018-10-09 00:00:00+00:00,2018-10-23 00:00:00+00:00,Hurricane,3406; 4400,2,2,official_incident_id,2018
13235,incident:2020030901,2020-01-20 00:00:00+00:00,2023-05-11 00:00:00+00:00,Biological,3464; 4501,2,2,official_incident_id,2020
13235,incident:2024092301,2024-09-24 00:00:00+00:00,2024-10-30 00:00:00+00:00,Hurricane; Tropical Storm,3616; 4830,2,2,official_incident_id,2024
13237,incident:2017083101,2017-09-07 00:00:00+00:00,2017-09-20 00:00:00+00:00,Hurricane,3387; 4338,2,2,official_incident_id,2017
13237,incident:2018100601,2018-10-09 00:00:00+00:00,2018-10-23 00:00:00+00:00,Hurricane,3406; 4400,2,2,official_incident_id,2018
13237,incident:2020030901,2020-01-20 00:00:00+00:00,2023-05-11 00:00:00+00:00,Biological,3464; 4501,2,2,official_incident_id,2020
13237,incident:2024092301,2024-09-24 00:00:00+00:00,2024-10-30 00:00:00+00:00,Hurricane; Tropical Storm,3616; 4830,2,2,official_incident_id,2024
13239,incident:2017083101,2017-09-07 00:00:00+00:00,2017-09-20 00:00:00+00:00,Hurricane,3387; 4338,2,2,official_incident_id,2017
13239,incident:2018100601,2018-10-09 00:00:00+00:00,2018-10-23 00:00:00+00:00,Hurricane,3406; 4400,2,2,official_incident_id,2018
13239,incident:2020030901,2020-01-20 00:00:00+00:00,2023-05-11 00:00:00+00:00,Biological,3464; 4501,2,2,official_incident_id,2020
13241,incident:2017083101,2017-09-07 00:00:00+00:00,2017-09-20 00:00:00+00:00,Hurricane,3387; 4338,2,2,official_incident_id,2017
13241,incident:2020030901,2020-01-20 00:00:00+00:00,2023-05-11 00:00:00+00:00,Biological,3464; 4501,2,2,official_incident_id,2020
13241,incident:2024092301,2024-09-24 00:00:00+00:00,2024-10-30 00:00:00+00:00,Hurricane; Tropical Storm,3616; 4830,2,2,official_incident_id,2024
13243,incident:2017083101,2017-09-07 00:00:00+00:00,2017-09-20 00:00:00+00:00,Hurricane,3387; 4338,2,2,official_incident_id,2017
13243,incident:2018100601,2018-10-09 00:00:00+00:00,2018-10-23 00:00:00+00:00,Hurricane,3406; 4400,2,2,official_incident_id,2018
13243,incident:2020030901,2020-01-20 00:00:00+00:00,2023-05-11 00:00:00+00:00,Biological,3464; 4501,2,2,official_incident_id,2020
13245,incident:2014020901,2014-02-10 00:00:00+00:00,2014-02-14 00:00:00+00:00,Severe Ice Storm,3368; 4165,2,2,official_incident_id,2014
13245,incident:2017083101,2017-09-07 00:00:00+00:00,2017-09-20 00:00:00+00:00,Hurricane,3387; 4338,2,2,official_incident_id,2017
13245,incident:2020030901,2020-01-20 00:00:00+00:00,2023-05-11 00:00:00+00:00,Biological,3464; 4501,2,2,official_incident_id,2020
13245,incident:2024092301,2024-09-24 00:00:00+00:00,2024-10-30 00:00:00+00:00,Hurricane; Tropical Storm,3616; 4830,2,2,official_incident_id,2024
13247,incident:2017083101,2017-09-07 00:00:00+00:00,2017-09-20 00:00:00+00:00,Hurricane,3387; 4338,2,2,official_incident_id,2017
13247,incident:2020030901,2020-01-20 00:00:00+00:00,2023-05-11 00:00:00+00:00,Biological,3464; 4501,2,2,official_incident_id,2020
13249,incident:2017083101,2017-09-07 00:00:00+00:00,2017-09-20 00:00:00+00:00,Hurricane,3387; 4338,2,2,official_incident_id,2017
13249,incident:2018100601,2018-10-09 00:00:00+00:00,2018-10-23 00:00:00+00:00,Hurricane,3406; 4400,2,2,official_incident_id,2018
13249,incident:2020030901,2020-01-20 00:00:00+00:00,2023-05-11 00:00:00+00:00,Biological,3464; 4501,2,2,official_incident_id,2020
13251,incident:2014020901,2014-02-10 00:00:00+00:00,2014-02-14 00:00:00+00:00,Severe Ice Storm,3368; 4165,2,2,official_incident_id,2014
13251,incident:2016092802,2016-10-04 00:00:00+00:00,2016-10-15 00:00:00+00:00,Hurricane,3379; 4284,2,2,official_incident_id,2016
13251,incident:2017083101,2017-09-07 00:00:00+00:00,2017-09-20 00:00:00+00:00,Hurricane,3387; 4338,2,2,official_incident_id,2017
13251,incident:2018100601,2018-10-09 00:00:00+00:00,2018-10-23 00:00:00+00:00,Hurricane,3406; 4400,2,2,official_incident_id,2018
13251,incident:2020030901,2020-01-20 00:00:00+00:00,2023-05-11 00:00:00+00:00,Biological,3464; 4501,2,2,official_incident_id,2020
13251,incident:2024072801,2024-08-04 00:00:00+00:00,2024-08-20 00:00:00+00:00,Tropical Storm,3607; 4821,2,2,official_incident_id,2024
13251,incident:2024092301,2024-09-24 00:00:00+00:00,2024-10-30 00:00:00+00:00,Hurricane; Tropical Storm,3616; 4830,2,2,official_incident_id,2024
13253,incident:2017083101,2017-09-07 00:00:00+00:00,2017-09-20 00:00:00+00:00,Hurricane,3387; 4338,2,2,official_incident_id,2017
13253,incident:2018100601,2018-10-09 00:00:00+00:00,2018-10-23 00:00:00+00:00,Hurricane,3406; 4400,2,2,official_incident_id,2018
13253,incident:2020030901,2020-01-20 00:00:00+00:00,2023-05-11 00:00:00+00:00,Biological,3464; 4501,2,2,official_incident_id,2020
13255,incident:2014020901,2014-02-10 00:00:00+00:00,2014-02-14 00:00:00+00:00,Severe Ice Storm,3368; 4165,2,2,official_incident_id,2014
13255,incident:2017083101,2017-09-07 00:00:00+00:00,2017-09-20 00:00:00+00:00,Hurricane,3387; 4338,2,2,official_incident_id,2017
13255,incident:2020030901,2020-01-20 00:00:00+00:00,2023-05-11 00:00:00+00:00,Biological,3464; 4501,2,2,official_incident_id,2020
13257,incident:2017083101,2017-09-07 00:00:00+00:00,2017-09-20 00:00:00+00:00,Hurricane,3387; 4338,2,2,official_incident_id,2017
13257,incident:2020030901,2020-01-20 00:00:00+00:00,2023-05-11 00:00:00+00:00,Biological,3464; 4501,2,2,official_incident_id,2020
13257,incident:2024092301,2024-09-24 00:00:00+00:00,2024-10-30 00:00:00+00:00,Hurricane; Tropical Storm,3616; 4830,2,2,official_incident_id,2024
13259,incident:2017083101,2017-09-07 00:00:00+00:00,2017-09-20 00:00:00+00:00,Hurricane,3387; 4338,2,2,official_incident_id,2017
13259,incident:2018100601,2018-10-09 00:00:00+00:00,2018-10-23 00:00:00+00:00,Hurricane,3406; 4400,2,2,official_incident_id,2018
13259,incident:2020030901,2020-01-20 00:00:00+00:00,2023-05-11 00:00:00+00:00,Biological,3464; 4501,2,2,official_incident_id,2020
13261,incident:2017083101,2017-09-07 00:00:00+00:00,2017-09-20 00:00:00+00:00,Hurricane,3387; 4338,2,2,official_incident_id,2017
13261,incident:2018100601,2018-10-09 00:00:00+00:00,2018-10-23 00:00:00+00:00,Hurricane,3406; 4400,2,2,official_incident_id,2018
13261,incident:2020030901,2020-01-20 00:00:00+00:00,2023-05-11 00:00:00+00:00,Biological,3464; 4501,2,2,official_incident_id,2020
13263,incident:2017083101,2017-09-07 00:00:00+00:00,2017-09-20 00:00:00+00:00,Hurricane,3387; 4338,2,2,official_incident_id,2017
13263,incident:2020030901,2020-01-20 00:00:00+00:00,2023-05-11 00:00:00+00:00,Biological,3464; 4501,2,2,official_incident_id,2020
13265,incident:2014020901,2014-02-10 00:00:00+00:00,2014-02-14 00:00:00+00:00,Severe Ice Storm,3368; 4165,2,2,official_incident_id,2014
13265,incident:2017083101,2017-09-07 00:00:00+00:00,2017-09-20 00:00:00+00:00,Hurricane,3387; 4338,2,2,official_incident_id,2017
13265,incident:2020030901,2020-01-20 00:00:00+00:00,2023-05-11 00:00:00+00:00,Biological,3464; 4501,2,2,official_incident_id,2020
13265,incident:2024092301,2024-09-24 00:00:00+00:00,2024-10-30 00:00:00+00:00,Hurricane; Tropical Storm,3616; 4830,2,2,official_incident_id,2024
13267,incident:2016092802,2016-10-04 00:00:00+00:00,2016-10-15 00:00:00+00:00,Hurricane,3379; 4284,2,2,official_incident_id,2016
13267,incident:2017083101,2017-09-07 00:00:00+00:00,2017-09-20 00:00:00+00:00,Hurricane,3387; 4338,2,2,official_incident_id,2017
13267,incident:2018100601,2018-10-09 00:00:00+00:00,2018-10-23 00:00:00+00:00,Hurricane,3406; 4400,2,2,official_incident_id,2018
13267,incident:2020030901,2020-01-20 00:00:00+00:00,2023-05-11 00:00:00+00:00,Biological,3464; 4501,2,2,official_incident_id,2020
13267,incident:2024072801,2024-08-04 00:00:00+00:00,2024-08-20 00:00:00+00:00,Tropical Storm,3607; 4821,2,2,official_incident_id,2024
13267,incident:2024092301,2024-09-24 00:00:00+00:00,2024-10-30 00:00:00+00:00,Hurricane; Tropical Storm,3616; 4830,2,2,official_incident_id,2024
13269,incident:2017083101,2017-09-07 00:00:00+00:00,2017-09-20 00:00:00+00:00,Hurricane,3387; 4338,2,2,official_incident_id,2017
13269,incident:2020030901,2020-01-20 00:00:00+00:00,2023-05-11 00:00:00+00:00,Biological,3464; 4501,2,2,official_incident_id,2020
13271,incident:2017083101,2017-09-07 00:00:00+00:00,2017-09-20 00:00:00+00:00,Hurricane,3387; 4338,2,2,official_incident_id,2017
13271,incident:2018100601,2018-10-09 00:00:00+00:00,2018-10-23 00:00:00+00:00,Hurricane,3406; 4400,2,2,official_incident_id,2018
13271,incident:2020030901,2020-01-20 00:00:00+00:00,2023-05-11 00:00:00+00:00,Biological,3464; 4501,2,2,official_incident_id,2020
13271,incident:2024092301,2024-09-24 00:00:00+00:00,2024-10-30 00:00:00+00:00,Hurricane; Tropical Storm,3616; 4830,2,2,official_incident_id,2024
13273,incident:2017083101,2017-09-07 00:00:00+00:00,2017-09-20 00:00:00+00:00,Hurricane,3387; 4338,2,2,official_incident_id,2017
13273,incident:2018100601,2018-10-09 00:00:00+00:00,2018-10-23 00:00:00+00:00,Hurricane,3406; 4400,2,2,official_incident_id,2018
13273,incident:2020030901,2020-01-20 00:00:00+00:00,2023-05-11 00:00:00+00:00,Biological,3464; 4501,2,2,official_incident_id,2020
13275,incident:2017083101,2017-09-07 00:00:00+00:00,2017-09-20 00:00:00+00:00,Hurricane,3387; 4338,2,2,official_incident_id,2017
13275,incident:2018100601,2018-10-09 00:00:00+00:00,2018-10-23 00:00:00+00:00,Hurricane,3406; 4400,2,2,official_incident_id,2018
13275,incident:2020030901,2020-01-20 00:00:00+00:00,2023-05-11 00:00:00+00:00,Biological,3464; 4501,2,2,official_incident_id,2020
13275,incident:2024072801,2024-08-04 00:00:00+00:00,2024-08-20 00:00:00+00:00,Tropical Storm,3607; 4821,2,2,official_incident_id,2024
13275,incident:2024092301,2024-09-24 00:00:00+00:00,2024-10-30 00:00:00+00:00,Hurricane; Tropical Storm,3616; 4830,2,2,official_incident_id,2024
13277,incident:2017083101,2017-09-07 00:00:00+00:00,2017-09-20 00:00:00+00:00,Hurricane,3387; 4338,2,2,official_incident_id,2017
13277,incident:2018100601,2018-10-09 00:00:00+00:00,2018-10-23 00:00:00+00:00,Hurricane,3406; 4400,2,2,official_incident_id,2018
13277,incident:2020030901,2020-01-20 00:00:00+00:00,2023-05-11 00:00:00+00:00,Biological,3464; 4501,2,2,official_incident_id,2020
13277,incident:2024072801,2024-08-04 00:00:00+00:00,2024-08-20 00:00:00+00:00,Tropical Storm,3607; 4821,2,2,official_incident_id,2024
13277,incident:2024092301,2024-09-24 00:00:00+00:00,2024-10-30 00:00:00+00:00,Hurricane; Tropical Storm,3616; 4830,2,2,official_incident_id,2024
13279,incident:2016092802,2016-10-04 00:00:00+00:00,2016-10-15 00:00:00+00:00,Hurricane,3379; 4284,2,2,official_incident_id,2016
13279,incident:2017083101,2017-09-07 00:00:00+00:00,2017-09-20 00:00:00+00:00,Hurricane,3387; 4338,2,2,official_incident_id,2017
13279,incident:2018100601,2018-10-09 00:00:00+00:00,2018-10-23 00:00:00+00:00,Hurricane,3406; 4400,2,2,official_incident_id,2018
13279,incident:2020030901,2020-01-20 00:00:00+00:00,2023-05-11 00:00:00+00:00,Biological,3464; 4501,2,2,official_incident_id,2020
13279,incident:2024072801,2024-08-04 00:00:00+00:00,2024-08-20 00:00:00+00:00,Tropical Storm,3607; 4821,2,2,official_incident_id,2024
13279,incident:2024092301,2024-09-24 00:00:00+00:00,2024-10-30 00:00:00+00:00,Hurricane; Tropical Storm,3616; 4830,2,2,official_incident_id,2024
13281,incident:2017083101,2017-09-07 00:00:00+00:00,2017-09-20 00:00:00+00:00,Hurricane,3387; 4338,2,2,official_incident_id,2017
13281,incident:2020030901,2020-01-20 00:00:00+00:00,2023-05-11 00:00:00+00:00,Biological,3464; 4501,2,2,official_incident_id,2020
13283,incident:2017083101,2017-09-07 00:00:00+00:00,2017-09-20 00:00:00+00:00,Hurricane,3387; 4338,2,2,official_incident_id,2017
13283,incident:2018100601,2018-10-09 00:00:00+00:00,2018-10-23 00:00:00+00:00,Hurricane,3406; 4400,2,2,official_incident_id,2018
13283,incident:2020030901,2020-01-20 00:00:00+00:00,2023-05-11 00:00:00+00:00,Biological,3464; 4501,2,2,official_incident_id,2020
13283,incident:2024092301,2024-09-24 00:00:00+00:00,2024-10-30 00:00:00+00:00,Hurricane; Tropical Storm,3616; 4830,2,2,official_incident_id,2024
13285,incident:2017083101,2017-09-07 00:00:00+00:00,2017-09-20 00:00:00+00:00,Hurricane,3387; 4338,2,2,official_incident_id,2017
13285,incident:2020030901,2020-01-20 00:00:00+00:00,2023-05-11 00:00:00+00:00,Biological,3464; 4501,2,2,official_incident_id,2020
13287,incident:2017083101,2017-09-07 00:00:00+00:00,2017-09-20 00:00:00+00:00,Hurricane,3387; 4338,2,2,official_incident_id,2017
13287,incident:2018100601,2018-10-09 00:00:00+00:00,2018-10-23 00:00:00+00:00,Hurricane,3406; 4400,2,2,official_incident_id,2018
13287,incident:2020030901,2020-01-20 00:00:00+00:00,2023-05-11 00:00:00+00:00,Biological,3464; 4501,2,2,official_incident_id,2020
13287,incident:2024092301,2024-09-24 00:00:00+00:00,2024-10-30 00:00:00+00:00,Hurricane; Tropical Storm,3616; 4830,2,2,official_incident_id,2024
13289,incident:2014020901,2014-02-10 00:00:00+00:00,2014-02-14 00:00:00+00:00,Severe Ice Storm,3368; 4165,2,2,official_incident_id,2014
13289,incident:2017083101,2017-09-07 00:00:00+00:00,2017-09-20 00:00:00+00:00,Hurricane,3387; 4338,2,2,official_incident_id,2017
13289,incident:2018100601,2018-10-09 00:00:00+00:00,2018-10-23 00:00:00+00:00,Hurricane,3406; 4400,2,2,official_incident_id,2018
13289,incident:2020030901,2020-01-20 00:00:00+00:00,2023-05-11 00:00:00+00:00,Biological,3464; 4501,2,2,official_incident_id,2020
13289,incident:2024092301,2024-09-24 00:00:00+00:00,2024-10-30 00:00:00+00:00,Hurricane; Tropical Storm,3616; 4830,2,2,official_incident_id,2024
13291,incident:2017083101,2017-09-07 00:00:00+00:00,2017-09-20 00:00:00+00:00,Hurricane,3387; 4338,2,2,official_incident_id,2017
13291,incident:2020030901,2020-01-20 00:00:00+00:00,2023-05-11 00:00:00+00:00,Biological,3464; 4501,2,2,official_incident_id,2020
13293,incident:2014020901,2014-02-10 00:00:00+00:00,2014-02-14 00:00:00+00:00,Severe Ice Storm,3368; 4165,2,2,official_incident_id,2014
13293,incident:2017083101,2017-09-07 00:00:00+00:00,2017-09-20 00:00:00+00:00,Hurricane,3387; 4338,2,2,official_incident_id,2017
13293,incident:2020030901,2020-01-20 00:00:00+00:00,2023-05-11 00:00:00+00:00,Biological,3464; 4501,2,2,official_incident_id,2020
13295,incident:2014020901,2014-02-10 00:00:00+00:00,2014-02-14 00:00:00+00:00,Severe Ice Storm,3368; 4165,2,2,official_incident_id,2014
13295,incident:2017083101,2017-09-07 00:00:00+00:00,2017-09-20 00:00:00+00:00,Hurricane,3387; 4338,2,2,official_incident_id,2017
13295,incident:2020030901,2020-01-20 00:00:00+00:00,2023-05-11 00:00:00+00:00,Biological,3464; 4501,2,2,official_incident_id,2020
13297,incident:2017083101,2017-09-07 00:00:00+00:00,2017-09-20 00:00:00+00:00,Hurricane,3387; 4338,2,2,official_incident_id,2017
13297,incident:2020030901,2020-01-20 00:00:00+00:00,2023-05-11 00:00:00+00:00,Biological,3464; 4501,2,2,official_incident_id,2020
13299,incident:2016092802,2016-10-04 00:00:00+00:00,2016-10-15 00:00:00+00:00,Hurricane,3379; 4284,2,2,official_incident_id,2016
13299,incident:2017083101,2017-09-07 00:00:00+00:00,2017-09-20 00:00:00+00:00,Hurricane,3387; 4338,2,2,official_incident_id,2017
13299,incident:2020030901,2020-01-20 00:00:00+00:00,2023-05-11 00:00:00+00:00,Biological,3464; 4501,2,2,official_incident_id,2020
13299,incident:2024072801,2024-08-04 00:00:00+00:00,2024-08-20 00:00:00+00:00,Tropical Storm,3607; 4821,2,2,official_incident_id,2024
13299,incident:2024092301,2024-09-24 00:00:00+00:00,2024-10-30 00:00:00+00:00,Hurricane; Tropical Storm,3616; 4830,2,2,official_incident_id,2024
13301,incident:2014020901,2014-02-10 00:00:00+00:00,2014-02-14 00:00:00+00:00,Severe Ice Storm,3368; 4165,2,2,official_incident_id,2014
13301,incident:2017083101,2017-09-07 00:00:00+00:00,2017-09-20 00:00:00+00:00,Hurricane,3387; 4338,2,2,official_incident_id,2017
13301,incident:2020030901,2020-01-20 00:00:00+00:00,2023-05-11 00:00:00+00:00,Biological,3464; 4501,2,2,official_incident_id,2020
13301,incident:2024092301,2024-09-24 00:00:00+00:00,2024-10-30 00:00:00+00:00,Hurricane; Tropical Storm,3616; 4830,2,2,official_incident_id,2024
13303,incident:2014020901,2014-02-10 00:00:00+00:00,2014-02-14 00:00:00+00:00,Severe Ice Storm,3368; 4165,2,2,official_incident_id,2014
13303,incident:2017083101,2017-09-07 00:00:00+00:00,2017-09-20 00:00:00+00:00,Hurricane,3387; 4338,2,2,official_incident_id,2017
13303,incident:2018100601,2018-10-09 00:00:00+00:00,2018-10-23 00:00:00+00:00,Hurricane,3406; 4400,2,2,official_incident_id,2018
13303,incident:2020030901,2020-01-20 00:00:00+00:00,2023-05-11 00:00:00+00:00,Biological,3464; 4501,2,2,official_incident_id,2020
13303,incident:2024092301,2024-09-24 00:00:00+00:00,2024-10-30 00:00:00+00:00,Hurricane; Tropical Storm,3616; 4830,2,2,official_incident_id,2024
13305,incident:2016092802,2016-10-04 00:00:00+00:00,2016-10-15 00:00:00+00:00,Hurricane,3379; 4284,2,2,official_incident_id,2016
13305,incident:2017083101,2017-09-07 00:00:00+00:00,2017-09-20 00:00:00+00:00,Hurricane,3387; 4338,2,2,official_incident_id,2017
13305,incident:2020030901,2020-01-20 00:00:00+00:00,2023-05-11 00:00:00+00:00,Biological,3464; 4501,2,2,official_incident_id,2020
13305,incident:2024072801,2024-08-04 00:00:00+00:00,2024-08-20 00:00:00+00:00,Tropical Storm,3607; 4821,2,2,official_incident_id,2024
13305,incident:2024092301,2024-09-24 00:00:00+00:00,2024-10-30 00:00:00+00:00,Hurricane; Tropical Storm,3616; 4830,2,2,official_incident_id,2024
13307,incident:2017083101,2017-09-07 00:00:00+00:00,2017-09-20 00:00:00+00:00,Hurricane,3387; 4338,2,2,official_incident_id,2017
13307,incident:2018100601,2018-10-09 00:00:00+00:00,2018-10-23 00:00:00+00:00,Hurricane,3406; 4400,2,2,official_incident_id,2018
13307,incident:2020030901,2020-01-20 00:00:00+00:00,2023-05-11 00:00:00+00:00,Biological,3464; 4501,2,2,official_incident_id,2020
13309,incident:2017083101,2017-09-07 00:00:00+00:00,2017-09-20 00:00:00+00:00,Hurricane,3387; 4338,2,2,official_incident_id,2017
13309,incident:2018100601,2018-10-09 00:00:00+00:00,2018-10-23 00:00:00+00:00,Hurricane,3406; 4400,2,2,official_incident_id,2018
13309,incident:2020030901,2020-01-20 00:00:00+00:00,2023-05-11 00:00:00+00:00,Biological,3464; 4501,2,2,official_incident_id,2020
13309,incident:2024092301,2024-09-24 00:00:00+00:00,2024-10-30 00:00:00+00:00,Hurricane; Tropical Storm,3616; 4830,2,2,official_incident_id,2024
13311,incident:2014020901,2014-02-10 00:00:00+00:00,2014-02-14 00:00:00+00:00,Severe Ice Storm,3368; 4165,2,2,official_incident_id,2014
13311,incident:2017083101,2017-09-07 00:00:00+00:00,2017-09-20 00:00:00+00:00,Hurricane,3387; 4338,2,2,official_incident_id,2017
13311,incident:2020030901,2020-01-20 00:00:00+00:00,2023-05-11 00:00:00+00:00,Biological,3464; 4501,2,2,official_incident_id,2020
13311,incident:2024092301,2024-09-24 00:00:00+00:00,2024-10-30 00:00:00+00:00,Hurricane; Tropical Storm,3616; 4830,2,2,official_incident_id,2024
13313,incident:2014020901,2014-02-10 00:00:00+00:00,2014-02-14 00:00:00+00:00,Severe Ice Storm,3368; 4165,2,2,official_incident_id,2014
13313,incident:2017083101,2017-09-07 00:00:00+00:00,2017-09-20 00:00:00+00:00,Hurricane,3387; 4338,2,2,official_incident_id,2017
13313,incident:2020030901,2020-01-20 00:00:00+00:00,2023-05-11 00:00:00+00:00,Biological,3464; 4501,2,2,official_incident_id,2020
13315,incident:2017083101,2017-09-07 00:00:00+00:00,2017-09-20 00:00:00+00:00,Hurricane,3387; 4338,2,2,official_incident_id,2017
13315,incident:2018100601,2018-10-09 00:00:00+00:00,2018-10-23 00:00:00+00:00,Hurricane,3406; 4400,2,2,official_incident_id,2018
13315,incident:2020030901,2020-01-20 00:00:00+00:00,2023-05-11 00:00:00+00:00,Biological,3464; 4501,2,2,official_incident_id,2020
13315,incident:2024092301,2024-09-24 00:00:00+00:00,2024-10-30 00:00:00+00:00,Hurricane; Tropical Storm,3616; 4830,2,2,official_incident_id,2024
13317,incident:2014020901,2014-02-10 00:00:00+00:00,2014-02-14 00:00:00+00:00,Severe Ice Storm,3368; 4165,2,2,official_incident_id,2014
13317,incident:2017083101,2017-09-07 00:00:00+00:00,2017-09-20 00:00:00+00:00,Hurricane,3387; 4338,2,2,official_incident_id,2017
13317,incident:2020030901,2020-01-20 00:00:00+00:00,2023-05-11 00:00:00+00:00,Biological,3464; 4501,2,2,official_incident_id,2020
13317,incident:2024092301,2024-09-24 00:00:00+00:00,2024-10-30 00:00:00+00:00,Hurricane; Tropical Storm,3616; 4830,2,2,official_incident_id,2024
13319,incident:2017083101,2017-09-07 00:00:00+00:00,2017-09-20 00:00:00+00:00,Hurricane,3387; 4338,2,2,official_incident_id,2017
13319,incident:2018100601,2018-10-09 00:00:00+00:00,2018-10-23 00:00:00+00:00,Hurricane,3406; 4400,2,2,official_incident_id,2018
13319,incident:2020030901,2020-01-20 00:00:00+00:00,2023-05-11 00:00:00+00:00,Biological,3464; 4501,2,2,official_incident_id,2020
13319,incident:2024092301,2024-09-24 00:00:00+00:00,2024-10-30 00:00:00+00:00,Hurricane; Tropical Storm,3616; 4830,2,2,official_incident_id,2024
13321,incident:2017083101,2017-09-07 00:00:00+00:00,2017-09-20 00:00:00+00:00,Hurricane,3387; 4338,2,2,official_incident_id,2017
13321,incident:2018100601,2018-10-09 00:00:00+00:00,2018-10-23 00:00:00+00:00,Hurricane,3406; 4400,2,2,official_incident_id,2018
13321,incident:2020030901,2020-01-20 00:00:00+00:00,2023-05-11 00:00:00+00:00,Biological,3464; 4501,2,2,official_incident_id,2020
13321,incident:2024092301,2024-09-24 00:00:00+00:00,2024-10-30 00:00:00+00:00,Hurricane; Tropical Storm,3616; 4830,2,2,official_incident_id,2024
15001,incident:2018081701,2018-08-22 00:00:00+00:00,2018-08-29 00:00:00+00:00,Hurricane,3399; 4395,2,2,official_incident_id,2018
15001,incident:2020030901,2020-01-20 00:00:00+00:00,2023-05-11 00:00:00+00:00,Biological,3431; 4510,2,2,official_incident_id,2020
15003,incident:2020030901,2020-01-20 00:00:00+00:00,2023-05-11 00:00:00+00:00,Biological,3431; 4510,2,2,official_incident_id,2020
15007,incident:2018081701,2018-08-22 00:00:00+00:00,2018-08-29 00:00:00+00:00,Hurricane,3399; 4395,2,2,official_incident_id,2018
15007,incident:2020030901,2020-01-20 00:00:00+00:00,2023-05-11 00:00:00+00:00,Biological,3431; 4510,2,2,official_incident_id,2020
15009,incident:2018081701,2018-08-22 00:00:00+00:00,2018-08-29 00:00:00+00:00,Hurricane,3399; 4395,2,2,official_incident_id,2018
15009,incident:2020030901,2020-01-20 00:00:00+00:00,2023-05-11 00:00:00+00:00,Biological,3431; 4510,2,2,official_incident_id,2020
16001,incident:2020030901,2020-01-20 00:00:00+00:00,2023-05-11 00:00:00+00:00,Biological,3467; 4534,2,2,official_incident_id,2020
16003,incident:2020030901,2020-01-20 00:00:00+00:00,2023-05-11 00:00:00+00:00,Biological,3467; 4534,2,2,official_incident_id,2020
16005,incident:2020030901,2020-01-20 00:00:00+00:00,2023-05-11 00:00:00+00:00,Biological,3467; 4534,2,3,official_incident_id,2020
16007,incident:2020030901,2020-01-20 00:00:00+00:00,2023-05-11 00:00:00+00:00,Biological,3467; 4534,2,2,official_incident_id,2020
16009,incident:2020030901,2020-01-20 00:00:00+00:00,2023-05-11 00:00:00+00:00,Biological,3467; 4534,2,3,official_incident_id,2020
16011,incident:2020030901,2020-01-20 00:00:00+00:00,2023-05-11 00:00:00+00:00,Biological,3467; 4534,2,3,official_incident_id,2020
16013,incident:2020030901,2020-01-20 00:00:00+00:00,2023-05-11 00:00:00+00:00,Biological,3467; 4534,2,2,official_incident_id,2020
16015,incident:2020030901,2020-01-20 00:00:00+00:00,2023-05-11 00:00:00+00:00,Biological,3467; 4534,2,2,official_incident_id,2020
16017,incident:2020030901,2020-01-20 00:00:00+00:00,2023-05-11 00:00:00+00:00,Biological,3467; 4534,2,2,official_incident_id,2020
16019,incident:2020030901,2020-01-20 00:00:00+00:00,2023-05-11 00:00:00+00:00,Biological,3467; 4534,2,2,official_incident_id,2020
16021,incident:2020030901,2020-01-20 00:00:00+00:00,2023-05-11 00:00:00+00:00,Biological,3467; 4534,2,2,official_incident_id,2020
16023,incident:2020030901,2020-01-20 00:00:00+00:00,2023-05-11 00:00:00+00:00,Biological,3467; 4534,2,2,official_incident_id,2020
16025,incident:2020030901,2020-01-20 00:00:00+00:00,2023-05-11 00:00:00+00:00,Biological,3467; 4534,2,2,official_incident_id,2020
16027,incident:2020030901,2020-01-20 00:00:00+00:00,2023-05-11 00:00:00+00:00,Biological,3467; 4534,2,2,official_incident_id,2020
16029,incident:2020030901,2020-01-20 00:00:00+00:00,2023-05-11 00:00:00+00:00,Biological,3467; 4534,2,3,official_incident_id,2020
16031,incident:2020030901,2020-01-20 00:00:00+00:00,2023-05-11 00:00:00+00:00,Biological,3467; 4534,2,2,official_incident_id,2020
16033,incident:2020030901,2020-01-20 00:00:00+00:00,2023-05-11 00:00:00+00:00,Biological,3467; 4534,2,2,official_incident_id,2020
16035,incident:2020030901,2020-01-20 00:00:00+00:00,2023-05-11 00:00:00+00:00,Biological,3467; 4534,2,2,official_incident_id,2020
16037,incident:2020030901,2020-01-20 00:00:00+00:00,2023-05-11 00:00:00+00:00,Biological,3467; 4534,2,2,official_incident_id,2020
16039,incident:2020030901,2020-01-20 00:00:00+00:00,2023-05-11 00:00:00+00:00,Biological,3467; 4534,2,2,official_incident_id,2020
16041,incident:2020030901,2020-01-20 00:00:00+00:00,2023-05-11 00:00:00+00:00,Biological,3467; 4534,2,2,official_incident_id,2020
16043,incident:2020030901,2020-01-20 00:00:00+00:00,2023-05-11 00:00:00+00:00,Biological,3467; 4534,2,2,official_incident_id,2020
16045,incident:2020030901,2020-01-20 00:00:00+00:00,2023-05-11 00:00:00+00:00,Biological,3467; 4534,2,2,official_incident_id,2020
16047,incident:2020030901,2020-01-20 00:00:00+00:00,2023-05-11 00:00:00+00:00,Biological,3467; 4534,2,2,official_incident_id,2020
16049,incident:2020030901,2020-01-20 00:00:00+00:00,2023-05-11 00:00:00+00:00,Biological,3467; 4534,2,2,official_incident_id,2020
16051,incident:2020030901,2020-01-20 00:00:00+00:00,2023-05-11 00:00:00+00:00,Biological,3467; 4534,2,2,official_incident_id,2020
16053,incident:2020030901,2020-01-20 00:00:00+00:00,2023-05-11 00:00:00+00:00,Biological,3467; 4534,2,2,official_incident_id,2020
16055,incident:2020030901,2020-01-20 00:00:00+00:00,2023-05-11 00:00:00+00:00,Biological,3467; 4534,2,4,official_incident_id,2020
16057,incident:2020030901,2020-01-20 00:00:00+00:00,2023-05-11 00:00:00+00:00,Biological,3467; 4534,2,2,official_incident_id,2020
16059,incident:2020030901,2020-01-20 00:00:00+00:00,2023-05-11 00:00:00+00:00,Biological,3467; 4534,2,2,official_incident_id,2020
16061,incident:2020030901,2020-01-20 00:00:00+00:00,2023-05-11 00:00:00+00:00,Biological,3467; 4534,2,2,official_incident_id,2020
16063,incident:2020030901,2020-01-20 00:00:00+00:00,2023-05-11 00:00:00+00:00,Biological,3467; 4534,2,2,official_incident_id,2020
16065,incident:2020030901,2020-01-20 00:00:00+00:00,2023-05-11 00:00:00+00:00,Biological,3467; 4534,2,2,official_incident_id,2020
16067,incident:2020030901,2020-01-20 00:00:00+00:00,2023-05-11 00:00:00+00:00,Biological,3467; 4534,2,2,official_incident_id,2020
16069,incident:2020030901,2020-01-20 00:00:00+00:00,2023-05-11 00:00:00+00:00,Biological,3467; 4534,2,3,official_incident_id,2020
16071,incident:2020030901,2020-01-20 00:00:00+00:00,2023-05-11 00:00:00+00:00,Biological,3467; 4534,2,2,official_incident_id,2020
16073,incident:2020030901,2020-01-20 00:00:00+00:00,2023-05-11 00:00:00+00:00,Biological,3467; 4534,2,3,official_incident_id,2020
16075,incident:2020030901,2020-01-20 00:00:00+00:00,2023-05-11 00:00:00+00:00,Biological,3467; 4534,2,2,official_incident_id,2020
16077,incident:2020030901,2020-01-20 00:00:00+00:00,2023-05-11 00:00:00+00:00,Biological,3467; 4534,2,3,official_incident_id,2020
16079,incident:2020030901,2020-01-20 00:00:00+00:00,2023-05-11 00:00:00+00:00,Biological,3467; 4534,2,2,official_incident_id,2020
16081,incident:2020030901,2020-01-20 00:00:00+00:00,2023-05-11 00:00:00+00:00,Biological,3467; 4534,2,2,official_incident_id,2020
16083,incident:2020030901,2020-01-20 00:00:00+00:00,2023-05-11 00:00:00+00:00,Biological,3467; 4534,2,2,official_incident_id,2020
16085,incident:2020030901,2020-01-20 00:00:00+00:00,2023-05-11 00:00:00+00:00,Biological,3467; 4534,2,2,official_incident_id,2020
16087,incident:2020030901,2020-01-20 00:00:00+00:00,2023-05-11 00:00:00+00:00,Biological,3467; 4534,2,2,official_incident_id,2020
17001,incident:2020030901,2020-01-20 00:00:00+00:00,2023-05-11 00:00:00+00:00,Biological,3435; 4489,2,2,official_incident_id,2020
17003,incident:2020030901,2020-01-20 00:00:00+00:00,2023-05-11 00:00:00+00:00,Biological,3435; 4489,2,2,official_incident_id,2020
17005,incident:2020030901,2020-01-20 00:00:00+00:00,2023-05-11 00:00:00+00:00,Biological,3435; 4489,2,2,official_incident_id,2020
17007,incident:2020030901,2020-01-20 00:00:00+00:00,2023-05-11 00:00:00+00:00,Biological,3435; 4489,2,2,official_incident_id,2020
17009,incident:2020030901,2020-01-20 00:00:00+00:00,2023-05-11 00:00:00+00:00,Biological,3435; 4489,2,2,official_incident_id,2020
17011,incident:2020030901,2020-01-20 00:00:00+00:00,2023-05-11 00:00:00+00:00,Biological,3435; 4489,2,2,official_incident_id,2020
17013,incident:2020030901,2020-01-20 00:00:00+00:00,2023-05-11 00:00:00+00:00,Biological,3435; 4489,2,2,official_incident_id,2020
17015,incident:2020030901,2020-01-20 00:00:00+00:00,2023-05-11 00:00:00+00:00,Biological,3435; 4489,2,2,official_incident_id,2020
17017,incident:2020030901,2020-01-20 00:00:00+00:00,2023-05-11 00:00:00+00:00,Biological,3435; 4489,2,2,official_incident_id,2020
17019,incident:2020030901,2020-01-20 00:00:00+00:00,2023-05-11 00:00:00+00:00,Biological,3435; 4489,2,2,official_incident_id,2020
17021,incident:2020030901,2020-01-20 00:00:00+00:00,2023-05-11 00:00:00+00:00,Biological,3435; 4489,2,2,official_incident_id,2020
17023,incident:2020030901,2020-01-20 00:00:00+00:00,2023-05-11 00:00:00+00:00,Biological,3435; 4489,2,2,official_incident_id,2020
17025,incident:2020030901,2020-01-20 00:00:00+00:00,2023-05-11 00:00:00+00:00,Biological,3435; 4489,2,2,official_incident_id,2020
17027,incident:2020030901,2020-01-20 00:00:00+00:00,2023-05-11 00:00:00+00:00,Biological,3435; 4489,2,2,official_incident_id,2020
17029,incident:2020030901,2020-01-20 00:00:00+00:00,2023-05-11 00:00:00+00:00,Biological,3435; 4489,2,2,official_incident_id,2020
17031,incident:2020030901,2020-01-20 00:00:00+00:00,2023-05-11 00:00:00+00:00,Biological,3435; 4489,2,2,official_incident_id,2020
17033,incident:2020030901,2020-01-20 00:00:00+00:00,2023-05-11 00:00:00+00:00,Biological,3435; 4489,2,2,official_incident_id,2020
17035,incident:2020030901,2020-01-20 00:00:00+00:00,2023-05-11 00:00:00+00:00,Biological,3435; 4489,2,2,official_incident_id,2020
17037,incident:2020030901,2020-01-20 00:00:00+00:00,2023-05-11 00:00:00+00:00,Biological,3435; 4489,2,2,official_incident_id,2020
17039,incident:2020030901,2020-01-20 00:00:00+00:00,2023-05-11 00:00:00+00:00,Biological,3435; 4489,2,2,official_incident_id,2020
17041,incident:2020030901,2020-01-20 00:00:00+00:00,2023-05-11 00:00:00+00:00,Biological,3435; 4489,2,2,official_incident_id,2020
17043,incident:2020030901,2020-01-20 00:00:00+00:00,2023-05-11 00:00:00+00:00,Biological,3435; 4489,2,2,official_incident_id,2020
17045,incident:2020030901,2020-01-20 00:00:00+00:00,2023-05-11 00:00:00+00:00,Biological,3435; 4489,2,2,official_incident_id,2020
17047,incident:2020030901,2020-01-20 00:00:00+00:00,2023-05-11 00:00:00+00:00,Biological,3435; 4489,2,2,official_incident_id,2020
17049,incident:2020030901,2020-01-20 00:00:00+00:00,2023-05-11 00:00:00+00:00,Biological,3435; 4489,2,2,official_incident_id,2020
17051,incident:2020030901,2020-01-20 00:00:00+00:00,2023-05-11 00:00:00+00:00,Biological,3435; 4489,2,2,official_incident_id,2020
17053,incident:2020030901,2020-01-20 00:00:00+00:00,2023-05-11 00:00:00+00:00,Biological,3435; 4489,2,2,official_incident_id,2020
17055,incident:2020030901,2020-01-20 00:00:00+00:00,2023-05-11 00:00:00+00:00,Biological,3435; 4489,2,2,official_incident_id,2020
17057,incident:2020030901,2020-01-20 00:00:00+00:00,2023-05-11 00:00:00+00:00,Biological,3435; 4489,2,2,official_incident_id,2020
17059,incident:2020030901,2020-01-20 00:00:00+00:00,2023-05-11 00:00:00+00:00,Biological,3435; 4489,2,2,official_incident_id,2020
17061,incident:2020030901,2020-01-20 00:00:00+00:00,2023-05-11 00:00:00+00:00,Biological,3435; 4489,2,2,official_incident_id,2020
17063,incident:2020030901,2020-01-20 00:00:00+00:00,2023-05-11 00:00:00+00:00,Biological,3435; 4489,2,2,official_incident_id,2020
17065,incident:2020030901,2020-01-20 00:00:00+00:00,2023-05-11 00:00:00+00:00,Biological,3435; 4489,2,2,official_incident_id,2020
17067,incident:2020030901,2020-01-20 00:00:00+00:00,2023-05-11 00:00:00+00:00,Biological,3435; 4489,2,2,official_incident_id,2020
17069,incident:2020030901,2020-01-20 00:00:00+00:00,2023-05-11 00:00:00+00:00,Biological,3435; 4489,2,2,official_incident_id,2020
17071,incident:2020030901,2020-01-20 00:00:00+00:00,2023-05-11 00:00:00+00:00,Biological,3435; 4489,2,2,official_incident_id,2020
17073,incident:2020030901,2020-01-20 00:00:00+00:00,2023-05-11 00:00:00+00:00,Biological,3435; 4489,2,2,official_incident_id,2020
17075,incident:2020030901,2020-01-20 00:00:00+00:00,2023-05-11 00:00:00+00:00,Biological,3435; 4489,2,2,official_incident_id,2020
17077,incident:2020030901,2020-01-20 00:00:00+00:00,2023-05-11 00:00:00+00:00,Biological,3435; 4489,2,2,official_incident_id,2020
17079,incident:2020030901,2020-01-20 00:00:00+00:00,2023-05-11 00:00:00+00:00,Biological,3435; 4489,2,2,official_incident_id,2020
17081,incident:2020030901,2020-01-20 00:00:00+00:00,2023-05-11 00:00:00+00:00,Biological,3435; 4489,2,2,official_incident_id,2020
17083,incident:2020030901,2020-01-20 00:00:00+00:00,2023-05-11 00:00:00+00:00,Biological,3435; 4489,2,2,official_incident_id,2020
17085,incident:2020030901,2020-01-20 00:00:00+00:00,2023-05-11 00:00:00+00:00,Biological,3435; 4489,2,2,official_incident_id,2020
17087,incident:2020030901,2020-01-20 00:00:00+00:00,2023-05-11 00:00:00+00:00,Biological,3435; 4489,2,2,official_incident_id,2020
17089,incident:2020030901,2020-01-20 00:00:00+00:00,2023-05-11 00:00:00+00:00,Biological,3435; 4489,2,2,official_incident_id,2020
17091,incident:2020030901,2020-01-20 00:00:00+00:00,2023-05-11 00:00:00+00:00,Biological,3435; 4489,2,2,official_incident_id,2020
17093,incident:2020030901,2020-01-20 00:00:00+00:00,2023-05-11 00:00:00+00:00,Biological,3435; 4489,2,2,official_incident_id,2020
17095,incident:2020030901,2020-01-20 00:00:00+00:00,2023-05-11 00:00:00+00:00,Biological,3435; 4489,2,2,official_incident_id,2020
17097,incident:2020030901,2020-01-20 00:00:00+00:00,2023-05-11 00:00:00+00:00,Biological,3435; 4489,2,2,official_incident_id,2020
17099,incident:2020030901,2020-01-20 00:00:00+00:00,2023-05-11 00:00:00+00:00,Biological,3435; 4489,2,2,official_incident_id,2020
17101,incident:2020030901,2020-01-20 00:00:00+00:00,2023-05-11 00:00:00+00:00,Biological,3435; 4489,2,2,official_incident_id,2020
17103,incident:2020030901,2020-01-20 00:00:00+00:00,2023-05-11 00:00:00+00:00,Biological,3435; 4489,2,2,official_incident_id,2020
17105,incident:2020030901,2020-01-20 00:00:00+00:00,2023-05-11 00:00:00+00:00,Biological,3435; 4489,2,2,official_incident_id,2020
17107,incident:2020030901,2020-01-20 00:00:00+00:00,2023-05-11 00:00:00+00:00,Biological,3435; 4489,2,2,official_incident_id,2020
17109,incident:2020030901,2020-01-20 00:00:00+00:00,2023-05-11 00:00:00+00:00,Biological,3435; 4489,2,2,official_incident_id,2020
17111,incident:2020030901,2020-01-20 00:00:00+00:00,2023-05-11 00:00:00+00:00,Biological,3435; 4489,2,2,official_incident_id,2020
17113,incident:2020030901,2020-01-20 00:00:00+00:00,2023-05-11 00:00:00+00:00,Biological,3435; 4489,2,2,official_incident_id,2020
17115,incident:2020030901,2020-01-20 00:00:00+00:00,2023-05-11 00:00:00+00:00,Biological,3435; 4489,2,2,official_incident_id,2020
17117,incident:2020030901,2020-01-20 00:00:00+00:00,2023-05-11 00:00:00+00:00,Biological,3435; 4489,2,2,official_incident_id,2020
17119,incident:2020030901,2020-01-20 00:00:00+00:00,2023-05-11 00:00:00+00:00,Biological,3435; 4489,2,2,official_incident_id,2020
17121,incident:2020030901,2020-01-20 00:00:00+00:00,2023-05-11 00:00:00+00:00,Biological,3435; 4489,2,2,official_incident_id,2020
17123,incident:2020030901,2020-01-20 00:00:00+00:00,2023-05-11 00:00:00+00:00,Biological,3435; 4489,2,2,official_incident_id,2020
17125,incident:2020030901,2020-01-20 00:00:00+00:00,2023-05-11 00:00:00+00:00,Biological,3435; 4489,2,2,official_incident_id,2020
17127,incident:2020030901,2020-01-20 00:00:00+00:00,2023-05-11 00:00:00+00:00,Biological,3435; 4489,2,2,official_incident_id,2020
17129,incident:2020030901,2020-01-20 00:00:00+00:00,2023-05-11 00:00:00+00:00,Biological,3435; 4489,2,2,official_incident_id,2020
17131,incident:2020030901,2020-01-20 00:00:00+00:00,2023-05-11 00:00:00+00:00,Biological,3435; 4489,2,2,official_incident_id,2020
17133,incident:2020030901,2020-01-20 00:00:00+00:00,2023-05-11 00:00:00+00:00,Biological,3435; 4489,2,2,official_incident_id,2020
17135,incident:2020030901,2020-01-20 00:00:00+00:00,2023-05-11 00:00:00+00:00,Biological,3435; 4489,2,2,official_incident_id,2020
17137,incident:2020030901,2020-01-20 00:00:00+00:00,2023-05-11 00:00:00+00:00,Biological,3435; 4489,2,2,official_incident_id,2020
17139,incident:2020030901,2020-01-20 00:00:00+00:00,2023-05-11 00:00:00+00:00,Biological,3435; 4489,2,2,official_incident_id,2020
17141,incident:2020030901,2020-01-20 00:00:00+00:00,2023-05-11 00:00:00+00:00,Biological,3435; 4489,2,2,official_incident_id,2020
17143,incident:2020030901,2020-01-20 00:00:00+00:00,2023-05-11 00:00:00+00:00,Biological,3435; 4489,2,2,official_incident_id,2020
17145,incident:2020030901,2020-01-20 00:00:00+00:00,2023-05-11 00:00:00+00:00,Biological,3435; 4489,2,2,official_incident_id,2020
17147,incident:2020030901,2020-01-20 00:00:00+00:00,2023-05-11 00:00:00+00:00,Biological,3435; 4489,2,2,official_incident_id,2020
17149,incident:2020030901,2020-01-20 00:00:00+00:00,2023-05-11 00:00:00+00:00,Biological,3435; 4489,2,2,official_incident_id,2020
17151,incident:2020030901,2020-01-20 00:00:00+00:00,2023-05-11 00:00:00+00:00,Biological,3435; 4489,2,2,official_incident_id,2020
17153,incident:2020030901,2020-01-20 00:00:00+00:00,2023-05-11 00:00:00+00:00,Biological,3435; 4489,2,2,official_incident_id,2020
17155,incident:2020030901,2020-01-20 00:00:00+00:00,2023-05-11 00:00:00+00:00,Biological,3435; 4489,2,2,official_incident_id,2020
17157,incident:2020030901,2020-01-20 00:00:00+00:00,2023-05-11 00:00:00+00:00,Biological,3435; 4489,2,2,official_incident_id,2020
17159,incident:2020030901,2020-01-20 00:00:00+00:00,2023-05-11 00:00:00+00:00,Biological,3435; 4489,2,2,official_incident_id,2020
17161,incident:2020030901,2020-01-20 00:00:00+00:00,2023-05-11 00:00:00+00:00,Biological,3435; 4489,2,2,official_incident_id,2020
17163,incident:2020030901,2020-01-20 00:00:00+00:00,2023-05-11 00:00:00+00:00,Biological,3435; 4489,2,2,official_incident_id,2020
17165,incident:2020030901,2020-01-20 00:00:00+00:00,2023-05-11 00:00:00+00:00,Biological,3435; 4489,2,2,official_incident_id,2020
17167,incident:2020030901,2020-01-20 00:00:00+00:00,2023-05-11 00:00:00+00:00,Biological,3435; 4489,2,2,official_incident_id,2020
17169,incident:2020030901,2020-01-20 00:00:00+00:00,2023-05-11 00:00:00+00:00,Biological,3435; 4489,2,2,official_incident_id,2020
17171,incident:2020030901,2020-01-20 00:00:00+00:00,2023-05-11 00:00:00+00:00,Biological,3435; 4489,2,2,official_incident_id,2020
17173,incident:2020030901,2020-01-20 00:00:00+00:00,2023-05-11 00:00:00+00:00,Biological,3435; 4489,2,2,official_incident_id,2020
17175,incident:2020030901,2020-01-20 00:00:00+00:00,2023-05-11 00:00:00+00:00,Biological,3435; 4489,2,2,official_incident_id,2020
17177,incident:2020030901,2020-01-20 00:00:00+00:00,2023-05-11 00:00:00+00:00,Biological,3435; 4489,2,2,official_incident_id,2020
17179,incident:2020030901,2020-01-20 00:00:00+00:00,2023-05-11 00:00:00+00:00,Biological,3435; 4489,2,2,official_incident_id,2020
17181,incident:2020030901,2020-01-20 00:00:00+00:00,2023-05-11 00:00:00+00:00,Biological,3435; 4489,2,2,official_incident_id,2020
17183,incident:2020030901,2020-01-20 00:00:00+00:00,2023-05-11 00:00:00+00:00,Biological,3435; 4489,2,2,official_incident_id,2020
17185,incident:2020030901,2020-01-20 00:00:00+00:00,2023-05-11 00:00:00+00:00,Biological,3435; 4489,2,2,official_incident_id,2020
17187,incident:2020030901,2020-01-20 00:00:00+00:00,2023-05-11 00:00:00+00:00,Biological,3435; 4489,2,2,official_incident_id,2020
17189,incident:2020030901,2020-01-20 00:00:00+00:00,2023-05-11 00:00:00+00:00,Biological,3435; 4489,2,2,official_incident_id,2020
17191,incident:2020030901,2020-01-20 00:00:00+00:00,2023-05-11 00:00:00+00:00,Biological,3435; 4489,2,2,official_incident_id,2020
17193,incident:2020030901,2020-01-20 00:00:00+00:00,2023-05-11 00:00:00+00:00,Biological,3435; 4489,2,2,official_incident_id,2020
17195,incident:2020030901,2020-01-20 00:00:00+00:00,2023-05-11 00:00:00+00:00,Biological,3435; 4489,2,2,official_incident_id,2020
17197,incident:2020030901,2020-01-20 00:00:00+00:00,2023-05-11 00:00:00+00:00,Biological,3435; 4489,2,2,official_incident_id,2020
17199,incident:2020030901,2020-01-20 00:00:00+00:00,2023-05-11 00:00:00+00:00,Biological,3435; 4489,2,2,official_incident_id,2020
17201,incident:2020030901,2020-01-20 00:00:00+00:00,2023-05-11 00:00:00+00:00,Biological,3435; 4489,2,2,official_incident_id,2020
17203,incident:2020030901,2020-01-20 00:00:00+00:00,2023-05-11 00:00:00+00:00,Biological,3435; 4489,2,2,official_incident_id,2020
18001,incident:2020030901,2020-01-20 00:00:00+00:00,2023-05-11 00:00:00+00:00,Biological,3456; 4515,2,2,official_incident_id,2020
18003,incident:2020030901,2020-01-20 00:00:00+00:00,2023-05-11 00:00:00+00:00,Biological,3456; 4515,2,2,official_incident_id,2020
18005,incident:2020030901,2020-01-20 00:00:00+00:00,2023-05-11 00:00:00+00:00,Biological,3456; 4515,2,2,official_incident_id,2020
18007,incident:2020030901,2020-01-20 00:00:00+00:00,2023-05-11 00:00:00+00:00,Biological,3456; 4515,2,2,official_incident_id,2020
18009,incident:2020030901,2020-01-20 00:00:00+00:00,2023-05-11 00:00:00+00:00,Biological,3456; 4515,2,2,official_incident_id,2020
18011,incident:2020030901,2020-01-20 00:00:00+00:00,2023-05-11 00:00:00+00:00,Biological,3456; 4515,2,2,official_incident_id,2020
18013,incident:2020030901,2020-01-20 00:00:00+00:00,2023-05-11 00:00:00+00:00,Biological,3456; 4515,2,2,official_incident_id,2020
18015,incident:2020030901,2020-01-20 00:00:00+00:00,2023-05-11 00:00:00+00:00,Biological,3456; 4515,2,2,official_incident_id,2020
18015,incident:2026081403,2026-08-11 00:00:00+00:00,2026-08-28 00:00:00+00:00,Flood,3651; 4933,2,2,official_incident_id,2026
18017,incident:2020030901,2020-01-20 00:00:00+00:00,2023-05-11 00:00:00+00:00,Biological,3456; 4515,2,2,official_incident_id,2020
18019,incident:2020030901,2020-01-20 00:00:00+00:00,2023-05-11 00:00:00+00:00,Biological,3456; 4515,2,2,official_incident_id,2020
18021,incident:2020030901,2020-01-20 00:00:00+00:00,2023-05-11 00:00:00+00:00,Biological,3456; 4515,2,2,official_incident_id,2020
18023,incident:2020030901,2020-01-20 00:00:00+00:00,2023-05-11 00:00:00+00:00,Biological,3456; 4515,2,2,official_incident_id,2020
18025,incident:2020030901,2020-01-20 00:00:00+00:00,2023-05-11 00:00:00+00:00,Biological,3456; 4515,2,2,official_incident_id,2020
18027,incident:2020030901,2020-01-20 00:00:00+00:00,2023-05-11 00:00:00+00:00,Biological,3456; 4515,2,2,official_incident_id,2020
18029,incident:2020030901,2020-01-20 00:00:00+00:00,2023-05-11 00:00:00+00:00,Biological,3456; 4515,2,2,official_incident_id,2020
18029,incident:2026081403,2026-08-11 00:00:00+00:00,2026-08-28 00:00:00+00:00,Flood,3651; 4933,2,2,official_incident_id,2026
18031,incident:2020030901,2020-01-20 00:00:00+00:00,2023-05-11 00:00:00+00:00,Biological,3456; 4515,2,2,official_incident_id,2020
18031,incident:2026081403,2026-08-11 00:00:00+00:00,2026-08-28 00:00:00+00:00,Flood,3651; 4933,2,2,official_incident_id,2026
18033,incident:2020030901,2020-01-20 00:00:00+00:00,2023-05-11 00:00:00+00:00,Biological,3456; 4515,2,2,official_incident_id,2020
18035,incident:2020030901,2020-01-20 00:00:00+00:00,2023-05-11 00:00:00+00:00,Biological,3456; 4515,2,2,official_incident_id,2020
18035,incident:2026081403,2026-08-11 00:00:00+00:00,2026-08-28 00:00:00+00:00,Flood,3651; 4933,2,2,official_incident_id,2026
18037,incident:2020030901,2020-01-20 00:00:00+00:00,2023-05-11 00:00:00+00:00,Biological,3456; 4515,2,2,official_incident_id,2020
18039,incident:2020030901,2020-01-20 00:00:00+00:00,2023-05-11 00:00:00+00:00,Biological,3456; 4515,2,2,official_incident_id,2020
18041,incident:2020030901,2020-01-20 00:00:00+00:00,2023-05-11 00:00:00+00:00,Biological,3456; 4515,2,2,official_incident_id,2020
18041,incident:2026081403,2026-08-11 00:00:00+00:00,2026-08-28 00:00:00+00:00,Flood,3651; 4933,2,2,official_incident_id,2026
18043,incident:2020030901,2020-01-20 00:00:00+00:00,2023-05-11 00:00:00+00:00,Biological,3456; 4515,2,2,official_incident_id,2020
18045,incident:2020030901,2020-01-20 00:00:00+00:00,2023-05-11 00:00:00+00:00,Biological,3456; 4515,2,2,official_incident_id,2020
18047,incident:2020030901,2020-01-20 00:00:00+00:00,2023-05-11 00:00:00+00:00,Biological,3456; 4515,2,2,official_incident_id,2020
18047,incident:2026081403,2026-08-11 00:00:00+00:00,2026-08-28 00:00:00+00:00,Flood,3651; 4933,2,2,official_incident_id,2026
18049,incident:2020030901,2020-01-20 00:00:00+00:00,2023-05-11 00:00:00+00:00,Biological,3456; 4515,2,2,official_incident_id,2020
18051,incident:2020030901,2020-01-20 00:00:00+00:00,2023-05-11 00:00:00+00:00,Biological,3456; 4515,2,2,official_incident_id,2020
18053,incident:2020030901,2020-01-20 00:00:00+00:00,2023-05-11 00:00:00+00:00,Biological,3456; 4515,2,2,official_incident_id,2020
18055,incident:2020030901,2020-01-20 00:00:00+00:00,2023-05-11 00:00:00+00:00,Biological,3456; 4515,2,2,official_incident_id,2020
18057,incident:2020030901,2020-01-20 00:00:00+00:00,2023-05-11 00:00:00+00:00,Biological,3456; 4515,2,2,official_incident_id,2020
18057,incident:2026081403,2026-08-11 00:00:00+00:00,2026-08-28 00:00:00+00:00,Flood,3651; 4933,2,2,official_incident_id,2026
18059,incident:2020030901,2020-01-20 00:00:00+00:00,2023-05-11 00:00:00+00:00,Biological,3456; 4515,2,2,official_incident_id,2020
18059,incident:2026081403,2026-08-11 00:00:00+00:00,2026-08-28 00:00:00+00:00,Flood,3651; 4933,2,2,official_incident_id,2026
18061,incident:2020030901,2020-01-20 00:00:00+00:00,2023-05-11 00:00:00+00:00,Biological,3456; 4515,2,2,official_incident_id,2020
18063,incident:2020030901,2020-01-20 00:00:00+00:00,2023-05-11 00:00:00+00:00,Biological,3456; 4515,2,2,official_incident_id,2020
18065,incident:2020030901,2020-01-20 00:00:00+00:00,2023-05-11 00:00:00+00:00,Biological,3456; 4515,2,2,official_incident_id,2020
18065,incident:2026081403,2026-08-11 00:00:00+00:00,2026-08-28 00:00:00+00:00,Flood,3651; 4933,2,2,official_incident_id,2026
18067,incident:2020030901,2020-01-20 00:00:00+00:00,2023-05-11 00:00:00+00:00,Biological,3456; 4515,2,2,official_incident_id,2020
18069,incident:2020030901,2020-01-20 00:00:00+00:00,2023-05-11 00:00:00+00:00,Biological,3456; 4515,2,2,official_incident_id,2020
18071,incident:2020030901,2020-01-20 00:00:00+00:00,2023-05-11 00:00:00+00:00,Biological,3456; 4515,2,2,official_incident_id,2020
18073,incident:2020030901,2020-01-20 00:00:00+00:00,2023-05-11 00:00:00+00:00,Biological,3456; 4515,2,2,official_incident_id,2020
18075,incident:2020030901,2020-01-20 00:00:00+00:00,2023-05-11 00:00:00+00:00,Biological,3456; 4515,2,2,official_incident_id,2020
18077,incident:2020030901,2020-01-20 00:00:00+00:00,2023-05-11 00:00:00+00:00,Biological,3456; 4515,2,2,official_incident_id,2020
18079,incident:2020030901,2020-01-20 00:00:00+00:00,2023-05-11 00:00:00+00:00,Biological,3456; 4515,2,2,official_incident_id,2020
18081,incident:2020030901,2020-01-20 00:00:00+00:00,2023-05-11 00:00:00+00:00,Biological,3456; 4515,2,2,official_incident_id,2020
18083,incident:2020030901,2020-01-20 00:00:00+00:00,2023-05-11 00:00:00+00:00,Biological,3456; 4515,2,2,official_incident_id,2020
18085,incident:2020030901,2020-01-20 00:00:00+00:00,2023-05-11 00:00:00+00:00,Biological,3456; 4515,2,2,official_incident_id,2020
18087,incident:2020030901,2020-01-20 00:00:00+00:00,2023-05-11 00:00:00+00:00,Biological,3456; 4515,2,2,official_incident_id,2020
18089,incident:2020030901,2020-01-20 00:00:00+00:00,2023-05-11 00:00:00+00:00,Biological,3456; 4515,2,2,official_incident_id,2020
18089,incident:2026081403,2026-08-11 00:00:00+00:00,2026-08-28 00:00:00+00:00,Flood,3651; 4933,2,2,official_incident_id,2026
18091,incident:2020030901,2020-01-20 00:00:00+00:00,2023-05-11 00:00:00+00:00,Biological,3456; 4515,2,2,official_incident_id,2020
18091,incident:2026081403,2026-08-11 00:00:00+00:00,2026-08-28 00:00:00+00:00,Flood,3651; 4933,2,2,official_incident_id,2026
18093,incident:2020030901,2020-01-20 00:00:00+00:00,2023-05-11 00:00:00+00:00,Biological,3456; 4515,2,2,official_incident_id,2020
18095,incident:2020030901,2020-01-20 00:00:00+00:00,2023-05-11 00:00:00+00:00,Biological,3456; 4515,2,2,official_incident_id,2020
18095,incident:2026081403,2026-08-11 00:00:00+00:00,2026-08-28 00:00:00+00:00,Flood,3651; 4933,2,2,official_incident_id,2026
18097,incident:2020030901,2020-01-20 00:00:00+00:00,2023-05-11 00:00:00+00:00,Biological,3456; 4515,2,2,official_incident_id,2020
18097,incident:2026081403,2026-08-11 00:00:00+00:00,2026-08-28 00:00:00+00:00,Flood,3651; 4933,2,2,official_incident_id,2026
18099,incident:2020030901,2020-01-20 00:00:00+00:00,2023-05-11 00:00:00+00:00,Biological,3456; 4515,2,2,official_incident_id,2020
18101,incident:2020030901,2020-01-20 00:00:00+00:00,2023-05-11 00:00:00+00:00,Biological,3456; 4515,2,2,official_incident_id,2020
18103,incident:2020030901,2020-01-20 00:00:00+00:00,2023-05-11 00:00:00+00:00,Biological,3456; 4515,2,2,official_incident_id,2020
18105,incident:2020030901,2020-01-20 00:00:00+00:00,2023-05-11 00:00:00+00:00,Biological,3456; 4515,2,2,official_incident_id,2020
18107,incident:2020030901,2020-01-20 00:00:00+00:00,2023-05-11 00:00:00+00:00,Biological,3456; 4515,2,2,official_incident_id,2020
18109,incident:2020030901,2020-01-20 00:00:00+00:00,2023-05-11 00:00:00+00:00,Biological,3456; 4515,2,2,official_incident_id,2020
18109,incident:2026081403,2026-08-11 00:00:00+00:00,2026-08-28 00:00:00+00:00,Flood,3651; 4933,2,2,official_incident_id,2026
18111,incident:2020030901,2020-01-20 00:00:00+00:00,2023-05-11 00:00:00+00:00,Biological,3456; 4515,2,2,official_incident_id,2020
18113,incident:2020030901,2020-01-20 00:00:00+00:00,2023-05-11 00:00:00+00:00,Biological,3456; 4515,2,2,official_incident_id,2020
18115,incident:2020030901,2020-01-20 00:00:00+00:00,2023-05-11 00:00:00+00:00,Biological,3456; 4515,2,2,official_incident_id,2020
18117,incident:2020030901,2020-01-20 00:00:00+00:00,2023-05-11 00:00:00+00:00,Biological,3456; 4515,2,2,official_incident_id,2020
18119,incident:2020030901,2020-01-20 00:00:00+00:00,2023-05-11 00:00:00+00:00,Biological,3456; 4515,2,2,official_incident_id,2020
18121,incident:2020030901,2020-01-20 00:00:00+00:00,2023-05-11 00:00:00+00:00,Biological,3456; 4515,2,2,official_incident_id,2020
18123,incident:2020030901,2020-01-20 00:00:00+00:00,2023-05-11 00:00:00+00:00,Biological,3456; 4515,2,2,official_incident_id,2020
18125,incident:2020030901,2020-01-20 00:00:00+00:00,2023-05-11 00:00:00+00:00,Biological,3456; 4515,2,2,official_incident_id,2020
18127,incident:2020030901,2020-01-20 00:00:00+00:00,2023-05-11 00:00:00+00:00,Biological,3456; 4515,2,2,official_incident_id,2020
18127,incident:2026081403,2026-08-11 00:00:00+00:00,2026-08-28 00:00:00+00:00,Flood,3651; 4933,2,2,official_incident_id,2026
18129,incident:2020030901,2020-01-20 00:00:00+00:00,2023-05-11 00:00:00+00:00,Biological,3456; 4515,2,2,official_incident_id,2020
18131,incident:2020030901,2020-01-20 00:00:00+00:00,2023-05-11 00:00:00+00:00,Biological,3456; 4515,2,2,official_incident_id,2020
18131,incident:2026081403,2026-08-11 00:00:00+00:00,2026-08-28 00:00:00+00:00,Flood,3651; 4933,2,2,official_incident_id,2026
18133,incident:2020030901,2020-01-20 00:00:00+00:00,2023-05-11 00:00:00+00:00,Biological,3456; 4515,2,2,official_incident_id,2020
18135,incident:2020030901,2020-01-20 00:00:00+00:00,2023-05-11 00:00:00+00:00,Biological,3456; 4515,2,2,official_incident_id,2020
18135,incident:2026081403,2026-08-11 00:00:00+00:00,2026-08-28 00:00:00+00:00,Flood,3651; 4933,2,2,official_incident_id,2026
18137,incident:2020030901,2020-01-20 00:00:00+00:00,2023-05-11 00:00:00+00:00,Biological,3456; 4515,2,2,official_incident_id,2020
18139,incident:2020030901,2020-01-20 00:00:00+00:00,2023-05-11 00:00:00+00:00,Biological,3456; 4515,2,2,official_incident_id,2020
18139,incident:2026081403,2026-08-11 00:00:00+00:00,2026-08-28 00:00:00+00:00,Flood,3651; 4933,2,2,official_incident_id,2026
18141,incident:2020030901,2020-01-20 00:00:00+00:00,2023-05-11 00:00:00+00:00,Biological,3456; 4515,2,2,official_incident_id,2020
18143,incident:2020030901,2020-01-20 00:00:00+00:00,2023-05-11 00:00:00+00:00,Biological,3456; 4515,2,2,official_incident_id,2020
18145,incident:2020030901,2020-01-20 00:00:00+00:00,2023-05-11 00:00:00+00:00,Biological,3456; 4515,2,2,official_incident_id,2020
18147,incident:2020030901,2020-01-20 00:00:00+00:00,2023-05-11 00:00:00+00:00,Biological,3456; 4515,2,2,official_incident_id,2020
18149,incident:2020030901,2020-01-20 00:00:00+00:00,2023-05-11 00:00:00+00:00,Biological,3456; 4515,2,2,official_incident_id,2020
18151,incident:2020030901,2020-01-20 00:00:00+00:00,2023-05-11 00:00:00+00:00,Biological,3456; 4515,2,2,official_incident_id,2020
18153,incident:2020030901,2020-01-20 00:00:00+00:00,2023-05-11 00:00:00+00:00,Biological,3456; 4515,2,2,official_incident_id,2020
18155,incident:2020030901,2020-01-20 00:00:00+00:00,2023-05-11 00:00:00+00:00,Biological,3456; 4515,2,2,official_incident_id,2020
18157,incident:2020030901,2020-01-20 00:00:00+00:00,2023-05-11 00:00:00+00:00,Biological,3456; 4515,2,2,official_incident_id,2020
18159,incident:2020030901,2020-01-20 00:00:00+00:00,2023-05-11 00:00:00+00:00,Biological,3456; 4515,2,2,official_incident_id,2020
18159,incident:2026081403,2026-08-11 00:00:00+00:00,2026-08-28 00:00:00+00:00,Flood,3651; 4933,2,2,official_incident_id,2026
18161,incident:2020030901,2020-01-20 00:00:00+00:00,2023-05-11 00:00:00+00:00,Biological,3456; 4515,2,2,official_incident_id,2020
18161,incident:2026081403,2026-08-11 00:00:00+00:00,2026-08-28 00:00:00+00:00,Flood,3651; 4933,2,2,official_incident_id,2026
18163,incident:2020030901,2020-01-20 00:00:00+00:00,2023-05-11 00:00:00+00:00,Biological,3456; 4515,2,2,official_incident_id,2020
18165,incident:2020030901,2020-01-20 00:00:00+00:00,2023-05-11 00:00:00+00:00,Biological,3456; 4515,2,2,official_incident_id,2020
18167,incident:2020030901,2020-01-20 00:00:00+00:00,2023-05-11 00:00:00+00:00,Biological,3456; 4515,2,2,official_incident_id,2020
18169,incident:2020030901,2020-01-20 00:00:00+00:00,2023-05-11 00:00:00+00:00,Biological,3456; 4515,2,2,official_incident_id,2020
18171,incident:2020030901,2020-01-20 00:00:00+00:00,2023-05-11 00:00:00+00:00,Biological,3456; 4515,2,2,official_incident_id,2020
18173,incident:2020030901,2020-01-20 00:00:00+00:00,2023-05-11 00:00:00+00:00,Biological,3456; 4515,2,2,official_incident_id,2020
18175,incident:2020030901,2020-01-20 00:00:00+00:00,2023-05-11 00:00:00+00:00,Biological,3456; 4515,2,2,official_incident_id,2020
18177,incident:2020030901,2020-01-20 00:00:00+00:00,2023-05-11 00:00:00+00:00,Biological,3456; 4515,2,2,official_incident_id,2020
18177,incident:2026081403,2026-08-11 00:00:00+00:00,2026-08-28 00:00:00+00:00,Flood,3651; 4933,2,2,official_incident_id,2026
18179,incident:2020030901,2020-01-20 00:00:00+00:00,2023-05-11 00:00:00+00:00,Biological,3456; 4515,2,2,official_incident_id,2020
18181,incident:2020030901,2020-01-20 00:00:00+00:00,2023-05-11 00:00:00+00:00,Biological,3456; 4515,2,2,official_incident_id,2020
18183,incident:2020030901,2020-01-20 00:00:00+00:00,2023-05-11 00:00:00+00:00,Biological,3456; 4515,2,2,official_incident_id,2020
19001,incident:2020030901,2020-01-20 00:00:00+00:00,2023-05-11 00:00:00+00:00,Biological,3480; 4483,2,2,official_incident_id,2020
19003,incident:2020030901,2020-01-20 00:00:00+00:00,2023-05-11 00:00:00+00:00,Biological,3480; 4483,2,2,official_incident_id,2020
19005,incident:2020030901,2020-01-20 00:00:00+00:00,2023-05-11 00:00:00+00:00,Biological,3480; 4483,2,2,official_incident_id,2020
19007,incident:2020030901,2020-01-20 00:00:00+00:00,2023-05-11 00:00:00+00:00,Biological,3480; 4483,2,2,official_incident_id,2020
19009,incident:2020030901,2020-01-20 00:00:00+00:00,2023-05-11 00:00:00+00:00,Biological,3480; 4483,2,2,official_incident_id,2020
19011,incident:2020030901,2020-01-20 00:00:00+00:00,2023-05-11 00:00:00+00:00,Biological,3480; 4483,2,2,official_incident_id,2020
19013,incident:2020030901,2020-01-20 00:00:00+00:00,2023-05-11 00:00:00+00:00,Biological,3480; 4483,2,2,official_incident_id,2020
19015,incident:2020030901,2020-01-20 00:00:00+00:00,2023-05-11 00:00:00+00:00,Biological,3480; 4483,2,2,official_incident_id,2020
19017,incident:2020030901,2020-01-20 00:00:00+00:00,2023-05-11 00:00:00+00:00,Biological,3480; 4483,2,2,official_incident_id,2020
19019,incident:2020030901,2020-01-20 00:00:00+00:00,2023-05-11 00:00:00+00:00,Biological,3480; 4483,2,2,official_incident_id,2020
19021,incident:2020030901,2020-01-20 00:00:00+00:00,2023-05-11 00:00:00+00:00,Biological,3480; 4483,2,2,official_incident_id,2020
19023,incident:2020030901,2020-01-20 00:00:00+00:00,2023-05-11 00:00:00+00:00,Biological,3480; 4483,2,2,official_incident_id,2020
19025,incident:2020030901,2020-01-20 00:00:00+00:00,2023-05-11 00:00:00+00:00,Biological,3480; 4483,2,2,official_incident_id,2020
19027,incident:2020030901,2020-01-20 00:00:00+00:00,2023-05-11 00:00:00+00:00,Biological,3480; 4483,2,2,official_incident_id,2020
19029,incident:2020030901,2020-01-20 00:00:00+00:00,2023-05-11 00:00:00+00:00,Biological,3480; 4483,2,2,official_incident_id,2020
19031,incident:2020030901,2020-01-20 00:00:00+00:00,2023-05-11 00:00:00+00:00,Biological,3480; 4483,2,2,official_incident_id,2020
19033,incident:2020030901,2020-01-20 00:00:00+00:00,2023-05-11 00:00:00+00:00,Biological,3480; 4483,2,2,official_incident_id,2020
19035,incident:2020030901,2020-01-20 00:00:00+00:00,2023-05-11 00:00:00+00:00,Biological,3480; 4483,2,2,official_incident_id,2020
19037,incident:2020030901,2020-01-20 00:00:00+00:00,2023-05-11 00:00:00+00:00,Biological,3480; 4483,2,2,official_incident_id,2020
19039,incident:2020030901,2020-01-20 00:00:00+00:00,2023-05-11 00:00:00+00:00,Biological,3480; 4483,2,2,official_incident_id,2020
19041,incident:2020030901,2020-01-20 00:00:00+00:00,2023-05-11 00:00:00+00:00,Biological,3480; 4483,2,2,official_incident_id,2020
19043,incident:2020030901,2020-01-20 00:00:00+00:00,2023-05-11 00:00:00+00:00,Biological,3480; 4483,2,2,official_incident_id,2020
19045,incident:2020030901,2020-01-20 00:00:00+00:00,2023-05-11 00:00:00+00:00,Biological,3480; 4483,2,2,official_incident_id,2020
19047,incident:2020030901,2020-01-20 00:00:00+00:00,2023-05-11 00:00:00+00:00,Biological,3480; 4483,2,2,official_incident_id,2020
19049,incident:2020030901,2020-01-20 00:00:00+00:00,2023-05-11 00:00:00+00:00,Biological,3480; 4483,2,2,official_incident_id,2020
19051,incident:2020030901,2020-01-20 00:00:00+00:00,2023-05-11 00:00:00+00:00,Biological,3480; 4483,2,2,official_incident_id,2020
19053,incident:2020030901,2020-01-20 00:00:00+00:00,2023-05-11 00:00:00+00:00,Biological,3480; 4483,2,2,official_incident_id,2020
19055,incident:2020030901,2020-01-20 00:00:00+00:00,2023-05-11 00:00:00+00:00,Biological,3480; 4483,2,2,official_incident_id,2020
19057,incident:2020030901,2020-01-20 00:00:00+00:00,2023-05-11 00:00:00+00:00,Biological,3480; 4483,2,2,official_incident_id,2020
19059,incident:2020030901,2020-01-20 00:00:00+00:00,2023-05-11 00:00:00+00:00,Biological,3480; 4483,2,2,official_incident_id,2020
19061,incident:2020030901,2020-01-20 00:00:00+00:00,2023-05-11 00:00:00+00:00,Biological,3480; 4483,2,2,official_incident_id,2020
19063,incident:2020030901,2020-01-20 00:00:00+00:00,2023-05-11 00:00:00+00:00,Biological,3480; 4483,2,2,official_incident_id,2020
19065,incident:2020030901,2020-01-20 00:00:00+00:00,2023-05-11 00:00:00+00:00,Biological,3480; 4483,2,2,official_incident_id,2020
19067,incident:2020030901,2020-01-20 00:00:00+00:00,2023-05-11 00:00:00+00:00,Biological,3480; 4483,2,2,official_incident_id,2020
19069,incident:2020030901,2020-01-20 00:00:00+00:00,2023-05-11 00:00:00+00:00,Biological,3480; 4483,2,2,official_incident_id,2020
19071,incident:2020030901,2020-01-20 00:00:00+00:00,2023-05-11 00:00:00+00:00,Biological,3480; 4483,2,2,official_incident_id,2020
19073,incident:2020030901,2020-01-20 00:00:00+00:00,2023-05-11 00:00:00+00:00,Biological,3480; 4483,2,2,official_incident_id,2020
19075,incident:2020030901,2020-01-20 00:00:00+00:00,2023-05-11 00:00:00+00:00,Biological,3480; 4483,2,2,official_incident_id,2020
19077,incident:2020030901,2020-01-20 00:00:00+00:00,2023-05-11 00:00:00+00:00,Biological,3480; 4483,2,2,official_incident_id,2020
19079,incident:2020030901,2020-01-20 00:00:00+00:00,2023-05-11 00:00:00+00:00,Biological,3480; 4483,2,2,official_incident_id,2020
19081,incident:2020030901,2020-01-20 00:00:00+00:00,2023-05-11 00:00:00+00:00,Biological,3480; 4483,2,2,official_incident_id,2020
19083,incident:2020030901,2020-01-20 00:00:00+00:00,2023-05-11 00:00:00+00:00,Biological,3480; 4483,2,2,official_incident_id,2020
19085,incident:2020030901,2020-01-20 00:00:00+00:00,2023-05-11 00:00:00+00:00,Biological,3480; 4483,2,2,official_incident_id,2020
19087,incident:2020030901,2020-01-20 00:00:00+00:00,2023-05-11 00:00:00+00:00,Biological,3480; 4483,2,2,official_incident_id,2020
19089,incident:2020030901,2020-01-20 00:00:00+00:00,2023-05-11 00:00:00+00:00,Biological,3480; 4483,2,2,official_incident_id,2020
19091,incident:2020030901,2020-01-20 00:00:00+00:00,2023-05-11 00:00:00+00:00,Biological,3480; 4483,2,2,official_incident_id,2020
19093,incident:2020030901,2020-01-20 00:00:00+00:00,2023-05-11 00:00:00+00:00,Biological,3480; 4483,2,2,official_incident_id,2020
19095,incident:2020030901,2020-01-20 00:00:00+00:00,2023-05-11 00:00:00+00:00,Biological,3480; 4483,2,2,official_incident_id,2020
19097,incident:2020030901,2020-01-20 00:00:00+00:00,2023-05-11 00:00:00+00:00,Biological,3480; 4483,2,2,official_incident_id,2020
19099,incident:2020030901,2020-01-20 00:00:00+00:00,2023-05-11 00:00:00+00:00,Biological,3480; 4483,2,2,official_incident_id,2020
19101,incident:2020030901,2020-01-20 00:00:00+00:00,2023-05-11 00:00:00+00:00,Biological,3480; 4483,2,2,official_incident_id,2020
19103,incident:2020030901,2020-01-20 00:00:00+00:00,2023-05-11 00:00:00+00:00,Biological,3480; 4483,2,2,official_incident_id,2020
19105,incident:2020030901,2020-01-20 00:00:00+00:00,2023-05-11 00:00:00+00:00,Biological,3480; 4483,2,2,official_incident_id,2020
19107,incident:2020030901,2020-01-20 00:00:00+00:00,2023-05-11 00:00:00+00:00,Biological,3480; 4483,2,2,official_incident_id,2020
19109,incident:2020030901,2020-01-20 00:00:00+00:00,2023-05-11 00:00:00+00:00,Biological,3480; 4483,2,2,official_incident_id,2020
19111,incident:2020030901,2020-01-20 00:00:00+00:00,2023-05-11 00:00:00+00:00,Biological,3480; 4483,2,2,official_incident_id,2020
19113,incident:2020030901,2020-01-20 00:00:00+00:00,2023-05-11 00:00:00+00:00,Biological,3480; 4483,2,2,official_incident_id,2020
19115,incident:2020030901,2020-01-20 00:00:00+00:00,2023-05-11 00:00:00+00:00,Biological,3480; 4483,2,2,official_incident_id,2020
19117,incident:2020030901,2020-01-20 00:00:00+00:00,2023-05-11 00:00:00+00:00,Biological,3480; 4483,2,2,official_incident_id,2020
19119,incident:2020030901,2020-01-20 00:00:00+00:00,2023-05-11 00:00:00+00:00,Biological,3480; 4483,2,2,official_incident_id,2020
19121,incident:2020030901,2020-01-20 00:00:00+00:00,2023-05-11 00:00:00+00:00,Biological,3480; 4483,2,2,official_incident_id,2020
19123,incident:2020030901,2020-01-20 00:00:00+00:00,2023-05-11 00:00:00+00:00,Biological,3480; 4483,2,2,official_incident_id,2020
19125,incident:2020030901,2020-01-20 00:00:00+00:00,2023-05-11 00:00:00+00:00,Biological,3480; 4483,2,2,official_incident_id,2020
19127,incident:2020030901,2020-01-20 00:00:00+00:00,2023-05-11 00:00:00+00:00,Biological,3480; 4483,2,2,official_incident_id,2020
19129,incident:2020030901,2020-01-20 00:00:00+00:00,2023-05-11 00:00:00+00:00,Biological,3480; 4483,2,2,official_incident_id,2020
19131,incident:2020030901,2020-01-20 00:00:00+00:00,2023-05-11 00:00:00+00:00,Biological,3480; 4483,2,2,official_incident_id,2020
19133,incident:2020030901,2020-01-20 00:00:00+00:00,2023-05-11 00:00:00+00:00,Biological,3480; 3483; 3493; 4483; 4521,5,7,official_incident_id,2020
19135,incident:2020030901,2020-01-20 00:00:00+00:00,2023-05-11 00:00:00+00:00,Biological,3480; 4483,2,2,official_incident_id,2020
19137,incident:2020030901,2020-01-20 00:00:00+00:00,2023-05-11 00:00:00+00:00,Biological,3480; 4483,2,2,official_incident_id,2020
19139,incident:2020030901,2020-01-20 00:00:00+00:00,2023-05-11 00:00:00+00:00,Biological,3480; 4483,2,2,official_incident_id,2020
19141,incident:2020030901,2020-01-20 00:00:00+00:00,2023-05-11 00:00:00+00:00,Biological,3480; 4483,2,2,official_incident_id,2020
19143,incident:2020030901,2020-01-20 00:00:00+00:00,2023-05-11 00:00:00+00:00,Biological,3480; 4483,2,2,official_incident_id,2020
19145,incident:2020030901,2020-01-20 00:00:00+00:00,2023-05-11 00:00:00+00:00,Biological,3480; 4483,2,2,official_incident_id,2020
19147,incident:2020030901,2020-01-20 00:00:00+00:00,2023-05-11 00:00:00+00:00,Biological,3480; 4483,2,2,official_incident_id,2020
19149,incident:2020030901,2020-01-20 00:00:00+00:00,2023-05-11 00:00:00+00:00,Biological,3480; 4483,2,2,official_incident_id,2020
19151,incident:2020030901,2020-01-20 00:00:00+00:00,2023-05-11 00:00:00+00:00,Biological,3480; 4483,2,2,official_incident_id,2020
19153,incident:2020030901,2020-01-20 00:00:00+00:00,2023-05-11 00:00:00+00:00,Biological,3480; 4483,2,2,official_incident_id,2020
19155,incident:2020030901,2020-01-20 00:00:00+00:00,2023-05-11 00:00:00+00:00,Biological,3480; 4483,2,2,official_incident_id,2020
19157,incident:2020030901,2020-01-20 00:00:00+00:00,2023-05-11 00:00:00+00:00,Biological,3480; 4483,2,2,official_incident_id,2020
19159,incident:2020030901,2020-01-20 00:00:00+00:00,2023-05-11 00:00:00+00:00,Biological,3480; 4483,2,2,official_incident_id,2020
19161,incident:2020030901,2020-01-20 00:00:00+00:00,2023-05-11 00:00:00+00:00,Biological,3480; 4483,2,2,official_incident_id,2020
19163,incident:2020030901,2020-01-20 00:00:00+00:00,2023-05-11 00:00:00+00:00,Biological,3480; 4483,2,2,official_incident_id,2020
19165,incident:2020030901,2020-01-20 00:00:00+00:00,2023-05-11 00:00:00+00:00,Biological,3480; 4483,2,2,official_incident_id,2020
19167,incident:2020030901,2020-01-20 00:00:00+00:00,2023-05-11 00:00:00+00:00,Biological,3480; 4483,2,2,official_incident_id,2020
19169,incident:2020030901,2020-01-20 00:00:00+00:00,2023-05-11 00:00:00+00:00,Biological,3480; 4483,2,2,official_incident_id,2020
19171,incident:2020030901,2020-01-20 00:00:00+00:00,2023-05-11 00:00:00+00:00,Biological,3480; 4483,2,2,official_incident_id,2020
19173,incident:2020030901,2020-01-20 00:00:00+00:00,2023-05-11 00:00:00+00:00,Biological,3480; 4483,2,2,official_incident_id,2020
19175,incident:2020030901,2020-01-20 00:00:00+00:00,2023-05-11 00:00:00+00:00,Biological,3480; 4483,2,2,official_incident_id,2020
19177,incident:2020030901,2020-01-20 00:00:00+00:00,2023-05-11 00:00:00+00:00,Biological,3480; 4483,2,2,official_incident_id,2020
19179,incident:2020030901,2020-01-20 00:00:00+00:00,2023-05-11 00:00:00+00:00,Biological,3480; 4483,2,2,official_incident_id,2020
19181,incident:2020030901,2020-01-20 00:00:00+00:00,2023-05-11 00:00:00+00:00,Biological,3480; 4483,2,2,official_incident_id,2020
19183,incident:2020030901,2020-01-20 00:00:00+00:00,2023-05-11 00:00:00+00:00,Biological,3480; 4483,2,2,official_incident_id,2020
19185,incident:2020030901,2020-01-20 00:00:00+00:00,2023-05-11 00:00:00+00:00,Biological,3480; 4483,2,2,official_incident_id,2020
19187,incident:2020030901,2020-01-20 00:00:00+00:00,2023-05-11 00:00:00+00:00,Biological,3480; 4483,2,2,official_incident_id,2020
19189,incident:2020030901,2020-01-20 00:00:00+00:00,2023-05-11 00:00:00+00:00,Biological,3480; 4483,2,2,official_incident_id,2020
19191,incident:2020030901,2020-01-20 00:00:00+00:00,2023-05-11 00:00:00+00:00,Biological,3480; 4483,2,2,official_incident_id,2020
19193,incident:2020030901,2020-01-20 00:00:00+00:00,2023-05-11 00:00:00+00:00,Biological,3480; 3483; 3489; 4483; 4521,5,5,official_incident_id,2020
19195,incident:2020030901,2020-01-20 00:00:00+00:00,2023-05-11 00:00:00+00:00,Biological,3480; 4483,2,2,official_incident_id,2020
19197,incident:2020030901,2020-01-20 00:00:00+00:00,2023-05-11 00:00:00+00:00,Biological,3480; 4483,2,2,official_incident_id,2020
20001,incident:2019052002,2019-04-28 00:00:00+00:00,2019-07-12 00:00:00+00:00,Severe Storm,3412; 4449,2,2,official_incident_id,2019
20001,incident:2020030901,2020-01-20 00:00:00+00:00,2023-05-11 00:00:00+00:00,Biological,3481; 4504,2,2,official_incident_id,2020
20003,incident:2019052002,2019-04-28 00:00:00+00:00,2019-07-12 00:00:00+00:00,Severe Storm,3412; 4449,2,2,official_incident_id,2019
20003,incident:2020030901,2020-01-20 00:00:00+00:00,2023-05-11 00:00:00+00:00,Biological,3481; 4504,2,2,official_incident_id,2020
20005,incident:2020030901,2020-01-20 00:00:00+00:00,2023-05-11 00:00:00+00:00,Biological,3481; 4504,2,2,official_incident_id,2020
20007,incident:2020030901,2020-01-20 00:00:00+00:00,2023-05-11 00:00:00+00:00,Biological,3481; 4504,2,2,official_incident_id,2020
20009,incident:2020030901,2020-01-20 00:00:00+00:00,2023-05-11 00:00:00+00:00,Biological,3481; 4504,2,2,official_incident_id,2020
20011,incident:2020030901,2020-01-20 00:00:00+00:00,2023-05-11 00:00:00+00:00,Biological,3481; 4504,2,2,official_incident_id,2020
20013,incident:2020030901,2020-01-20 00:00:00+00:00,2023-05-11 00:00:00+00:00,Biological,3481; 4504,2,2,official_incident_id,2020
20015,incident:2019052002,2019-04-28 00:00:00+00:00,2019-07-12 00:00:00+00:00,Severe Storm,3412; 4449,2,2,official_incident_id,2019
20015,incident:2020030901,2020-01-20 00:00:00+00:00,2023-05-11 00:00:00+00:00,Biological,3481; 4504,2,2,official_incident_id,2020
20017,incident:2020030901,2020-01-20 00:00:00+00:00,2023-05-11 00:00:00+00:00,Biological,3481; 4504,2,2,official_incident_id,2020
20019,incident:2019052002,2019-04-28 00:00:00+00:00,2019-07-12 00:00:00+00:00,Severe Storm,3412; 4449,2,2,official_incident_id,2019
20019,incident:2020030901,2020-01-20 00:00:00+00:00,2023-05-11 00:00:00+00:00,Biological,3481; 4504,2,2,official_incident_id,2020
20021,incident:2019052002,2019-04-28 00:00:00+00:00,2019-07-12 00:00:00+00:00,Severe Storm,3412; 4449,2,2,official_incident_id,2019
20021,incident:2020030901,2020-01-20 00:00:00+00:00,2023-05-11 00:00:00+00:00,Biological,3481; 4504,2,2,official_incident_id,2020
20023,incident:2020030901,2020-01-20 00:00:00+00:00,2023-05-11 00:00:00+00:00,Biological,3481; 4504,2,2,official_incident_id,2020
20025,incident:2020030901,2020-01-20 00:00:00+00:00,2023-05-11 00:00:00+00:00,Biological,3481; 4504,2,2,official_incident_id,2020
20027,incident:2020030901,2020-01-20 00:00:00+00:00,2023-05-11 00:00:00+00:00,Biological,3481; 4504,2,2,official_incident_id,2020
20029,incident:2020030901,2020-01-20 00:00:00+00:00,2023-05-11 00:00:00+00:00,Biological,3481; 4504,2,2,official_incident_id,2020
20031,incident:2019052002,2019-04-28 00:00:00+00:00,2019-07-12 00:00:00+00:00,Severe Storm,3412; 4449,2,2,official_incident_id,2019
20031,incident:2020030901,2020-01-20 00:00:00+00:00,2023-05-11 00:00:00+00:00,Biological,3481; 4504,2,2,official_incident_id,2020
20033,incident:2020030901,2020-01-20 00:00:00+00:00,2023-05-11 00:00:00+00:00,Biological,3481; 4504,2,2,official_incident_id,2020
20035,incident:2019052002,2019-04-28 00:00:00+00:00,2019-07-12 00:00:00+00:00,Severe Storm,3412; 4449,2,2,official_incident_id,2019
20035,incident:2020030901,2020-01-20 00:00:00+00:00,2023-05-11 00:00:00+00:00,Biological,3481; 4504,2,2,official_incident_id,2020
20037,incident:2019052002,2019-04-28 00:00:00+00:00,2019-07-12 00:00:00+00:00,Severe Storm,3412; 4449,2,2,official_incident_id,2019
20037,incident:2020030901,2020-01-20 00:00:00+00:00,2023-05-11 00:00:00+00:00,Biological,3481; 4504,2,2,official_incident_id,2020
20039,incident:2020030901,2020-01-20 00:00:00+00:00,2023-05-11 00:00:00+00:00,Biological,3481; 4504,2,2,official_incident_id,2020
20041,incident:2019052002,2019-04-28 00:00:00+00:00,2019-07-12 00:00:00+00:00,Severe Storm,3412; 4449,2,2,official_incident_id,2019
20041,incident:2020030901,2020-01-20 00:00:00+00:00,2023-05-11 00:00:00+00:00,Biological,3481; 4504,2,2,official_incident_id,2020
20043,incident:2019052002,2019-04-28 00:00:00+00:00,2019-07-12 00:00:00+00:00,Severe Storm,3412; 4449,2,2,official_incident_id,2019
20043,incident:2020030901,2020-01-20 00:00:00+00:00,2023-05-11 00:00:00+00:00,Biological,3481; 4504,2,2,official_incident_id,2020
20045,incident:2019052002,2019-04-28 00:00:00+00:00,2019-07-12 00:00:00+00:00,Severe Storm,3412; 4449,2,2,official_incident_id,2019
20045,incident:2020030901,2020-01-20 00:00:00+00:00,2023-05-11 00:00:00+00:00,Biological,3481; 4504,2,2,official_incident_id,2020
20047,incident:2020030901,2020-01-20 00:00:00+00:00,2023-05-11 00:00:00+00:00,Biological,3481; 4504,2,2,official_incident_id,2020
20049,incident:2019052002,2019-04-28 00:00:00+00:00,2019-07-12 00:00:00+00:00,Severe Storm,3412; 4449,2,2,official_incident_id,2019
20049,incident:2020030901,2020-01-20 00:00:00+00:00,2023-05-11 00:00:00+00:00,Biological,3481; 4504,2,2,official_incident_id,2020
20051,incident:2020030901,2020-01-20 00:00:00+00:00,2023-05-11 00:00:00+00:00,Biological,3481; 4504,2,2,official_incident_id,2020
20053,incident:2020030901,2020-01-20 00:00:00+00:00,2023-05-11 00:00:00+00:00,Biological,3481; 4504,2,2,official_incident_id,2020
20055,incident:2020030901,2020-01-20 00:00:00+00:00,2023-05-11 00:00:00+00:00,Biological,3481; 4504,2,2,official_incident_id,2020
20057,incident:2020030901,2020-01-20 00:00:00+00:00,2023-05-11 00:00:00+00:00,Biological,3481; 4504,2,2,official_incident_id,2020
20059,incident:2019052002,2019-04-28 00:00:00+00:00,2019-07-12 00:00:00+00:00,Severe Storm,3412; 4449,2,2,official_incident_id,2019
20059,incident:2020030901,2020-01-20 00:00:00+00:00,2023-05-11 00:00:00+00:00,Biological,3481; 4504,2,2,official_incident_id,2020
20061,incident:2019052002,2019-04-28 00:00:00+00:00,2019-07-12 00:00:00+00:00,Severe Storm,3412; 4449,2,2,official_incident_id,2019
20061,incident:2020030901,2020-01-20 00:00:00+00:00,2023-05-11 00:00:00+00:00,Biological,3481; 4504,2,2,official_incident_id,2020
20063,incident:2020030901,2020-01-20 00:00:00+00:00,2023-05-11 00:00:00+00:00,Biological,3481; 4504,2,2,official_incident_id,2020
20065,incident:2020030901,2020-01-20 00:00:00+00:00,2023-05-11 00:00:00+00:00,Biological,3481; 4504,2,2,official_incident_id,2020
20067,incident:2020030901,2020-01-20 00:00:00+00:00,2023-05-11 00:00:00+00:00,Biological,3481; 4504,2,2,official_incident_id,2020
20069,incident:2020030901,2020-01-20 00:00:00+00:00,2023-05-11 00:00:00+00:00,Biological,3481; 4504,2,2,official_incident_id,2020
20071,incident:2020030901,2020-01-20 00:00:00+00:00,2023-05-11 00:00:00+00:00,Biological,3481; 4504,2,2,official_incident_id,2020
20073,incident:2019052002,2019-04-28 00:00:00+00:00,2019-07-12 00:00:00+00:00,Severe Storm,3412; 4449,2,2,official_incident_id,2019
20073,incident:2020030901,2020-01-20 00:00:00+00:00,2023-05-11 00:00:00+00:00,Biological,3481; 4504,2,2,official_incident_id,2020
20075,incident:2020030901,2020-01-20 00:00:00+00:00,2023-05-11 00:00:00+00:00,Biological,3481; 4504,2,2,official_incident_id,2020
20077,incident:2020030901,2020-01-20 00:00:00+00:00,2023-05-11 00:00:00+00:00,Biological,3481; 4504,2,2,official_incident_id,2020
20079,incident:2019052002,2019-04-28 00:00:00+00:00,2019-07-12 00:00:00+00:00,Severe Storm,3412; 4449,2,2,official_incident_id,2019
20079,incident:2020030901,2020-01-20 00:00:00+00:00,2023-05-11 00:00:00+00:00,Biological,3481; 4504,2,2,official_incident_id,2020
20081,incident:2020030901,2020-01-20 00:00:00+00:00,2023-05-11 00:00:00+00:00,Biological,3481; 4504,2,2,official_incident_id,2020
20083,incident:2020030901,2020-01-20 00:00:00+00:00,2023-05-11 00:00:00+00:00,Biological,3481; 4504,2,2,official_incident_id,2020
20085,incident:2020030901,2020-01-20 00:00:00+00:00,2023-05-11 00:00:00+00:00,Biological,3481; 4504,2,2,official_incident_id,2020
20087,incident:2019052002,2019-04-28 00:00:00+00:00,2019-07-12 00:00:00+00:00,Severe Storm,3412; 4449,2,2,official_incident_id,2019
20087,incident:2020030901,2020-01-20 00:00:00+00:00,2023-05-11 00:00:00+00:00,Biological,3481; 4504,2,2,official_incident_id,2020
20089,incident:2020030901,2020-01-20 00:00:00+00:00,2023-05-11 00:00:00+00:00,Biological,3481; 4504,2,2,official_incident_id,2020
20091,incident:2020030901,2020-01-20 00:00:00+00:00,2023-05-11 00:00:00+00:00,Biological,3481; 4504,2,2,official_incident_id,2020
20093,incident:2020030901,2020-01-20 00:00:00+00:00,2023-05-11 00:00:00+00:00,Biological,3481; 4504,2,2,official_incident_id,2020
20095,incident:2020030901,2020-01-20 00:00:00+00:00,2023-05-11 00:00:00+00:00,Biological,3481; 4504,2,2,official_incident_id,2020
20097,incident:2020030901,2020-01-20 00:00:00+00:00,2023-05-11 00:00:00+00:00,Biological,3481; 4504,2,16,official_incident_id,2020
20099,incident:2020030901,2020-01-20 00:00:00+00:00,2023-05-11 00:00:00+00:00,Biological,3481; 4504,2,2,official_incident_id,2020
20101,incident:2020030901,2020-01-20 00:00:00+00:00,2023-05-11 00:00:00+00:00,Biological,3481; 4504,2,2,official_incident_id,2020
20103,incident:2019052002,2019-04-28 00:00:00+00:00,2019-07-12 00:00:00+00:00,Severe Storm,3412; 4449,2,2,official_incident_id,2019
20103,incident:2020030901,2020-01-20 00:00:00+00:00,2023-05-11 00:00:00+00:00,Biological,3481; 4504,2,2,official_incident_id,2020
20105,incident:2020030901,2020-01-20 00:00:00+00:00,2023-05-11 00:00:00+00:00,Biological,3481; 4504,2,2,official_incident_id,2020
20107,incident:2019052002,2019-04-28 00:00:00+00:00,2019-07-12 00:00:00+00:00,Severe Storm,3412; 4449,2,2,official_incident_id,2019
20107,incident:2020030901,2020-01-20 00:00:00+00:00,2023-05-11 00:00:00+00:00,Biological,3481; 4504,2,2,official_incident_id,2020
20109,incident:2020030901,2020-01-20 00:00:00+00:00,2023-05-11 00:00:00+00:00,Biological,3481; 4504,2,2,official_incident_id,2020
20111,incident:2019052002,2019-04-28 00:00:00+00:00,2019-07-12 00:00:00+00:00,Severe Storm,3412; 4449,2,2,official_incident_id,2019
20111,incident:2020030901,2020-01-20 00:00:00+00:00,2023-05-11 00:00:00+00:00,Biological,3481; 4504,2,2,official_incident_id,2020
20113,incident:2020030901,2020-01-20 00:00:00+00:00,2023-05-11 00:00:00+00:00,Biological,3481; 4504,2,2,official_incident_id,2020
20115,incident:2020030901,2020-01-20 00:00:00+00:00,2023-05-11 00:00:00+00:00,Biological,3481; 4504,2,2,official_incident_id,2020
20117,incident:2019052002,2019-04-28 00:00:00+00:00,2019-07-12 00:00:00+00:00,Severe Storm,3412; 4449,2,2,official_incident_id,2019
20117,incident:2020030901,2020-01-20 00:00:00+00:00,2023-05-11 00:00:00+00:00,Biological,3481; 4504,2,2,official_incident_id,2020
20119,incident:2020030901,2020-01-20 00:00:00+00:00,2023-05-11 00:00:00+00:00,Biological,3481; 4504,2,2,official_incident_id,2020
20121,incident:2020030901,2020-01-20 00:00:00+00:00,2023-05-11 00:00:00+00:00,Biological,3481; 4504,2,2,official_incident_id,2020
20123,incident:2020030901,2020-01-20 00:00:00+00:00,2023-05-11 00:00:00+00:00,Biological,3481; 4504,2,2,official_incident_id,2020
20125,incident:2019052002,2019-04-28 00:00:00+00:00,2019-07-12 00:00:00+00:00,Severe Storm,3412; 4449,2,2,official_incident_id,2019
20125,incident:2020030901,2020-01-20 00:00:00+00:00,2023-05-11 00:00:00+00:00,Biological,3481; 4504,2,2,official_incident_id,2020
20127,incident:2019052002,2019-04-28 00:00:00+00:00,2019-07-12 00:00:00+00:00,Severe Storm,3412; 4449,2,2,official_incident_id,2019
20127,incident:2020030901,2020-01-20 00:00:00+00:00,2023-05-11 00:00:00+00:00,Biological,3481; 4504,2,2,official_incident_id,2020
20129,incident:2020030901,2020-01-20 00:00:00+00:00,2023-05-11 00:00:00+00:00,Biological,3481; 4504,2,2,official_incident_id,2020
20131,incident:2020030901,2020-01-20 00:00:00+00:00,2023-05-11 00:00:00+00:00,Biological,3481; 4504,2,2,official_incident_id,2020
20133,incident:2019052002,2019-04-28 00:00:00+00:00,2019-07-12 00:00:00+00:00,Severe Storm,3412; 4449,2,2,official_incident_id,2019
20133,incident:2020030901,2020-01-20 00:00:00+00:00,2023-05-11 00:00:00+00:00,Biological,3481; 4504,2,2,official_incident_id,2020
20135,incident:2020030901,2020-01-20 00:00:00+00:00,2023-05-11 00:00:00+00:00,Biological,3481; 4504,2,2,official_incident_id,2020
20137,incident:2020030901,2020-01-20 00:00:00+00:00,2023-05-11 00:00:00+00:00,Biological,3481; 4504,2,2,official_incident_id,2020
20139,incident:2019052002,2019-04-28 00:00:00+00:00,2019-07-12 00:00:00+00:00,Severe Storm,3412; 4449,2,2,official_incident_id,2019
20139,incident:2020030901,2020-01-20 00:00:00+00:00,2023-05-11 00:00:00+00:00,Biological,3481; 4504,2,2,official_incident_id,2020
20141,incident:2020030901,2020-01-20 00:00:00+00:00,2023-05-11 00:00:00+00:00,Biological,3481; 4504,2,2,official_incident_id,2020
20143,incident:2020030901,2020-01-20 00:00:00+00:00,2023-05-11 00:00:00+00:00,Biological,3481; 4504,2,2,official_incident_id,2020
20145,incident:2020030901,2020-01-20 00:00:00+00:00,2023-05-11 00:00:00+00:00,Biological,3481; 4504,2,2,official_incident_id,2020
20147,incident:2020030901,2020-01-20 00:00:00+00:00,2023-05-11 00:00:00+00:00,Biological,3481; 4504,2,2,official_incident_id,2020
20149,incident:2019052002,2019-04-28 00:00:00+00:00,2019-07-12 00:00:00+00:00,Severe Storm,3412; 4449,2,2,official_incident_id,2019
20149,incident:2020030901,2020-01-20 00:00:00+00:00,2023-05-11 00:00:00+00:00,Biological,3481; 4504,2,2,official_incident_id,2020
20151,incident:2020030901,2020-01-20 00:00:00+00:00,2023-05-11 00:00:00+00:00,Biological,3481; 4504,2,2,official_incident_id,2020
20153,incident:2020030901,2020-01-20 00:00:00+00:00,2023-05-11 00:00:00+00:00,Biological,3481; 4504,2,2,official_incident_id,2020
20155,incident:2019052002,2019-04-28 00:00:00+00:00,2019-07-12 00:00:00+00:00,Severe Storm,3412; 4449,2,2,official_incident_id,2019
20155,incident:2020030901,2020-01-20 00:00:00+00:00,2023-05-11 00:00:00+00:00,Biological,3481; 4504,2,2,official_incident_id,2020
20157,incident:2020030901,2020-01-20 00:00:00+00:00,2023-05-11 00:00:00+00:00,Biological,3481; 4504,2,2,official_incident_id,2020
20159,incident:2020030901,2020-01-20 00:00:00+00:00,2023-05-11 00:00:00+00:00,Biological,3481; 4504,2,2,official_incident_id,2020
20161,incident:2019052002,2019-04-28 00:00:00+00:00,2019-07-12 00:00:00+00:00,Severe Storm,3412; 4449,2,2,official_incident_id,2019
20161,incident:2020030901,2020-01-20 00:00:00+00:00,2023-05-11 00:00:00+00:00,Biological,3481; 4504,2,2,official_incident_id,2020
20163,incident:2020030901,2020-01-20 00:00:00+00:00,2023-05-11 00:00:00+00:00,Biological,3481; 4504,2,2,official_incident_id,2020
20165,incident:2020030901,2020-01-20 00:00:00+00:00,2023-05-11 00:00:00+00:00,Biological,3481; 4504,2,2,official_incident_id,2020
20167,incident:2020030901,2020-01-20 00:00:00+00:00,2023-05-11 00:00:00+00:00,Biological,3481; 4504,2,2,official_incident_id,2020
20169,incident:2019052002,2019-04-28 00:00:00+00:00,2019-07-12 00:00:00+00:00,Severe Storm,3412; 4449,2,2,official_incident_id,2019
20169,incident:2020030901,2020-01-20 00:00:00+00:00,2023-05-11 00:00:00+00:00,Biological,3481; 4504,2,2,official_incident_id,2020
20171,incident:2020030901,2020-01-20 00:00:00+00:00,2023-05-11 00:00:00+00:00,Biological,3481; 4504,2,2,official_incident_id,2020
20173,incident:2020030901,2020-01-20 00:00:00+00:00,2023-05-11 00:00:00+00:00,Biological,3481; 4504,2,2,official_incident_id,2020
20175,incident:2020030901,2020-01-20 00:00:00+00:00,2023-05-11 00:00:00+00:00,Biological,3481; 4504,2,2,official_incident_id,2020
20177,incident:2020030901,2020-01-20 00:00:00+00:00,2023-05-11 00:00:00+00:00,Biological,3481; 4504,2,2,official_incident_id,2020
20179,incident:2020030901,2020-01-20 00:00:00+00:00,2023-05-11 00:00:00+00:00,Biological,3481; 4504,2,2,official_incident_id,2020
20181,incident:2020030901,2020-01-20 00:00:00+00:00,2023-05-11 00:00:00+00:00,Biological,3481; 4504,2,2,official_incident_id,2020
20183,incident:2020030901,2020-01-20 00:00:00+00:00,2023-05-11 00:00:00+00:00,Biological,3481; 4504,2,2,official_incident_id,2020
20185,incident:2020030901,2020-01-20 00:00:00+00:00,2023-05-11 00:00:00+00:00,Biological,3481; 4504,2,2,official_incident_id,2020
20187,incident:2020030901,2020-01-20 00:00:00+00:00,2023-05-11 00:00:00+00:00,Biological,3481; 4504,2,2,official_incident_id,2020
20189,incident:2020030901,2020-01-20 00:00:00+00:00,2023-05-11 00:00:00+00:00,Biological,3481; 4504,2,2,official_incident_id,2020
20191,incident:2019052002,2019-04-28 00:00:00+00:00,2019-07-12 00:00:00+00:00,Severe Storm,3412; 4449,2,2,official_incident_id,2019
20191,incident:2020030901,2020-01-20 00:00:00+00:00,2023-05-11 00:00:00+00:00,Biological,3481; 4504,2,2,official_incident_id,2020
20193,incident:2020030901,2020-01-20 00:00:00+00:00,2023-05-11 00:00:00+00:00,Biological,3481; 4504,2,2,official_incident_id,2020
20195,incident:2020030901,2020-01-20 00:00:00+00:00,2023-05-11 00:00:00+00:00,Biological,3481; 4504,2,2,official_incident_id,2020
20197,incident:2019052002,2019-04-28 00:00:00+00:00,2019-07-12 00:00:00+00:00,Severe Storm,3412; 4449,2,2,official_incident_id,2019
20197,incident:2020030901,2020-01-20 00:00:00+00:00,2023-05-11 00:00:00+00:00,Biological,3481; 4504,2,2,official_incident_id,2020
20199,incident:2020030901,2020-01-20 00:00:00+00:00,2023-05-11 00:00:00+00:00,Biological,3481; 4504,2,2,official_incident_id,2020
20201,incident:2020030901,2020-01-20 00:00:00+00:00,2023-05-11 00:00:00+00:00,Biological,3481; 4504,2,2,official_incident_id,2020
20203,incident:2020030901,2020-01-20 00:00:00+00:00,2023-05-11 00:00:00+00:00,Biological,3481; 4504,2,2,official_incident_id,2020
20205,incident:2019052002,2019-04-28 00:00:00+00:00,2019-07-12 00:00:00+00:00,Severe Storm,3412; 4449,2,2,official_incident_id,2019
20205,incident:2020030901,2020-01-20 00:00:00+00:00,2023-05-11 00:00:00+00:00,Biological,3481; 4504,2,2,official_incident_id,2020
20207,incident:2019052002,2019-04-28 00:00:00+00:00,2019-07-12 00:00:00+00:00,Severe Storm,3412; 4449,2,2,official_incident_id,2019
20207,incident:2020030901,2020-01-20 00:00:00+00:00,2023-05-11 00:00:00+00:00,Biological,3481; 4504,2,2,official_incident_id,2020
20209,incident:2020030901,2020-01-20 00:00:00+00:00,2023-05-11 00:00:00+00:00,Biological,3481; 4504,2,2,official_incident_id,2020
21001,incident:2020030901,2020-01-20 00:00:00+00:00,2023-05-11 00:00:00+00:00,Biological,3469; 4497,2,2,official_incident_id,2020
21001,incident:2025021401,2025-02-14 00:00:00+00:00,2025-03-07 00:00:00+00:00,Severe Storm,3624; 4860,2,2,official_incident_id,2025
21001,incident:2026012101,2026-01-23 00:00:00+00:00,2026-01-27 00:00:00+00:00,Winter Storm,3633; 4913,2,2,official_incident_id,2026
21003,incident:2009012701,2009-01-26 00:00:00+00:00,2009-02-13 00:00:00+00:00,Severe Ice Storm,1818; 3302,2,2,official_incident_id,2009
21003,incident:2020030901,2020-01-20 00:00:00+00:00,2023-05-11 00:00:00+00:00,Biological,3469; 4497,2,2,official_incident_id,2020
21003,incident:2025021401,2025-02-14 00:00:00+00:00,2025-03-07 00:00:00+00:00,Severe Storm,3624; 4860,2,2,official_incident_id,2025
21003,incident:2025040102,2025-04-02 00:00:00+00:00,2025-05-16 00:00:00+00:00,Severe Storm,3626; 4864,2,2,official_incident_id,2025
21003,incident:2026012101,2026-01-23 00:00:00+00:00,2026-01-27 00:00:00+00:00,Winter Storm,3633; 4913,2,2,official_incident_id,2026
21005,incident:2009012701,2009-01-26 00:00:00+00:00,2009-02-13 00:00:00+00:00,Severe Ice Storm,1818; 3302,2,2,official_incident_id,2009
21005,incident:2020030901,2020-01-20 00:00:00+00:00,2023-05-11 00:00:00+00:00,Biological,3469; 4497,2,2,official_incident_id,2020
21005,incident:2025040102,2025-04-02 00:00:00+00:00,2025-05-16 00:00:00+00:00,Severe Storm,3626; 4864,2,2,official_incident_id,2025
21007,incident:2009012701,2009-01-26 00:00:00+00:00,2009-02-13 00:00:00+00:00,Severe Ice Storm,1818; 3302,2,2,official_incident_id,2009
21007,incident:2020030901,2020-01-20 00:00:00+00:00,2023-05-11 00:00:00+00:00,Biological,3469; 4497,2,2,official_incident_id,2020
21007,incident:2025021401,2025-02-14 00:00:00+00:00,2025-03-07 00:00:00+00:00,Severe Storm,3624; 4860,2,2,official_incident_id,2025
21007,incident:2025040102,2025-04-02 00:00:00+00:00,2025-05-16 00:00:00+00:00,Severe Storm,3626; 4864,2,2,official_incident_id,2025
21009,incident:2009012701,2009-01-26 00:00:00+00:00,2009-02-13 00:00:00+00:00,Severe Ice Storm,1818; 3302,2,2,official_incident_id,2009
21009,incident:2020030901,2020-01-20 00:00:00+00:00,2023-05-11 00:00:00+00:00,Biological,3469; 4497,2,2,official_incident_id,2020
21009,incident:2025021401,2025-02-14 00:00:00+00:00,2025-03-07 00:00:00+00:00,Severe Storm,3624; 4860,2,2,official_incident_id,2025
21009,incident:2025040102,2025-04-02 00:00:00+00:00,2025-05-16 00:00:00+00:00,Severe Storm,3626; 4864,2,2,official_incident_id,2025
21009,incident:2026012101,2026-01-23 00:00:00+00:00,2026-01-27 00:00:00+00:00,Winter Storm,3633; 4913,2,2,official_incident_id,2026
21011,incident:2009012701,2009-01-26 00:00:00+00:00,2009-02-13 00:00:00+00:00,Severe Ice Storm,1818; 3302,2,2,official_incident_id,2009
21011,incident:2020030901,2020-01-20 00:00:00+00:00,2023-05-11 00:00:00+00:00,Biological,3469; 4497,2,2,official_incident_id,2020
21013,incident:2020030901,2020-01-20 00:00:00+00:00,2023-05-11 00:00:00+00:00,Biological,3469; 4497,2,2,official_incident_id,2020
21013,incident:2025021401,2025-02-14 00:00:00+00:00,2025-03-07 00:00:00+00:00,Severe Storm,3624; 4860,2,2,official_incident_id,2025
21015,incident:2009012701,2009-01-26 00:00:00+00:00,2009-02-13 00:00:00+00:00,Severe Ice Storm,1818; 3302,2,2,official_incident_id,2009
21015,incident:2020030901,2020-01-20 00:00:00+00:00,2023-05-11 00:00:00+00:00,Biological,3469; 4497,2,2,official_incident_id,2020
21017,incident:2009012701,2009-01-26 00:00:00+00:00,2009-02-13 00:00:00+00:00,Severe Ice Storm,1818; 3302,2,2,official_incident_id,2009
21017,incident:2020030901,2020-01-20 00:00:00+00:00,2023-05-11 00:00:00+00:00,Biological,3469; 4497,2,2,official_incident_id,2020
21019,incident:2009012701,2009-01-26 00:00:00+00:00,2009-02-13 00:00:00+00:00,Severe Ice Storm,1818; 3302,2,2,official_incident_id,2009
21019,incident:2020030901,2020-01-20 00:00:00+00:00,2023-05-11 00:00:00+00:00,Biological,3469; 4497,2,2,official_incident_id,2020
21019,incident:2025021401,2025-02-14 00:00:00+00:00,2025-03-07 00:00:00+00:00,Severe Storm,3624; 4860,2,2,official_incident_id,2025
21021,incident:2009012701,2009-01-26 00:00:00+00:00,2009-02-13 00:00:00+00:00,Severe Ice Storm,1818; 3302,2,2,official_incident_id,2009
21021,incident:2020030901,2020-01-20 00:00:00+00:00,2023-05-11 00:00:00+00:00,Biological,3469; 4497,2,2,official_incident_id,2020
21023,incident:2020030901,2020-01-20 00:00:00+00:00,2023-05-11 00:00:00+00:00,Biological,3469; 4497,2,2,official_incident_id,2020
21023,incident:2025040102,2025-04-02 00:00:00+00:00,2025-05-16 00:00:00+00:00,Severe Storm,3626; 4864,2,2,official_incident_id,2025
21025,incident:2009012701,2009-01-26 00:00:00+00:00,2009-02-13 00:00:00+00:00,Severe Ice Storm,1818; 3302,2,2,official_incident_id,2009
21025,incident:2020030901,2020-01-20 00:00:00+00:00,2023-05-11 00:00:00+00:00,Biological,3469; 4497,2,2,official_incident_id,2020
21025,incident:2025021401,2025-02-14 00:00:00+00:00,2025-03-07 00:00:00+00:00,Severe Storm,3624; 4860,2,2,official_incident_id,2025
21025,incident:2025040102,2025-04-02 00:00:00+00:00,2025-05-16 00:00:00+00:00,Severe Storm,3626; 4864,2,2,official_incident_id,2025
21027,incident:2009012701,2009-01-26 00:00:00+00:00,2009-02-13 00:00:00+00:00,Severe Ice Storm,1818; 3302,2,2,official_incident_id,2009
21027,incident:2020030901,2020-01-20 00:00:00+00:00,2023-05-11 00:00:00+00:00,Biological,3469; 4497,2,2,official_incident_id,2020
21027,incident:2021121201,2021-12-10 00:00:00+00:00,2021-12-11 00:00:00+00:00,Tornado,3575; 4630,2,2,official_incident_id,2021
21027,incident:2025021401,2025-02-14 00:00:00+00:00,2025-03-07 00:00:00+00:00,Severe Storm,3624; 4860,2,2,official_incident_id,2025
21027,incident:2025040102,2025-04-02 00:00:00+00:00,2025-05-16 00:00:00+00:00,Severe Storm,3626; 4864,2,2,official_incident_id,2025
21029,incident:2009012701,2009-01-26 00:00:00+00:00,2009-02-13 00:00:00+00:00,Severe Ice Storm,1818; 3302,2,2,official_incident_id,2009
21029,incident:2020030901,2020-01-20 00:00:00+00:00,2023-05-11 00:00:00+00:00,Biological,3469; 4497,2,2,official_incident_id,2020
21029,incident:2021121201,2021-12-10 00:00:00+00:00,2021-12-11 00:00:00+00:00,Tornado,3575; 4630,2,2,official_incident_id,2021
21029,incident:2025021401,2025-02-14 00:00:00+00:00,2025-03-07 00:00:00+00:00,Severe Storm,3624; 4860,2,2,official_incident_id,2025
21029,incident:2025040102,2025-04-02 00:00:00+00:00,2025-05-16 00:00:00+00:00,Severe Storm,3626; 4864,2,2,official_incident_id,2025
21031,incident:2009012701,2009-01-26 00:00:00+00:00,2009-02-13 00:00:00+00:00,Severe Ice Storm,1818; 3302,2,2,official_incident_id,2009
21031,incident:2020030901,2020-01-20 00:00:00+00:00,2023-05-11 00:00:00+00:00,Biological,3469; 4497,2,2,official_incident_id,2020
21031,incident:2025021401,2025-02-14 00:00:00+00:00,2025-03-07 00:00:00+00:00,Severe Storm,3624; 4860,2,2,official_incident_id,2025
21031,incident:2025040102,2025-04-02 00:00:00+00:00,2025-05-16 00:00:00+00:00,Severe Storm,3626; 4864,2,2,official_incident_id,2025
21033,incident:2009012701,2009-01-26 00:00:00+00:00,2009-02-13 00:00:00+00:00,Severe Ice Storm,1818; 3302,2,2,official_incident_id,2009
21033,incident:2020030901,2020-01-20 00:00:00+00:00,2023-05-11 00:00:00+00:00,Biological,3469; 4497,2,2,official_incident_id,2020
21033,incident:2021121201,2021-12-10 00:00:00+00:00,2021-12-11 00:00:00+00:00,Tornado,3575; 4630,2,2,official_incident_id,2021
21033,incident:2025021401,2025-02-14 00:00:00+00:00,2025-03-07 00:00:00+00:00,Severe Storm,3624; 4860,2,2,official_incident_id,2025
21033,incident:2025040102,2025-04-02 00:00:00+00:00,2025-05-16 00:00:00+00:00,Severe Storm,3626; 4864,2,2,official_incident_id,2025
21035,incident:2009012701,2009-01-26 00:00:00+00:00,2009-02-13 00:00:00+00:00,Severe Ice Storm,1818; 3302,2,2,official_incident_id,2009
21035,incident:2020030901,2020-01-20 00:00:00+00:00,2023-05-11 00:00:00+00:00,Biological,3469; 4497,2,2,official_incident_id,2020
21035,incident:2025040102,2025-04-02 00:00:00+00:00,2025-05-16 00:00:00+00:00,Severe Storm,3626; 4864,2,2,official_incident_id,2025
21037,incident:2009012701,2009-01-26 00:00:00+00:00,2009-02-13 00:00:00+00:00,Severe Ice Storm,1818; 3302,2,2,official_incident_id,2009
21037,incident:2020030901,2020-01-20 00:00:00+00:00,2023-05-11 00:00:00+00:00,Biological,3469; 4497,2,2,official_incident_id,2020
21037,incident:2025040102,2025-04-02 00:00:00+00:00,2025-05-16 00:00:00+00:00,Severe Storm,3626; 4864,2,2,official_incident_id,2025
21039,incident:2009012701,2009-01-26 00:00:00+00:00,2009-02-13 00:00:00+00:00,Severe Ice Storm,1818; 3302,2,2,official_incident_id,2009
21039,incident:2020030901,2020-01-20 00:00:00+00:00,2023-05-11 00:00:00+00:00,Biological,3469; 4497,2,2,official_incident_id,2020
21039,incident:2025021401,2025-02-14 00:00:00+00:00,2025-03-07 00:00:00+00:00,Severe Storm,3624; 4860,2,2,official_incident_id,2025
21039,incident:2025040102,2025-04-02 00:00:00+00:00,2025-05-16 00:00:00+00:00,Severe Storm,3626; 4864,2,2,official_incident_id,2025
21041,incident:2009012701,2009-01-26 00:00:00+00:00,2009-02-13 00:00:00+00:00,Severe Ice Storm,1818; 3302,2,2,official_incident_id,2009
21041,incident:2020030901,2020-01-20 00:00:00+00:00,2023-05-11 00:00:00+00:00,Biological,3469; 4497,2,2,official_incident_id,2020
21041,incident:2025040102,2025-04-02 00:00:00+00:00,2025-05-16 00:00:00+00:00,Severe Storm,3626; 4864,2,2,official_incident_id,2025
21043,incident:2009012701,2009-01-26 00:00:00+00:00,2009-02-13 00:00:00+00:00,Severe Ice Storm,1818; 3302,2,2,official_incident_id,2009
21043,incident:2020030901,2020-01-20 00:00:00+00:00,2023-05-11 00:00:00+00:00,Biological,3469; 4497,2,2,official_incident_id,2020
21043,incident:2025040102,2025-04-02 00:00:00+00:00,2025-05-16 00:00:00+00:00,Severe Storm,3626; 4864,2,2,official_incident_id,2025
21045,incident:2009012701,2009-01-26 00:00:00+00:00,2009-02-13 00:00:00+00:00,Severe Ice Storm,1818; 3302,2,2,official_incident_id,2009
21045,incident:2020030901,2020-01-20 00:00:00+00:00,2023-05-11 00:00:00+00:00,Biological,3469; 4497,2,2,official_incident_id,2020
21045,incident:2025040102,2025-04-02 00:00:00+00:00,2025-05-16 00:00:00+00:00,Severe Storm,3626; 4864,2,2,official_incident_id,2025
21045,incident:2026012101,2026-01-23 00:00:00+00:00,2026-01-27 00:00:00+00:00,Winter Storm,3633; 4913,2,2,official_incident_id,2026
21047,incident:2009012701,2009-01-26 00:00:00+00:00,2009-02-13 00:00:00+00:00,Severe Ice Storm,1818; 3302,2,2,official_incident_id,2009
21047,incident:2020030901,2020-01-20 00:00:00+00:00,2023-05-11 00:00:00+00:00,Biological,3469; 4497,2,2,official_incident_id,2020
21047,incident:2025040102,2025-04-02 00:00:00+00:00,2025-05-16 00:00:00+00:00,Severe Storm,3626; 4864,2,2,official_incident_id,2025
21049,incident:2009012701,2009-01-26 00:00:00+00:00,2009-02-13 00:00:00+00:00,Severe Ice Storm,1818; 3302,2,2,official_incident_id,2009
21049,incident:2020030901,2020-01-20 00:00:00+00:00,2023-05-11 00:00:00+00:00,Biological,3469; 4497,2,2,official_incident_id,2020
21049,incident:2025040102,2025-04-02 00:00:00+00:00,2025-05-16 00:00:00+00:00,Severe Storm,3626; 4864,2,2,official_incident_id,2025
21051,incident:2009012701,2009-01-26 00:00:00+00:00,2009-02-13 00:00:00+00:00,Severe Ice Storm,1818; 3302,2,2,official_incident_id,2009
21051,incident:2020030901,2020-01-20 00:00:00+00:00,2023-05-11 00:00:00+00:00,Biological,3469; 4497,2,2,official_incident_id,2020
21051,incident:2025021401,2025-02-14 00:00:00+00:00,2025-03-07 00:00:00+00:00,Severe Storm,3624; 4860,2,2,official_incident_id,2025
21051,incident:2025040102,2025-04-02 00:00:00+00:00,2025-05-16 00:00:00+00:00,Severe Storm,3626; 4864,2,2,official_incident_id,2025
21051,incident:2026012101,2026-01-23 00:00:00+00:00,2026-01-27 00:00:00+00:00,Winter Storm,3633; 4913,2,2,official_incident_id,2026
21053,incident:2020030901,2020-01-20 00:00:00+00:00,2023-05-11 00:00:00+00:00,Biological,3469; 4497,2,2,official_incident_id,2020
21053,incident:2026012101,2026-01-23 00:00:00+00:00,2026-01-27 00:00:00+00:00,Winter Storm,3633; 4913,2,2,official_incident_id,2026
21055,incident:2009012701,2009-01-26 00:00:00+00:00,2009-02-13 00:00:00+00:00,Severe Ice Storm,1818; 3302,2,2,official_incident_id,2009
21055,incident:2020030901,2020-01-20 00:00:00+00:00,2023-05-11 00:00:00+00:00,Biological,3469; 4497,2,2,official_incident_id,2020
21055,incident:2025021401,2025-02-14 00:00:00+00:00,2025-03-07 00:00:00+00:00,Severe Storm,3624; 4860,2,2,official_incident_id,2025
21055,incident:2025040102,2025-04-02 00:00:00+00:00,2025-05-16 00:00:00+00:00,Severe Storm,3626; 4864,2,2,official_incident_id,2025
21057,incident:2020030901,2020-01-20 00:00:00+00:00,2023-05-11 00:00:00+00:00,Biological,3469; 4497,2,2,official_incident_id,2020
21057,incident:2025021401,2025-02-14 00:00:00+00:00,2025-03-07 00:00:00+00:00,Severe Storm,3624; 4860,2,2,official_incident_id,2025
21057,incident:2026012101,2026-01-23 00:00:00+00:00,2026-01-27 00:00:00+00:00,Winter Storm,3633; 4913,2,2,official_incident_id,2026
21059,incident:2009012701,2009-01-26 00:00:00+00:00,2009-02-13 00:00:00+00:00,Severe Ice Storm,1818; 3302,2,2,official_incident_id,2009
21059,incident:2020030901,2020-01-20 00:00:00+00:00,2023-05-11 00:00:00+00:00,Biological,3469; 4497,2,2,official_incident_id,2020
21059,incident:2025040102,2025-04-02 00:00:00+00:00,2025-05-16 00:00:00+00:00,Severe Storm,3626; 4864,2,2,official_incident_id,2025
21061,incident:2009012701,2009-01-26 00:00:00+00:00,2009-02-13 00:00:00+00:00,Severe Ice Storm,1818; 3302,2,2,official_incident_id,2009
21061,incident:2020030901,2020-01-20 00:00:00+00:00,2023-05-11 00:00:00+00:00,Biological,3469; 4497,2,2,official_incident_id,2020
21061,incident:2025021401,2025-02-14 00:00:00+00:00,2025-03-07 00:00:00+00:00,Severe Storm,3624; 4860,2,2,official_incident_id,2025
21061,incident:2025040102,2025-04-02 00:00:00+00:00,2025-05-16 00:00:00+00:00,Severe Storm,3626; 4864,2,2,official_incident_id,2025
21063,incident:2009012701,2009-01-26 00:00:00+00:00,2009-02-13 00:00:00+00:00,Severe Ice Storm,1818; 3302,2,2,official_incident_id,2009
21063,incident:2020030901,2020-01-20 00:00:00+00:00,2023-05-11 00:00:00+00:00,Biological,3469; 4497,2,2,official_incident_id,2020
21063,incident:2025021401,2025-02-14 00:00:00+00:00,2025-03-07 00:00:00+00:00,Severe Storm,3624; 4860,2,2,official_incident_id,2025
21063,incident:2025040102,2025-04-02 00:00:00+00:00,2025-05-16 00:00:00+00:00,Severe Storm,3626; 4864,2,2,official_incident_id,2025
21065,incident:2009012701,2009-01-26 00:00:00+00:00,2009-02-13 00:00:00+00:00,Severe Ice Storm,1818; 3302,2,2,official_incident_id,2009
21065,incident:2020030901,2020-01-20 00:00:00+00:00,2023-05-11 00:00:00+00:00,Biological,3469; 4497,2,2,official_incident_id,2020
21065,incident:2025021401,2025-02-14 00:00:00+00:00,2025-03-07 00:00:00+00:00,Severe Storm,3624; 4860,2,2,official_incident_id,2025
21065,incident:2025040102,2025-04-02 00:00:00+00:00,2025-05-16 00:00:00+00:00,Severe Storm,3626; 4864,2,2,official_incident_id,2025
21067,incident:2009012701,2009-01-26 00:00:00+00:00,2009-02-13 00:00:00+00:00,Severe Ice Storm,1818; 3302,2,2,official_incident_id,2009
21067,incident:2020030901,2020-01-20 00:00:00+00:00,2023-05-11 00:00:00+00:00,Biological,3469; 4497,2,2,official_incident_id,2020
21069,incident:2009012701,2009-01-26 00:00:00+00:00,2009-02-13 00:00:00+00:00,Severe Ice Storm,1818; 3302,2,2,official_incident_id,2009
21069,incident:2020030901,2020-01-20 00:00:00+00:00,2023-05-11 00:00:00+00:00,Biological,3469; 4497,2,2,official_incident_id,2020
21071,incident:2009012701,2009-01-26 00:00:00+00:00,2009-02-13 00:00:00+00:00,Severe Ice Storm,1818; 3302,2,2,official_incident_id,2009
21071,incident:2020030901,2020-01-20 00:00:00+00:00,2023-05-11 00:00:00+00:00,Biological,3469; 4497,2,2,official_incident_id,2020
21071,incident:2025021401,2025-02-14 00:00:00+00:00,2025-03-07 00:00:00+00:00,Severe Storm,3624; 4860,2,2,official_incident_id,2025
21071,incident:2025040102,2025-04-02 00:00:00+00:00,2025-05-16 00:00:00+00:00,Severe Storm,3626; 4864,2,2,official_incident_id,2025
21073,incident:2009012701,2009-01-26 00:00:00+00:00,2009-02-13 00:00:00+00:00,Severe Ice Storm,1818; 3302,2,2,official_incident_id,2009
21073,incident:2020030901,2020-01-20 00:00:00+00:00,2023-05-11 00:00:00+00:00,Biological,3469; 4497,2,2,official_incident_id,2020
21073,incident:2025021401,2025-02-14 00:00:00+00:00,2025-03-07 00:00:00+00:00,Severe Storm,3624; 4860,2,2,official_incident_id,2025
21073,incident:2025040102,2025-04-02 00:00:00+00:00,2025-05-16 00:00:00+00:00,Severe Storm,3626; 4864,2,2,official_incident_id,2025
21075,incident:2009012701,2009-01-26 00:00:00+00:00,2009-02-13 00:00:00+00:00,Severe Ice Storm,1818; 3302,2,2,official_incident_id,2009
21075,incident:2020030901,2020-01-20 00:00:00+00:00,2023-05-11 00:00:00+00:00,Biological,3469; 4497,2,2,official_incident_id,2020
21075,incident:2021121201,2021-12-10 00:00:00+00:00,2021-12-11 00:00:00+00:00,Tornado,3575; 4630,2,2,official_incident_id,2021
21075,incident:2025040102,2025-04-02 00:00:00+00:00,2025-05-16 00:00:00+00:00,Severe Storm,3626; 4864,2,2,official_incident_id,2025
21077,incident:2009012701,2009-01-26 00:00:00+00:00,2009-02-13 00:00:00+00:00,Severe Ice Storm,1818; 3302,2,2,official_incident_id,2009
21077,incident:2020030901,2020-01-20 00:00:00+00:00,2023-05-11 00:00:00+00:00,Biological,3469; 4497,2,2,official_incident_id,2020
21077,incident:2025040102,2025-04-02 00:00:00+00:00,2025-05-16 00:00:00+00:00,Severe Storm,3626; 4864,2,2,official_incident_id,2025
21079,incident:2009012701,2009-01-26 00:00:00+00:00,2009-02-13 00:00:00+00:00,Severe Ice Storm,1818; 3302,2,2,official_incident_id,2009
21079,incident:2020030901,2020-01-20 00:00:00+00:00,2023-05-11 00:00:00+00:00,Biological,3469; 4497,2,2,official_incident_id,2020
21079,incident:2025040102,2025-04-02 00:00:00+00:00,2025-05-16 00:00:00+00:00,Severe Storm,3626; 4864,2,2,official_incident_id,2025
21081,incident:2009012701,2009-01-26 00:00:00+00:00,2009-02-13 00:00:00+00:00,Severe Ice Storm,1818; 3302,2,2,official_incident_id,2009
21081,incident:2020030901,2020-01-20 00:00:00+00:00,2023-05-11 00:00:00+00:00,Biological,3469; 4497,2,2,official_incident_id,2020
21083,incident:2009012701,2009-01-26 00:00:00+00:00,2009-02-13 00:00:00+00:00,Severe Ice Storm,1818; 3302,2,2,official_incident_id,2009
21083,incident:2020030901,2020-01-20 00:00:00+00:00,2023-05-11 00:00:00+00:00,Biological,3469; 4497,2,2,official_incident_id,2020
21083,incident:2021121201,2021-12-10 00:00:00+00:00,2021-12-11 00:00:00+00:00,Tornado,3575; 4630,2,2,official_incident_id,2021
21083,incident:2025040102,2025-04-02 00:00:00+00:00,2025-05-16 00:00:00+00:00,Severe Storm,3626; 4864,2,2,official_incident_id,2025
21085,incident:2009012701,2009-01-26 00:00:00+00:00,2009-02-13 00:00:00+00:00,Severe Ice Storm,1818; 3302,2,2,official_incident_id,2009
21085,incident:2020030901,2020-01-20 00:00:00+00:00,2023-05-11 00:00:00+00:00,Biological,3469; 4497,2,2,official_incident_id,2020
21085,incident:2021121201,2021-12-10 00:00:00+00:00,2021-12-11 00:00:00+00:00,Tornado,3575; 4630,2,2,official_incident_id,2021
21085,incident:2025040102,2025-04-02 00:00:00+00:00,2025-05-16 00:00:00+00:00,Severe Storm,3626; 4864,2,2,official_incident_id,2025
21087,incident:2009012701,2009-01-26 00:00:00+00:00,2009-02-13 00:00:00+00:00,Severe Ice Storm,1818; 3302,2,2,official_incident_id,2009
21087,incident:2020030901,2020-01-20 00:00:00+00:00,2023-05-11 00:00:00+00:00,Biological,3469; 4497,2,2,official_incident_id,2020
21087,incident:2025021401,2025-02-14 00:00:00+00:00,2025-03-07 00:00:00+00:00,Severe Storm,3624; 4860,2,2,official_incident_id,2025
21087,incident:2025040102,2025-04-02 00:00:00+00:00,2025-05-16 00:00:00+00:00,Severe Storm,3626; 4864,2,2,official_incident_id,2025
21089,incident:2009012701,2009-01-26 00:00:00+00:00,2009-02-13 00:00:00+00:00,Severe Ice Storm,1818; 3302,2,2,official_incident_id,2009
21089,incident:2020030901,2020-01-20 00:00:00+00:00,2023-05-11 00:00:00+00:00,Biological,3469; 4497,2,2,official_incident_id,2020
21089,incident:2025021401,2025-02-14 00:00:00+00:00,2025-03-07 00:00:00+00:00,Severe Storm,3624; 4860,2,2,official_incident_id,2025
21089,incident:2025040102,2025-04-02 00:00:00+00:00,2025-05-16 00:00:00+00:00,Severe Storm,3626; 4864,2,2,official_incident_id,2025
21091,incident:2009012701,2009-01-26 00:00:00+00:00,2009-02-13 00:00:00+00:00,Severe Ice Storm,1818; 3302,2,2,official_incident_id,2009
21091,incident:2020030901,2020-01-20 00:00:00+00:00,2023-05-11 00:00:00+00:00,Biological,3469; 4497,2,2,official_incident_id,2020
21091,incident:2025021401,2025-02-14 00:00:00+00:00,2025-03-07 00:00:00+00:00,Severe Storm,3624; 4860,2,2,official_incident_id,2025
21091,incident:2025040102,2025-04-02 00:00:00+00:00,2025-05-16 00:00:00+00:00,Severe Storm,3626; 4864,2,2,official_incident_id,2025
21093,incident:2009012701,2009-01-26 00:00:00+00:00,2009-02-13 00:00:00+00:00,Severe Ice Storm,1818; 3302,2,2,official_incident_id,2009
21093,incident:2020030901,2020-01-20 00:00:00+00:00,2023-05-11 00:00:00+00:00,Biological,3469; 4497,2,2,official_incident_id,2020
21093,incident:2025040102,2025-04-02 00:00:00+00:00,2025-05-16 00:00:00+00:00,Severe Storm,3626; 4864,2,2,official_incident_id,2025
21095,incident:2020030901,2020-01-20 00:00:00+00:00,2023-05-11 00:00:00+00:00,Biological,3469; 4497,2,2,official_incident_id,2020
21095,incident:2025021401,2025-02-14 00:00:00+00:00,2025-03-07 00:00:00+00:00,Severe Storm,3624; 4860,2,2,official_incident_id,2025
21097,incident:2009012701,2009-01-26 00:00:00+00:00,2009-02-13 00:00:00+00:00,Severe Ice Storm,1818; 3302,2,2,official_incident_id,2009
21097,incident:2020030901,2020-01-20 00:00:00+00:00,2023-05-11 00:00:00+00:00,Biological,3469; 4497,2,2,official_incident_id,2020
21097,incident:2025040102,2025-04-02 00:00:00+00:00,2025-05-16 00:00:00+00:00,Severe Storm,3626; 4864,2,2,official_incident_id,2025
21099,incident:2009012701,2009-01-26 00:00:00+00:00,2009-02-13 00:00:00+00:00,Severe Ice Storm,1818; 3302,2,2,official_incident_id,2009
21099,incident:2020030901,2020-01-20 00:00:00+00:00,2023-05-11 00:00:00+00:00,Biological,3469; 4497,2,2,official_incident_id,2020
21099,incident:2025021401,2025-02-14 00:00:00+00:00,2025-03-07 00:00:00+00:00,Severe Storm,3624; 4860,2,2,official_incident_id,2025
21099,incident:2025040102,2025-04-02 00:00:00+00:00,2025-05-16 00:00:00+00:00,Severe Storm,3626; 4864,2,2,official_incident_id,2025
21101,incident:2009012701,2009-01-26 00:00:00+00:00,2009-02-13 00:00:00+00:00,Severe Ice Storm,1818; 3302,2,2,official_incident_id,2009
21101,incident:2020030901,2020-01-20 00:00:00+00:00,2023-05-11 00:00:00+00:00,Biological,3469; 4497,2,2,official_incident_id,2020
21101,incident:2025021401,2025-02-14 00:00:00+00:00,2025-03-07 00:00:00+00:00,Severe Storm,3624; 4860,2,2,official_incident_id,2025
21101,incident:2025040102,2025-04-02 00:00:00+00:00,2025-05-16 00:00:00+00:00,Severe Storm,3626; 4864,2,2,official_incident_id,2025
21103,incident:2009012701,2009-01-26 00:00:00+00:00,2009-02-13 00:00:00+00:00,Severe Ice Storm,1818; 3302,2,2,official_incident_id,2009
21103,incident:2020030901,2020-01-20 00:00:00+00:00,2023-05-11 00:00:00+00:00,Biological,3469; 4497,2,2,official_incident_id,2020
21103,incident:2025021401,2025-02-14 00:00:00+00:00,2025-03-07 00:00:00+00:00,Severe Storm,3624; 4860,2,2,official_incident_id,2025
21103,incident:2025040102,2025-04-02 00:00:00+00:00,2025-05-16 00:00:00+00:00,Severe Storm,3626; 4864,2,2,official_incident_id,2025
21105,incident:2009012701,2009-01-26 00:00:00+00:00,2009-02-13 00:00:00+00:00,Severe Ice Storm,1818; 3302,2,2,official_incident_id,2009
21105,incident:2020030901,2020-01-20 00:00:00+00:00,2023-05-11 00:00:00+00:00,Biological,3469; 4497,2,2,official_incident_id,2020
21105,incident:2021121201,2021-12-10 00:00:00+00:00,2021-12-11 00:00:00+00:00,Tornado,3575; 4630,2,2,official_incident_id,2021
21105,incident:2025021401,2025-02-14 00:00:00+00:00,2025-03-07 00:00:00+00:00,Severe Storm,3624; 4860,2,2,official_incident_id,2025
21105,incident:2025040102,2025-04-02 00:00:00+00:00,2025-05-16 00:00:00+00:00,Severe Storm,3626; 4864,2,2,official_incident_id,2025
21107,incident:2009012701,2009-01-26 00:00:00+00:00,2009-02-13 00:00:00+00:00,Severe Ice Storm,1818; 3302,2,2,official_incident_id,2009
21107,incident:2020030901,2020-01-20 00:00:00+00:00,2023-05-11 00:00:00+00:00,Biological,3469; 4497,2,2,official_incident_id,2020
21107,incident:2021121201,2021-12-10 00:00:00+00:00,2021-12-11 00:00:00+00:00,Tornado,3575; 4630,2,2,official_incident_id,2021
21107,incident:2025021401,2025-02-14 00:00:00+00:00,2025-03-07 00:00:00+00:00,Severe Storm,3624; 4860,2,2,official_incident_id,2025
21107,incident:2025040102,2025-04-02 00:00:00+00:00,2025-05-16 00:00:00+00:00,Severe Storm,3626; 4864,2,2,official_incident_id,2025
21109,incident:2009012701,2009-01-26 00:00:00+00:00,2009-02-13 00:00:00+00:00,Severe Ice Storm,1818; 3302,2,2,official_incident_id,2009
21109,incident:2020030901,2020-01-20 00:00:00+00:00,2023-05-11 00:00:00+00:00,Biological,3469; 4497,2,2,official_incident_id,2020
21109,incident:2025021401,2025-02-14 00:00:00+00:00,2025-03-07 00:00:00+00:00,Severe Storm,3624; 4860,2,2,official_incident_id,2025
21109,incident:2025040102,2025-04-02 00:00:00+00:00,2025-05-16 00:00:00+00:00,Severe Storm,3626; 4864,2,2,official_incident_id,2025
21109,incident:2026012101,2026-01-23 00:00:00+00:00,2026-01-27 00:00:00+00:00,Winter Storm,3633; 4913,2,2,official_incident_id,2026
21111,incident:2009012701,2009-01-26 00:00:00+00:00,2009-02-13 00:00:00+00:00,Severe Ice Storm,1818; 3302,2,2,official_incident_id,2009
21111,incident:2020030901,2020-01-20 00:00:00+00:00,2023-05-11 00:00:00+00:00,Biological,3469; 4497,2,2,official_incident_id,2020
21111,incident:2025021401,2025-02-14 00:00:00+00:00,2025-03-07 00:00:00+00:00,Severe Storm,3624; 4860,2,2,official_incident_id,2025
21111,incident:2025040102,2025-04-02 00:00:00+00:00,2025-05-16 00:00:00+00:00,Severe Storm,3626; 4864,2,2,official_incident_id,2025
21113,incident:2009012701,2009-01-26 00:00:00+00:00,2009-02-13 00:00:00+00:00,Severe Ice Storm,1818; 3302,2,2,official_incident_id,2009
21113,incident:2020030901,2020-01-20 00:00:00+00:00,2023-05-11 00:00:00+00:00,Biological,3469; 4497,2,2,official_incident_id,2020
21113,incident:2025040102,2025-04-02 00:00:00+00:00,2025-05-16 00:00:00+00:00,Severe Storm,3626; 4864,2,2,official_incident_id,2025
21115,incident:2009012701,2009-01-26 00:00:00+00:00,2009-02-13 00:00:00+00:00,Severe Ice Storm,1818; 3302,2,2,official_incident_id,2009
21115,incident:2020030901,2020-01-20 00:00:00+00:00,2023-05-11 00:00:00+00:00,Biological,3469; 4497,2,2,official_incident_id,2020
21115,incident:2025021401,2025-02-14 00:00:00+00:00,2025-03-07 00:00:00+00:00,Severe Storm,3624; 4860,2,2,official_incident_id,2025
21115,incident:2025040102,2025-04-02 00:00:00+00:00,2025-05-16 00:00:00+00:00,Severe Storm,3626; 4864,2,2,official_incident_id,2025
21117,incident:2009012701,2009-01-26 00:00:00+00:00,2009-02-13 00:00:00+00:00,Severe Ice Storm,1818; 3302,2,2,official_incident_id,2009
21117,incident:2020030901,2020-01-20 00:00:00+00:00,2023-05-11 00:00:00+00:00,Biological,3469; 4497,2,2,official_incident_id,2020
21117,incident:2025040102,2025-04-02 00:00:00+00:00,2025-05-16 00:00:00+00:00,Severe Storm,3626; 4864,2,2,official_incident_id,2025
21119,incident:2020030901,2020-01-20 00:00:00+00:00,2023-05-11 00:00:00+00:00,Biological,3469; 4497,2,2,official_incident_id,2020
21119,incident:2025021401,2025-02-14 00:00:00+00:00,2025-03-07 00:00:00+00:00,Severe Storm,3624; 4860,2,2,official_incident_id,2025
21121,incident:2020030901,2020-01-20 00:00:00+00:00,2023-05-11 00:00:00+00:00,Biological,3469; 4497,2,2,official_incident_id,2020
21121,incident:2025021401,2025-02-14 00:00:00+00:00,2025-03-07 00:00:00+00:00,Severe Storm,3624; 4860,2,2,official_incident_id,2025
21123,incident:2009012701,2009-01-26 00:00:00+00:00,2009-02-13 00:00:00+00:00,Severe Ice Storm,1818; 3302,2,2,official_incident_id,2009
21123,incident:2020030901,2020-01-20 00:00:00+00:00,2023-05-11 00:00:00+00:00,Biological,3469; 4497,2,2,official_incident_id,2020
21123,incident:2025040102,2025-04-02 00:00:00+00:00,2025-05-16 00:00:00+00:00,Severe Storm,3626; 4864,2,2,official_incident_id,2025
21125,incident:2020030901,2020-01-20 00:00:00+00:00,2023-05-11 00:00:00+00:00,Biological,3469; 4497,2,2,official_incident_id,2020
21125,incident:2025021401,2025-02-14 00:00:00+00:00,2025-03-07 00:00:00+00:00,Severe Storm,3624; 4860,2,2,official_incident_id,2025
21125,incident:2026012101,2026-01-23 00:00:00+00:00,2026-01-27 00:00:00+00:00,Winter Storm,3633; 4913,2,2,official_incident_id,2026
21127,incident:2009012701,2009-01-26 00:00:00+00:00,2009-02-13 00:00:00+00:00,Severe Ice Storm,1818; 3302,2,2,official_incident_id,2009
21127,incident:2020030901,2020-01-20 00:00:00+00:00,2023-05-11 00:00:00+00:00,Biological,3469; 4497,2,2,official_incident_id,2020
21127,incident:2025021401,2025-02-14 00:00:00+00:00,2025-03-07 00:00:00+00:00,Severe Storm,3624; 4860,2,2,official_incident_id,2025
21127,incident:2025040102,2025-04-02 00:00:00+00:00,2025-05-16 00:00:00+00:00,Severe Storm,3626; 4864,2,2,official_incident_id,2025
21129,incident:2009012701,2009-01-26 00:00:00+00:00,2009-02-13 00:00:00+00:00,Severe Ice Storm,1818; 3302,2,2,official_incident_id,2009
21129,incident:2020030901,2020-01-20 00:00:00+00:00,2023-05-11 00:00:00+00:00,Biological,3469; 4497,2,2,official_incident_id,2020
21129,incident:2025021401,2025-02-14 00:00:00+00:00,2025-03-07 00:00:00+00:00,Severe Storm,3624; 4860,2,2,official_incident_id,2025
21129,incident:2025040102,2025-04-02 00:00:00+00:00,2025-05-16 00:00:00+00:00,Severe Storm,3626; 4864,2,2,official_incident_id,2025
21129,incident:2026012101,2026-01-23 00:00:00+00:00,2026-01-27 00:00:00+00:00,Winter Storm,3633; 4913,2,2,official_incident_id,2026
21131,incident:2020030901,2020-01-20 00:00:00+00:00,2023-05-11 00:00:00+00:00,Biological,3469; 4497,2,2,official_incident_id,2020
21131,incident:2025021401,2025-02-14 00:00:00+00:00,2025-03-07 00:00:00+00:00,Severe Storm,3624; 4860,2,2,official_incident_id,2025
21131,incident:2025040102,2025-04-02 00:00:00+00:00,2025-05-16 00:00:00+00:00,Severe Storm,3626; 4864,2,2,official_incident_id,2025
21133,incident:2020030901,2020-01-20 00:00:00+00:00,2023-05-11 00:00:00+00:00,Biological,3469; 4497,2,2,official_incident_id,2020
21133,incident:2025021401,2025-02-14 00:00:00+00:00,2025-03-07 00:00:00+00:00,Severe Storm,3624; 4860,2,2,official_incident_id,2025
21135,incident:2009012701,2009-01-26 00:00:00+00:00,2009-02-13 00:00:00+00:00,Severe Ice Storm,1818; 3302,2,2,official_incident_id,2009
21135,incident:2020030901,2020-01-20 00:00:00+00:00,2023-05-11 00:00:00+00:00,Biological,3469; 4497,2,2,official_incident_id,2020
21135,incident:2025021401,2025-02-14 00:00:00+00:00,2025-03-07 00:00:00+00:00,Severe Storm,3624; 4860,2,2,official_incident_id,2025
21135,incident:2025040102,2025-04-02 00:00:00+00:00,2025-05-16 00:00:00+00:00,Severe Storm,3626; 4864,2,2,official_incident_id,2025
21137,incident:2009012701,2009-01-26 00:00:00+00:00,2009-02-13 00:00:00+00:00,Severe Ice Storm,1818; 3302,2,2,official_incident_id,2009
21137,incident:2020030901,2020-01-20 00:00:00+00:00,2023-05-11 00:00:00+00:00,Biological,3469; 4497,2,2,official_incident_id,2020
21137,incident:2025040102,2025-04-02 00:00:00+00:00,2025-05-16 00:00:00+00:00,Severe Storm,3626; 4864,2,2,official_incident_id,2025
21139,incident:2009012701,2009-01-26 00:00:00+00:00,2009-02-13 00:00:00+00:00,Severe Ice Storm,1818; 3302,2,2,official_incident_id,2009
21139,incident:2020030901,2020-01-20 00:00:00+00:00,2023-05-11 00:00:00+00:00,Biological,3469; 4497,2,2,official_incident_id,2020
21139,incident:2025021401,2025-02-14 00:00:00+00:00,2025-03-07 00:00:00+00:00,Severe Storm,3624; 4860,2,2,official_incident_id,2025
21139,incident:2025040102,2025-04-02 00:00:00+00:00,2025-05-16 00:00:00+00:00,Severe Storm,3626; 4864,2,2,official_incident_id,2025
21141,incident:2009012701,2009-01-26 00:00:00+00:00,2009-02-13 00:00:00+00:00,Severe Ice Storm,1818; 3302,2,2,official_incident_id,2009
21141,incident:2020030901,2020-01-20 00:00:00+00:00,2023-05-11 00:00:00+00:00,Biological,3469; 4497,2,2,official_incident_id,2020
21141,incident:2025040102,2025-04-02 00:00:00+00:00,2025-05-16 00:00:00+00:00,Severe Storm,3626; 4864,2,2,official_incident_id,2025
21143,incident:2009012701,2009-01-26 00:00:00+00:00,2009-02-13 00:00:00+00:00,Severe Ice Storm,1818; 3302,2,2,official_incident_id,2009
21143,incident:2020030901,2020-01-20 00:00:00+00:00,2023-05-11 00:00:00+00:00,Biological,3469; 4497,2,2,official_incident_id,2020
21143,incident:2021121201,2021-12-10 00:00:00+00:00,2021-12-11 00:00:00+00:00,Tornado,3575; 4630,2,2,official_incident_id,2021
21143,incident:2025040102,2025-04-02 00:00:00+00:00,2025-05-16 00:00:00+00:00,Severe Storm,3626; 4864,2,2,official_incident_id,2025
21145,incident:2009012701,2009-01-26 00:00:00+00:00,2009-02-13 00:00:00+00:00,Severe Ice Storm,1818; 3302,2,2,official_incident_id,2009
21145,incident:2020030901,2020-01-20 00:00:00+00:00,2023-05-11 00:00:00+00:00,Biological,3469; 4497,2,2,official_incident_id,2020
21145,incident:2025040102,2025-04-02 00:00:00+00:00,2025-05-16 00:00:00+00:00,Severe Storm,3626; 4864,2,2,official_incident_id,2025
21147,incident:2020030901,2020-01-20 00:00:00+00:00,2023-05-11 00:00:00+00:00,Biological,3469; 4497,2,2,official_incident_id,2020
21147,incident:2025021401,2025-02-14 00:00:00+00:00,2025-03-07 00:00:00+00:00,Severe Storm,3624; 4860,2,2,official_incident_id,2025
21147,incident:2026012101,2026-01-23 00:00:00+00:00,2026-01-27 00:00:00+00:00,Winter Storm,3633; 4913,2,2,official_incident_id,2026
21149,incident:2009012701,2009-01-26 00:00:00+00:00,2009-02-13 00:00:00+00:00,Severe Ice Storm,1818; 3302,2,2,official_incident_id,2009
21149,incident:2020030901,2020-01-20 00:00:00+00:00,2023-05-11 00:00:00+00:00,Biological,3469; 4497,2,2,official_incident_id,2020
21149,incident:2025021401,2025-02-14 00:00:00+00:00,2025-03-07 00:00:00+00:00,Severe Storm,3624; 4860,2,2,official_incident_id,2025
21149,incident:2025040102,2025-04-02 00:00:00+00:00,2025-05-16 00:00:00+00:00,Severe Storm,3626; 4864,2,2,official_incident_id,2025
21151,incident:2009012701,2009-01-26 00:00:00+00:00,2009-02-13 00:00:00+00:00,Severe Ice Storm,1818; 3302,2,2,official_incident_id,2009
21151,incident:2020030901,2020-01-20 00:00:00+00:00,2023-05-11 00:00:00+00:00,Biological,3469; 4497,2,2,official_incident_id,2020
21151,incident:2025040102,2025-04-02 00:00:00+00:00,2025-05-16 00:00:00+00:00,Severe Storm,3626; 4864,2,2,official_incident_id,2025
21153,incident:2009012701,2009-01-26 00:00:00+00:00,2009-02-13 00:00:00+00:00,Severe Ice Storm,1818; 3302,2,2,official_incident_id,2009
21153,incident:2020030901,2020-01-20 00:00:00+00:00,2023-05-11 00:00:00+00:00,Biological,3469; 4497,2,2,official_incident_id,2020
21153,incident:2025021401,2025-02-14 00:00:00+00:00,2025-03-07 00:00:00+00:00,Severe Storm,3624; 4860,2,2,official_incident_id,2025
21153,incident:2025040102,2025-04-02 00:00:00+00:00,2025-05-16 00:00:00+00:00,Severe Storm,3626; 4864,2,2,official_incident_id,2025
21155,incident:2009012701,2009-01-26 00:00:00+00:00,2009-02-13 00:00:00+00:00,Severe Ice Storm,1818; 3302,2,2,official_incident_id,2009
21155,incident:2020030901,2020-01-20 00:00:00+00:00,2023-05-11 00:00:00+00:00,Biological,3469; 4497,2,2,official_incident_id,2020
21155,incident:2025040102,2025-04-02 00:00:00+00:00,2025-05-16 00:00:00+00:00,Severe Storm,3626; 4864,2,2,official_incident_id,2025
21157,incident:2009012701,2009-01-26 00:00:00+00:00,2009-02-13 00:00:00+00:00,Severe Ice Storm,1818; 3302,2,2,official_incident_id,2009
21157,incident:2020030901,2020-01-20 00:00:00+00:00,2023-05-11 00:00:00+00:00,Biological,3469; 4497,2,2,official_incident_id,2020
21157,incident:2021121201,2021-12-10 00:00:00+00:00,2021-12-11 00:00:00+00:00,Tornado,3575; 4630,2,2,official_incident_id,2021
21157,incident:2025021401,2025-02-14 00:00:00+00:00,2025-03-07 00:00:00+00:00,Severe Storm,3624; 4860,2,2,official_incident_id,2025
21157,incident:2025040102,2025-04-02 00:00:00+00:00,2025-05-16 00:00:00+00:00,Severe Storm,3626; 4864,2,2,official_incident_id,2025
21159,incident:2009012701,2009-01-26 00:00:00+00:00,2009-02-13 00:00:00+00:00,Severe Ice Storm,1818; 3302,2,2,official_incident_id,2009
21159,incident:2020030901,2020-01-20 00:00:00+00:00,2023-05-11 00:00:00+00:00,Biological,3469; 4497,2,2,official_incident_id,2020
21159,incident:2025021401,2025-02-14 00:00:00+00:00,2025-03-07 00:00:00+00:00,Severe Storm,3624; 4860,2,2,official_incident_id,2025
21159,incident:2025040102,2025-04-02 00:00:00+00:00,2025-05-16 00:00:00+00:00,Severe Storm,3626; 4864,2,2,official_incident_id,2025
21161,incident:2009012701,2009-01-26 00:00:00+00:00,2009-02-13 00:00:00+00:00,Severe Ice Storm,1818; 3302,2,2,official_incident_id,2009
21161,incident:2020030901,2020-01-20 00:00:00+00:00,2023-05-11 00:00:00+00:00,Biological,3469; 4497,2,2,official_incident_id,2020
21163,incident:2009012701,2009-01-26 00:00:00+00:00,2009-02-13 00:00:00+00:00,Severe Ice Storm,1818; 3302,2,2,official_incident_id,2009
21163,incident:2020030901,2020-01-20 00:00:00+00:00,2023-05-11 00:00:00+00:00,Biological,3469; 4497,2,2,official_incident_id,2020
21163,incident:2021121201,2021-12-10 00:00:00+00:00,2021-12-11 00:00:00+00:00,Tornado,3575; 4630,2,2,official_incident_id,2021
21163,incident:2025040102,2025-04-02 00:00:00+00:00,2025-05-16 00:00:00+00:00,Severe Storm,3626; 4864,2,2,official_incident_id,2025
21165,incident:2009012701,2009-01-26 00:00:00+00:00,2009-02-13 00:00:00+00:00,Severe Ice Storm,1818; 3302,2,2,official_incident_id,2009
21165,incident:2020030901,2020-01-20 00:00:00+00:00,2023-05-11 00:00:00+00:00,Biological,3469; 4497,2,2,official_incident_id,2020
21165,incident:2025021401,2025-02-14 00:00:00+00:00,2025-03-07 00:00:00+00:00,Severe Storm,3624; 4860,2,2,official_incident_id,2025
21165,incident:2026012101,2026-01-23 00:00:00+00:00,2026-01-27 00:00:00+00:00,Winter Storm,3633; 4913,2,2,official_incident_id,2026
21167,incident:2009012701,2009-01-26 00:00:00+00:00,2009-02-13 00:00:00+00:00,Severe Ice Storm,1818; 3302,2,2,official_incident_id,2009
21167,incident:2020030901,2020-01-20 00:00:00+00:00,2023-05-11 00:00:00+00:00,Biological,3469; 4497,2,2,official_incident_id,2020
21167,incident:2025040102,2025-04-02 00:00:00+00:00,2025-05-16 00:00:00+00:00,Severe Storm,3626; 4864,2,2,official_incident_id,2025
21169,incident:2009012701,2009-01-26 00:00:00+00:00,2009-02-13 00:00:00+00:00,Severe Ice Storm,1818; 3302,2,2,official_incident_id,2009
21169,incident:2020030901,2020-01-20 00:00:00+00:00,2023-05-11 00:00:00+00:00,Biological,3469; 4497,2,2,official_incident_id,2020
21169,incident:2025021401,2025-02-14 00:00:00+00:00,2025-03-07 00:00:00+00:00,Severe Storm,3624; 4860,2,2,official_incident_id,2025
21169,incident:2025040102,2025-04-02 00:00:00+00:00,2025-05-16 00:00:00+00:00,Severe Storm,3626; 4864,2,2,official_incident_id,2025
21169,incident:2026012101,2026-01-23 00:00:00+00:00,2026-01-27 00:00:00+00:00,Winter Storm,3633; 4913,2,2,official_incident_id,2026
21171,incident:2020030901,2020-01-20 00:00:00+00:00,2023-05-11 00:00:00+00:00,Biological,3469; 4497,2,2,official_incident_id,2020
21171,incident:2025021401,2025-02-14 00:00:00+00:00,2025-03-07 00:00:00+00:00,Severe Storm,3624; 4860,2,2,official_incident_id,2025
21171,incident:2025040102,2025-04-02 00:00:00+00:00,2025-05-16 00:00:00+00:00,Severe Storm,3626; 4864,2,2,official_incident_id,2025
21171,incident:2026012101,2026-01-23 00:00:00+00:00,2026-01-27 00:00:00+00:00,Winter Storm,3633; 4913,2,2,official_incident_id,2026
21173,incident:2009012701,2009-01-26 00:00:00+00:00,2009-02-13 00:00:00+00:00,Severe Ice Storm,1818; 3302,2,2,official_incident_id,2009
21173,incident:2020030901,2020-01-20 00:00:00+00:00,2023-05-11 00:00:00+00:00,Biological,3469; 4497,2,2,official_incident_id,2020
21175,incident:2009012701,2009-01-26 00:00:00+00:00,2009-02-13 00:00:00+00:00,Severe Ice Storm,1818; 3302,2,2,official_incident_id,2009
21175,incident:2020030901,2020-01-20 00:00:00+00:00,2023-05-11 00:00:00+00:00,Biological,3469; 4497,2,2,official_incident_id,2020
21175,incident:2025021401,2025-02-14 00:00:00+00:00,2025-03-07 00:00:00+00:00,Severe Storm,3624; 4860,2,2,official_incident_id,2025
21175,incident:2025040102,2025-04-02 00:00:00+00:00,2025-05-16 00:00:00+00:00,Severe Storm,3626; 4864,2,2,official_incident_id,2025
21177,incident:2009012701,2009-01-26 00:00:00+00:00,2009-02-13 00:00:00+00:00,Severe Ice Storm,1818; 3302,2,2,official_incident_id,2009
21177,incident:2020030901,2020-01-20 00:00:00+00:00,2023-05-11 00:00:00+00:00,Biological,3469; 4497,2,2,official_incident_id,2020
21177,incident:2021121201,2021-12-10 00:00:00+00:00,2021-12-11 00:00:00+00:00,Tornado,3575; 4630,2,2,official_incident_id,2021
21177,incident:2025021401,2025-02-14 00:00:00+00:00,2025-03-07 00:00:00+00:00,Severe Storm,3624; 4860,2,2,official_incident_id,2025
21177,incident:2025040102,2025-04-02 00:00:00+00:00,2025-05-16 00:00:00+00:00,Severe Storm,3626; 4864,2,2,official_incident_id,2025
21179,incident:2009012701,2009-01-26 00:00:00+00:00,2009-02-13 00:00:00+00:00,Severe Ice Storm,1818; 3302,2,2,official_incident_id,2009
21179,incident:2020030901,2020-01-20 00:00:00+00:00,2023-05-11 00:00:00+00:00,Biological,3469; 4497,2,2,official_incident_id,2020
21179,incident:2025040102,2025-04-02 00:00:00+00:00,2025-05-16 00:00:00+00:00,Severe Storm,3626; 4864,2,2,official_incident_id,2025
21181,incident:2009012701,2009-01-26 00:00:00+00:00,2009-02-13 00:00:00+00:00,Severe Ice Storm,1818; 3302,2,2,official_incident_id,2009
21181,incident:2020030901,2020-01-20 00:00:00+00:00,2023-05-11 00:00:00+00:00,Biological,3469; 4497,2,2,official_incident_id,2020
21181,incident:2025021401,2025-02-14 00:00:00+00:00,2025-03-07 00:00:00+00:00,Severe Storm,3624; 4860,2,2,official_incident_id,2025
21181,incident:2025040102,2025-04-02 00:00:00+00:00,2025-05-16 00:00:00+00:00,Severe Storm,3626; 4864,2,2,official_incident_id,2025
21183,incident:2009012701,2009-01-26 00:00:00+00:00,2009-02-13 00:00:00+00:00,Severe Ice Storm,1818; 3302,2,2,official_incident_id,2009
21183,incident:2020030901,2020-01-20 00:00:00+00:00,2023-05-11 00:00:00+00:00,Biological,3469; 4497,2,2,official_incident_id,2020
21183,incident:2021121201,2021-12-10 00:00:00+00:00,2021-12-11 00:00:00+00:00,Tornado,3575; 4630,2,2,official_incident_id,2021
21183,incident:2025021401,2025-02-14 00:00:00+00:00,2025-03-07 00:00:00+00:00,Severe Storm,3624; 4860,2,2,official_incident_id,2025
21183,incident:2025040102,2025-04-02 00:00:00+00:00,2025-05-16 00:00:00+00:00,Severe Storm,3626; 4864,2,2,official_incident_id,2025
21185,incident:2009012701,2009-01-26 00:00:00+00:00,2009-02-13 00:00:00+00:00,Severe Ice Storm,1818; 3302,2,2,official_incident_id,2009
21185,incident:2020030901,2020-01-20 00:00:00+00:00,2023-05-11 00:00:00+00:00,Biological,3469; 4497,2,2,official_incident_id,2020
21185,incident:2025040102,2025-04-02 00:00:00+00:00,2025-05-16 00:00:00+00:00,Severe Storm,3626; 4864,2,2,official_incident_id,2025
21187,incident:2009012701,2009-01-26 00:00:00+00:00,2009-02-13 00:00:00+00:00,Severe Ice Storm,1818; 3302,2,2,official_incident_id,2009
21187,incident:2020030901,2020-01-20 00:00:00+00:00,2023-05-11 00:00:00+00:00,Biological,3469; 4497,2,2,official_incident_id,2020
21187,incident:2025040102,2025-04-02 00:00:00+00:00,2025-05-16 00:00:00+00:00,Severe Storm,3626; 4864,2,2,official_incident_id,2025
21189,incident:2009012701,2009-01-26 00:00:00+00:00,2009-02-13 00:00:00+00:00,Severe Ice Storm,1818; 3302,2,2,official_incident_id,2009
21189,incident:2020030901,2020-01-20 00:00:00+00:00,2023-05-11 00:00:00+00:00,Biological,3469; 4497,2,2,official_incident_id,2020
21189,incident:2025021401,2025-02-14 00:00:00+00:00,2025-03-07 00:00:00+00:00,Severe Storm,3624; 4860,2,2,official_incident_id,2025
21189,incident:2025040102,2025-04-02 00:00:00+00:00,2025-05-16 00:00:00+00:00,Severe Storm,3626; 4864,2,2,official_incident_id,2025
21189,incident:2026012101,2026-01-23 00:00:00+00:00,2026-01-27 00:00:00+00:00,Winter Storm,3633; 4913,2,2,official_incident_id,2026
21191,incident:2009012701,2009-01-26 00:00:00+00:00,2009-02-13 00:00:00+00:00,Severe Ice Storm,1818; 3302,2,2,official_incident_id,2009
21191,incident:2020030901,2020-01-20 00:00:00+00:00,2023-05-11 00:00:00+00:00,Biological,3469; 4497,2,2,official_incident_id,2020
21191,incident:2025040102,2025-04-02 00:00:00+00:00,2025-05-16 00:00:00+00:00,Severe Storm,3626; 4864,2,2,official_incident_id,2025
21193,incident:2009012701,2009-01-26 00:00:00+00:00,2009-02-13 00:00:00+00:00,Severe Ice Storm,1818; 3302,2,2,official_incident_id,2009
21193,incident:2020030901,2020-01-20 00:00:00+00:00,2023-05-11 00:00:00+00:00,Biological,3469; 4497,2,2,official_incident_id,2020
21193,incident:2025021401,2025-02-14 00:00:00+00:00,2025-03-07 00:00:00+00:00,Severe Storm,3624; 4860,2,2,official_incident_id,2025
21193,incident:2025040102,2025-04-02 00:00:00+00:00,2025-05-16 00:00:00+00:00,Severe Storm,3626; 4864,2,2,official_incident_id,2025
21193,incident:2026012101,2026-01-23 00:00:00+00:00,2026-01-27 00:00:00+00:00,Winter Storm,3633; 4913,2,2,official_incident_id,2026
21195,incident:2020030901,2020-01-20 00:00:00+00:00,2023-05-11 00:00:00+00:00,Biological,3469; 4497,2,2,official_incident_id,2020
21195,incident:2025021401,2025-02-14 00:00:00+00:00,2025-03-07 00:00:00+00:00,Severe Storm,3624; 4860,2,2,official_incident_id,2025
21197,incident:2009012701,2009-01-26 00:00:00+00:00,2009-02-13 00:00:00+00:00,Severe Ice Storm,1818; 3302,2,2,official_incident_id,2009
21197,incident:2020030901,2020-01-20 00:00:00+00:00,2023-05-11 00:00:00+00:00,Biological,3469; 4497,2,2,official_incident_id,2020
21197,incident:2025021401,2025-02-14 00:00:00+00:00,2025-03-07 00:00:00+00:00,Severe Storm,3624; 4860,2,2,official_incident_id,2025
21197,incident:2025040102,2025-04-02 00:00:00+00:00,2025-05-16 00:00:00+00:00,Severe Storm,3626; 4864,2,2,official_incident_id,2025
21199,incident:2020030901,2020-01-20 00:00:00+00:00,2023-05-11 00:00:00+00:00,Biological,3469; 4497,2,2,official_incident_id,2020
21199,incident:2025021401,2025-02-14 00:00:00+00:00,2025-03-07 00:00:00+00:00,Severe Storm,3624; 4860,2,2,official_incident_id,2025
21199,incident:2026012101,2026-01-23 00:00:00+00:00,2026-01-27 00:00:00+00:00,Winter Storm,3633; 4913,2,2,official_incident_id,2026
21201,incident:2009012701,2009-01-26 00:00:00+00:00,2009-02-13 00:00:00+00:00,Severe Ice Storm,1818; 3302,2,2,official_incident_id,2009
21201,incident:2020030901,2020-01-20 00:00:00+00:00,2023-05-11 00:00:00+00:00,Biological,3469; 4497,2,2,official_incident_id,2020
21201,incident:2025021401,2025-02-14 00:00:00+00:00,2025-03-07 00:00:00+00:00,Severe Storm,3624; 4860,2,2,official_incident_id,2025
21201,incident:2025040102,2025-04-02 00:00:00+00:00,2025-05-16 00:00:00+00:00,Severe Storm,3626; 4864,2,2,official_incident_id,2025
21203,incident:2020030901,2020-01-20 00:00:00+00:00,2023-05-11 00:00:00+00:00,Biological,3469; 4497,2,2,official_incident_id,2020
21203,incident:2025021401,2025-02-14 00:00:00+00:00,2025-03-07 00:00:00+00:00,Severe Storm,3624; 4860,2,2,official_incident_id,2025
21203,incident:2025040102,2025-04-02 00:00:00+00:00,2025-05-16 00:00:00+00:00,Severe Storm,3626; 4864,2,2,official_incident_id,2025
21203,incident:2026012101,2026-01-23 00:00:00+00:00,2026-01-27 00:00:00+00:00,Winter Storm,3633; 4913,2,2,official_incident_id,2026
21205,incident:2009012701,2009-01-26 00:00:00+00:00,2009-02-13 00:00:00+00:00,Severe Ice Storm,1818; 3302,2,2,official_incident_id,2009
21205,incident:2020030901,2020-01-20 00:00:00+00:00,2023-05-11 00:00:00+00:00,Biological,3469; 4497,2,2,official_incident_id,2020
21207,incident:2020030901,2020-01-20 00:00:00+00:00,2023-05-11 00:00:00+00:00,Biological,3469; 4497,2,2,official_incident_id,2020
21207,incident:2025021401,2025-02-14 00:00:00+00:00,2025-03-07 00:00:00+00:00,Severe Storm,3624; 4860,2,2,official_incident_id,2025
21207,incident:2026012101,2026-01-23 00:00:00+00:00,2026-01-27 00:00:00+00:00,Winter Storm,3633; 4913,2,2,official_incident_id,2026
21209,incident:2009012701,2009-01-26 00:00:00+00:00,2009-02-13 00:00:00+00:00,Severe Ice Storm,1818; 3302,2,2,official_incident_id,2009
21209,incident:2020030901,2020-01-20 00:00:00+00:00,2023-05-11 00:00:00+00:00,Biological,3469; 4497,2,2,official_incident_id,2020
21211,incident:2009012701,2009-01-26 00:00:00+00:00,2009-02-13 00:00:00+00:00,Severe Ice Storm,1818; 3302,2,2,official_incident_id,2009
21211,incident:2020030901,2020-01-20 00:00:00+00:00,2023-05-11 00:00:00+00:00,Biological,3469; 4497,2,2,official_incident_id,2020
21211,incident:2021121201,2021-12-10 00:00:00+00:00,2021-12-11 00:00:00+00:00,Tornado,3575; 4630,2,2,official_incident_id,2021
21213,incident:2020030901,2020-01-20 00:00:00+00:00,2023-05-11 00:00:00+00:00,Biological,3469; 4497,2,2,official_incident_id,2020
21213,incident:2025021401,2025-02-14 00:00:00+00:00,2025-03-07 00:00:00+00:00,Severe Storm,3624; 4860,2,2,official_incident_id,2025
21213,incident:2025040102,2025-04-02 00:00:00+00:00,2025-05-16 00:00:00+00:00,Severe Storm,3626; 4864,2,2,official_incident_id,2025
21215,incident:2009012701,2009-01-26 00:00:00+00:00,2009-02-13 00:00:00+00:00,Severe Ice Storm,1818; 3302,2,2,official_incident_id,2009
21215,incident:2020030901,2020-01-20 00:00:00+00:00,2023-05-11 00:00:00+00:00,Biological,3469; 4497,2,2,official_incident_id,2020
21215,incident:2021121201,2021-12-10 00:00:00+00:00,2021-12-11 00:00:00+00:00,Tornado,3575; 4630,2,2,official_incident_id,2021
21215,incident:2025021401,2025-02-14 00:00:00+00:00,2025-03-07 00:00:00+00:00,Severe Storm,3624; 4860,2,2,official_incident_id,2025
21215,incident:2025040102,2025-04-02 00:00:00+00:00,2025-05-16 00:00:00+00:00,Severe Storm,3626; 4864,2,2,official_incident_id,2025
21217,incident:2009012701,2009-01-26 00:00:00+00:00,2009-02-13 00:00:00+00:00,Severe Ice Storm,1818; 3302,2,2,official_incident_id,2009
21217,incident:2020030901,2020-01-20 00:00:00+00:00,2023-05-11 00:00:00+00:00,Biological,3469; 4497,2,2,official_incident_id,2020
21217,incident:2025040102,2025-04-02 00:00:00+00:00,2025-05-16 00:00:00+00:00,Severe Storm,3626; 4864,2,2,official_incident_id,2025
21219,incident:2009012701,2009-01-26 00:00:00+00:00,2009-02-13 00:00:00+00:00,Severe Ice Storm,1818; 3302,2,2,official_incident_id,2009
21219,incident:2020030901,2020-01-20 00:00:00+00:00,2023-05-11 00:00:00+00:00,Biological,3469; 4497,2,2,official_incident_id,2020
21219,incident:2025040102,2025-04-02 00:00:00+00:00,2025-05-16 00:00:00+00:00,Severe Storm,3626; 4864,2,2,official_incident_id,2025
21221,incident:2009012701,2009-01-26 00:00:00+00:00,2009-02-13 00:00:00+00:00,Severe Ice Storm,1818; 3302,2,2,official_incident_id,2009
21221,incident:2020030901,2020-01-20 00:00:00+00:00,2023-05-11 00:00:00+00:00,Biological,3469; 4497,2,2,official_incident_id,2020
21221,incident:2025021401,2025-02-14 00:00:00+00:00,2025-03-07 00:00:00+00:00,Severe Storm,3624; 4860,2,2,official_incident_id,2025
21221,incident:2025040102,2025-04-02 00:00:00+00:00,2025-05-16 00:00:00+00:00,Severe Storm,3626; 4864,2,2,official_incident_id,2025
21223,incident:2009012701,2009-01-26 00:00:00+00:00,2009-02-13 00:00:00+00:00,Severe Ice Storm,1818; 3302,2,2,official_incident_id,2009
21223,incident:2020030901,2020-01-20 00:00:00+00:00,2023-05-11 00:00:00+00:00,Biological,3469; 4497,2,2,official_incident_id,2020
21223,incident:2025040102,2025-04-02 00:00:00+00:00,2025-05-16 00:00:00+00:00,Severe Storm,3626; 4864,2,2,official_incident_id,2025
21225,incident:2009012701,2009-01-26 00:00:00+00:00,2009-02-13 00:00:00+00:00,Severe Ice Storm,1818; 3302,2,2,official_incident_id,2009
21225,incident:2020030901,2020-01-20 00:00:00+00:00,2023-05-11 00:00:00+00:00,Biological,3469; 4497,2,2,official_incident_id,2020
21225,incident:2025021401,2025-02-14 00:00:00+00:00,2025-03-07 00:00:00+00:00,Severe Storm,3624; 4860,2,2,official_incident_id,2025
21225,incident:2025040102,2025-04-02 00:00:00+00:00,2025-05-16 00:00:00+00:00,Severe Storm,3626; 4864,2,2,official_incident_id,2025
21227,incident:2009012701,2009-01-26 00:00:00+00:00,2009-02-13 00:00:00+00:00,Severe Ice Storm,1818; 3302,2,2,official_incident_id,2009
21227,incident:2020030901,2020-01-20 00:00:00+00:00,2023-05-11 00:00:00+00:00,Biological,3469; 4497,2,2,official_incident_id,2020
21227,incident:2021121201,2021-12-10 00:00:00+00:00,2021-12-11 00:00:00+00:00,Tornado,3575; 4630,2,2,official_incident_id,2021
21227,incident:2025040102,2025-04-02 00:00:00+00:00,2025-05-16 00:00:00+00:00,Severe Storm,3626; 4864,2,2,official_incident_id,2025
21229,incident:2009012701,2009-01-26 00:00:00+00:00,2009-02-13 00:00:00+00:00,Severe Ice Storm,1818; 3302,2,2,official_incident_id,2009
21229,incident:2020030901,2020-01-20 00:00:00+00:00,2023-05-11 00:00:00+00:00,Biological,3469; 4497,2,2,official_incident_id,2020
21229,incident:2025040102,2025-04-02 00:00:00+00:00,2025-05-16 00:00:00+00:00,Severe Storm,3626; 4864,2,2,official_incident_id,2025
21231,incident:2020030901,2020-01-20 00:00:00+00:00,2023-05-11 00:00:00+00:00,Biological,3469; 4497,2,2,official_incident_id,2020
21231,incident:2025021401,2025-02-14 00:00:00+00:00,2025-03-07 00:00:00+00:00,Severe Storm,3624; 4860,2,2,official_incident_id,2025
21231,incident:2026012101,2026-01-23 00:00:00+00:00,2026-01-27 00:00:00+00:00,Winter Storm,3633; 4913,2,2,official_incident_id,2026
21233,incident:2009012701,2009-01-26 00:00:00+00:00,2009-02-13 00:00:00+00:00,Severe Ice Storm,1818; 3302,2,2,official_incident_id,2009
21233,incident:2020030901,2020-01-20 00:00:00+00:00,2023-05-11 00:00:00+00:00,Biological,3469; 4497,2,2,official_incident_id,2020
21233,incident:2025040102,2025-04-02 00:00:00+00:00,2025-05-16 00:00:00+00:00,Severe Storm,3626; 4864,2,2,official_incident_id,2025
21235,incident:2020030901,2020-01-20 00:00:00+00:00,2023-05-11 00:00:00+00:00,Biological,3469; 4497,2,2,official_incident_id,2020
21235,incident:2025021401,2025-02-14 00:00:00+00:00,2025-03-07 00:00:00+00:00,Severe Storm,3624; 4860,2,2,official_incident_id,2025
21235,incident:2026012101,2026-01-23 00:00:00+00:00,2026-01-27 00:00:00+00:00,Winter Storm,3633; 4913,2,2,official_incident_id,2026
21237,incident:2009012701,2009-01-26 00:00:00+00:00,2009-02-13 00:00:00+00:00,Severe Ice Storm,1818; 3302,2,2,official_incident_id,2009
21237,incident:2020030901,2020-01-20 00:00:00+00:00,2023-05-11 00:00:00+00:00,Biological,3469; 4497,2,2,official_incident_id,2020
21237,incident:2025021401,2025-02-14 00:00:00+00:00,2025-03-07 00:00:00+00:00,Severe Storm,3624; 4860,2,2,official_incident_id,2025
21237,incident:2025040102,2025-04-02 00:00:00+00:00,2025-05-16 00:00:00+00:00,Severe Storm,3626; 4864,2,2,official_incident_id,2025
21239,incident:2009012701,2009-01-26 00:00:00+00:00,2009-02-13 00:00:00+00:00,Severe Ice Storm,1818; 3302,2,2,official_incident_id,2009
21239,incident:2020030901,2020-01-20 00:00:00+00:00,2023-05-11 00:00:00+00:00,Biological,3469; 4497,2,2,official_incident_id,2020
21239,incident:2025021401,2025-02-14 00:00:00+00:00,2025-03-07 00:00:00+00:00,Severe Storm,3624; 4860,2,2,official_incident_id,2025
21239,incident:2025040102,2025-04-02 00:00:00+00:00,2025-05-16 00:00:00+00:00,Severe Storm,3626; 4864,2,2,official_incident_id,2025
22001,incident:2012082601,2012-08-26 00:00:00+00:00,2012-09-10 00:00:00+00:00,Hurricane,3347; 4080,2,2,official_incident_id,2012
22001,incident:2017082301,2017-08-27 00:00:00+00:00,2017-09-10 00:00:00+00:00,Hurricane,3382; 4345,2,2,official_incident_id,2017
22001,incident:2020030901,2020-01-20 00:00:00+00:00,2023-05-11 00:00:00+00:00,Biological,3459; 4484,2,3,official_incident_id,2020
22001,incident:2020081804,2020-08-22 00:00:00+00:00,2020-08-27 00:00:00+00:00,Hurricane,3538; 4559,2,2,official_incident_id,2020
22001,incident:2020100501,2020-10-06 00:00:00+00:00,2020-10-10 00:00:00+00:00,Hurricane,3547; 4570,2,2,official_incident_id,2020
22001,incident:2020102601,2020-10-26 00:00:00+00:00,2020-10-29 00:00:00+00:00,Hurricane,3549; 4577,2,2,official_incident_id,2020
22001,incident:2021021302,2021-02-11 00:00:00+00:00,2021-02-19 00:00:00+00:00,Severe Ice Storm,3556; 4590,2,2,official_incident_id,2021
22001,incident:2021082601,2021-08-26 00:00:00+00:00,2021-09-03 00:00:00+00:00,Hurricane,3568; 4611,2,2,official_incident_id,2021
22003,incident:2012082601,2012-08-26 00:00:00+00:00,2012-09-10 00:00:00+00:00,Hurricane,3347; 4080,2,2,official_incident_id,2012
22003,incident:2017082301,2017-08-27 00:00:00+00:00,2017-09-10 00:00:00+00:00,Hurricane,3382; 4345,2,2,official_incident_id,2017
22003,incident:2019070902,2019-07-10 00:00:00+00:00,2019-07-15 00:00:00+00:00,Coastal Storm; Hurricane,3416; 4458,2,2,official_incident_id,2019
22003,incident:2020030901,2020-01-20 00:00:00+00:00,2023-05-11 00:00:00+00:00,Biological,3459; 3522; 4484,3,6,official_incident_id,2020
22003,incident:2020081804,2020-08-22 00:00:00+00:00,2020-08-27 00:00:00+00:00,Hurricane,3538; 4559,2,2,official_incident_id,2020
22003,incident:2020100501,2020-10-06 00:00:00+00:00,2020-10-10 00:00:00+00:00,Hurricane,3547; 4570,2,2,official_incident_id,2020
22003,incident:2020102601,2020-10-26 00:00:00+00:00,2020-10-29 00:00:00+00:00,Hurricane,3549; 4577,2,2,official_incident_id,2020
22003,incident:2021021302,2021-02-11 00:00:00+00:00,2021-02-19 00:00:00+00:00,Severe Ice Storm,3556; 4590,2,2,official_incident_id,2021
22003,incident:2021082601,2021-08-26 00:00:00+00:00,2021-09-03 00:00:00+00:00,Hurricane,3568; 4611,2,2,official_incident_id,2021
22005,incident:2011050403,2011-04-25 00:00:00+00:00,2011-07-07 00:00:00+00:00,Flood,3322; 4015,2,2,official_incident_id,2011
22005,incident:2012082601,2012-08-26 00:00:00+00:00,2012-09-10 00:00:00+00:00,Hurricane,3347; 4080,2,2,official_incident_id,2012
22005,incident:2019070902,2019-07-10 00:00:00+00:00,2019-07-15 00:00:00+00:00,Coastal Storm; Hurricane,3416; 4458,2,2,official_incident_id,2019
22005,incident:2020030901,2020-01-20 00:00:00+00:00,2023-05-11 00:00:00+00:00,Biological,3459; 4484,2,3,official_incident_id,2020
22005,incident:2020081804,2020-08-22 00:00:00+00:00,2020-08-27 00:00:00+00:00,Hurricane,3538; 4559,2,2,official_incident_id,2020
22005,incident:2020100501,2020-10-06 00:00:00+00:00,2020-10-10 00:00:00+00:00,Hurricane,3547; 4570,2,2,official_incident_id,2020
22005,incident:2020102601,2020-10-26 00:00:00+00:00,2020-10-29 00:00:00+00:00,Hurricane,3549; 4577,2,2,official_incident_id,2020
22005,incident:2021021302,2021-02-11 00:00:00+00:00,2021-02-19 00:00:00+00:00,Severe Ice Storm,3556; 4590,2,2,official_incident_id,2021
22005,incident:2021082601,2021-08-26 00:00:00+00:00,2021-09-03 00:00:00+00:00,Hurricane,3568; 4611,2,2,official_incident_id,2021
22005,incident:2024090902,2024-09-09 00:00:00+00:00,2024-09-12 00:00:00+00:00,Hurricane,3614; 4817,2,2,official_incident_id,2024
22007,incident:2011050403,2011-04-25 00:00:00+00:00,2011-07-07 00:00:00+00:00,Flood,3322; 4015,2,2,official_incident_id,2011
22007,incident:2012082601,2012-08-26 00:00:00+00:00,2012-09-10 00:00:00+00:00,Hurricane,3347; 4080,2,2,official_incident_id,2012
22007,incident:2019052501,2019-05-10 00:00:00+00:00,2019-07-24 00:00:00+00:00,Flood,3413; 4462,2,2,official_incident_id,2019
22007,incident:2019070902,2019-07-10 00:00:00+00:00,2019-07-15 00:00:00+00:00,Coastal Storm; Hurricane,3416; 4458,2,2,official_incident_id,2019
22007,incident:2020030901,2020-01-20 00:00:00+00:00,2023-05-11 00:00:00+00:00,Biological,3459; 4484,2,3,official_incident_id,2020
22007,incident:2020081804,2020-08-22 00:00:00+00:00,2020-08-27 00:00:00+00:00,Hurricane,3538; 4559,2,2,official_incident_id,2020
22007,incident:2020100501,2020-10-06 00:00:00+00:00,2020-10-10 00:00:00+00:00,Hurricane,3547; 4570,2,2,official_incident_id,2020
22007,incident:2020102601,2020-10-26 00:00:00+00:00,2020-10-29 00:00:00+00:00,Hurricane,3549; 4577,2,2,official_incident_id,2020
22007,incident:2021021302,2021-02-11 00:00:00+00:00,2021-02-19 00:00:00+00:00,Severe Ice Storm,3556; 4590,2,2,official_incident_id,2021
22007,incident:2021082601,2021-08-26 00:00:00+00:00,2021-09-03 00:00:00+00:00,Hurricane,3568; 4611,2,2,official_incident_id,2021
22007,incident:2024090902,2024-09-09 00:00:00+00:00,2024-09-12 00:00:00+00:00,Hurricane,3614; 4817,2,2,official_incident_id,2024
22009,incident:2011050403,2011-04-25 00:00:00+00:00,2011-07-07 00:00:00+00:00,Flood,3322; 4015,2,2,official_incident_id,2011
22009,incident:2012082601,2012-08-26 00:00:00+00:00,2012-09-10 00:00:00+00:00,Hurricane,3347; 4080,2,2,official_incident_id,2012
22009,incident:2020030901,2020-01-20 00:00:00+00:00,2023-05-11 00:00:00+00:00,Biological,3459; 4484,2,5,official_incident_id,2020
22009,incident:2020081804,2020-08-22 00:00:00+00:00,2020-08-27 00:00:00+00:00,Hurricane,3538; 4559,2,2,official_incident_id,2020
22009,incident:2020100501,2020-10-06 00:00:00+00:00,2020-10-10 00:00:00+00:00,Hurricane,3547; 4570,2,2,official_incident_id,2020
22009,incident:2021021302,2021-02-11 00:00:00+00:00,2021-02-19 00:00:00+00:00,Severe Ice Storm,3556; 4590,2,2,official_incident_id,2021
22009,incident:2021082601,2021-08-26 00:00:00+00:00,2021-09-03 00:00:00+00:00,Hurricane,3568; 4611,2,2,official_incident_id,2021
22011,incident:2017082301,2017-08-27 00:00:00+00:00,2017-09-10 00:00:00+00:00,Hurricane,3382; 4345,2,2,official_incident_id,2017
22011,incident:2020030901,2020-01-20 00:00:00+00:00,2023-05-11 00:00:00+00:00,Biological,3459; 4484,2,3,official_incident_id,2020
22011,incident:2020081804,2020-08-22 00:00:00+00:00,2020-08-27 00:00:00+00:00,Hurricane,3538; 4559,2,2,official_incident_id,2020
22011,incident:2020100501,2020-10-06 00:00:00+00:00,2020-10-10 00:00:00+00:00,Hurricane,3547; 4570,2,2,official_incident_id,2020
22011,incident:2020102601,2020-10-26 00:00:00+00:00,2020-10-29 00:00:00+00:00,Hurricane,3549; 4577,2,2,official_incident_id,2020
22011,incident:2021021302,2021-02-11 00:00:00+00:00,2021-02-19 00:00:00+00:00,Severe Ice Storm,3556; 4590,2,2,official_incident_id,2021
22011,incident:2021082601,2021-08-26 00:00:00+00:00,2021-09-03 00:00:00+00:00,Hurricane,3568; 4611,2,2,official_incident_id,2021
22013,incident:2020030901,2020-01-20 00:00:00+00:00,2023-05-11 00:00:00+00:00,Biological,3459; 4484,2,3,official_incident_id,2020
22013,incident:2020081804,2020-08-22 00:00:00+00:00,2020-08-27 00:00:00+00:00,Hurricane,3538; 4559,2,2,official_incident_id,2020
22013,incident:2020100501,2020-10-06 00:00:00+00:00,2020-10-10 00:00:00+00:00,Hurricane,3547; 4570,2,2,official_incident_id,2020
22013,incident:2021021302,2021-02-11 00:00:00+00:00,2021-02-19 00:00:00+00:00,Severe Ice Storm,3556; 4590,2,2,official_incident_id,2021
22013,incident:2021082601,2021-08-26 00:00:00+00:00,2021-09-03 00:00:00+00:00,Hurricane,3568; 4611,2,2,official_incident_id,2021
22015,incident:2020030901,2020-01-20 00:00:00+00:00,2023-05-11 00:00:00+00:00,Biological,3459; 4484,2,3,official_incident_id,2020
22015,incident:2020081804,2020-08-22 00:00:00+00:00,2020-08-27 00:00:00+00:00,Hurricane,3538; 4559,2,2,official_incident_id,2020
22015,incident:2020100501,2020-10-06 00:00:00+00:00,2020-10-10 00:00:00+00:00,Hurricane,3547; 4570,2,2,official_incident_id,2020
22015,incident:2021021302,2021-02-11 00:00:00+00:00,2021-02-19 00:00:00+00:00,Severe Ice Storm,3556; 4590,2,2,official_incident_id,2021
22015,incident:2021082601,2021-08-26 00:00:00+00:00,2021-09-03 00:00:00+00:00,Hurricane,3568; 4611,2,2,official_incident_id,2021
22017,incident:2020030901,2020-01-20 00:00:00+00:00,2023-05-11 00:00:00+00:00,Biological,3459; 4484,2,3,official_incident_id,2020
22017,incident:2020081804,2020-08-22 00:00:00+00:00,2020-08-27 00:00:00+00:00,Hurricane,3538; 4559,2,2,official_incident_id,2020
22017,incident:2020100501,2020-10-06 00:00:00+00:00,2020-10-10 00:00:00+00:00,Hurricane,3547; 4570,2,2,official_incident_id,2020
22017,incident:2021021302,2021-02-11 00:00:00+00:00,2021-02-19 00:00:00+00:00,Severe Ice Storm,3556; 4590,2,2,official_incident_id,2021
22017,incident:2021082601,2021-08-26 00:00:00+00:00,2021-09-03 00:00:00+00:00,Hurricane,3568; 4611,2,2,official_incident_id,2021
22019,incident:2017082301,2017-08-27 00:00:00+00:00,2017-09-10 00:00:00+00:00,Hurricane,3382; 4345,2,2,official_incident_id,2017
22019,incident:2020030901,2020-01-20 00:00:00+00:00,2023-05-11 00:00:00+00:00,Biological,3459; 4484,2,3,official_incident_id,2020
22019,incident:2020081804,2020-08-22 00:00:00+00:00,2020-08-27 00:00:00+00:00,Hurricane,3538; 4559,2,2,official_incident_id,2020
22019,incident:2020100501,2020-10-06 00:00:00+00:00,2020-10-10 00:00:00+00:00,Hurricane,3547; 4570,2,2,official_incident_id,2020
22019,incident:2020102601,2020-10-26 00:00:00+00:00,2020-10-29 00:00:00+00:00,Hurricane,3549; 4577,2,2,official_incident_id,2020
22019,incident:2021021302,2021-02-11 00:00:00+00:00,2021-02-19 00:00:00+00:00,Severe Ice Storm,3556; 4590,2,2,official_incident_id,2021
22019,incident:2021082601,2021-08-26 00:00:00+00:00,2021-09-03 00:00:00+00:00,Hurricane,3568; 4611,2,2,official_incident_id,2021
22021,incident:2020030901,2020-01-20 00:00:00+00:00,2023-05-11 00:00:00+00:00,Biological,3459; 4484,2,3,official_incident_id,2020
22021,incident:2020081804,2020-08-22 00:00:00+00:00,2020-08-27 00:00:00+00:00,Hurricane,3538; 4559,2,2,official_incident_id,2020
22021,incident:2020100501,2020-10-06 00:00:00+00:00,2020-10-10 00:00:00+00:00,Hurricane,3547; 4570,2,2,official_incident_id,2020
22021,incident:2021021302,2021-02-11 00:00:00+00:00,2021-02-19 00:00:00+00:00,Severe Ice Storm,3556; 4590,2,2,official_incident_id,2021
22021,incident:2021082601,2021-08-26 00:00:00+00:00,2021-09-03 00:00:00+00:00,Hurricane,3568; 4611,2,2,official_incident_id,2021
22023,incident:2012082601,2012-08-26 00:00:00+00:00,2012-09-10 00:00:00+00:00,Hurricane,3347; 4080,2,2,official_incident_id,2012
22023,incident:2017082301,2017-08-27 00:00:00+00:00,2017-09-10 00:00:00+00:00,Hurricane,3382; 4345,2,2,official_incident_id,2017
22023,incident:2019070902,2019-07-10 00:00:00+00:00,2019-07-15 00:00:00+00:00,Coastal Storm; Hurricane,3416; 4458,2,2,official_incident_id,2019
22023,incident:2020030901,2020-01-20 00:00:00+00:00,2023-05-11 00:00:00+00:00,Biological,3459; 4484,2,3,official_incident_id,2020
22023,incident:2020081804,2020-08-22 00:00:00+00:00,2020-08-27 00:00:00+00:00,Hurricane,3538; 4559,2,2,official_incident_id,2020
22023,incident:2020100501,2020-10-06 00:00:00+00:00,2020-10-10 00:00:00+00:00,Hurricane,3547; 4570,2,2,official_incident_id,2020
22023,incident:2020102601,2020-10-26 00:00:00+00:00,2020-10-29 00:00:00+00:00,Hurricane,3549; 4577,2,2,official_incident_id,2020
22023,incident:2021021302,2021-02-11 00:00:00+00:00,2021-02-19 00:00:00+00:00,Severe Ice Storm,3556; 4590,2,2,official_incident_id,2021
22023,incident:2021082601,2021-08-26 00:00:00+00:00,2021-09-03 00:00:00+00:00,Hurricane,3568; 4611,2,2,official_incident_id,2021
22025,incident:2011050403,2011-04-25 00:00:00+00:00,2011-07-07 00:00:00+00:00,Flood,3322; 4015,2,2,official_incident_id,2011
22025,incident:2019052501,2019-05-10 00:00:00+00:00,2019-07-24 00:00:00+00:00,Flood,3413; 4462,2,2,official_incident_id,2019
22025,incident:2020030901,2020-01-20 00:00:00+00:00,2023-05-11 00:00:00+00:00,Biological,3459; 4484,2,3,official_incident_id,2020
22025,incident:2020081804,2020-08-22 00:00:00+00:00,2020-08-27 00:00:00+00:00,Hurricane,3538; 4559,2,2,official_incident_id,2020
22025,incident:2020100501,2020-10-06 00:00:00+00:00,2020-10-10 00:00:00+00:00,Hurricane,3547; 4570,2,2,official_incident_id,2020
22025,incident:2021021302,2021-02-11 00:00:00+00:00,2021-02-19 00:00:00+00:00,Severe Ice Storm,3556; 4590,2,2,official_incident_id,2021
22025,incident:2021082601,2021-08-26 00:00:00+00:00,2021-09-03 00:00:00+00:00,Hurricane,3568; 4611,2,2,official_incident_id,2021
22027,incident:2020030901,2020-01-20 00:00:00+00:00,2023-05-11 00:00:00+00:00,Biological,3459; 4484,2,3,official_incident_id,2020
22027,incident:2020081804,2020-08-22 00:00:00+00:00,2020-08-27 00:00:00+00:00,Hurricane,3538; 4559,2,2,official_incident_id,2020
22027,incident:2020100501,2020-10-06 00:00:00+00:00,2020-10-10 00:00:00+00:00,Hurricane,3547; 4570,2,2,official_incident_id,2020
22027,incident:2021021302,2021-02-11 00:00:00+00:00,2021-02-19 00:00:00+00:00,Severe Ice Storm,3556; 4590,2,2,official_incident_id,2021
22027,incident:2021082601,2021-08-26 00:00:00+00:00,2021-09-03 00:00:00+00:00,Hurricane,3568; 4611,2,2,official_incident_id,2021
22029,incident:2011050403,2011-04-25 00:00:00+00:00,2011-07-07 00:00:00+00:00,Flood,3322; 4015,2,2,official_incident_id,2011
22029,incident:2019052501,2019-05-10 00:00:00+00:00,2019-07-24 00:00:00+00:00,Flood,3413; 4462,2,2,official_incident_id,2019
22029,incident:2020030901,2020-01-20 00:00:00+00:00,2023-05-11 00:00:00+00:00,Biological,3459; 4484,2,3,official_incident_id,2020
22029,incident:2020081804,2020-08-22 00:00:00+00:00,2020-08-27 00:00:00+00:00,Hurricane,3538; 4559,2,2,official_incident_id,2020
22029,incident:2020100501,2020-10-06 00:00:00+00:00,2020-10-10 00:00:00+00:00,Hurricane,3547; 4570,2,2,official_incident_id,2020
22029,incident:2021021302,2021-02-11 00:00:00+00:00,2021-02-19 00:00:00+00:00,Severe Ice Storm,3556; 4590,2,2,official_incident_id,2021
22029,incident:2021082601,2021-08-26 00:00:00+00:00,2021-09-03 00:00:00+00:00,Hurricane,3568; 4611,2,2,official_incident_id,2021
22031,incident:2020030901,2020-01-20 00:00:00+00:00,2023-05-11 00:00:00+00:00,Biological,3459; 4484,2,3,official_incident_id,2020
22031,incident:2020081804,2020-08-22 00:00:00+00:00,2020-08-27 00:00:00+00:00,Hurricane,3538; 4559,2,2,official_incident_id,2020
22031,incident:2020100501,2020-10-06 00:00:00+00:00,2020-10-10 00:00:00+00:00,Hurricane,3547; 4570,2,2,official_incident_id,2020
22031,incident:2021021302,2021-02-11 00:00:00+00:00,2021-02-19 00:00:00+00:00,Severe Ice Storm,3556; 4590,2,2,official_incident_id,2021
22031,incident:2021082601,2021-08-26 00:00:00+00:00,2021-09-03 00:00:00+00:00,Hurricane,3568; 4611,2,2,official_incident_id,2021
22033,incident:2011050403,2011-04-25 00:00:00+00:00,2011-07-07 00:00:00+00:00,Flood,3322; 4015,2,2,official_incident_id,2011
22033,incident:2012082601,2012-08-26 00:00:00+00:00,2012-09-10 00:00:00+00:00,Hurricane,3347; 4080,2,2,official_incident_id,2012
22033,incident:2019070902,2019-07-10 00:00:00+00:00,2019-07-15 00:00:00+00:00,Coastal Storm; Hurricane,3416; 4458,2,2,official_incident_id,2019
22033,incident:2020030901,2020-01-20 00:00:00+00:00,2023-05-11 00:00:00+00:00,Biological,3459; 4484,2,3,official_incident_id,2020
22033,incident:2020081804,2020-08-22 00:00:00+00:00,2020-08-27 00:00:00+00:00,Hurricane,3538; 4559,2,2,official_incident_id,2020
22033,incident:2020100501,2020-10-06 00:00:00+00:00,2020-10-10 00:00:00+00:00,Hurricane,3547; 4570,2,2,official_incident_id,2020
22033,incident:2020102601,2020-10-26 00:00:00+00:00,2020-10-29 00:00:00+00:00,Hurricane,3549; 4577,2,2,official_incident_id,2020
22033,incident:2021021302,2021-02-11 00:00:00+00:00,2021-02-19 00:00:00+00:00,Severe Ice Storm,3556; 4590,2,2,official_incident_id,2021
22033,incident:2021082601,2021-08-26 00:00:00+00:00,2021-09-03 00:00:00+00:00,Hurricane,3568; 4611,2,2,official_incident_id,2021
22033,incident:2024090902,2024-09-09 00:00:00+00:00,2024-09-12 00:00:00+00:00,Hurricane,3614; 4817,2,2,official_incident_id,2024
22035,incident:2011050403,2011-04-25 00:00:00+00:00,2011-07-07 00:00:00+00:00,Flood,3322; 4015,2,2,official_incident_id,2011
22035,incident:2020030901,2020-01-20 00:00:00+00:00,2023-05-11 00:00:00+00:00,Biological,3459; 4484,2,3,official_incident_id,2020
22035,incident:2020081804,2020-08-22 00:00:00+00:00,2020-08-27 00:00:00+00:00,Hurricane,3538; 4559,2,2,official_incident_id,2020
22035,incident:2020100501,2020-10-06 00:00:00+00:00,2020-10-10 00:00:00+00:00,Hurricane,3547; 4570,2,2,official_incident_id,2020
22035,incident:2021021302,2021-02-11 00:00:00+00:00,2021-02-19 00:00:00+00:00,Severe Ice Storm,3556; 4590,2,2,official_incident_id,2021
22035,incident:2021082601,2021-08-26 00:00:00+00:00,2021-09-03 00:00:00+00:00,Hurricane,3568; 4611,2,2,official_incident_id,2021
22037,incident:2012082601,2012-08-26 00:00:00+00:00,2012-09-10 00:00:00+00:00,Hurricane,3347; 4080,2,2,official_incident_id,2012
22037,incident:2019070902,2019-07-10 00:00:00+00:00,2019-07-15 00:00:00+00:00,Coastal Storm; Hurricane,3416; 4458,2,2,official_incident_id,2019
22037,incident:2020030901,2020-01-20 00:00:00+00:00,2023-05-11 00:00:00+00:00,Biological,3459; 4484,2,3,official_incident_id,2020
22037,incident:2020081804,2020-08-22 00:00:00+00:00,2020-08-27 00:00:00+00:00,Hurricane,3538; 4559,2,2,official_incident_id,2020
22037,incident:2020100501,2020-10-06 00:00:00+00:00,2020-10-10 00:00:00+00:00,Hurricane,3547; 4570,2,2,official_incident_id,2020
22037,incident:2020102601,2020-10-26 00:00:00+00:00,2020-10-29 00:00:00+00:00,Hurricane,3549; 4577,2,2,official_incident_id,2020
22037,incident:2021021302,2021-02-11 00:00:00+00:00,2021-02-19 00:00:00+00:00,Severe Ice Storm,3556; 4590,2,2,official_incident_id,2021
22037,incident:2021082601,2021-08-26 00:00:00+00:00,2021-09-03 00:00:00+00:00,Hurricane,3568; 4611,2,2,official_incident_id,2021
22037,incident:2024090902,2024-09-09 00:00:00+00:00,2024-09-12 00:00:00+00:00,Hurricane,3614; 4817,2,2,official_incident_id,2024
22039,incident:2020030901,2020-01-20 00:00:00+00:00,2023-05-11 00:00:00+00:00,Biological,3459; 4484,2,3,official_incident_id,2020
22039,incident:2020081804,2020-08-22 00:00:00+00:00,2020-08-27 00:00:00+00:00,Hurricane,3538; 4559,2,2,official_incident_id,2020
22039,incident:2020100501,2020-10-06 00:00:00+00:00,2020-10-10 00:00:00+00:00,Hurricane,3547; 4570,2,2,official_incident_id,2020
22039,incident:2020102601,2020-10-26 00:00:00+00:00,2020-10-29 00:00:00+00:00,Hurricane,3549; 4577,2,2,official_incident_id,2020
22039,incident:2021021302,2021-02-11 00:00:00+00:00,2021-02-19 00:00:00+00:00,Severe Ice Storm,3556; 4590,2,2,official_incident_id,2021
22039,incident:2021082601,2021-08-26 00:00:00+00:00,2021-09-03 00:00:00+00:00,Hurricane,3568; 4611,2,2,official_incident_id,2021
22041,incident:2012082601,2012-08-26 00:00:00+00:00,2012-09-10 00:00:00+00:00,Hurricane,3347; 4080,2,2,official_incident_id,2012
22041,incident:2020030901,2020-01-20 00:00:00+00:00,2023-05-11 00:00:00+00:00,Biological,3459; 4484,2,3,official_incident_id,2020
22041,incident:2020081804,2020-08-22 00:00:00+00:00,2020-08-27 00:00:00+00:00,Hurricane,3538; 4559,2,2,official_incident_id,2020
22041,incident:2020100501,2020-10-06 00:00:00+00:00,2020-10-10 00:00:00+00:00,Hurricane,3547; 4570,2,2,official_incident_id,2020
22041,incident:2021021302,2021-02-11 00:00:00+00:00,2021-02-19 00:00:00+00:00,Severe Ice Storm,3556; 4590,2,2,official_incident_id,2021
22041,incident:2021082601,2021-08-26 00:00:00+00:00,2021-09-03 00:00:00+00:00,Hurricane,3568; 4611,2,2,official_incident_id,2021
22043,incident:2020030901,2020-01-20 00:00:00+00:00,2023-05-11 00:00:00+00:00,Biological,3459; 4484,2,5,official_incident_id,2020
22043,incident:2020081804,2020-08-22 00:00:00+00:00,2020-08-27 00:00:00+00:00,Hurricane,3538; 4559,2,2,official_incident_id,2020
22043,incident:2020100501,2020-10-06 00:00:00+00:00,2020-10-10 00:00:00+00:00,Hurricane,3547; 4570,2,2,official_incident_id,2020
22043,incident:2021021302,2021-02-11 00:00:00+00:00,2021-02-19 00:00:00+00:00,Severe Ice Storm,3556; 4590,2,2,official_incident_id,2021
22043,incident:2021082601,2021-08-26 00:00:00+00:00,2021-09-03 00:00:00+00:00,Hurricane,3568; 4611,2,2,official_incident_id,2021
22045,incident:2011050403,2011-04-25 00:00:00+00:00,2011-07-07 00:00:00+00:00,Flood,3322; 4015,2,2,official_incident_id,2011
22045,incident:2012082601,2012-08-26 00:00:00+00:00,2012-09-10 00:00:00+00:00,Hurricane,3347; 4080,2,2,official_incident_id,2012
22045,incident:2017082301,2017-08-27 00:00:00+00:00,2017-09-10 00:00:00+00:00,Hurricane,3382; 4345,2,2,official_incident_id,2017
22045,incident:2019070902,2019-07-10 00:00:00+00:00,2019-07-15 00:00:00+00:00,Coastal Storm; Hurricane,3416; 4458,2,2,official_incident_id,2019
22045,incident:2020030901,2020-01-20 00:00:00+00:00,2023-05-11 00:00:00+00:00,Biological,3459; 4484,2,3,official_incident_id,2020
22045,incident:2020081804,2020-08-22 00:00:00+00:00,2020-08-27 00:00:00+00:00,Hurricane,3538; 4559,2,2,official_incident_id,2020
22045,incident:2020100501,2020-10-06 00:00:00+00:00,2020-10-10 00:00:00+00:00,Hurricane,3547; 4570,2,2,official_incident_id,2020
22045,incident:2020102601,2020-10-26 00:00:00+00:00,2020-10-29 00:00:00+00:00,Hurricane,3549; 4577,2,2,official_incident_id,2020
22045,incident:2021021302,2021-02-11 00:00:00+00:00,2021-02-19 00:00:00+00:00,Severe Ice Storm,3556; 4590,2,2,official_incident_id,2021
22045,incident:2021082601,2021-08-26 00:00:00+00:00,2021-09-03 00:00:00+00:00,Hurricane,3568; 4611,2,2,official_incident_id,2021
22047,incident:2011050403,2011-04-25 00:00:00+00:00,2011-07-07 00:00:00+00:00,Flood,3322; 4015,2,2,official_incident_id,2011
22047,incident:2012082601,2012-08-26 00:00:00+00:00,2012-09-10 00:00:00+00:00,Hurricane,3347; 4080,2,2,official_incident_id,2012
22047,incident:2019052501,2019-05-10 00:00:00+00:00,2019-07-24 00:00:00+00:00,Flood,3413; 4462,2,2,official_incident_id,2019
22047,incident:2019070902,2019-07-10 00:00:00+00:00,2019-07-15 00:00:00+00:00,Coastal Storm; Hurricane,3416; 4458,2,2,official_incident_id,2019
22047,incident:2020030901,2020-01-20 00:00:00+00:00,2023-05-11 00:00:00+00:00,Biological,3459; 4484,2,3,official_incident_id,2020
22047,incident:2020081804,2020-08-22 00:00:00+00:00,2020-08-27 00:00:00+00:00,Hurricane,3538; 4559,2,2,official_incident_id,2020
22047,incident:2020100501,2020-10-06 00:00:00+00:00,2020-10-10 00:00:00+00:00,Hurricane,3547; 4570,2,2,official_incident_id,2020
22047,incident:2020102601,2020-10-26 00:00:00+00:00,2020-10-29 00:00:00+00:00,Hurricane,3549; 4577,2,2,official_incident_id,2020
22047,incident:2021021302,2021-02-11 00:00:00+00:00,2021-02-19 00:00:00+00:00,Severe Ice Storm,3556; 4590,2,2,official_incident_id,2021
22047,incident:2021082601,2021-08-26 00:00:00+00:00,2021-09-03 00:00:00+00:00,Hurricane,3568; 4611,2,2,official_incident_id,2021
22047,incident:2024090902,2024-09-09 00:00:00+00:00,2024-09-12 00:00:00+00:00,Hurricane,3614; 4817,2,2,official_incident_id,2024
22049,incident:2020030901,2020-01-20 00:00:00+00:00,2023-05-11 00:00:00+00:00,Biological,3459; 4484,2,3,official_incident_id,2020
22049,incident:2020081804,2020-08-22 00:00:00+00:00,2020-08-27 00:00:00+00:00,Hurricane,3538; 4559,2,2,official_incident_id,2020
22049,incident:2020100501,2020-10-06 00:00:00+00:00,2020-10-10 00:00:00+00:00,Hurricane,3547; 4570,2,2,official_incident_id,2020
22049,incident:2021021302,2021-02-11 00:00:00+00:00,2021-02-19 00:00:00+00:00,Severe Ice Storm,3556; 4590,2,2,official_incident_id,2021
22049,incident:2021082601,2021-08-26 00:00:00+00:00,2021-09-03 00:00:00+00:00,Hurricane,3568; 4611,2,2,official_incident_id,2021
22051,incident:2012082601,2012-08-26 00:00:00+00:00,2012-09-10 00:00:00+00:00,Hurricane,3347; 4080,2,2,official_incident_id,2012
22051,incident:2019070902,2019-07-10 00:00:00+00:00,2019-07-15 00:00:00+00:00,Coastal Storm; Hurricane,3416; 4458,2,2,official_incident_id,2019
22051,incident:2020030901,2020-01-20 00:00:00+00:00,2023-05-11 00:00:00+00:00,Biological,3459; 4484,2,3,official_incident_id,2020
22051,incident:2020081804,2020-08-22 00:00:00+00:00,2020-08-27 00:00:00+00:00,Hurricane,3538; 4559,2,2,official_incident_id,2020
22051,incident:2020100501,2020-10-06 00:00:00+00:00,2020-10-10 00:00:00+00:00,Hurricane,3547; 4570,2,2,official_incident_id,2020
22051,incident:2020102601,2020-10-26 00:00:00+00:00,2020-10-29 00:00:00+00:00,Hurricane,3549; 4577,2,2,official_incident_id,2020
22051,incident:2021021302,2021-02-11 00:00:00+00:00,2021-02-19 00:00:00+00:00,Severe Ice Storm,3556; 4590,2,2,official_incident_id,2021
22051,incident:2021082601,2021-08-26 00:00:00+00:00,2021-09-03 00:00:00+00:00,Hurricane,3568; 4611,2,2,official_incident_id,2021
22051,incident:2024090902,2024-09-09 00:00:00+00:00,2024-09-12 00:00:00+00:00,Hurricane,3614; 4817,2,2,official_incident_id,2024
22053,incident:2012082601,2012-08-26 00:00:00+00:00,2012-09-10 00:00:00+00:00,Hurricane,3347; 4080,2,2,official_incident_id,2012
22053,incident:2017082301,2017-08-27 00:00:00+00:00,2017-09-10 00:00:00+00:00,Hurricane,3382; 4345,2,2,official_incident_id,2017
22053,incident:2020030901,2020-01-20 00:00:00+00:00,2023-05-11 00:00:00+00:00,Biological,3459; 4484,2,3,official_incident_id,2020
22053,incident:2020081804,2020-08-22 00:00:00+00:00,2020-08-27 00:00:00+00:00,Hurricane,3538; 4559,2,2,official_incident_id,2020
22053,incident:2020100501,2020-10-06 00:00:00+00:00,2020-10-10 00:00:00+00:00,Hurricane,3547; 4570,2,2,official_incident_id,2020
22053,incident:2020102601,2020-10-26 00:00:00+00:00,2020-10-29 00:00:00+00:00,Hurricane,3549; 4577,2,2,official_incident_id,2020
22053,incident:2021021302,2021-02-11 00:00:00+00:00,2021-02-19 00:00:00+00:00,Severe Ice Storm,3556; 4590,2,2,official_incident_id,2021
22053,incident:2021082601,2021-08-26 00:00:00+00:00,2021-09-03 00:00:00+00:00,Hurricane,3568; 4611,2,2,official_incident_id,2021
22055,incident:2019070902,2019-07-10 00:00:00+00:00,2019-07-15 00:00:00+00:00,Coastal Storm; Hurricane,3416; 4458,2,2,official_incident_id,2019
22055,incident:2020030901,2020-01-20 00:00:00+00:00,2023-05-11 00:00:00+00:00,Biological,3459; 4484,2,3,official_incident_id,2020
22055,incident:2020081804,2020-08-22 00:00:00+00:00,2020-08-27 00:00:00+00:00,Hurricane,3538; 4559,2,2,official_incident_id,2020
22055,incident:2020100501,2020-10-06 00:00:00+00:00,2020-10-10 00:00:00+00:00,Hurricane,3547; 4570,2,2,official_incident_id,2020
22055,incident:2020102601,2020-10-26 00:00:00+00:00,2020-10-29 00:00:00+00:00,Hurricane,3549; 4577,2,2,official_incident_id,2020
22055,incident:2021021302,2021-02-11 00:00:00+00:00,2021-02-19 00:00:00+00:00,Severe Ice Storm,3556; 4590,2,2,official_incident_id,2021
22055,incident:2021082601,2021-08-26 00:00:00+00:00,2021-09-03 00:00:00+00:00,Hurricane,3568; 4611,2,2,official_incident_id,2021
22057,incident:2011050403,2011-04-25 00:00:00+00:00,2011-07-07 00:00:00+00:00,Flood,3322; 4015,2,2,official_incident_id,2011
22057,incident:2012082601,2012-08-26 00:00:00+00:00,2012-09-10 00:00:00+00:00,Hurricane,3347; 4080,2,2,official_incident_id,2012
22057,incident:2019070902,2019-07-10 00:00:00+00:00,2019-07-15 00:00:00+00:00,Coastal Storm; Hurricane,3416; 4458,2,2,official_incident_id,2019
22057,incident:2020030901,2020-01-20 00:00:00+00:00,2023-05-11 00:00:00+00:00,Biological,3459; 4484,2,3,official_incident_id,2020
22057,incident:2020081804,2020-08-22 00:00:00+00:00,2020-08-27 00:00:00+00:00,Hurricane,3538; 4559,2,2,official_incident_id,2020
22057,incident:2020100501,2020-10-06 00:00:00+00:00,2020-10-10 00:00:00+00:00,Hurricane,3547; 4570,2,2,official_incident_id,2020
22057,incident:2020102601,2020-10-26 00:00:00+00:00,2020-10-29 00:00:00+00:00,Hurricane,3549; 4577,2,2,official_incident_id,2020
22057,incident:2021021302,2021-02-11 00:00:00+00:00,2021-02-19 00:00:00+00:00,Severe Ice Storm,3556; 4590,2,2,official_incident_id,2021
22057,incident:2021082601,2021-08-26 00:00:00+00:00,2021-09-03 00:00:00+00:00,Hurricane,3568; 4611,2,2,official_incident_id,2021
22057,incident:2024090902,2024-09-09 00:00:00+00:00,2024-09-12 00:00:00+00:00,Hurricane,3614; 4817,2,2,official_incident_id,2024
22059,incident:2011050403,2011-04-25 00:00:00+00:00,2011-07-07 00:00:00+00:00,Flood,3322; 4015,2,2,official_incident_id,2011
22059,incident:2020030901,2020-01-20 00:00:00+00:00,2023-05-11 00:00:00+00:00,Biological,3459; 4484,2,5,official_incident_id,2020
22059,incident:2020081804,2020-08-22 00:00:00+00:00,2020-08-27 00:00:00+00:00,Hurricane,3538; 4559,2,2,official_incident_id,2020
22059,incident:2020100501,2020-10-06 00:00:00+00:00,2020-10-10 00:00:00+00:00,Hurricane,3547; 4570,2,2,official_incident_id,2020
22059,incident:2021021302,2021-02-11 00:00:00+00:00,2021-02-19 00:00:00+00:00,Severe Ice Storm,3556; 4590,2,2,official_incident_id,2021
22059,incident:2021082601,2021-08-26 00:00:00+00:00,2021-09-03 00:00:00+00:00,Hurricane,3568; 4611,2,2,official_incident_id,2021
22061,incident:2020030901,2020-01-20 00:00:00+00:00,2023-05-11 00:00:00+00:00,Biological,3459; 4484,2,3,official_incident_id,2020
22061,incident:2020081804,2020-08-22 00:00:00+00:00,2020-08-27 00:00:00+00:00,Hurricane,3538; 4559,2,2,official_incident_id,2020
22061,incident:2020100501,2020-10-06 00:00:00+00:00,2020-10-10 00:00:00+00:00,Hurricane,3547; 4570,2,2,official_incident_id,2020
22061,incident:2021021302,2021-02-11 00:00:00+00:00,2021-02-19 00:00:00+00:00,Severe Ice Storm,3556; 4590,2,2,official_incident_id,2021
22061,incident:2021082601,2021-08-26 00:00:00+00:00,2021-09-03 00:00:00+00:00,Hurricane,3568; 4611,2,2,official_incident_id,2021
22063,incident:2012082601,2012-08-26 00:00:00+00:00,2012-09-10 00:00:00+00:00,Hurricane,3347; 4080,2,2,official_incident_id,2012
22063,incident:2019070902,2019-07-10 00:00:00+00:00,2019-07-15 00:00:00+00:00,Coastal Storm; Hurricane,3416; 4458,2,2,official_incident_id,2019
22063,incident:2020030901,2020-01-20 00:00:00+00:00,2023-05-11 00:00:00+00:00,Biological,3459; 4484,2,3,official_incident_id,2020
22063,incident:2020081804,2020-08-22 00:00:00+00:00,2020-08-27 00:00:00+00:00,Hurricane,3538; 4559,2,2,official_incident_id,2020
22063,incident:2020100501,2020-10-06 00:00:00+00:00,2020-10-10 00:00:00+00:00,Hurricane,3547; 4570,2,2,official_incident_id,2020
22063,incident:2020102601,2020-10-26 00:00:00+00:00,2020-10-29 00:00:00+00:00,Hurricane,3549; 4577,2,2,official_incident_id,2020
22063,incident:2021021302,2021-02-11 00:00:00+00:00,2021-02-19 00:00:00+00:00,Severe Ice Storm,3556; 4590,2,2,official_incident_id,2021
22063,incident:2021082601,2021-08-26 00:00:00+00:00,2021-09-03 00:00:00+00:00,Hurricane,3568; 4611,2,2,official_incident_id,2021
22063,incident:2024090902,2024-09-09 00:00:00+00:00,2024-09-12 00:00:00+00:00,Hurricane,3614; 4817,2,2,official_incident_id,2024
22065,incident:2011050403,2011-04-25 00:00:00+00:00,2011-07-07 00:00:00+00:00,Flood,3322; 4015,2,2,official_incident_id,2011
22065,incident:2020030901,2020-01-20 00:00:00+00:00,2023-05-11 00:00:00+00:00,Biological,3459; 4484,2,3,official_incident_id,2020
22065,incident:2020081804,2020-08-22 00:00:00+00:00,2020-08-27 00:00:00+00:00,Hurricane,3538; 4559,2,2,official_incident_id,2020
22065,incident:2020100501,2020-10-06 00:00:00+00:00,2020-10-10 00:00:00+00:00,Hurricane,3547; 4570,2,2,official_incident_id,2020
22065,incident:2021021302,2021-02-11 00:00:00+00:00,2021-02-19 00:00:00+00:00,Severe Ice Storm,3556; 4590,2,2,official_incident_id,2021
22065,incident:2021082601,2021-08-26 00:00:00+00:00,2021-09-03 00:00:00+00:00,Hurricane,3568; 4611,2,2,official_incident_id,2021
22067,incident:2012082601,2012-08-26 00:00:00+00:00,2012-09-10 00:00:00+00:00,Hurricane,3347; 4080,2,2,official_incident_id,2012
22067,incident:2020030901,2020-01-20 00:00:00+00:00,2023-05-11 00:00:00+00:00,Biological,3459; 4484,2,3,official_incident_id,2020
22067,incident:2020081804,2020-08-22 00:00:00+00:00,2020-08-27 00:00:00+00:00,Hurricane,3538; 4559,2,2,official_incident_id,2020
22067,incident:2020100501,2020-10-06 00:00:00+00:00,2020-10-10 00:00:00+00:00,Hurricane,3547; 4570,2,2,official_incident_id,2020
22067,incident:2021021302,2021-02-11 00:00:00+00:00,2021-02-19 00:00:00+00:00,Severe Ice Storm,3556; 4590,2,2,official_incident_id,2021
22067,incident:2021082601,2021-08-26 00:00:00+00:00,2021-09-03 00:00:00+00:00,Hurricane,3568; 4611,2,2,official_incident_id,2021
22069,incident:2012082601,2012-08-26 00:00:00+00:00,2012-09-10 00:00:00+00:00,Hurricane,3347; 4080,2,2,official_incident_id,2012
22069,incident:2017082301,2017-08-27 00:00:00+00:00,2017-09-10 00:00:00+00:00,Hurricane,3382; 4345,2,2,official_incident_id,2017
22069,incident:2020030901,2020-01-20 00:00:00+00:00,2023-05-11 00:00:00+00:00,Biological,3459; 4484,2,3,official_incident_id,2020
22069,incident:2020081804,2020-08-22 00:00:00+00:00,2020-08-27 00:00:00+00:00,Hurricane,3538; 4559,2,2,official_incident_id,2020
22069,incident:2020100501,2020-10-06 00:00:00+00:00,2020-10-10 00:00:00+00:00,Hurricane,3547; 4570,2,2,official_incident_id,2020
22069,incident:2021021302,2021-02-11 00:00:00+00:00,2021-02-19 00:00:00+00:00,Severe Ice Storm,3556; 4590,2,2,official_incident_id,2021
22069,incident:2021082601,2021-08-26 00:00:00+00:00,2021-09-03 00:00:00+00:00,Hurricane,3568; 4611,2,2,official_incident_id,2021
22071,incident:2012082601,2012-08-26 00:00:00+00:00,2012-09-10 00:00:00+00:00,Hurricane,3347; 4080,2,2,official_incident_id,2012
22071,incident:2019070902,2019-07-10 00:00:00+00:00,2019-07-15 00:00:00+00:00,Coastal Storm; Hurricane,3416; 4458,2,2,official_incident_id,2019
22071,incident:2020030901,2020-01-20 00:00:00+00:00,2023-05-11 00:00:00+00:00,Biological,3459; 4484,2,3,official_incident_id,2020
22071,incident:2020081804,2020-08-22 00:00:00+00:00,2020-08-27 00:00:00+00:00,Hurricane,3538; 4559,2,2,official_incident_id,2020
22071,incident:2020100501,2020-10-06 00:00:00+00:00,2020-10-10 00:00:00+00:00,Hurricane,3547; 4570,2,2,official_incident_id,2020
22071,incident:2020102601,2020-10-26 00:00:00+00:00,2020-10-29 00:00:00+00:00,Hurricane,3549; 4577,2,2,official_incident_id,2020
22071,incident:2021021302,2021-02-11 00:00:00+00:00,2021-02-19 00:00:00+00:00,Severe Ice Storm,3556; 4590,2,2,official_incident_id,2021
22071,incident:2021082601,2021-08-26 00:00:00+00:00,2021-09-03 00:00:00+00:00,Hurricane,3568; 4611,2,2,official_incident_id,2021
22071,incident:2024090902,2024-09-09 00:00:00+00:00,2024-09-12 00:00:00+00:00,Hurricane,3614; 4817,2,2,official_incident_id,2024
22073,incident:2012082601,2012-08-26 00:00:00+00:00,2012-09-10 00:00:00+00:00,Hurricane,3347; 4080,2,2,official_incident_id,2012
22073,incident:2020030901,2020-01-20 00:00:00+00:00,2023-05-11 00:00:00+00:00,Biological,3459; 4484,2,3,official_incident_id,2020
22073,incident:2020081804,2020-08-22 00:00:00+00:00,2020-08-27 00:00:00+00:00,Hurricane,3538; 4559,2,2,official_incident_id,2020
22073,incident:2020100501,2020-10-06 00:00:00+00:00,2020-10-10 00:00:00+00:00,Hurricane,3547; 4570,2,2,official_incident_id,2020
22073,incident:2021021302,2021-02-11 00:00:00+00:00,2021-02-19 00:00:00+00:00,Severe Ice Storm,3556; 4590,2,2,official_incident_id,2021
22073,incident:2021082601,2021-08-26 00:00:00+00:00,2021-09-03 00:00:00+00:00,Hurricane,3568; 4611,2,2,official_incident_id,2021
22075,incident:2012082601,2012-08-26 00:00:00+00:00,2012-09-10 00:00:00+00:00,Hurricane,3347; 4080,2,2,official_incident_id,2012
22075,incident:2019070902,2019-07-10 00:00:00+00:00,2019-07-15 00:00:00+00:00,Coastal Storm; Hurricane,3416; 4458,2,2,official_incident_id,2019
22075,incident:2020030901,2020-01-20 00:00:00+00:00,2023-05-11 00:00:00+00:00,Biological,3459; 4484,2,3,official_incident_id,2020
22075,incident:2020081804,2020-08-22 00:00:00+00:00,2020-08-27 00:00:00+00:00,Hurricane,3538; 4559,2,2,official_incident_id,2020
22075,incident:2020100501,2020-10-06 00:00:00+00:00,2020-10-10 00:00:00+00:00,Hurricane,3547; 4570,2,2,official_incident_id,2020
22075,incident:2020102601,2020-10-26 00:00:00+00:00,2020-10-29 00:00:00+00:00,Hurricane,3549; 4577,2,2,official_incident_id,2020
22075,incident:2021021302,2021-02-11 00:00:00+00:00,2021-02-19 00:00:00+00:00,Severe Ice Storm,3556; 4590,2,2,official_incident_id,2021
22075,incident:2021082601,2021-08-26 00:00:00+00:00,2021-09-03 00:00:00+00:00,Hurricane,3568; 4611,2,2,official_incident_id,2021
22075,incident:2024090902,2024-09-09 00:00:00+00:00,2024-09-12 00:00:00+00:00,Hurricane,3614; 4817,2,2,official_incident_id,2024
22077,incident:2011050403,2011-04-25 00:00:00+00:00,2011-07-07 00:00:00+00:00,Flood,3322; 4015,2,2,official_incident_id,2011
22077,incident:2012082601,2012-08-26 00:00:00+00:00,2012-09-10 00:00:00+00:00,Hurricane,3347; 4080,2,2,official_incident_id,2012
22077,incident:2019052501,2019-05-10 00:00:00+00:00,2019-07-24 00:00:00+00:00,Flood,3413; 4462,2,2,official_incident_id,2019
22077,incident:2019070902,2019-07-10 00:00:00+00:00,2019-07-15 00:00:00+00:00,Coastal Storm; Hurricane,3416; 4458,2,2,official_incident_id,2019
22077,incident:2020030901,2020-01-20 00:00:00+00:00,2023-05-11 00:00:00+00:00,Biological,3459; 4484,2,3,official_incident_id,2020
22077,incident:2020081804,2020-08-22 00:00:00+00:00,2020-08-27 00:00:00+00:00,Hurricane,3538; 4559,2,2,official_incident_id,2020
22077,incident:2020100501,2020-10-06 00:00:00+00:00,2020-10-10 00:00:00+00:00,Hurricane,3547; 4570,2,2,official_incident_id,2020
22077,incident:2020102601,2020-10-26 00:00:00+00:00,2020-10-29 00:00:00+00:00,Hurricane,3549; 4577,2,2,official_incident_id,2020
22077,incident:2021021302,2021-02-11 00:00:00+00:00,2021-02-19 00:00:00+00:00,Severe Ice Storm,3556; 4590,2,2,official_incident_id,2021
22077,incident:2021082601,2021-08-26 00:00:00+00:00,2021-09-03 00:00:00+00:00,Hurricane,3568; 4611,2,2,official_incident_id,2021
22079,incident:2012082601,2012-08-26 00:00:00+00:00,2012-09-10 00:00:00+00:00,Hurricane,3347; 4080,2,2,official_incident_id,2012
22079,incident:2017082301,2017-08-27 00:00:00+00:00,2017-09-10 00:00:00+00:00,Hurricane,3382; 4345,2,2,official_incident_id,2017
22079,incident:2019052501,2019-05-10 00:00:00+00:00,2019-07-24 00:00:00+00:00,Flood,3413; 4462,2,2,official_incident_id,2019
22079,incident:2020030901,2020-01-20 00:00:00+00:00,2023-05-11 00:00:00+00:00,Biological,3459; 4484,2,3,official_incident_id,2020
22079,incident:2020081804,2020-08-22 00:00:00+00:00,2020-08-27 00:00:00+00:00,Hurricane,3538; 4559,2,2,official_incident_id,2020
22079,incident:2020100501,2020-10-06 00:00:00+00:00,2020-10-10 00:00:00+00:00,Hurricane,3547; 4570,2,2,official_incident_id,2020
22079,incident:2021021302,2021-02-11 00:00:00+00:00,2021-02-19 00:00:00+00:00,Severe Ice Storm,3556; 4590,2,2,official_incident_id,2021
22079,incident:2021082601,2021-08-26 00:00:00+00:00,2021-09-03 00:00:00+00:00,Hurricane,3568; 4611,2,2,official_incident_id,2021
22081,incident:2020030901,2020-01-20 00:00:00+00:00,2023-05-11 00:00:00+00:00,Biological,3459; 4484,2,3,official_incident_id,2020
22081,incident:2020081804,2020-08-22 00:00:00+00:00,2020-08-27 00:00:00+00:00,Hurricane,3538; 4559,2,2,official_incident_id,2020
22081,incident:2020100501,2020-10-06 00:00:00+00:00,2020-10-10 00:00:00+00:00,Hurricane,3547; 4570,2,2,official_incident_id,2020
22081,incident:2021021302,2021-02-11 00:00:00+00:00,2021-02-19 00:00:00+00:00,Severe Ice Storm,3556; 4590,2,2,official_incident_id,2021
22081,incident:2021082601,2021-08-26 00:00:00+00:00,2021-09-03 00:00:00+00:00,Hurricane,3568; 4611,2,2,official_incident_id,2021
22083,incident:2020030901,2020-01-20 00:00:00+00:00,2023-05-11 00:00:00+00:00,Biological,3459; 4484,2,3,official_incident_id,2020
22083,incident:2020081804,2020-08-22 00:00:00+00:00,2020-08-27 00:00:00+00:00,Hurricane,3538; 4559,2,2,official_incident_id,2020
22083,incident:2020100501,2020-10-06 00:00:00+00:00,2020-10-10 00:00:00+00:00,Hurricane,3547; 4570,2,2,official_incident_id,2020
22083,incident:2021021302,2021-02-11 00:00:00+00:00,2021-02-19 00:00:00+00:00,Severe Ice Storm,3556; 4590,2,2,official_incident_id,2021
22083,incident:2021082601,2021-08-26 00:00:00+00:00,2021-09-03 00:00:00+00:00,Hurricane,3568; 4611,2,2,official_incident_id,2021
22085,incident:2017082301,2017-08-27 00:00:00+00:00,2017-09-10 00:00:00+00:00,Hurricane,3382; 4345,2,2,official_incident_id,2017
22085,incident:2020030901,2020-01-20 00:00:00+00:00,2023-05-11 00:00:00+00:00,Biological,3459; 4484,2,3,official_incident_id,2020
22085,incident:2020081804,2020-08-22 00:00:00+00:00,2020-08-27 00:00:00+00:00,Hurricane,3538; 4559,2,2,official_incident_id,2020
22085,incident:2020100501,2020-10-06 00:00:00+00:00,2020-10-10 00:00:00+00:00,Hurricane,3547; 4570,2,2,official_incident_id,2020
22085,incident:2021021302,2021-02-11 00:00:00+00:00,2021-02-19 00:00:00+00:00,Severe Ice Storm,3556; 4590,2,2,official_incident_id,2021
22085,incident:2021082601,2021-08-26 00:00:00+00:00,2021-09-03 00:00:00+00:00,Hurricane,3568; 4611,2,2,official_incident_id,2021
22087,incident:2012082601,2012-08-26 00:00:00+00:00,2012-09-10 00:00:00+00:00,Hurricane,3347; 4080,2,2,official_incident_id,2012
22087,incident:2019070902,2019-07-10 00:00:00+00:00,2019-07-15 00:00:00+00:00,Coastal Storm; Hurricane,3416; 4458,2,2,official_incident_id,2019
22087,incident:2020030901,2020-01-20 00:00:00+00:00,2023-05-11 00:00:00+00:00,Biological,3459; 4484,2,3,official_incident_id,2020
22087,incident:2020081804,2020-08-22 00:00:00+00:00,2020-08-27 00:00:00+00:00,Hurricane,3538; 4559,2,2,official_incident_id,2020
22087,incident:2020100501,2020-10-06 00:00:00+00:00,2020-10-10 00:00:00+00:00,Hurricane,3547; 4570,2,2,official_incident_id,2020
22087,incident:2020102601,2020-10-26 00:00:00+00:00,2020-10-29 00:00:00+00:00,Hurricane,3549; 4577,2,2,official_incident_id,2020
22087,incident:2021021302,2021-02-11 00:00:00+00:00,2021-02-19 00:00:00+00:00,Severe Ice Storm,3556; 4590,2,2,official_incident_id,2021
22087,incident:2021082601,2021-08-26 00:00:00+00:00,2021-09-03 00:00:00+00:00,Hurricane,3568; 4611,2,2,official_incident_id,2021
22087,incident:2024090902,2024-09-09 00:00:00+00:00,2024-09-12 00:00:00+00:00,Hurricane,3614; 4817,2,2,official_incident_id,2024
22089,incident:2011050403,2011-04-25 00:00:00+00:00,2011-07-07 00:00:00+00:00,Flood,3322; 4015,2,2,official_incident_id,2011
22089,incident:2012082601,2012-08-26 00:00:00+00:00,2012-09-10 00:00:00+00:00,Hurricane,3347; 4080,2,2,official_incident_id,2012
22089,incident:2019070902,2019-07-10 00:00:00+00:00,2019-07-15 00:00:00+00:00,Coastal Storm; Hurricane,3416; 4458,2,2,official_incident_id,2019
22089,incident:2020030901,2020-01-20 00:00:00+00:00,2023-05-11 00:00:00+00:00,Biological,3459; 4484,2,3,official_incident_id,2020
22089,incident:2020081804,2020-08-22 00:00:00+00:00,2020-08-27 00:00:00+00:00,Hurricane,3538; 4559,2,2,official_incident_id,2020
22089,incident:2020100501,2020-10-06 00:00:00+00:00,2020-10-10 00:00:00+00:00,Hurricane,3547; 4570,2,2,official_incident_id,2020
22089,incident:2020102601,2020-10-26 00:00:00+00:00,2020-10-29 00:00:00+00:00,Hurricane,3549; 4577,2,2,official_incident_id,2020
22089,incident:2021021302,2021-02-11 00:00:00+00:00,2021-02-19 00:00:00+00:00,Severe Ice Storm,3556; 4590,2,2,official_incident_id,2021
22089,incident:2021082601,2021-08-26 00:00:00+00:00,2021-09-03 00:00:00+00:00,Hurricane,3568; 4611,2,2,official_incident_id,2021
22089,incident:2024090902,2024-09-09 00:00:00+00:00,2024-09-12 00:00:00+00:00,Hurricane,3614; 4817,2,2,official_incident_id,2024
22091,incident:2012082601,2012-08-26 00:00:00+00:00,2012-09-10 00:00:00+00:00,Hurricane,3347; 4080,2,2,official_incident_id,2012
22091,incident:2019070902,2019-07-10 00:00:00+00:00,2019-07-15 00:00:00+00:00,Coastal Storm; Hurricane,3416; 4458,2,2,official_incident_id,2019
22091,incident:2020030901,2020-01-20 00:00:00+00:00,2023-05-11 00:00:00+00:00,Biological,3459; 4484,2,3,official_incident_id,2020
22091,incident:2020081804,2020-08-22 00:00:00+00:00,2020-08-27 00:00:00+00:00,Hurricane,3538; 4559,2,2,official_incident_id,2020
22091,incident:2020100501,2020-10-06 00:00:00+00:00,2020-10-10 00:00:00+00:00,Hurricane,3547; 4570,2,2,official_incident_id,2020
22091,incident:2020102601,2020-10-26 00:00:00+00:00,2020-10-29 00:00:00+00:00,Hurricane,3549; 4577,2,2,official_incident_id,2020
22091,incident:2021021302,2021-02-11 00:00:00+00:00,2021-02-19 00:00:00+00:00,Severe Ice Storm,3556; 4590,2,2,official_incident_id,2021
22091,incident:2021082601,2021-08-26 00:00:00+00:00,2021-09-03 00:00:00+00:00,Hurricane,3568; 4611,2,2,official_incident_id,2021
22091,incident:2024090902,2024-09-09 00:00:00+00:00,2024-09-12 00:00:00+00:00,Hurricane,3614; 4817,2,2,official_incident_id,2024
22093,incident:2011050403,2011-04-25 00:00:00+00:00,2011-07-07 00:00:00+00:00,Flood,3322; 4015,2,2,official_incident_id,2011
22093,incident:2012082601,2012-08-26 00:00:00+00:00,2012-09-10 00:00:00+00:00,Hurricane,3347; 4080,2,2,official_incident_id,2012
22093,incident:2020030901,2020-01-20 00:00:00+00:00,2023-05-11 00:00:00+00:00,Biological,3459; 4484,2,3,official_incident_id,2020
22093,incident:2020081804,2020-08-22 00:00:00+00:00,2020-08-27 00:00:00+00:00,Hurricane,3538; 4559,2,2,official_incident_id,2020
22093,incident:2020100501,2020-10-06 00:00:00+00:00,2020-10-10 00:00:00+00:00,Hurricane,3547; 4570,2,2,official_incident_id,2020
22093,incident:2020102601,2020-10-26 00:00:00+00:00,2020-10-29 00:00:00+00:00,Hurricane,3549; 4577,2,2,official_incident_id,2020
22093,incident:2021021302,2021-02-11 00:00:00+00:00,2021-02-19 00:00:00+00:00,Severe Ice Storm,3556; 4590,2,2,official_incident_id,2021
22093,incident:2021082601,2021-08-26 00:00:00+00:00,2021-09-03 00:00:00+00:00,Hurricane,3568; 4611,2,2,official_incident_id,2021
22093,incident:2024090902,2024-09-09 00:00:00+00:00,2024-09-12 00:00:00+00:00,Hurricane,3614; 4817,2,2,official_incident_id,2024
22095,incident:2012082601,2012-08-26 00:00:00+00:00,2012-09-10 00:00:00+00:00,Hurricane,3347; 4080,2,2,official_incident_id,2012
22095,incident:2019070902,2019-07-10 00:00:00+00:00,2019-07-15 00:00:00+00:00,Coastal Storm; Hurricane,3416; 4458,2,2,official_incident_id,2019
22095,incident:2020030901,2020-01-20 00:00:00+00:00,2023-05-11 00:00:00+00:00,Biological,3459; 4484,2,3,official_incident_id,2020
22095,incident:2020081804,2020-08-22 00:00:00+00:00,2020-08-27 00:00:00+00:00,Hurricane,3538; 4559,2,2,official_incident_id,2020
22095,incident:2020100501,2020-10-06 00:00:00+00:00,2020-10-10 00:00:00+00:00,Hurricane,3547; 4570,2,2,official_incident_id,2020
22095,incident:2020102601,2020-10-26 00:00:00+00:00,2020-10-29 00:00:00+00:00,Hurricane,3549; 4577,2,2,official_incident_id,2020
22095,incident:2021021302,2021-02-11 00:00:00+00:00,2021-02-19 00:00:00+00:00,Severe Ice Storm,3556; 4590,2,2,official_incident_id,2021
22095,incident:2021082601,2021-08-26 00:00:00+00:00,2021-09-03 00:00:00+00:00,Hurricane,3568; 4611,2,2,official_incident_id,2021
22095,incident:2024090902,2024-09-09 00:00:00+00:00,2024-09-12 00:00:00+00:00,Hurricane,3614; 4817,2,2,official_incident_id,2024
22097,incident:2011050403,2011-04-25 00:00:00+00:00,2011-07-07 00:00:00+00:00,Flood,3322; 4015,2,2,official_incident_id,2011
22097,incident:2019070902,2019-07-10 00:00:00+00:00,2019-07-15 00:00:00+00:00,Coastal Storm; Hurricane,3416; 4458,2,2,official_incident_id,2019
22097,incident:2020030901,2020-01-20 00:00:00+00:00,2023-05-11 00:00:00+00:00,Biological,3459; 4484,2,3,official_incident_id,2020
22097,incident:2020081804,2020-08-22 00:00:00+00:00,2020-08-27 00:00:00+00:00,Hurricane,3538; 4559,2,2,official_incident_id,2020
22097,incident:2020100501,2020-10-06 00:00:00+00:00,2020-10-10 00:00:00+00:00,Hurricane,3547; 4570,2,2,official_incident_id,2020
22097,incident:2020102601,2020-10-26 00:00:00+00:00,2020-10-29 00:00:00+00:00,Hurricane,3549; 4577,2,2,official_incident_id,2020
22097,incident:2021021302,2021-02-11 00:00:00+00:00,2021-02-19 00:00:00+00:00,Severe Ice Storm,3556; 4590,2,2,official_incident_id,2021
22097,incident:2021082601,2021-08-26 00:00:00+00:00,2021-09-03 00:00:00+00:00,Hurricane,3568; 4611,2,2,official_incident_id,2021
22099,incident:2011050403,2011-04-25 00:00:00+00:00,2011-07-07 00:00:00+00:00,Flood,3322; 4015,2,2,official_incident_id,2011
22099,incident:2012082601,2012-08-26 00:00:00+00:00,2012-09-10 00:00:00+00:00,Hurricane,3347; 4080,2,2,official_incident_id,2012
22099,incident:2019052501,2019-05-10 00:00:00+00:00,2019-07-24 00:00:00+00:00,Flood,3413; 4462,2,2,official_incident_id,2019
22099,incident:2019070902,2019-07-10 00:00:00+00:00,2019-07-15 00:00:00+00:00,Coastal Storm; Hurricane,3416; 4458,2,2,official_incident_id,2019
22099,incident:2020030901,2020-01-20 00:00:00+00:00,2023-05-11 00:00:00+00:00,Biological,3459; 4484,2,3,official_incident_id,2020
22099,incident:2020081804,2020-08-22 00:00:00+00:00,2020-08-27 00:00:00+00:00,Hurricane,3538; 4559,2,2,official_incident_id,2020
22099,incident:2020100501,2020-10-06 00:00:00+00:00,2020-10-10 00:00:00+00:00,Hurricane,3547; 4570,2,2,official_incident_id,2020
22099,incident:2020102601,2020-10-26 00:00:00+00:00,2020-10-29 00:00:00+00:00,Hurricane,3549; 4577,2,2,official_incident_id,2020
22099,incident:2021021302,2021-02-11 00:00:00+00:00,2021-02-19 00:00:00+00:00,Severe Ice Storm,3556; 4590,2,2,official_incident_id,2021
22099,incident:2021082601,2021-08-26 00:00:00+00:00,2021-09-03 00:00:00+00:00,Hurricane,3568; 4611,2,2,official_incident_id,2021
22099,incident:2024090902,2024-09-09 00:00:00+00:00,2024-09-12 00:00:00+00:00,Hurricane,3614; 4817,2,2,official_incident_id,2024
22101,incident:2011050403,2011-04-25 00:00:00+00:00,2011-07-07 00:00:00+00:00,Flood,3322; 4015,2,2,official_incident_id,2011
22101,incident:2012082601,2012-08-26 00:00:00+00:00,2012-09-10 00:00:00+00:00,Hurricane,3347; 4080,2,2,official_incident_id,2012
22101,incident:2019052501,2019-05-10 00:00:00+00:00,2019-07-24 00:00:00+00:00,Flood,3413; 4462,2,2,official_incident_id,2019
22101,incident:2019070902,2019-07-10 00:00:00+00:00,2019-07-15 00:00:00+00:00,Coastal Storm; Hurricane,3416; 4458,2,2,official_incident_id,2019
22101,incident:2020030901,2020-01-20 00:00:00+00:00,2023-05-11 00:00:00+00:00,Biological,3459; 4484,2,5,official_incident_id,2020
22101,incident:2020081804,2020-08-22 00:00:00+00:00,2020-08-27 00:00:00+00:00,Hurricane,3538; 4559,2,2,official_incident_id,2020
22101,incident:2020100501,2020-10-06 00:00:00+00:00,2020-10-10 00:00:00+00:00,Hurricane,3547; 4570,2,2,official_incident_id,2020
22101,incident:2020102601,2020-10-26 00:00:00+00:00,2020-10-29 00:00:00+00:00,Hurricane,3549; 4577,2,2,official_incident_id,2020
22101,incident:2021021302,2021-02-11 00:00:00+00:00,2021-02-19 00:00:00+00:00,Severe Ice Storm,3556; 4590,2,2,official_incident_id,2021
22101,incident:2021082601,2021-08-26 00:00:00+00:00,2021-09-03 00:00:00+00:00,Hurricane,3568; 4611,2,2,official_incident_id,2021
22101,incident:2024090902,2024-09-09 00:00:00+00:00,2024-09-12 00:00:00+00:00,Hurricane,3614; 4817,2,2,official_incident_id,2024
22103,incident:2012082601,2012-08-26 00:00:00+00:00,2012-09-10 00:00:00+00:00,Hurricane,3347; 4080,2,2,official_incident_id,2012
22103,incident:2020030901,2020-01-20 00:00:00+00:00,2023-05-11 00:00:00+00:00,Biological,3459; 4484,2,3,official_incident_id,2020
22103,incident:2020081804,2020-08-22 00:00:00+00:00,2020-08-27 00:00:00+00:00,Hurricane,3538; 4559,2,2,official_incident_id,2020
22103,incident:2020100501,2020-10-06 00:00:00+00:00,2020-10-10 00:00:00+00:00,Hurricane,3547; 4570,2,2,official_incident_id,2020
22103,incident:2020102601,2020-10-26 00:00:00+00:00,2020-10-29 00:00:00+00:00,Hurricane,3549; 4577,2,2,official_incident_id,2020
22103,incident:2021021302,2021-02-11 00:00:00+00:00,2021-02-19 00:00:00+00:00,Severe Ice Storm,3556; 4590,2,2,official_incident_id,2021
22103,incident:2021082601,2021-08-26 00:00:00+00:00,2021-09-03 00:00:00+00:00,Hurricane,3568; 4611,2,2,official_incident_id,2021
22103,incident:2024090902,2024-09-09 00:00:00+00:00,2024-09-12 00:00:00+00:00,Hurricane,3614; 4817,2,2,official_incident_id,2024
22105,incident:2012082601,2012-08-26 00:00:00+00:00,2012-09-10 00:00:00+00:00,Hurricane,3347; 4080,2,2,official_incident_id,2012
22105,incident:2019070902,2019-07-10 00:00:00+00:00,2019-07-15 00:00:00+00:00,Coastal Storm; Hurricane,3416; 4458,2,2,official_incident_id,2019
22105,incident:2020030901,2020-01-20 00:00:00+00:00,2023-05-11 00:00:00+00:00,Biological,3459; 4484,2,3,official_incident_id,2020
22105,incident:2020081804,2020-08-22 00:00:00+00:00,2020-08-27 00:00:00+00:00,Hurricane,3538; 4559,2,2,official_incident_id,2020
22105,incident:2020100501,2020-10-06 00:00:00+00:00,2020-10-10 00:00:00+00:00,Hurricane,3547; 4570,2,2,official_incident_id,2020
22105,incident:2020102601,2020-10-26 00:00:00+00:00,2020-10-29 00:00:00+00:00,Hurricane,3549; 4577,2,2,official_incident_id,2020
22105,incident:2021021302,2021-02-11 00:00:00+00:00,2021-02-19 00:00:00+00:00,Severe Ice Storm,3556; 4590,2,2,official_incident_id,2021
22105,incident:2021082601,2021-08-26 00:00:00+00:00,2021-09-03 00:00:00+00:00,Hurricane,3568; 4611,2,2,official_incident_id,2021
22105,incident:2024090902,2024-09-09 00:00:00+00:00,2024-09-12 00:00:00+00:00,Hurricane,3614; 4817,2,2,official_incident_id,2024
22107,incident:2011050403,2011-04-25 00:00:00+00:00,2011-07-07 00:00:00+00:00,Flood,3322; 4015,2,2,official_incident_id,2011
22107,incident:2020030901,2020-01-20 00:00:00+00:00,2023-05-11 00:00:00+00:00,Biological,3459; 4484,2,3,official_incident_id,2020
22107,incident:2020081804,2020-08-22 00:00:00+00:00,2020-08-27 00:00:00+00:00,Hurricane,3538; 4559,2,2,official_incident_id,2020
22107,incident:2020100501,2020-10-06 00:00:00+00:00,2020-10-10 00:00:00+00:00,Hurricane,3547; 4570,2,2,official_incident_id,2020
22107,incident:2021021302,2021-02-11 00:00:00+00:00,2021-02-19 00:00:00+00:00,Severe Ice Storm,3556; 4590,2,2,official_incident_id,2021
22107,incident:2021082601,2021-08-26 00:00:00+00:00,2021-09-03 00:00:00+00:00,Hurricane,3568; 4611,2,2,official_incident_id,2021
22109,incident:2011050403,2011-04-25 00:00:00+00:00,2011-07-07 00:00:00+00:00,Flood,3322; 4015,2,2,official_incident_id,2011
22109,incident:2012082601,2012-08-26 00:00:00+00:00,2012-09-10 00:00:00+00:00,Hurricane,3347; 4080,2,2,official_incident_id,2012
22109,incident:2019052501,2019-05-10 00:00:00+00:00,2019-07-24 00:00:00+00:00,Flood,3413; 4462,2,2,official_incident_id,2019
22109,incident:2019070902,2019-07-10 00:00:00+00:00,2019-07-15 00:00:00+00:00,Coastal Storm; Hurricane,3416; 4458,2,2,official_incident_id,2019
22109,incident:2020030901,2020-01-20 00:00:00+00:00,2023-05-11 00:00:00+00:00,Biological,3459; 4484,2,3,official_incident_id,2020
22109,incident:2020081804,2020-08-22 00:00:00+00:00,2020-08-27 00:00:00+00:00,Hurricane,3538; 4559,2,2,official_incident_id,2020
22109,incident:2020100501,2020-10-06 00:00:00+00:00,2020-10-10 00:00:00+00:00,Hurricane,3547; 4570,2,2,official_incident_id,2020
22109,incident:2020102601,2020-10-26 00:00:00+00:00,2020-10-29 00:00:00+00:00,Hurricane,3549; 4577,2,2,official_incident_id,2020
22109,incident:2021021302,2021-02-11 00:00:00+00:00,2021-02-19 00:00:00+00:00,Severe Ice Storm,3556; 4590,2,2,official_incident_id,2021
22109,incident:2021082601,2021-08-26 00:00:00+00:00,2021-09-03 00:00:00+00:00,Hurricane,3568; 4611,2,2,official_incident_id,2021
22109,incident:2024090902,2024-09-09 00:00:00+00:00,2024-09-12 00:00:00+00:00,Hurricane,3614; 4817,2,2,official_incident_id,2024
22111,incident:2020030901,2020-01-20 00:00:00+00:00,2023-05-11 00:00:00+00:00,Biological,3459; 4484,2,3,official_incident_id,2020
22111,incident:2020081804,2020-08-22 00:00:00+00:00,2020-08-27 00:00:00+00:00,Hurricane,3538; 4559,2,2,official_incident_id,2020
22111,incident:2020100501,2020-10-06 00:00:00+00:00,2020-10-10 00:00:00+00:00,Hurricane,3547; 4570,2,2,official_incident_id,2020
22111,incident:2021021302,2021-02-11 00:00:00+00:00,2021-02-19 00:00:00+00:00,Severe Ice Storm,3556; 4590,2,2,official_incident_id,2021
22111,incident:2021082601,2021-08-26 00:00:00+00:00,2021-09-03 00:00:00+00:00,Hurricane,3568; 4611,2,2,official_incident_id,2021
22113,incident:2017082301,2017-08-27 00:00:00+00:00,2017-09-10 00:00:00+00:00,Hurricane,3382; 4345,2,2,official_incident_id,2017
22113,incident:2019070902,2019-07-10 00:00:00+00:00,2019-07-15 00:00:00+00:00,Coastal Storm; Hurricane,3416; 4458,2,2,official_incident_id,2019
22113,incident:2020030901,2020-01-20 00:00:00+00:00,2023-05-11 00:00:00+00:00,Biological,3459; 4484,2,3,official_incident_id,2020
22113,incident:2020081804,2020-08-22 00:00:00+00:00,2020-08-27 00:00:00+00:00,Hurricane,3538; 4559,2,2,official_incident_id,2020
22113,incident:2020100501,2020-10-06 00:00:00+00:00,2020-10-10 00:00:00+00:00,Hurricane,3547; 4570,2,2,official_incident_id,2020
22113,incident:2020102601,2020-10-26 00:00:00+00:00,2020-10-29 00:00:00+00:00,Hurricane,3549; 4577,2,2,official_incident_id,2020
22113,incident:2021021302,2021-02-11 00:00:00+00:00,2021-02-19 00:00:00+00:00,Severe Ice Storm,3556; 4590,2,2,official_incident_id,2021
22113,incident:2021082601,2021-08-26 00:00:00+00:00,2021-09-03 00:00:00+00:00,Hurricane,3568; 4611,2,2,official_incident_id,2021
22115,incident:2017082301,2017-08-27 00:00:00+00:00,2017-09-10 00:00:00+00:00,Hurricane,3382; 4345,2,2,official_incident_id,2017
22115,incident:2020030901,2020-01-20 00:00:00+00:00,2023-05-11 00:00:00+00:00,Biological,3459; 4484,2,3,official_incident_id,2020
22115,incident:2020081804,2020-08-22 00:00:00+00:00,2020-08-27 00:00:00+00:00,Hurricane,3538; 4559,2,2,official_incident_id,2020
22115,incident:2020100501,2020-10-06 00:00:00+00:00,2020-10-10 00:00:00+00:00,Hurricane,3547; 4570,2,2,official_incident_id,2020
22115,incident:2021021302,2021-02-11 00:00:00+00:00,2021-02-19 00:00:00+00:00,Severe Ice Storm,3556; 4590,2,2,official_incident_id,2021
22115,incident:2021082601,2021-08-26 00:00:00+00:00,2021-09-03 00:00:00+00:00,Hurricane,3568; 4611,2,2,official_incident_id,2021
22117,incident:2012082601,2012-08-26 00:00:00+00:00,2012-09-10 00:00:00+00:00,Hurricane,3347; 4080,2,2,official_incident_id,2012
22117,incident:2020030901,2020-01-20 00:00:00+00:00,2023-05-11 00:00:00+00:00,Biological,3459; 4484,2,3,official_incident_id,2020
22117,incident:2020081804,2020-08-22 00:00:00+00:00,2020-08-27 00:00:00+00:00,Hurricane,3538; 4559,2,2,official_incident_id,2020
22117,incident:2020100501,2020-10-06 00:00:00+00:00,2020-10-10 00:00:00+00:00,Hurricane,3547; 4570,2,2,official_incident_id,2020
22117,incident:2020102601,2020-10-26 00:00:00+00:00,2020-10-29 00:00:00+00:00,Hurricane,3549; 4577,2,2,official_incident_id,2020
22117,incident:2021021302,2021-02-11 00:00:00+00:00,2021-02-19 00:00:00+00:00,Severe Ice Storm,3556; 4590,2,2,official_incident_id,2021
22117,incident:2021082601,2021-08-26 00:00:00+00:00,2021-09-03 00:00:00+00:00,Hurricane,3568; 4611,2,2,official_incident_id,2021
22117,incident:2024090902,2024-09-09 00:00:00+00:00,2024-09-12 00:00:00+00:00,Hurricane,3614; 4817,2,2,official_incident_id,2024
22119,incident:2020030901,2020-01-20 00:00:00+00:00,2023-05-11 00:00:00+00:00,Biological,3459; 4484,2,3,official_incident_id,2020
22119,incident:2020081804,2020-08-22 00:00:00+00:00,2020-08-27 00:00:00+00:00,Hurricane,3538; 4559,2,2,official_incident_id,2020
22119,incident:2020100501,2020-10-06 00:00:00+00:00,2020-10-10 00:00:00+00:00,Hurricane,3547; 4570,2,2,official_incident_id,2020
22119,incident:2021021302,2021-02-11 00:00:00+00:00,2021-02-19 00:00:00+00:00,Severe Ice Storm,3556; 4590,2,2,official_incident_id,2021
22119,incident:2021082601,2021-08-26 00:00:00+00:00,2021-09-03 00:00:00+00:00,Hurricane,3568; 4611,2,2,official_incident_id,2021
22121,incident:2011050403,2011-04-25 00:00:00+00:00,2011-07-07 00:00:00+00:00,Flood,3322; 4015,2,2,official_incident_id,2011
22121,incident:2012082601,2012-08-26 00:00:00+00:00,2012-09-10 00:00:00+00:00,Hurricane,3347; 4080,2,2,official_incident_id,2012
22121,incident:2020030901,2020-01-20 00:00:00+00:00,2023-05-11 00:00:00+00:00,Biological,3459; 4484,2,3,official_incident_id,2020
22121,incident:2020081804,2020-08-22 00:00:00+00:00,2020-08-27 00:00:00+00:00,Hurricane,3538; 4559,2,2,official_incident_id,2020
22121,incident:2020100501,2020-10-06 00:00:00+00:00,2020-10-10 00:00:00+00:00,Hurricane,3547; 4570,2,2,official_incident_id,2020
22121,incident:2020102601,2020-10-26 00:00:00+00:00,2020-10-29 00:00:00+00:00,Hurricane,3549; 4577,2,2,official_incident_id,2020
22121,incident:2021021302,2021-02-11 00:00:00+00:00,2021-02-19 00:00:00+00:00,Severe Ice Storm,3556; 4590,2,2,official_incident_id,2021
22121,incident:2021082601,2021-08-26 00:00:00+00:00,2021-09-03 00:00:00+00:00,Hurricane,3568; 4611,2,2,official_incident_id,2021
22123,incident:2020030901,2020-01-20 00:00:00+00:00,2023-05-11 00:00:00+00:00,Biological,3459; 4484,2,3,official_incident_id,2020
22123,incident:2020081804,2020-08-22 00:00:00+00:00,2020-08-27 00:00:00+00:00,Hurricane,3538; 4559,2,2,official_incident_id,2020
22123,incident:2020100501,2020-10-06 00:00:00+00:00,2020-10-10 00:00:00+00:00,Hurricane,3547; 4570,2,2,official_incident_id,2020
22123,incident:2021021302,2021-02-11 00:00:00+00:00,2021-02-19 00:00:00+00:00,Severe Ice Storm,3556; 4590,2,2,official_incident_id,2021
22123,incident:2021082601,2021-08-26 00:00:00+00:00,2021-09-03 00:00:00+00:00,Hurricane,3568; 4611,2,2,official_incident_id,2021
22125,incident:2011050403,2011-04-25 00:00:00+00:00,2011-07-07 00:00:00+00:00,Flood,3322; 4015,2,2,official_incident_id,2011
22125,incident:2019052501,2019-05-10 00:00:00+00:00,2019-07-24 00:00:00+00:00,Flood,3413; 4462,2,2,official_incident_id,2019
22125,incident:2019070902,2019-07-10 00:00:00+00:00,2019-07-15 00:00:00+00:00,Coastal Storm; Hurricane,3416; 4458,2,2,official_incident_id,2019
22125,incident:2020030901,2020-01-20 00:00:00+00:00,2023-05-11 00:00:00+00:00,Biological,3459; 4484,2,3,official_incident_id,2020
22125,incident:2020081804,2020-08-22 00:00:00+00:00,2020-08-27 00:00:00+00:00,Hurricane,3538; 4559,2,2,official_incident_id,2020
22125,incident:2020100501,2020-10-06 00:00:00+00:00,2020-10-10 00:00:00+00:00,Hurricane,3547; 4570,2,2,official_incident_id,2020
22125,incident:2020102601,2020-10-26 00:00:00+00:00,2020-10-29 00:00:00+00:00,Hurricane,3549; 4577,2,2,official_incident_id,2020
22125,incident:2021021302,2021-02-11 00:00:00+00:00,2021-02-19 00:00:00+00:00,Severe Ice Storm,3556; 4590,2,2,official_incident_id,2021
22125,incident:2021082601,2021-08-26 00:00:00+00:00,2021-09-03 00:00:00+00:00,Hurricane,3568; 4611,2,2,official_incident_id,2021
22125,incident:2024090902,2024-09-09 00:00:00+00:00,2024-09-12 00:00:00+00:00,Hurricane,3614; 4817,2,2,official_incident_id,2024
22127,incident:2020030901,2020-01-20 00:00:00+00:00,2023-05-11 00:00:00+00:00,Biological,3459; 4484,2,3,official_incident_id,2020
22127,incident:2020081804,2020-08-22 00:00:00+00:00,2020-08-27 00:00:00+00:00,Hurricane,3538; 4559,2,2,official_incident_id,2020
22127,incident:2020100501,2020-10-06 00:00:00+00:00,2020-10-10 00:00:00+00:00,Hurricane,3547; 4570,2,2,official_incident_id,2020
22127,incident:2021021302,2021-02-11 00:00:00+00:00,2021-02-19 00:00:00+00:00,Severe Ice Storm,3556; 4590,2,2,official_incident_id,2021
22127,incident:2021082601,2021-08-26 00:00:00+00:00,2021-09-03 00:00:00+00:00,Hurricane,3568; 4611,2,2,official_incident_id,2021
23001,incident:2020030901,2020-01-20 00:00:00+00:00,2023-05-11 00:00:00+00:00,Biological,3444; 4522,2,2,official_incident_id,2020
23003,incident:2020030901,2020-01-20 00:00:00+00:00,2023-05-11 00:00:00+00:00,Biological,3444; 4522,2,129,official_incident_id,2020
23005,incident:2020030901,2020-01-20 00:00:00+00:00,2023-05-11 00:00:00+00:00,Biological,3444; 4522,2,2,official_incident_id,2020
23007,incident:2020030901,2020-01-20 00:00:00+00:00,2023-05-11 00:00:00+00:00,Biological,3444; 3498; 4522,3,56,official_incident_id,2020
23009,incident:2020030901,2020-01-20 00:00:00+00:00,2023-05-11 00:00:00+00:00,Biological,3444; 3498; 4522,3,19,official_incident_id,2020
23011,incident:2020030901,2020-01-20 00:00:00+00:00,2023-05-11 00:00:00+00:00,Biological,3444; 4522,2,2,official_incident_id,2020
23013,incident:2020030901,2020-01-20 00:00:00+00:00,2023-05-11 00:00:00+00:00,Biological,3444; 4522,2,2,official_incident_id,2020
23015,incident:2020030901,2020-01-20 00:00:00+00:00,2023-05-11 00:00:00+00:00,Biological,3444; 4522,2,2,official_incident_id,2020
23017,incident:2020030901,2020-01-20 00:00:00+00:00,2023-05-11 00:00:00+00:00,Biological,3444; 3498; 4522,3,40,official_incident_id,2020
23019,incident:2020030901,2020-01-20 00:00:00+00:00,2023-05-11 00:00:00+00:00,Biological,3444; 3498; 4522,3,54,official_incident_id,2020
23021,incident:2020030901,2020-01-20 00:00:00+00:00,2023-05-11 00:00:00+00:00,Biological,3444; 4522,2,119,official_incident_id,2020
23023,incident:2020030901,2020-01-20 00:00:00+00:00,2023-05-11 00:00:00+00:00,Biological,3444; 4522,2,3,official_incident_id,2020
23025,incident:2020030901,2020-01-20 00:00:00+00:00,2023-05-11 00:00:00+00:00,Biological,3444; 3498; 4522,3,147,official_incident_id,2020
23027,incident:2020030901,2020-01-20 00:00:00+00:00,2023-05-11 00:00:00+00:00,Biological,3444; 4522,2,2,official_incident_id,2020
23029,incident:2020030901,2020-01-20 00:00:00+00:00,2023-05-11 00:00:00+00:00,Biological,3444; 3498; 4522,3,49,official_incident_id,2020
23031,incident:2020030901,2020-01-20 00:00:00+00:00,2023-05-11 00:00:00+00:00,Biological,3444; 4522,2,2,official_incident_id,2020
24001,incident:2012102505,2012-10-26 00:00:00+00:00,2012-11-08 00:00:00+00:00,Hurricane,3349; 4091,2,2,official_incident_id,2012
24001,incident:2020030901,2020-01-20 00:00:00+00:00,2023-05-11 00:00:00+00:00,Biological,3430; 4491,2,2,official_incident_id,2020
24003,incident:2012102505,2012-10-26 00:00:00+00:00,2012-11-08 00:00:00+00:00,Hurricane,3349; 4091,2,2,official_incident_id,2012
24003,incident:2020030901,2020-01-20 00:00:00+00:00,2023-05-11 00:00:00+00:00,Biological,3430; 4491,2,2,official_incident_id,2020
24005,incident:2011082201,2011-08-24 00:00:00+00:00,2011-09-05 00:00:00+00:00,Hurricane,3335; 4034,2,2,official_incident_id,2011
24005,incident:2012102505,2012-10-26 00:00:00+00:00,2012-11-08 00:00:00+00:00,Hurricane,3349; 4091,2,2,official_incident_id,2012
24005,incident:2020030901,2020-01-20 00:00:00+00:00,2023-05-11 00:00:00+00:00,Biological,3430; 4491,2,2,official_incident_id,2020
24009,incident:2011082201,2011-08-24 00:00:00+00:00,2011-09-05 00:00:00+00:00,Hurricane,3335; 4034,2,2,official_incident_id,2011
24009,incident:2012102505,2012-10-26 00:00:00+00:00,2012-11-08 00:00:00+00:00,Hurricane,3349; 4091,2,2,official_incident_id,2012
24009,incident:2020030901,2020-01-20 00:00:00+00:00,2023-05-11 00:00:00+00:00,Biological,3430; 4491,2,2,official_incident_id,2020
24011,incident:2011082201,2011-08-24 00:00:00+00:00,2011-09-05 00:00:00+00:00,Hurricane,3335; 4034,2,2,official_incident_id,2011
24011,incident:2012102505,2012-10-26 00:00:00+00:00,2012-11-08 00:00:00+00:00,Hurricane,3349; 4091,2,2,official_incident_id,2012
24011,incident:2020030901,2020-01-20 00:00:00+00:00,2023-05-11 00:00:00+00:00,Biological,3430; 4491,2,2,official_incident_id,2020
24013,incident:2012102505,2012-10-26 00:00:00+00:00,2012-11-08 00:00:00+00:00,Hurricane,3349; 4091,2,2,official_incident_id,2012
24013,incident:2020030901,2020-01-20 00:00:00+00:00,2023-05-11 00:00:00+00:00,Biological,3430; 4491,2,2,official_incident_id,2020
24015,incident:2011082201,2011-08-24 00:00:00+00:00,2011-09-05 00:00:00+00:00,Hurricane,3335; 4034,2,2,official_incident_id,2011
24015,incident:2012102505,2012-10-26 00:00:00+00:00,2012-11-08 00:00:00+00:00,Hurricane,3349; 4091,2,2,official_incident_id,2012
24015,incident:2020030901,2020-01-20 00:00:00+00:00,2023-05-11 00:00:00+00:00,Biological,3430; 4491,2,2,official_incident_id,2020
24017,incident:2011082201,2011-08-24 00:00:00+00:00,2011-09-05 00:00:00+00:00,Hurricane,3335; 4034,2,2,official_incident_id,2011
24017,incident:2012102505,2012-10-26 00:00:00+00:00,2012-11-08 00:00:00+00:00,Hurricane,3349; 4091,2,2,official_incident_id,2012
24017,incident:2020030901,2020-01-20 00:00:00+00:00,2023-05-11 00:00:00+00:00,Biological,3430; 4491,2,2,official_incident_id,2020
24019,incident:2011082201,2011-08-24 00:00:00+00:00,2011-09-05 00:00:00+00:00,Hurricane,3335; 4034,2,2,official_incident_id,2011
24019,incident:2012102505,2012-10-26 00:00:00+00:00,2012-11-08 00:00:00+00:00,Hurricane,3349; 4091,2,2,official_incident_id,2012
24019,incident:2020030901,2020-01-20 00:00:00+00:00,2023-05-11 00:00:00+00:00,Biological,3430; 4491,2,2,official_incident_id,2020
24021,incident:2012102505,2012-10-26 00:00:00+00:00,2012-11-08 00:00:00+00:00,Hurricane,3349; 4091,2,2,official_incident_id,2012
24021,incident:2020030901,2020-01-20 00:00:00+00:00,2023-05-11 00:00:00+00:00,Biological,3430; 4491,2,2,official_incident_id,2020
24023,incident:2012102505,2012-10-26 00:00:00+00:00,2012-11-08 00:00:00+00:00,Hurricane,3349; 4091,2,2,official_incident_id,2012
24023,incident:2020030901,2020-01-20 00:00:00+00:00,2023-05-11 00:00:00+00:00,Biological,3430; 4491,2,2,official_incident_id,2020
24025,incident:2011082201,2011-08-24 00:00:00+00:00,2011-09-05 00:00:00+00:00,Hurricane,3335; 4034,2,2,official_incident_id,2011
24025,incident:2012102505,2012-10-26 00:00:00+00:00,2012-11-08 00:00:00+00:00,Hurricane,3349; 4091,2,2,official_incident_id,2012
24025,incident:2020030901,2020-01-20 00:00:00+00:00,2023-05-11 00:00:00+00:00,Biological,3430; 4491,2,2,official_incident_id,2020
24027,incident:2012102505,2012-10-26 00:00:00+00:00,2012-11-08 00:00:00+00:00,Hurricane,3349; 4091,2,2,official_incident_id,2012
24027,incident:2020030901,2020-01-20 00:00:00+00:00,2023-05-11 00:00:00+00:00,Biological,3430; 4491,2,2,official_incident_id,2020
24029,incident:2011082201,2011-08-24 00:00:00+00:00,2011-09-05 00:00:00+00:00,Hurricane,3335; 4034,2,2,official_incident_id,2011
24029,incident:2012102505,2012-10-26 00:00:00+00:00,2012-11-08 00:00:00+00:00,Hurricane,3349; 4091,2,2,official_incident_id,2012
24029,incident:2020030901,2020-01-20 00:00:00+00:00,2023-05-11 00:00:00+00:00,Biological,3430; 4491,2,2,official_incident_id,2020
24031,incident:2012102505,2012-10-26 00:00:00+00:00,2012-11-08 00:00:00+00:00,Hurricane,3349; 4091,2,2,official_incident_id,2012
24031,incident:2020030901,2020-01-20 00:00:00+00:00,2023-05-11 00:00:00+00:00,Biological,3430; 4491,2,2,official_incident_id,2020
24033,incident:2012102505,2012-10-26 00:00:00+00:00,2012-11-08 00:00:00+00:00,Hurricane,3349; 4091,2,2,official_incident_id,2012
24033,incident:2020030901,2020-01-20 00:00:00+00:00,2023-05-11 00:00:00+00:00,Biological,3430; 4491,2,2,official_incident_id,2020
24035,incident:2011082201,2011-08-24 00:00:00+00:00,2011-09-05 00:00:00+00:00,Hurricane,3335; 4034,2,2,official_incident_id,2011
24035,incident:2012102505,2012-10-26 00:00:00+00:00,2012-11-08 00:00:00+00:00,Hurricane,3349; 4091,2,2,official_incident_id,2012
24035,incident:2020030901,2020-01-20 00:00:00+00:00,2023-05-11 00:00:00+00:00,Biological,3430; 4491,2,2,official_incident_id,2020
24037,incident:2011082201,2011-08-24 00:00:00+00:00,2011-09-05 00:00:00+00:00,Hurricane,3335; 4034,2,2,official_incident_id,2011
24037,incident:2012102505,2012-10-26 00:00:00+00:00,2012-11-08 00:00:00+00:00,Hurricane,3349; 4091,2,2,official_incident_id,2012
24037,incident:2020030901,2020-01-20 00:00:00+00:00,2023-05-11 00:00:00+00:00,Biological,3430; 4491,2,2,official_incident_id,2020
24039,incident:2011082201,2011-08-24 00:00:00+00:00,2011-09-05 00:00:00+00:00,Hurricane,3335; 4034,2,2,official_incident_id,2011
24039,incident:2012102505,2012-10-26 00:00:00+00:00,2012-11-08 00:00:00+00:00,Hurricane,3349; 4091,2,2,official_incident_id,2012
24039,incident:2020030901,2020-01-20 00:00:00+00:00,2023-05-11 00:00:00+00:00,Biological,3430; 4491,2,2,official_incident_id,2020
24041,incident:2011082201,2011-08-24 00:00:00+00:00,2011-09-05 00:00:00+00:00,Hurricane,3335; 4034,2,2,official_incident_id,2011
24041,incident:2012102505,2012-10-26 00:00:00+00:00,2012-11-08 00:00:00+00:00,Hurricane,3349; 4091,2,2,official_incident_id,2012
24041,incident:2020030901,2020-01-20 00:00:00+00:00,2023-05-11 00:00:00+00:00,Biological,3430; 4491,2,2,official_incident_id,2020
24043,incident:2012102505,2012-10-26 00:00:00+00:00,2012-11-08 00:00:00+00:00,Hurricane,3349; 4091,2,2,official_incident_id,2012
24043,incident:2020030901,2020-01-20 00:00:00+00:00,2023-05-11 00:00:00+00:00,Biological,3430; 4491,2,2,official_incident_id,2020
24045,incident:2011082201,2011-08-24 00:00:00+00:00,2011-09-05 00:00:00+00:00,Hurricane,3335; 4034,2,2,official_incident_id,2011
24045,incident:2012102505,2012-10-26 00:00:00+00:00,2012-11-08 00:00:00+00:00,Hurricane,3349; 4091,2,2,official_incident_id,2012
24045,incident:2020030901,2020-01-20 00:00:00+00:00,2023-05-11 00:00:00+00:00,Biological,3430; 4491,2,2,official_incident_id,2020
24047,incident:2011082201,2011-08-24 00:00:00+00:00,2011-09-05 00:00:00+00:00,Hurricane,3335; 4034,2,2,official_incident_id,2011
24047,incident:2012102505,2012-10-26 00:00:00+00:00,2012-11-08 00:00:00+00:00,Hurricane,3349; 4091,2,2,official_incident_id,2012
24047,incident:2020030901,2020-01-20 00:00:00+00:00,2023-05-11 00:00:00+00:00,Biological,3430; 4491,2,2,official_incident_id,2020
24510,incident:2011082201,2011-08-24 00:00:00+00:00,2011-09-05 00:00:00+00:00,Hurricane,3335; 4034,2,2,official_incident_id,2011
24510,incident:2012102505,2012-10-26 00:00:00+00:00,2012-11-08 00:00:00+00:00,Hurricane,3349; 4091,2,2,official_incident_id,2012
24510,incident:2020030901,2020-01-20 00:00:00+00:00,2023-05-11 00:00:00+00:00,Biological,3430; 4491,2,2,official_incident_id,2020
25001,incident:2011082401,2011-08-26 00:00:00+00:00,2011-09-05 00:00:00+00:00,Hurricane,3330; 4028,2,2,official_incident_id,2011
25001,incident:2012102505,2012-10-27 00:00:00+00:00,2012-11-08 00:00:00+00:00,Hurricane,3350; 4097,2,2,official_incident_id,2012
25001,incident:2020030901,2020-01-20 00:00:00+00:00,2023-05-11 00:00:00+00:00,Biological,3438; 3484; 4496,3,4,official_incident_id,2020
25003,incident:2011082401,2011-08-26 00:00:00+00:00,2011-09-05 00:00:00+00:00,Hurricane,3330; 4028,2,2,official_incident_id,2011
25003,incident:2011103101,2011-10-29 00:00:00+00:00,2011-10-30 00:00:00+00:00,Severe Storm,3343; 4051,2,2,official_incident_id,2011
25003,incident:2020030901,2020-01-20 00:00:00+00:00,2023-05-11 00:00:00+00:00,Biological,3438; 4496,2,2,official_incident_id,2020
25005,incident:2011082401,2011-08-26 00:00:00+00:00,2011-09-05 00:00:00+00:00,Hurricane,3330; 4028,2,2,official_incident_id,2011
25005,incident:2012102505,2012-10-27 00:00:00+00:00,2012-11-08 00:00:00+00:00,Hurricane,3350; 4097,2,2,official_incident_id,2012
25005,incident:2020030901,2020-01-20 00:00:00+00:00,2023-05-11 00:00:00+00:00,Biological,3438; 3484; 4496,3,4,official_incident_id,2020
25007,incident:2011082401,2011-08-26 00:00:00+00:00,2011-09-05 00:00:00+00:00,Hurricane,3330; 4028,2,2,official_incident_id,2011
25007,incident:2012102505,2012-10-27 00:00:00+00:00,2012-11-08 00:00:00+00:00,Hurricane,3350; 4097,2,2,official_incident_id,2012
25007,incident:2020030901,2020-01-20 00:00:00+00:00,2023-05-11 00:00:00+00:00,Biological,3438; 4496,2,2,official_incident_id,2020
25009,incident:2020030901,2020-01-20 00:00:00+00:00,2023-05-11 00:00:00+00:00,Biological,3438; 4496,2,2,official_incident_id,2020
25011,incident:2011082401,2011-08-26 00:00:00+00:00,2011-09-05 00:00:00+00:00,Hurricane,3330; 4028,2,2,official_incident_id,2011
25011,incident:2011103101,2011-10-29 00:00:00+00:00,2011-10-30 00:00:00+00:00,Severe Storm,3343; 4051,2,2,official_incident_id,2011
25011,incident:2020030901,2020-01-20 00:00:00+00:00,2023-05-11 00:00:00+00:00,Biological,3438; 4496,2,2,official_incident_id,2020
25013,incident:2011082401,2011-08-26 00:00:00+00:00,2011-09-05 00:00:00+00:00,Hurricane,3330; 4028,2,2,official_incident_id,2011
25013,incident:2011103101,2011-10-29 00:00:00+00:00,2011-10-30 00:00:00+00:00,Severe Storm,3343; 4051,2,2,official_incident_id,2011
25013,incident:2020030901,2020-01-20 00:00:00+00:00,2023-05-11 00:00:00+00:00,Biological,3438; 4496,2,2,official_incident_id,2020
25015,incident:2011082401,2011-08-26 00:00:00+00:00,2011-09-05 00:00:00+00:00,Hurricane,3330; 4028,2,2,official_incident_id,2011
25015,incident:2011103101,2011-10-29 00:00:00+00:00,2011-10-30 00:00:00+00:00,Severe Storm,3343; 4051,2,2,official_incident_id,2011
25015,incident:2020030901,2020-01-20 00:00:00+00:00,2023-05-11 00:00:00+00:00,Biological,3438; 4496,2,2,official_incident_id,2020
25017,incident:2011103101,2011-10-29 00:00:00+00:00,2011-10-30 00:00:00+00:00,Severe Storm,3343; 4051,2,2,official_incident_id,2011
25017,incident:2020030901,2020-01-20 00:00:00+00:00,2023-05-11 00:00:00+00:00,Biological,3438; 4496,2,2,official_incident_id,2020
25019,incident:2012102505,2012-10-27 00:00:00+00:00,2012-11-08 00:00:00+00:00,Hurricane,3350; 4097,2,2,official_incident_id,2012
25019,incident:2020030901,2020-01-20 00:00:00+00:00,2023-05-11 00:00:00+00:00,Biological,3438; 4496,2,2,official_incident_id,2020
25021,incident:2011082401,2011-08-26 00:00:00+00:00,2011-09-05 00:00:00+00:00,Hurricane,3330; 4028,2,2,official_incident_id,2011
25021,incident:2020030901,2020-01-20 00:00:00+00:00,2023-05-11 00:00:00+00:00,Biological,3438; 4496,2,2,official_incident_id,2020
25023,incident:2011082401,2011-08-26 00:00:00+00:00,2011-09-05 00:00:00+00:00,Hurricane,3330; 4028,2,2,official_incident_id,2011
25023,incident:2012102505,2012-10-27 00:00:00+00:00,2012-11-08 00:00:00+00:00,Hurricane,3350; 4097,2,2,official_incident_id,2012
25023,incident:2020030901,2020-01-20 00:00:00+00:00,2023-05-11 00:00:00+00:00,Biological,3438; 4496,2,2,official_incident_id,2020
25025,incident:2012102505,2012-10-27 00:00:00+00:00,2012-11-08 00:00:00+00:00,Hurricane,3350; 4097,2,2,official_incident_id,2012
25025,incident:2020030901,2020-01-20 00:00:00+00:00,2023-05-11 00:00:00+00:00,Biological,3438; 4496,2,2,official_incident_id,2020
25027,incident:2011103101,2011-10-29 00:00:00+00:00,2011-10-30 00:00:00+00:00,Severe Storm,3343; 4051,2,2,official_incident_id,2011
25027,incident:2020030901,2020-01-20 00:00:00+00:00,2023-05-11 00:00:00+00:00,Biological,3438; 4496,2,3,official_incident_id,2020
26001,incident:2020030901,2020-01-20 00:00:00+00:00,2023-05-11 00:00:00+00:00,Biological,3455; 4494,2,2,official_incident_id,2020
26003,incident:2020030901,2020-01-20 00:00:00+00:00,2023-05-11 00:00:00+00:00,Biological,3455; 4494,2,4,official_incident_id,2020
26005,incident:2020030901,2020-01-20 00:00:00+00:00,2023-05-11 00:00:00+00:00,Biological,3455; 4494,2,2,official_incident_id,2020
26007,incident:2020030901,2020-01-20 00:00:00+00:00,2023-05-11 00:00:00+00:00,Biological,3455; 4494,2,2,official_incident_id,2020
26009,incident:2020030901,2020-01-20 00:00:00+00:00,2023-05-11 00:00:00+00:00,Biological,3455; 4494,2,2,official_incident_id,2020
26011,incident:2020030901,2020-01-20 00:00:00+00:00,2023-05-11 00:00:00+00:00,Biological,3455; 4494,2,2,official_incident_id,2020
26013,incident:2020030901,2020-01-20 00:00:00+00:00,2023-05-11 00:00:00+00:00,Biological,3455; 4494,2,4,official_incident_id,2020
26015,incident:2020030901,2020-01-20 00:00:00+00:00,2023-05-11 00:00:00+00:00,Biological,3455; 4494,2,2,official_incident_id,2020
26017,incident:2020030901,2020-01-20 00:00:00+00:00,2023-05-11 00:00:00+00:00,Biological,3455; 4494,2,2,official_incident_id,2020
26019,incident:2020030901,2020-01-20 00:00:00+00:00,2023-05-11 00:00:00+00:00,Biological,3455; 4494,2,2,official_incident_id,2020
26021,incident:2020030901,2020-01-20 00:00:00+00:00,2023-05-11 00:00:00+00:00,Biological,3455; 4494,2,2,official_incident_id,2020
26023,incident:2020030901,2020-01-20 00:00:00+00:00,2023-05-11 00:00:00+00:00,Biological,3455; 4494,2,2,official_incident_id,2020
26025,incident:2020030901,2020-01-20 00:00:00+00:00,2023-05-11 00:00:00+00:00,Biological,3455; 4494,2,4,official_incident_id,2020
26027,incident:2020030901,2020-01-20 00:00:00+00:00,2023-05-11 00:00:00+00:00,Biological,3455; 4494,2,2,official_incident_id,2020
26029,incident:2020030901,2020-01-20 00:00:00+00:00,2023-05-11 00:00:00+00:00,Biological,3455; 4494,2,4,official_incident_id,2020
26031,incident:2020030901,2020-01-20 00:00:00+00:00,2023-05-11 00:00:00+00:00,Biological,3455; 4494,2,2,official_incident_id,2020
26033,incident:2020030901,2020-01-20 00:00:00+00:00,2023-05-11 00:00:00+00:00,Biological,3455; 4494,2,6,official_incident_id,2020
26035,incident:2020030901,2020-01-20 00:00:00+00:00,2023-05-11 00:00:00+00:00,Biological,3455; 4494,2,2,official_incident_id,2020
26037,incident:2020030901,2020-01-20 00:00:00+00:00,2023-05-11 00:00:00+00:00,Biological,3455; 4494,2,2,official_incident_id,2020
26039,incident:2020030901,2020-01-20 00:00:00+00:00,2023-05-11 00:00:00+00:00,Biological,3455; 4494,2,2,official_incident_id,2020
26041,incident:2020030901,2020-01-20 00:00:00+00:00,2023-05-11 00:00:00+00:00,Biological,3455; 4494,2,8,official_incident_id,2020
26043,incident:2020030901,2020-01-20 00:00:00+00:00,2023-05-11 00:00:00+00:00,Biological,3455; 4494,2,2,official_incident_id,2020
26045,incident:2020030901,2020-01-20 00:00:00+00:00,2023-05-11 00:00:00+00:00,Biological,3455; 4494,2,2,official_incident_id,2020
26047,incident:2020030901,2020-01-20 00:00:00+00:00,2023-05-11 00:00:00+00:00,Biological,3455; 4494,2,4,official_incident_id,2020
26049,incident:2020030901,2020-01-20 00:00:00+00:00,2023-05-11 00:00:00+00:00,Biological,3455; 4494,2,2,official_incident_id,2020
26051,incident:2020030901,2020-01-20 00:00:00+00:00,2023-05-11 00:00:00+00:00,Biological,3455; 4494,2,2,official_incident_id,2020
26051,incident:2020052001,2020-05-16 00:00:00+00:00,2020-05-22 00:00:00+00:00,Dam/Levee Break,3525; 4547,2,2,official_incident_id,2020
26053,incident:2020030901,2020-01-20 00:00:00+00:00,2023-05-11 00:00:00+00:00,Biological,3455; 4494,2,4,official_incident_id,2020
26055,incident:2020030901,2020-01-20 00:00:00+00:00,2023-05-11 00:00:00+00:00,Biological,3455; 4494,2,4,official_incident_id,2020
26057,incident:2020030901,2020-01-20 00:00:00+00:00,2023-05-11 00:00:00+00:00,Biological,3455; 4494,2,2,official_incident_id,2020
26059,incident:2020030901,2020-01-20 00:00:00+00:00,2023-05-11 00:00:00+00:00,Biological,3455; 4494,2,2,official_incident_id,2020
26061,incident:2020030901,2020-01-20 00:00:00+00:00,2023-05-11 00:00:00+00:00,Biological,3455; 4494,2,2,official_incident_id,2020
26063,incident:2020030901,2020-01-20 00:00:00+00:00,2023-05-11 00:00:00+00:00,Biological,3455; 4494,2,2,official_incident_id,2020
26065,incident:2020030901,2020-01-20 00:00:00+00:00,2023-05-11 00:00:00+00:00,Biological,3455; 4494,2,2,official_incident_id,2020
26067,incident:2020030901,2020-01-20 00:00:00+00:00,2023-05-11 00:00:00+00:00,Biological,3455; 4494,2,2,official_incident_id,2020
26069,incident:2020030901,2020-01-20 00:00:00+00:00,2023-05-11 00:00:00+00:00,Biological,3455; 4494,2,2,official_incident_id,2020
26071,incident:2020030901,2020-01-20 00:00:00+00:00,2023-05-11 00:00:00+00:00,Biological,3455; 4494,2,2,official_incident_id,2020
26073,incident:2020030901,2020-01-20 00:00:00+00:00,2023-05-11 00:00:00+00:00,Biological,3455; 4494,2,4,official_incident_id,2020
26075,incident:2020030901,2020-01-20 00:00:00+00:00,2023-05-11 00:00:00+00:00,Biological,3455; 4494,2,2,official_incident_id,2020
26077,incident:2020030901,2020-01-20 00:00:00+00:00,2023-05-11 00:00:00+00:00,Biological,3455; 4494,2,2,official_incident_id,2020
26079,incident:2020030901,2020-01-20 00:00:00+00:00,2023-05-11 00:00:00+00:00,Biological,3455; 4494,2,2,official_incident_id,2020
26081,incident:2020030901,2020-01-20 00:00:00+00:00,2023-05-11 00:00:00+00:00,Biological,3455; 4494,2,2,official_incident_id,2020
26083,incident:2020030901,2020-01-20 00:00:00+00:00,2023-05-11 00:00:00+00:00,Biological,3455; 4494,2,2,official_incident_id,2020
26085,incident:2020030901,2020-01-20 00:00:00+00:00,2023-05-11 00:00:00+00:00,Biological,3455; 4494,2,2,official_incident_id,2020
26087,incident:2020030901,2020-01-20 00:00:00+00:00,2023-05-11 00:00:00+00:00,Biological,3455; 4494,2,2,official_incident_id,2020
26089,incident:2020030901,2020-01-20 00:00:00+00:00,2023-05-11 00:00:00+00:00,Biological,3455; 4494,2,2,official_incident_id,2020
26091,incident:2020030901,2020-01-20 00:00:00+00:00,2023-05-11 00:00:00+00:00,Biological,3455; 4494,2,2,official_incident_id,2020
26093,incident:2020030901,2020-01-20 00:00:00+00:00,2023-05-11 00:00:00+00:00,Biological,3455; 4494,2,2,official_incident_id,2020
26095,incident:2020030901,2020-01-20 00:00:00+00:00,2023-05-11 00:00:00+00:00,Biological,3455; 4494,2,4,official_incident_id,2020
26097,incident:2020030901,2020-01-20 00:00:00+00:00,2023-05-11 00:00:00+00:00,Biological,3455; 4494,2,4,official_incident_id,2020
26099,incident:2020030901,2020-01-20 00:00:00+00:00,2023-05-11 00:00:00+00:00,Biological,3455; 4494,2,2,official_incident_id,2020
26101,incident:2020030901,2020-01-20 00:00:00+00:00,2023-05-11 00:00:00+00:00,Biological,3455; 4494,2,2,official_incident_id,2020
26103,incident:2020030901,2020-01-20 00:00:00+00:00,2023-05-11 00:00:00+00:00,Biological,3455; 4494,2,6,official_incident_id,2020
26105,incident:2020030901,2020-01-20 00:00:00+00:00,2023-05-11 00:00:00+00:00,Biological,3455; 4494,2,2,official_incident_id,2020
26107,incident:2020030901,2020-01-20 00:00:00+00:00,2023-05-11 00:00:00+00:00,Biological,3455; 4494,2,2,official_incident_id,2020
26109,incident:2020030901,2020-01-20 00:00:00+00:00,2023-05-11 00:00:00+00:00,Biological,3455; 4494,2,4,official_incident_id,2020
26111,incident:2020030901,2020-01-20 00:00:00+00:00,2023-05-11 00:00:00+00:00,Biological,3455; 4494,2,2,official_incident_id,2020
26111,incident:2020052001,2020-05-16 00:00:00+00:00,2020-05-22 00:00:00+00:00,Dam/Levee Break,3525; 4547,2,2,official_incident_id,2020
26113,incident:2020030901,2020-01-20 00:00:00+00:00,2023-05-11 00:00:00+00:00,Biological,3455; 4494,2,2,official_incident_id,2020
26115,incident:2020030901,2020-01-20 00:00:00+00:00,2023-05-11 00:00:00+00:00,Biological,3455; 4494,2,2,official_incident_id,2020
26117,incident:2020030901,2020-01-20 00:00:00+00:00,2023-05-11 00:00:00+00:00,Biological,3455; 4494,2,2,official_incident_id,2020
26119,incident:2020030901,2020-01-20 00:00:00+00:00,2023-05-11 00:00:00+00:00,Biological,3455; 4494,2,2,official_incident_id,2020
26121,incident:2020030901,2020-01-20 00:00:00+00:00,2023-05-11 00:00:00+00:00,Biological,3455; 4494,2,2,official_incident_id,2020
26123,incident:2020030901,2020-01-20 00:00:00+00:00,2023-05-11 00:00:00+00:00,Biological,3455; 4494,2,2,official_incident_id,2020
26125,incident:2020030901,2020-01-20 00:00:00+00:00,2023-05-11 00:00:00+00:00,Biological,3455; 4494,2,2,official_incident_id,2020
26127,incident:2020030901,2020-01-20 00:00:00+00:00,2023-05-11 00:00:00+00:00,Biological,3455; 4494,2,2,official_incident_id,2020
26129,incident:2020030901,2020-01-20 00:00:00+00:00,2023-05-11 00:00:00+00:00,Biological,3455; 4494,2,2,official_incident_id,2020
26131,incident:2020030901,2020-01-20 00:00:00+00:00,2023-05-11 00:00:00+00:00,Biological,3455; 4494,2,4,official_incident_id,2020
26133,incident:2020030901,2020-01-20 00:00:00+00:00,2023-05-11 00:00:00+00:00,Biological,3455; 4494,2,2,official_incident_id,2020
26135,incident:2020030901,2020-01-20 00:00:00+00:00,2023-05-11 00:00:00+00:00,Biological,3455; 4494,2,2,official_incident_id,2020
26137,incident:2020030901,2020-01-20 00:00:00+00:00,2023-05-11 00:00:00+00:00,Biological,3455; 4494,2,2,official_incident_id,2020
26139,incident:2020030901,2020-01-20 00:00:00+00:00,2023-05-11 00:00:00+00:00,Biological,3455; 4494,2,2,official_incident_id,2020
26141,incident:2020030901,2020-01-20 00:00:00+00:00,2023-05-11 00:00:00+00:00,Biological,3455; 4494,2,2,official_incident_id,2020
26143,incident:2020030901,2020-01-20 00:00:00+00:00,2023-05-11 00:00:00+00:00,Biological,3455; 4494,2,2,official_incident_id,2020
26145,incident:2020030901,2020-01-20 00:00:00+00:00,2023-05-11 00:00:00+00:00,Biological,3455; 4494,2,2,official_incident_id,2020
26147,incident:2020030901,2020-01-20 00:00:00+00:00,2023-05-11 00:00:00+00:00,Biological,3455; 4494,2,2,official_incident_id,2020
26149,incident:2020030901,2020-01-20 00:00:00+00:00,2023-05-11 00:00:00+00:00,Biological,3455; 4494,2,2,official_incident_id,2020
26151,incident:2020030901,2020-01-20 00:00:00+00:00,2023-05-11 00:00:00+00:00,Biological,3455; 4494,2,2,official_incident_id,2020
26153,incident:2020030901,2020-01-20 00:00:00+00:00,2023-05-11 00:00:00+00:00,Biological,3455; 4494,2,4,official_incident_id,2020
26155,incident:2020030901,2020-01-20 00:00:00+00:00,2023-05-11 00:00:00+00:00,Biological,3455; 4494,2,2,official_incident_id,2020
26157,incident:2020030901,2020-01-20 00:00:00+00:00,2023-05-11 00:00:00+00:00,Biological,3455; 4494,2,2,official_incident_id,2020
26159,incident:2020030901,2020-01-20 00:00:00+00:00,2023-05-11 00:00:00+00:00,Biological,3455; 4494,2,2,official_incident_id,2020
26161,incident:2020030901,2020-01-20 00:00:00+00:00,2023-05-11 00:00:00+00:00,Biological,3455; 4494,2,2,official_incident_id,2020
26163,incident:2020030901,2020-01-20 00:00:00+00:00,2023-05-11 00:00:00+00:00,Biological,3455; 4494,2,2,official_incident_id,2020
26165,incident:2020030901,2020-01-20 00:00:00+00:00,2023-05-11 00:00:00+00:00,Biological,3455; 4494,2,2,official_incident_id,2020
27001,incident:2020030901,2020-01-20 00:00:00+00:00,2023-05-11 00:00:00+00:00,Biological,3453; 4531,2,2,official_incident_id,2020
27003,incident:2020030901,2020-01-20 00:00:00+00:00,2023-05-11 00:00:00+00:00,Biological,3453; 4531,2,2,official_incident_id,2020
27005,incident:2020030901,2020-01-20 00:00:00+00:00,2023-05-11 00:00:00+00:00,Biological,3453; 4531,2,5,official_incident_id,2020
27007,incident:2020030901,2020-01-20 00:00:00+00:00,2023-05-11 00:00:00+00:00,Biological,3453; 4531,2,4,official_incident_id,2020
27009,incident:2020030901,2020-01-20 00:00:00+00:00,2023-05-11 00:00:00+00:00,Biological,3453; 4531,2,2,official_incident_id,2020
27011,incident:2010031602,2010-03-01 00:00:00+00:00,2010-04-26 00:00:00+00:00,Flood,1900; 3310,2,2,official_incident_id,2010
27011,incident:2020030901,2020-01-20 00:00:00+00:00,2023-05-11 00:00:00+00:00,Biological,3453; 4531,2,2,official_incident_id,2020
27013,incident:2010031602,2010-03-01 00:00:00+00:00,2010-04-26 00:00:00+00:00,Flood,1900; 3310,2,2,official_incident_id,2010
27013,incident:2020030901,2020-01-20 00:00:00+00:00,2023-05-11 00:00:00+00:00,Biological,3453; 4531,2,2,official_incident_id,2020
27015,incident:2010031602,2010-03-01 00:00:00+00:00,2010-04-26 00:00:00+00:00,Flood,1900; 3310,2,2,official_incident_id,2010
27015,incident:2020030901,2020-01-20 00:00:00+00:00,2023-05-11 00:00:00+00:00,Biological,3453; 4531,2,2,official_incident_id,2020
27017,incident:2020030901,2020-01-20 00:00:00+00:00,2023-05-11 00:00:00+00:00,Biological,3453; 4531,2,4,official_incident_id,2020
27019,incident:2010031602,2010-03-01 00:00:00+00:00,2010-04-26 00:00:00+00:00,Flood,1900; 3310,2,2,official_incident_id,2010
27019,incident:2020030901,2020-01-20 00:00:00+00:00,2023-05-11 00:00:00+00:00,Biological,3453; 4531,2,2,official_incident_id,2020
27021,incident:2020030901,2020-01-20 00:00:00+00:00,2023-05-11 00:00:00+00:00,Biological,3453; 4531,2,7,official_incident_id,2020
27023,incident:2010031602,2010-03-01 00:00:00+00:00,2010-04-26 00:00:00+00:00,Flood,1900; 3310,2,4,official_incident_id,2010
27023,incident:2020030901,2020-01-20 00:00:00+00:00,2023-05-11 00:00:00+00:00,Biological,3453; 3503; 4531,3,5,official_incident_id,2020
27025,incident:2020030901,2020-01-20 00:00:00+00:00,2023-05-11 00:00:00+00:00,Biological,3453; 4531,2,2,official_incident_id,2020
27027,incident:2010031602,2010-03-01 00:00:00+00:00,2010-04-26 00:00:00+00:00,Flood,1900; 3310,2,2,official_incident_id,2010
27027,incident:2020030901,2020-01-20 00:00:00+00:00,2023-05-11 00:00:00+00:00,Biological,3453; 4531,2,2,official_incident_id,2020
27029,incident:2020030901,2020-01-20 00:00:00+00:00,2023-05-11 00:00:00+00:00,Biological,3453; 4531,2,4,official_incident_id,2020
27031,incident:2020030901,2020-01-20 00:00:00+00:00,2023-05-11 00:00:00+00:00,Biological,3453; 4531,2,4,official_incident_id,2020
27033,incident:2020030901,2020-01-20 00:00:00+00:00,2023-05-11 00:00:00+00:00,Biological,3453; 4531,2,2,official_incident_id,2020
27035,incident:2020030901,2020-01-20 00:00:00+00:00,2023-05-11 00:00:00+00:00,Biological,3453; 4531,2,2,official_incident_id,2020
27037,incident:2010031602,2010-03-01 00:00:00+00:00,2010-04-26 00:00:00+00:00,Flood,1900; 3310,2,2,official_incident_id,2010
27037,incident:2020030901,2020-01-20 00:00:00+00:00,2023-05-11 00:00:00+00:00,Biological,3453; 4531,2,4,official_incident_id,2020
27039,incident:2020030901,2020-01-20 00:00:00+00:00,2023-05-11 00:00:00+00:00,Biological,3453; 4531,2,2,official_incident_id,2020
27041,incident:2020030901,2020-01-20 00:00:00+00:00,2023-05-11 00:00:00+00:00,Biological,3453; 4531,2,2,official_incident_id,2020
27043,incident:2020030901,2020-01-20 00:00:00+00:00,2023-05-11 00:00:00+00:00,Biological,3453; 4531,2,2,official_incident_id,2020
27045,incident:2020030901,2020-01-20 00:00:00+00:00,2023-05-11 00:00:00+00:00,Biological,3453; 4531,2,2,official_incident_id,2020
27047,incident:2020030901,2020-01-20 00:00:00+00:00,2023-05-11 00:00:00+00:00,Biological,3453; 4531,2,2,official_incident_id,2020
27049,incident:2010031602,2010-03-01 00:00:00+00:00,2010-04-26 00:00:00+00:00,Flood,1900; 3310,2,2,official_incident_id,2010
27049,incident:2020030901,2020-01-20 00:00:00+00:00,2023-05-11 00:00:00+00:00,Biological,3453; 4531,2,4,official_incident_id,2020
27051,incident:2020030901,2020-01-20 00:00:00+00:00,2023-05-11 00:00:00+00:00,Biological,3453; 4531,2,2,official_incident_id,2020
27053,incident:2020030901,2020-01-20 00:00:00+00:00,2023-05-11 00:00:00+00:00,Biological,3453; 4531,2,2,official_incident_id,2020
27055,incident:2020030901,2020-01-20 00:00:00+00:00,2023-05-11 00:00:00+00:00,Biological,3453; 4531,2,2,official_incident_id,2020
27057,incident:2020030901,2020-01-20 00:00:00+00:00,2023-05-11 00:00:00+00:00,Biological,3453; 4531,2,4,official_incident_id,2020
27059,incident:2020030901,2020-01-20 00:00:00+00:00,2023-05-11 00:00:00+00:00,Biological,3453; 4531,2,2,official_incident_id,2020
27061,incident:2020030901,2020-01-20 00:00:00+00:00,2023-05-11 00:00:00+00:00,Biological,3453; 4531,2,4,official_incident_id,2020
27063,incident:2020030901,2020-01-20 00:00:00+00:00,2023-05-11 00:00:00+00:00,Biological,3453; 4531,2,2,official_incident_id,2020
27065,incident:2020030901,2020-01-20 00:00:00+00:00,2023-05-11 00:00:00+00:00,Biological,3453; 4531,2,2,official_incident_id,2020
27067,incident:2020030901,2020-01-20 00:00:00+00:00,2023-05-11 00:00:00+00:00,Biological,3453; 4531,2,2,official_incident_id,2020
27069,incident:2010031602,2010-03-01 00:00:00+00:00,2010-04-26 00:00:00+00:00,Flood,1900; 3310,2,2,official_incident_id,2010
27069,incident:2020030901,2020-01-20 00:00:00+00:00,2023-05-11 00:00:00+00:00,Biological,3453; 4531,2,4,official_incident_id,2020
27071,incident:2020030901,2020-01-20 00:00:00+00:00,2023-05-11 00:00:00+00:00,Biological,3453; 4531,2,4,official_incident_id,2020
27073,incident:2010031602,2010-03-01 00:00:00+00:00,2010-04-26 00:00:00+00:00,Flood,1900; 3310,2,2,official_incident_id,2010
27073,incident:2020030901,2020-01-20 00:00:00+00:00,2023-05-11 00:00:00+00:00,Biological,3453; 4531,2,2,official_incident_id,2020
27075,incident:2020030901,2020-01-20 00:00:00+00:00,2023-05-11 00:00:00+00:00,Biological,3453; 4531,2,2,official_incident_id,2020
27077,incident:2020030901,2020-01-20 00:00:00+00:00,2023-05-11 00:00:00+00:00,Biological,3453; 4531,2,2,official_incident_id,2020
27079,incident:2020030901,2020-01-20 00:00:00+00:00,2023-05-11 00:00:00+00:00,Biological,3453; 4531,2,2,official_incident_id,2020
27081,incident:2020030901,2020-01-20 00:00:00+00:00,2023-05-11 00:00:00+00:00,Biological,3453; 4531,2,2,official_incident_id,2020
27083,incident:2020030901,2020-01-20 00:00:00+00:00,2023-05-11 00:00:00+00:00,Biological,3453; 4531,2,2,official_incident_id,2020
27085,incident:2020030901,2020-01-20 00:00:00+00:00,2023-05-11 00:00:00+00:00,Biological,3453; 4531,2,2,official_incident_id,2020
27087,incident:2020030901,2020-01-20 00:00:00+00:00,2023-05-11 00:00:00+00:00,Biological,3453; 4531,2,4,official_incident_id,2020
27089,incident:2010031602,2010-03-01 00:00:00+00:00,2010-04-26 00:00:00+00:00,Flood,1900; 3310,2,2,official_incident_id,2010
27089,incident:2020030901,2020-01-20 00:00:00+00:00,2023-05-11 00:00:00+00:00,Biological,3453; 4531,2,2,official_incident_id,2020
27091,incident:2020030901,2020-01-20 00:00:00+00:00,2023-05-11 00:00:00+00:00,Biological,3453; 4531,2,2,official_incident_id,2020
27093,incident:2020030901,2020-01-20 00:00:00+00:00,2023-05-11 00:00:00+00:00,Biological,3453; 4531,2,2,official_incident_id,2020
27095,incident:2020030901,2020-01-20 00:00:00+00:00,2023-05-11 00:00:00+00:00,Biological,3453; 4531,2,4,official_incident_id,2020
27097,incident:2020030901,2020-01-20 00:00:00+00:00,2023-05-11 00:00:00+00:00,Biological,3453; 4531,2,2,official_incident_id,2020
27099,incident:2020030901,2020-01-20 00:00:00+00:00,2023-05-11 00:00:00+00:00,Biological,3453; 4531,2,2,official_incident_id,2020
27101,incident:2020030901,2020-01-20 00:00:00+00:00,2023-05-11 00:00:00+00:00,Biological,3453; 4531,2,2,official_incident_id,2020
27103,incident:2010031602,2010-03-01 00:00:00+00:00,2010-04-26 00:00:00+00:00,Flood,1900; 3310,2,2,official_incident_id,2010
27103,incident:2020030901,2020-01-20 00:00:00+00:00,2023-05-11 00:00:00+00:00,Biological,3453; 4531,2,2,official_incident_id,2020
27105,incident:2020030901,2020-01-20 00:00:00+00:00,2023-05-11 00:00:00+00:00,Biological,3453; 4531,2,2,official_incident_id,2020
27107,incident:2010031602,2010-03-01 00:00:00+00:00,2010-04-26 00:00:00+00:00,Flood,1900; 3310,2,2,official_incident_id,2010
27107,incident:2020030901,2020-01-20 00:00:00+00:00,2023-05-11 00:00:00+00:00,Biological,3453; 4531,2,2,official_incident_id,2020
27109,incident:2020030901,2020-01-20 00:00:00+00:00,2023-05-11 00:00:00+00:00,Biological,3453; 4531,2,2,official_incident_id,2020
27111,incident:2020030901,2020-01-20 00:00:00+00:00,2023-05-11 00:00:00+00:00,Biological,3453; 4531,2,3,official_incident_id,2020
27113,incident:2020030901,2020-01-20 00:00:00+00:00,2023-05-11 00:00:00+00:00,Biological,3453; 4531,2,2,official_incident_id,2020
27115,incident:2020030901,2020-01-20 00:00:00+00:00,2023-05-11 00:00:00+00:00,Biological,3453; 4531,2,2,official_incident_id,2020
27117,incident:2020030901,2020-01-20 00:00:00+00:00,2023-05-11 00:00:00+00:00,Biological,3453; 4531,2,2,official_incident_id,2020
27119,incident:2010031602,2010-03-01 00:00:00+00:00,2010-04-26 00:00:00+00:00,Flood,1900; 3310,2,2,official_incident_id,2010
27119,incident:2020030901,2020-01-20 00:00:00+00:00,2023-05-11 00:00:00+00:00,Biological,3453; 4531,2,2,official_incident_id,2020
27121,incident:2020030901,2020-01-20 00:00:00+00:00,2023-05-11 00:00:00+00:00,Biological,3453; 4531,2,2,official_incident_id,2020
27123,incident:2010031602,2010-03-01 00:00:00+00:00,2010-04-26 00:00:00+00:00,Flood,1900; 3310,2,2,official_incident_id,2010
27123,incident:2020030901,2020-01-20 00:00:00+00:00,2023-05-11 00:00:00+00:00,Biological,3453; 4531,2,2,official_incident_id,2020
27125,incident:2020030901,2020-01-20 00:00:00+00:00,2023-05-11 00:00:00+00:00,Biological,3453; 4531,2,4,official_incident_id,2020
27127,incident:2010031602,2010-03-01 00:00:00+00:00,2010-04-26 00:00:00+00:00,Flood,1900; 3310,2,2,official_incident_id,2010
27127,incident:2020030901,2020-01-20 00:00:00+00:00,2023-05-11 00:00:00+00:00,Biological,3453; 4531,2,4,official_incident_id,2020
27129,incident:2010031602,2010-03-01 00:00:00+00:00,2010-04-26 00:00:00+00:00,Flood,1900; 3310,2,2,official_incident_id,2010
27129,incident:2020030901,2020-01-20 00:00:00+00:00,2023-05-11 00:00:00+00:00,Biological,3453; 4531,2,2,official_incident_id,2020
27131,incident:2020030901,2020-01-20 00:00:00+00:00,2023-05-11 00:00:00+00:00,Biological,3453; 4531,2,2,official_incident_id,2020
27133,incident:2020030901,2020-01-20 00:00:00+00:00,2023-05-11 00:00:00+00:00,Biological,3453; 4531,2,2,official_incident_id,2020
27135,incident:2020030901,2020-01-20 00:00:00+00:00,2023-05-11 00:00:00+00:00,Biological,3453; 4531,2,3,official_incident_id,2020
27137,incident:2020030901,2020-01-20 00:00:00+00:00,2023-05-11 00:00:00+00:00,Biological,3453; 4531,2,5,official_incident_id,2020
27139,incident:2010031602,2010-03-01 00:00:00+00:00,2010-04-26 00:00:00+00:00,Flood,1900; 3310,2,2,official_incident_id,2010
27139,incident:2020030901,2020-01-20 00:00:00+00:00,2023-05-11 00:00:00+00:00,Biological,3453; 4531,2,2,official_incident_id,2020
27141,incident:2020030901,2020-01-20 00:00:00+00:00,2023-05-11 00:00:00+00:00,Biological,3453; 4531,2,2,official_incident_id,2020
27143,incident:2010031602,2010-03-01 00:00:00+00:00,2010-04-26 00:00:00+00:00,Flood,1900; 3310,2,2,official_incident_id,2010
27143,incident:2020030901,2020-01-20 00:00:00+00:00,2023-05-11 00:00:00+00:00,Biological,3453; 4531,2,2,official_incident_id,2020
27145,incident:2020030901,2020-01-20 00:00:00+00:00,2023-05-11 00:00:00+00:00,Biological,3453; 4531,2,2,official_incident_id,2020
27147,incident:2020030901,2020-01-20 00:00:00+00:00,2023-05-11 00:00:00+00:00,Biological,3453; 4531,2,2,official_incident_id,2020
27149,incident:2020030901,2020-01-20 00:00:00+00:00,2023-05-11 00:00:00+00:00,Biological,3453; 4531,2,2,official_incident_id,2020
27151,incident:2020030901,2020-01-20 00:00:00+00:00,2023-05-11 00:00:00+00:00,Biological,3453; 4531,2,2,official_incident_id,2020
27153,incident:2020030901,2020-01-20 00:00:00+00:00,2023-05-11 00:00:00+00:00,Biological,3453; 4531,2,2,official_incident_id,2020
27155,incident:2010031602,2010-03-01 00:00:00+00:00,2010-04-26 00:00:00+00:00,Flood,1900; 3310,2,2,official_incident_id,2010
27155,incident:2020030901,2020-01-20 00:00:00+00:00,2023-05-11 00:00:00+00:00,Biological,3453; 4531,2,2,official_incident_id,2020
27157,incident:2020030901,2020-01-20 00:00:00+00:00,2023-05-11 00:00:00+00:00,Biological,3453; 4531,2,2,official_incident_id,2020
27159,incident:2020030901,2020-01-20 00:00:00+00:00,2023-05-11 00:00:00+00:00,Biological,3453; 4531,2,2,official_incident_id,2020
27161,incident:2020030901,2020-01-20 00:00:00+00:00,2023-05-11 00:00:00+00:00,Biological,3453; 4531,2,2,official_incident_id,2020
27163,incident:2020030901,2020-01-20 00:00:00+00:00,2023-05-11 00:00:00+00:00,Biological,3453; 4531,2,2,official_incident_id,2020
27165,incident:2020030901,2020-01-20 00:00:00+00:00,2023-05-11 00:00:00+00:00,Biological,3453; 4531,2,2,official_incident_id,2020
27167,incident:2010031602,2010-03-01 00:00:00+00:00,2010-04-26 00:00:00+00:00,Flood,1900; 3310,2,2,official_incident_id,2010
27167,incident:2020030901,2020-01-20 00:00:00+00:00,2023-05-11 00:00:00+00:00,Biological,3453; 4531,2,2,official_incident_id,2020
27169,incident:2020030901,2020-01-20 00:00:00+00:00,2023-05-11 00:00:00+00:00,Biological,3453; 4531,2,2,official_incident_id,2020
27171,incident:2020030901,2020-01-20 00:00:00+00:00,2023-05-11 00:00:00+00:00,Biological,3453; 4531,2,2,official_incident_id,2020
27173,incident:2010031602,2010-03-01 00:00:00+00:00,2010-04-26 00:00:00+00:00,Flood,1900; 3310,2,4,official_incident_id,2010
27173,incident:2020030901,2020-01-20 00:00:00+00:00,2023-05-11 00:00:00+00:00,Biological,3453; 3503; 4531,3,5,official_incident_id,2020
28001,incident:2011050401,2011-04-27 00:00:00+00:00,2011-06-17 00:00:00+00:00,Flood,1983; 3320,2,2,official_incident_id,2011
28001,incident:2020030901,2020-01-20 00:00:00+00:00,2023-05-11 00:00:00+00:00,Biological,3474; 4528,2,2,official_incident_id,2020
28001,incident:2021082601,2021-08-28 00:00:00+00:00,2021-09-01 00:00:00+00:00,Hurricane,3569; 4626,2,2,official_incident_id,2021
28001,incident:2026012101,2026-01-23 00:00:00+00:00,2026-01-27 00:00:00+00:00,Winter Storm,3640; 4899,2,2,official_incident_id,2026
28003,incident:2020030901,2020-01-20 00:00:00+00:00,2023-05-11 00:00:00+00:00,Biological,3474; 4528,2,2,official_incident_id,2020
28003,incident:2021082601,2021-08-28 00:00:00+00:00,2021-09-01 00:00:00+00:00,Hurricane,3569; 4626,2,2,official_incident_id,2021
28003,incident:2026012101,2026-01-23 00:00:00+00:00,2026-01-27 00:00:00+00:00,Winter Storm,3640; 4899,2,2,official_incident_id,2026
28005,incident:2012082201,2012-08-26 00:00:00+00:00,2012-09-11 00:00:00+00:00,Hurricane,3348; 4081,2,2,official_incident_id,2012
28005,incident:2020030901,2020-01-20 00:00:00+00:00,2023-05-11 00:00:00+00:00,Biological,3474; 4528,2,2,official_incident_id,2020
28005,incident:2021082601,2021-08-28 00:00:00+00:00,2021-09-01 00:00:00+00:00,Hurricane,3569; 4626,2,2,official_incident_id,2021
28005,incident:2026012101,2026-01-23 00:00:00+00:00,2026-01-27 00:00:00+00:00,Winter Storm,3640; 4899,2,2,official_incident_id,2026
28007,incident:2012082201,2012-08-26 00:00:00+00:00,2012-09-11 00:00:00+00:00,Hurricane,3348; 4081,2,3,official_incident_id,2012
28007,incident:2020030901,2020-01-20 00:00:00+00:00,2023-05-11 00:00:00+00:00,Biological,3474; 4528,2,4,official_incident_id,2020
28007,incident:2021082601,2021-08-28 00:00:00+00:00,2021-09-01 00:00:00+00:00,Hurricane,3569; 4626,2,3,official_incident_id,2021
28007,incident:2026012101,2026-01-23 00:00:00+00:00,2026-01-27 00:00:00+00:00,Winter Storm,3640; 4899,2,4,official_incident_id,2026
28009,incident:2020030901,2020-01-20 00:00:00+00:00,2023-05-11 00:00:00+00:00,Biological,3474; 4528,2,2,official_incident_id,2020
28009,incident:2021082601,2021-08-28 00:00:00+00:00,2021-09-01 00:00:00+00:00,Hurricane,3569; 4626,2,2,official_incident_id,2021
28009,incident:2026012101,2026-01-23 00:00:00+00:00,2026-01-27 00:00:00+00:00,Winter Storm,3640; 4899,2,2,official_incident_id,2026
28011,incident:2011050401,2011-04-27 00:00:00+00:00,2011-06-17 00:00:00+00:00,Flood,1983; 3320,2,2,official_incident_id,2011
28011,incident:2020030901,2020-01-20 00:00:00+00:00,2023-05-11 00:00:00+00:00,Biological,3474; 4528,2,2,official_incident_id,2020
28011,incident:2021082601,2021-08-28 00:00:00+00:00,2021-09-01 00:00:00+00:00,Hurricane,3569; 4626,2,2,official_incident_id,2021
28011,incident:2026012101,2026-01-23 00:00:00+00:00,2026-01-27 00:00:00+00:00,Winter Storm,3640; 4899,2,2,official_incident_id,2026
28013,incident:2020030901,2020-01-20 00:00:00+00:00,2023-05-11 00:00:00+00:00,Biological,3474; 4528,2,2,official_incident_id,2020
28013,incident:2021082601,2021-08-28 00:00:00+00:00,2021-09-01 00:00:00+00:00,Hurricane,3569; 4626,2,2,official_incident_id,2021
28013,incident:2026012101,2026-01-23 00:00:00+00:00,2026-01-27 00:00:00+00:00,Winter Storm,3640; 4899,2,2,official_incident_id,2026
28015,incident:2012082201,2012-08-26 00:00:00+00:00,2012-09-11 00:00:00+00:00,Hurricane,3348; 4081,2,3,official_incident_id,2012
28015,incident:2020030901,2020-01-20 00:00:00+00:00,2023-05-11 00:00:00+00:00,Biological,3474; 4528,2,4,official_incident_id,2020
28015,incident:2021082601,2021-08-28 00:00:00+00:00,2021-09-01 00:00:00+00:00,Hurricane,3569; 4626,2,3,official_incident_id,2021
28015,incident:2026012101,2026-01-23 00:00:00+00:00,2026-01-27 00:00:00+00:00,Winter Storm,3640; 4899,2,4,official_incident_id,2026
28017,incident:2020030901,2020-01-20 00:00:00+00:00,2023-05-11 00:00:00+00:00,Biological,3474; 4528,2,2,official_incident_id,2020
28017,incident:2021082601,2021-08-28 00:00:00+00:00,2021-09-01 00:00:00+00:00,Hurricane,3569; 4626,2,2,official_incident_id,2021
28017,incident:2026012101,2026-01-23 00:00:00+00:00,2026-01-27 00:00:00+00:00,Winter Storm,3640; 4899,2,2,official_incident_id,2026
28019,incident:2020030901,2020-01-20 00:00:00+00:00,2023-05-11 00:00:00+00:00,Biological,3474; 4528,2,2,official_incident_id,2020
28019,incident:2021082601,2021-08-28 00:00:00+00:00,2021-09-01 00:00:00+00:00,Hurricane,3569; 4626,2,2,official_incident_id,2021
28019,incident:2026012101,2026-01-23 00:00:00+00:00,2026-01-27 00:00:00+00:00,Winter Storm,3640; 4899,2,2,official_incident_id,2026
28021,incident:2011050401,2011-04-27 00:00:00+00:00,2011-06-17 00:00:00+00:00,Flood,1983; 3320,2,2,official_incident_id,2011
28021,incident:2020030901,2020-01-20 00:00:00+00:00,2023-05-11 00:00:00+00:00,Biological,3474; 4528,2,2,official_incident_id,2020
28021,incident:2021082601,2021-08-28 00:00:00+00:00,2021-09-01 00:00:00+00:00,Hurricane,3569; 4626,2,2,official_incident_id,2021
28021,incident:2026012101,2026-01-23 00:00:00+00:00,2026-01-27 00:00:00+00:00,Winter Storm,3640; 4899,2,2,official_incident_id,2026
28023,incident:2012082201,2012-08-26 00:00:00+00:00,2012-09-11 00:00:00+00:00,Hurricane,3348; 4081,2,2,official_incident_id,2012
28023,incident:2020030901,2020-01-20 00:00:00+00:00,2023-05-11 00:00:00+00:00,Biological,3474; 4528,2,2,official_incident_id,2020
28023,incident:2021082601,2021-08-28 00:00:00+00:00,2021-09-01 00:00:00+00:00,Hurricane,3569; 4626,2,2,official_incident_id,2021
28023,incident:2026012101,2026-01-23 00:00:00+00:00,2026-01-27 00:00:00+00:00,Winter Storm,3640; 4899,2,2,official_incident_id,2026
28025,incident:2020030901,2020-01-20 00:00:00+00:00,2023-05-11 00:00:00+00:00,Biological,3474; 4528,2,2,official_incident_id,2020
28025,incident:2021082601,2021-08-28 00:00:00+00:00,2021-09-01 00:00:00+00:00,Hurricane,3569; 4626,2,2,official_incident_id,2021
28025,incident:2026012101,2026-01-23 00:00:00+00:00,2026-01-27 00:00:00+00:00,Winter Storm,3640; 4899,2,2,official_incident_id,2026
28027,incident:2011050401,2011-04-27 00:00:00+00:00,2011-06-17 00:00:00+00:00,Flood,1983; 3320,2,2,official_incident_id,2011
28027,incident:2020030901,2020-01-20 00:00:00+00:00,2023-05-11 00:00:00+00:00,Biological,3474; 4528,2,2,official_incident_id,2020
28027,incident:2021082601,2021-08-28 00:00:00+00:00,2021-09-01 00:00:00+00:00,Hurricane,3569; 4626,2,2,official_incident_id,2021
28027,incident:2026012101,2026-01-23 00:00:00+00:00,2026-01-27 00:00:00+00:00,Winter Storm,3640; 4899,2,2,official_incident_id,2026
28029,incident:2012082201,2012-08-26 00:00:00+00:00,2012-09-11 00:00:00+00:00,Hurricane,3348; 4081,2,2,official_incident_id,2012
28029,incident:2020030901,2020-01-20 00:00:00+00:00,2023-05-11 00:00:00+00:00,Biological,3474; 4528,2,2,official_incident_id,2020
28029,incident:2021082601,2021-08-28 00:00:00+00:00,2021-09-01 00:00:00+00:00,Hurricane,3569; 4626,2,2,official_incident_id,2021
28029,incident:2026012101,2026-01-23 00:00:00+00:00,2026-01-27 00:00:00+00:00,Winter Storm,3640; 4899,2,2,official_incident_id,2026
28031,incident:2012082201,2012-08-26 00:00:00+00:00,2012-09-11 00:00:00+00:00,Hurricane,3348; 4081,2,2,official_incident_id,2012
28031,incident:2020030901,2020-01-20 00:00:00+00:00,2023-05-11 00:00:00+00:00,Biological,3474; 4528,2,2,official_incident_id,2020
28031,incident:2021082601,2021-08-28 00:00:00+00:00,2021-09-01 00:00:00+00:00,Hurricane,3569; 4626,2,2,official_incident_id,2021
28031,incident:2026012101,2026-01-23 00:00:00+00:00,2026-01-27 00:00:00+00:00,Winter Storm,3640; 4899,2,2,official_incident_id,2026
28033,incident:2011050401,2011-04-27 00:00:00+00:00,2011-06-17 00:00:00+00:00,Flood,1983; 3320,2,2,official_incident_id,2011
28033,incident:2020030901,2020-01-20 00:00:00+00:00,2023-05-11 00:00:00+00:00,Biological,3474; 4528,2,2,official_incident_id,2020
28033,incident:2021082601,2021-08-28 00:00:00+00:00,2021-09-01 00:00:00+00:00,Hurricane,3569; 4626,2,2,official_incident_id,2021
28033,incident:2026012101,2026-01-23 00:00:00+00:00,2026-01-27 00:00:00+00:00,Winter Storm,3640; 4899,2,2,official_incident_id,2026
28035,incident:2012082201,2012-08-26 00:00:00+00:00,2012-09-11 00:00:00+00:00,Hurricane,3348; 4081,2,2,official_incident_id,2012
28035,incident:2020030901,2020-01-20 00:00:00+00:00,2023-05-11 00:00:00+00:00,Biological,3474; 4528,2,2,official_incident_id,2020
28035,incident:2021082601,2021-08-28 00:00:00+00:00,2021-09-01 00:00:00+00:00,Hurricane,3569; 4626,2,2,official_incident_id,2021
28035,incident:2026012101,2026-01-23 00:00:00+00:00,2026-01-27 00:00:00+00:00,Winter Storm,3640; 4899,2,2,official_incident_id,2026
28037,incident:2020030901,2020-01-20 00:00:00+00:00,2023-05-11 00:00:00+00:00,Biological,3474; 4528,2,2,official_incident_id,2020
28037,incident:2021082601,2021-08-28 00:00:00+00:00,2021-09-01 00:00:00+00:00,Hurricane,3569; 4626,2,2,official_incident_id,2021
28037,incident:2026012101,2026-01-23 00:00:00+00:00,2026-01-27 00:00:00+00:00,Winter Storm,3640; 4899,2,2,official_incident_id,2026
28039,incident:2012082201,2012-08-26 00:00:00+00:00,2012-09-11 00:00:00+00:00,Hurricane,3348; 4081,2,2,official_incident_id,2012
28039,incident:2017100401,2017-10-06 00:00:00+00:00,2017-10-10 00:00:00+00:00,Hurricane,3393; 4350,2,2,official_incident_id,2017
28039,incident:2020030901,2020-01-20 00:00:00+00:00,2023-05-11 00:00:00+00:00,Biological,3474; 4528,2,2,official_incident_id,2020
28039,incident:2020102601,2020-10-27 00:00:00+00:00,2020-10-29 00:00:00+00:00,Hurricane,3550; 4576,2,2,official_incident_id,2020
28039,incident:2021082601,2021-08-28 00:00:00+00:00,2021-09-01 00:00:00+00:00,Hurricane,3569; 4626,2,2,official_incident_id,2021
28039,incident:2026012101,2026-01-23 00:00:00+00:00,2026-01-27 00:00:00+00:00,Winter Storm,3640; 4899,2,2,official_incident_id,2026
28041,incident:2012082201,2012-08-26 00:00:00+00:00,2012-09-11 00:00:00+00:00,Hurricane,3348; 4081,2,2,official_incident_id,2012
28041,incident:2020030901,2020-01-20 00:00:00+00:00,2023-05-11 00:00:00+00:00,Biological,3474; 4528,2,2,official_incident_id,2020
28041,incident:2020102601,2020-10-27 00:00:00+00:00,2020-10-29 00:00:00+00:00,Hurricane,3550; 4576,2,2,official_incident_id,2020
28041,incident:2021082601,2021-08-28 00:00:00+00:00,2021-09-01 00:00:00+00:00,Hurricane,3569; 4626,2,2,official_incident_id,2021
28041,incident:2026012101,2026-01-23 00:00:00+00:00,2026-01-27 00:00:00+00:00,Winter Storm,3640; 4899,2,2,official_incident_id,2026
28043,incident:2012082201,2012-08-26 00:00:00+00:00,2012-09-11 00:00:00+00:00,Hurricane,3348; 4081,2,2,official_incident_id,2012
28043,incident:2020030901,2020-01-20 00:00:00+00:00,2023-05-11 00:00:00+00:00,Biological,3474; 4528,2,2,official_incident_id,2020
28043,incident:2021082601,2021-08-28 00:00:00+00:00,2021-09-01 00:00:00+00:00,Hurricane,3569; 4626,2,2,official_incident_id,2021
28043,incident:2026012101,2026-01-23 00:00:00+00:00,2026-01-27 00:00:00+00:00,Winter Storm,3640; 4899,2,2,official_incident_id,2026
28045,incident:2012082201,2012-08-26 00:00:00+00:00,2012-09-11 00:00:00+00:00,Hurricane,3348; 4081,2,2,official_incident_id,2012
28045,incident:2017100401,2017-10-06 00:00:00+00:00,2017-10-10 00:00:00+00:00,Hurricane,3393; 4350,2,2,official_incident_id,2017
28045,incident:2020030901,2020-01-20 00:00:00+00:00,2023-05-11 00:00:00+00:00,Biological,3474; 4528,2,2,official_incident_id,2020
28045,incident:2020102601,2020-10-27 00:00:00+00:00,2020-10-29 00:00:00+00:00,Hurricane,3550; 4576,2,2,official_incident_id,2020
28045,incident:2021082601,2021-08-28 00:00:00+00:00,2021-09-01 00:00:00+00:00,Hurricane,3569; 4626,2,2,official_incident_id,2021
28045,incident:2026012101,2026-01-23 00:00:00+00:00,2026-01-27 00:00:00+00:00,Winter Storm,3640; 4899,2,2,official_incident_id,2026
28047,incident:2012082201,2012-08-26 00:00:00+00:00,2012-09-11 00:00:00+00:00,Hurricane,3348; 4081,2,2,official_incident_id,2012
28047,incident:2017100401,2017-10-06 00:00:00+00:00,2017-10-10 00:00:00+00:00,Hurricane,3393; 4350,2,2,official_incident_id,2017
28047,incident:2020030901,2020-01-20 00:00:00+00:00,2023-05-11 00:00:00+00:00,Biological,3474; 4528,2,2,official_incident_id,2020
28047,incident:2020102601,2020-10-27 00:00:00+00:00,2020-10-29 00:00:00+00:00,Hurricane,3550; 4576,2,2,official_incident_id,2020
28047,incident:2021082601,2021-08-28 00:00:00+00:00,2021-09-01 00:00:00+00:00,Hurricane,3569; 4626,2,2,official_incident_id,2021
28047,incident:2026012101,2026-01-23 00:00:00+00:00,2026-01-27 00:00:00+00:00,Winter Storm,3640; 4899,2,2,official_incident_id,2026
28049,incident:2012082201,2012-08-26 00:00:00+00:00,2012-09-11 00:00:00+00:00,Hurricane,3348; 4081,2,2,official_incident_id,2012
28049,incident:2020030901,2020-01-20 00:00:00+00:00,2023-05-11 00:00:00+00:00,Biological,3474; 4528,2,2,official_incident_id,2020
28049,incident:2021082601,2021-08-28 00:00:00+00:00,2021-09-01 00:00:00+00:00,Hurricane,3569; 4626,2,2,official_incident_id,2021
28049,incident:2026012101,2026-01-23 00:00:00+00:00,2026-01-27 00:00:00+00:00,Winter Storm,3640; 4899,2,2,official_incident_id,2026
28051,incident:2012082201,2012-08-26 00:00:00+00:00,2012-09-11 00:00:00+00:00,Hurricane,3348; 4081,2,2,official_incident_id,2012
28051,incident:2020030901,2020-01-20 00:00:00+00:00,2023-05-11 00:00:00+00:00,Biological,3474; 4528,2,2,official_incident_id,2020
28051,incident:2021082601,2021-08-28 00:00:00+00:00,2021-09-01 00:00:00+00:00,Hurricane,3569; 4626,2,2,official_incident_id,2021
28051,incident:2026012101,2026-01-23 00:00:00+00:00,2026-01-27 00:00:00+00:00,Winter Storm,3640; 4899,2,2,official_incident_id,2026
28053,incident:2011050401,2011-04-27 00:00:00+00:00,2011-06-17 00:00:00+00:00,Flood,1983; 3320,2,2,official_incident_id,2011
28053,incident:2020030901,2020-01-20 00:00:00+00:00,2023-05-11 00:00:00+00:00,Biological,3474; 4528,2,2,official_incident_id,2020
28053,incident:2021082601,2021-08-28 00:00:00+00:00,2021-09-01 00:00:00+00:00,Hurricane,3569; 4626,2,2,official_incident_id,2021
28053,incident:2026012101,2026-01-23 00:00:00+00:00,2026-01-27 00:00:00+00:00,Winter Storm,3640; 4899,2,2,official_incident_id,2026
28055,incident:2011050401,2011-04-27 00:00:00+00:00,2011-06-17 00:00:00+00:00,Flood,1983; 3320,2,2,official_incident_id,2011
28055,incident:2020030901,2020-01-20 00:00:00+00:00,2023-05-11 00:00:00+00:00,Biological,3474; 4528,2,2,official_incident_id,2020
28055,incident:2021082601,2021-08-28 00:00:00+00:00,2021-09-01 00:00:00+00:00,Hurricane,3569; 4626,2,2,official_incident_id,2021
28055,incident:2026012101,2026-01-23 00:00:00+00:00,2026-01-27 00:00:00+00:00,Winter Storm,3640; 4899,2,2,official_incident_id,2026
28057,incident:2020030901,2020-01-20 00:00:00+00:00,2023-05-11 00:00:00+00:00,Biological,3474; 4528,2,2,official_incident_id,2020
28057,incident:2021082601,2021-08-28 00:00:00+00:00,2021-09-01 00:00:00+00:00,Hurricane,3569; 4626,2,2,official_incident_id,2021
28057,incident:2026012101,2026-01-23 00:00:00+00:00,2026-01-27 00:00:00+00:00,Winter Storm,3640; 4899,2,2,official_incident_id,2026
28059,incident:2012082201,2012-08-26 00:00:00+00:00,2012-09-11 00:00:00+00:00,Hurricane,3348; 4081,2,3,official_incident_id,2012
28059,incident:2017100401,2017-10-06 00:00:00+00:00,2017-10-10 00:00:00+00:00,Hurricane,3393; 4350,2,2,official_incident_id,2017
28059,incident:2020030901,2020-01-20 00:00:00+00:00,2023-05-11 00:00:00+00:00,Biological,3474; 4528,2,4,official_incident_id,2020
28059,incident:2020102601,2020-10-27 00:00:00+00:00,2020-10-29 00:00:00+00:00,Hurricane,3550; 4576,2,2,official_incident_id,2020
28059,incident:2021082601,2021-08-28 00:00:00+00:00,2021-09-01 00:00:00+00:00,Hurricane,3569; 4626,2,3,official_incident_id,2021
28059,incident:2026012101,2026-01-23 00:00:00+00:00,2026-01-27 00:00:00+00:00,Winter Storm,3640; 4899,2,4,official_incident_id,2026
28061,incident:2012082201,2012-08-26 00:00:00+00:00,2012-09-11 00:00:00+00:00,Hurricane,3348; 4081,2,2,official_incident_id,2012
28061,incident:2020030901,2020-01-20 00:00:00+00:00,2023-05-11 00:00:00+00:00,Biological,3474; 4528,2,2,official_incident_id,2020
28061,incident:2021082601,2021-08-28 00:00:00+00:00,2021-09-01 00:00:00+00:00,Hurricane,3569; 4626,2,2,official_incident_id,2021
28061,incident:2026012101,2026-01-23 00:00:00+00:00,2026-01-27 00:00:00+00:00,Winter Storm,3640; 4899,2,2,official_incident_id,2026
28063,incident:2011050401,2011-04-27 00:00:00+00:00,2011-06-17 00:00:00+00:00,Flood,1983; 3320,2,2,official_incident_id,2011
28063,incident:2020030901,2020-01-20 00:00:00+00:00,2023-05-11 00:00:00+00:00,Biological,3474; 4528,2,2,official_incident_id,2020
28063,incident:2021082601,2021-08-28 00:00:00+00:00,2021-09-01 00:00:00+00:00,Hurricane,3569; 4626,2,2,official_incident_id,2021
28063,incident:2026012101,2026-01-23 00:00:00+00:00,2026-01-27 00:00:00+00:00,Winter Storm,3640; 4899,2,2,official_incident_id,2026
28065,incident:2012082201,2012-08-26 00:00:00+00:00,2012-09-11 00:00:00+00:00,Hurricane,3348; 4081,2,2,official_incident_id,2012
28065,incident:2020030901,2020-01-20 00:00:00+00:00,2023-05-11 00:00:00+00:00,Biological,3474; 4528,2,2,official_incident_id,2020
28065,incident:2021082601,2021-08-28 00:00:00+00:00,2021-09-01 00:00:00+00:00,Hurricane,3569; 4626,2,2,official_incident_id,2021
28065,incident:2026012101,2026-01-23 00:00:00+00:00,2026-01-27 00:00:00+00:00,Winter Storm,3640; 4899,2,2,official_incident_id,2026
28067,incident:2012082201,2012-08-26 00:00:00+00:00,2012-09-11 00:00:00+00:00,Hurricane,3348; 4081,2,3,official_incident_id,2012
28067,incident:2020030901,2020-01-20 00:00:00+00:00,2023-05-11 00:00:00+00:00,Biological,3474; 4528,2,4,official_incident_id,2020
28067,incident:2021082601,2021-08-28 00:00:00+00:00,2021-09-01 00:00:00+00:00,Hurricane,3569; 4626,2,3,official_incident_id,2021
28067,incident:2026012101,2026-01-23 00:00:00+00:00,2026-01-27 00:00:00+00:00,Winter Storm,3640; 4899,2,4,official_incident_id,2026
28069,incident:2020030901,2020-01-20 00:00:00+00:00,2023-05-11 00:00:00+00:00,Biological,3474; 4528,2,4,official_incident_id,2020
28069,incident:2021082601,2021-08-28 00:00:00+00:00,2021-09-01 00:00:00+00:00,Hurricane,3569; 4626,2,3,official_incident_id,2021
28069,incident:2026012101,2026-01-23 00:00:00+00:00,2026-01-27 00:00:00+00:00,Winter Storm,3640; 4899,2,4,official_incident_id,2026
28071,incident:2020030901,2020-01-20 00:00:00+00:00,2023-05-11 00:00:00+00:00,Biological,3474; 4528,2,2,official_incident_id,2020
28071,incident:2021082601,2021-08-28 00:00:00+00:00,2021-09-01 00:00:00+00:00,Hurricane,3569; 4626,2,2,official_incident_id,2021
28071,incident:2026012101,2026-01-23 00:00:00+00:00,2026-01-27 00:00:00+00:00,Winter Storm,3640; 4899,2,2,official_incident_id,2026
28073,incident:2012082201,2012-08-26 00:00:00+00:00,2012-09-11 00:00:00+00:00,Hurricane,3348; 4081,2,2,official_incident_id,2012
28073,incident:2020030901,2020-01-20 00:00:00+00:00,2023-05-11 00:00:00+00:00,Biological,3474; 4528,2,2,official_incident_id,2020
28073,incident:2021082601,2021-08-28 00:00:00+00:00,2021-09-01 00:00:00+00:00,Hurricane,3569; 4626,2,2,official_incident_id,2021
28073,incident:2026012101,2026-01-23 00:00:00+00:00,2026-01-27 00:00:00+00:00,Winter Storm,3640; 4899,2,2,official_incident_id,2026
28075,incident:2012082201,2012-08-26 00:00:00+00:00,2012-09-11 00:00:00+00:00,Hurricane,3348; 4081,2,2,official_incident_id,2012
28075,incident:2020030901,2020-01-20 00:00:00+00:00,2023-05-11 00:00:00+00:00,Biological,3474; 4528,2,2,official_incident_id,2020
28075,incident:2021082601,2021-08-28 00:00:00+00:00,2021-09-01 00:00:00+00:00,Hurricane,3569; 4626,2,2,official_incident_id,2021
28075,incident:2026012101,2026-01-23 00:00:00+00:00,2026-01-27 00:00:00+00:00,Winter Storm,3640; 4899,2,2,official_incident_id,2026
28077,incident:2012082201,2012-08-26 00:00:00+00:00,2012-09-11 00:00:00+00:00,Hurricane,3348; 4081,2,2,official_incident_id,2012
28077,incident:2020030901,2020-01-20 00:00:00+00:00,2023-05-11 00:00:00+00:00,Biological,3474; 4528,2,2,official_incident_id,2020
28077,incident:2021082601,2021-08-28 00:00:00+00:00,2021-09-01 00:00:00+00:00,Hurricane,3569; 4626,2,2,official_incident_id,2021
28077,incident:2026012101,2026-01-23 00:00:00+00:00,2026-01-27 00:00:00+00:00,Winter Storm,3640; 4899,2,2,official_incident_id,2026
28079,incident:2020030901,2020-01-20 00:00:00+00:00,2023-05-11 00:00:00+00:00,Biological,3474; 4528,2,4,official_incident_id,2020
28079,incident:2021082601,2021-08-28 00:00:00+00:00,2021-09-01 00:00:00+00:00,Hurricane,3569; 4626,2,3,official_incident_id,2021
28079,incident:2026012101,2026-01-23 00:00:00+00:00,2026-01-27 00:00:00+00:00,Winter Storm,3640; 4899,2,4,official_incident_id,2026
28081,incident:2020030901,2020-01-20 00:00:00+00:00,2023-05-11 00:00:00+00:00,Biological,3474; 4528,2,2,official_incident_id,2020
28081,incident:2021082601,2021-08-28 00:00:00+00:00,2021-09-01 00:00:00+00:00,Hurricane,3569; 4626,2,2,official_incident_id,2021
28081,incident:2026012101,2026-01-23 00:00:00+00:00,2026-01-27 00:00:00+00:00,Winter Storm,3640; 4899,2,2,official_incident_id,2026
28083,incident:2020030901,2020-01-20 00:00:00+00:00,2023-05-11 00:00:00+00:00,Biological,3474; 4528,2,2,official_incident_id,2020
28083,incident:2021082601,2021-08-28 00:00:00+00:00,2021-09-01 00:00:00+00:00,Hurricane,3569; 4626,2,2,official_incident_id,2021
28083,incident:2026012101,2026-01-23 00:00:00+00:00,2026-01-27 00:00:00+00:00,Winter Storm,3640; 4899,2,2,official_incident_id,2026
28085,incident:2012082201,2012-08-26 00:00:00+00:00,2012-09-11 00:00:00+00:00,Hurricane,3348; 4081,2,2,official_incident_id,2012
28085,incident:2020030901,2020-01-20 00:00:00+00:00,2023-05-11 00:00:00+00:00,Biological,3474; 4528,2,2,official_incident_id,2020
28085,incident:2021082601,2021-08-28 00:00:00+00:00,2021-09-01 00:00:00+00:00,Hurricane,3569; 4626,2,2,official_incident_id,2021
28085,incident:2026012101,2026-01-23 00:00:00+00:00,2026-01-27 00:00:00+00:00,Winter Storm,3640; 4899,2,2,official_incident_id,2026
28087,incident:2020030901,2020-01-20 00:00:00+00:00,2023-05-11 00:00:00+00:00,Biological,3474; 4528,2,2,official_incident_id,2020
28087,incident:2021082601,2021-08-28 00:00:00+00:00,2021-09-01 00:00:00+00:00,Hurricane,3569; 4626,2,2,official_incident_id,2021
28087,incident:2026012101,2026-01-23 00:00:00+00:00,2026-01-27 00:00:00+00:00,Winter Storm,3640; 4899,2,2,official_incident_id,2026
28089,incident:2012082201,2012-08-26 00:00:00+00:00,2012-09-11 00:00:00+00:00,Hurricane,3348; 4081,2,2,official_incident_id,2012
28089,incident:2020030901,2020-01-20 00:00:00+00:00,2023-05-11 00:00:00+00:00,Biological,3474; 4528,2,2,official_incident_id,2020
28089,incident:2021082601,2021-08-28 00:00:00+00:00,2021-09-01 00:00:00+00:00,Hurricane,3569; 4626,2,2,official_incident_id,2021
28089,incident:2026012101,2026-01-23 00:00:00+00:00,2026-01-27 00:00:00+00:00,Winter Storm,3640; 4899,2,2,official_incident_id,2026
28091,incident:2012082201,2012-08-26 00:00:00+00:00,2012-09-11 00:00:00+00:00,Hurricane,3348; 4081,2,2,official_incident_id,2012
28091,incident:2020030901,2020-01-20 00:00:00+00:00,2023-05-11 00:00:00+00:00,Biological,3474; 4528,2,2,official_incident_id,2020
28091,incident:2021082601,2021-08-28 00:00:00+00:00,2021-09-01 00:00:00+00:00,Hurricane,3569; 4626,2,2,official_incident_id,2021
28091,incident:2026012101,2026-01-23 00:00:00+00:00,2026-01-27 00:00:00+00:00,Winter Storm,3640; 4899,2,2,official_incident_id,2026
28093,incident:2020030901,2020-01-20 00:00:00+00:00,2023-05-11 00:00:00+00:00,Biological,3474; 4528,2,2,official_incident_id,2020
28093,incident:2021082601,2021-08-28 00:00:00+00:00,2021-09-01 00:00:00+00:00,Hurricane,3569; 4626,2,2,official_incident_id,2021
28093,incident:2026012101,2026-01-23 00:00:00+00:00,2026-01-27 00:00:00+00:00,Winter Storm,3640; 4899,2,2,official_incident_id,2026
28095,incident:2020030901,2020-01-20 00:00:00+00:00,2023-05-11 00:00:00+00:00,Biological,3474; 4528,2,2,official_incident_id,2020
28095,incident:2021082601,2021-08-28 00:00:00+00:00,2021-09-01 00:00:00+00:00,Hurricane,3569; 4626,2,2,official_incident_id,2021
28095,incident:2026012101,2026-01-23 00:00:00+00:00,2026-01-27 00:00:00+00:00,Winter Storm,3640; 4899,2,2,official_incident_id,2026
28097,incident:2012082201,2012-08-26 00:00:00+00:00,2012-09-11 00:00:00+00:00,Hurricane,3348; 4081,2,2,official_incident_id,2012
28097,incident:2020030901,2020-01-20 00:00:00+00:00,2023-05-11 00:00:00+00:00,Biological,3474; 4528,2,2,official_incident_id,2020
28097,incident:2021082601,2021-08-28 00:00:00+00:00,2021-09-01 00:00:00+00:00,Hurricane,3569; 4626,2,2,official_incident_id,2021
28097,incident:2026012101,2026-01-23 00:00:00+00:00,2026-01-27 00:00:00+00:00,Winter Storm,3640; 4899,2,2,official_incident_id,2026
28099,incident:2020030901,2020-01-20 00:00:00+00:00,2023-05-11 00:00:00+00:00,Biological,3474; 4528,2,4,official_incident_id,2020
28099,incident:2021082601,2021-08-28 00:00:00+00:00,2021-09-01 00:00:00+00:00,Hurricane,3569; 4626,2,3,official_incident_id,2021
28099,incident:2026012101,2026-01-23 00:00:00+00:00,2026-01-27 00:00:00+00:00,Winter Storm,3640; 4899,2,4,official_incident_id,2026
28101,incident:2020030901,2020-01-20 00:00:00+00:00,2023-05-11 00:00:00+00:00,Biological,3474; 4528,2,4,official_incident_id,2020
28101,incident:2021082601,2021-08-28 00:00:00+00:00,2021-09-01 00:00:00+00:00,Hurricane,3569; 4626,2,3,official_incident_id,2021
28101,incident:2026012101,2026-01-23 00:00:00+00:00,2026-01-27 00:00:00+00:00,Winter Storm,3640; 4899,2,4,official_incident_id,2026
28103,incident:2020030901,2020-01-20 00:00:00+00:00,2023-05-11 00:00:00+00:00,Biological,3474; 4528,2,4,official_incident_id,2020
28103,incident:2021082601,2021-08-28 00:00:00+00:00,2021-09-01 00:00:00+00:00,Hurricane,3569; 4626,2,3,official_incident_id,2021
28103,incident:2026012101,2026-01-23 00:00:00+00:00,2026-01-27 00:00:00+00:00,Winter Storm,3640; 4899,2,4,official_incident_id,2026
28105,incident:2020030901,2020-01-20 00:00:00+00:00,2023-05-11 00:00:00+00:00,Biological,3474; 4528,2,2,official_incident_id,2020
28105,incident:2021082601,2021-08-28 00:00:00+00:00,2021-09-01 00:00:00+00:00,Hurricane,3569; 4626,2,2,official_incident_id,2021
28105,incident:2026012101,2026-01-23 00:00:00+00:00,2026-01-27 00:00:00+00:00,Winter Storm,3640; 4899,2,2,official_incident_id,2026
28107,incident:2020030901,2020-01-20 00:00:00+00:00,2023-05-11 00:00:00+00:00,Biological,3474; 4528,2,2,official_incident_id,2020
28107,incident:2021082601,2021-08-28 00:00:00+00:00,2021-09-01 00:00:00+00:00,Hurricane,3569; 4626,2,2,official_incident_id,2021
28107,incident:2026012101,2026-01-23 00:00:00+00:00,2026-01-27 00:00:00+00:00,Winter Storm,3640; 4899,2,2,official_incident_id,2026
28109,incident:2012082201,2012-08-26 00:00:00+00:00,2012-09-11 00:00:00+00:00,Hurricane,3348; 4081,2,2,official_incident_id,2012
28109,incident:2020030901,2020-01-20 00:00:00+00:00,2023-05-11 00:00:00+00:00,Biological,3474; 4528,2,2,official_incident_id,2020
28109,incident:2021082601,2021-08-28 00:00:00+00:00,2021-09-01 00:00:00+00:00,Hurricane,3569; 4626,2,2,official_incident_id,2021
28109,incident:2026012101,2026-01-23 00:00:00+00:00,2026-01-27 00:00:00+00:00,Winter Storm,3640; 4899,2,2,official_incident_id,2026
28111,incident:2012082201,2012-08-26 00:00:00+00:00,2012-09-11 00:00:00+00:00,Hurricane,3348; 4081,2,2,official_incident_id,2012
28111,incident:2020030901,2020-01-20 00:00:00+00:00,2023-05-11 00:00:00+00:00,Biological,3474; 4528,2,2,official_incident_id,2020
28111,incident:2020102601,2020-10-27 00:00:00+00:00,2020-10-29 00:00:00+00:00,Hurricane,3550; 4576,2,2,official_incident_id,2020
28111,incident:2021082601,2021-08-28 00:00:00+00:00,2021-09-01 00:00:00+00:00,Hurricane,3569; 4626,2,2,official_incident_id,2021
28111,incident:2026012101,2026-01-23 00:00:00+00:00,2026-01-27 00:00:00+00:00,Winter Storm,3640; 4899,2,2,official_incident_id,2026
28113,incident:2012082201,2012-08-26 00:00:00+00:00,2012-09-11 00:00:00+00:00,Hurricane,3348; 4081,2,2,official_incident_id,2012
28113,incident:2020030901,2020-01-20 00:00:00+00:00,2023-05-11 00:00:00+00:00,Biological,3474; 4528,2,2,official_incident_id,2020
28113,incident:2021082601,2021-08-28 00:00:00+00:00,2021-09-01 00:00:00+00:00,Hurricane,3569; 4626,2,2,official_incident_id,2021
28113,incident:2026012101,2026-01-23 00:00:00+00:00,2026-01-27 00:00:00+00:00,Winter Storm,3640; 4899,2,2,official_incident_id,2026
28115,incident:2020030901,2020-01-20 00:00:00+00:00,2023-05-11 00:00:00+00:00,Biological,3474; 4528,2,2,official_incident_id,2020
28115,incident:2021082601,2021-08-28 00:00:00+00:00,2021-09-01 00:00:00+00:00,Hurricane,3569; 4626,2,2,official_incident_id,2021
28115,incident:2026012101,2026-01-23 00:00:00+00:00,2026-01-27 00:00:00+00:00,Winter Storm,3640; 4899,2,2,official_incident_id,2026
28117,incident:2020030901,2020-01-20 00:00:00+00:00,2023-05-11 00:00:00+00:00,Biological,3474; 4528,2,2,official_incident_id,2020
28117,incident:2021082601,2021-08-28 00:00:00+00:00,2021-09-01 00:00:00+00:00,Hurricane,3569; 4626,2,2,official_incident_id,2021
28117,incident:2026012101,2026-01-23 00:00:00+00:00,2026-01-27 00:00:00+00:00,Winter Storm,3640; 4899,2,2,official_incident_id,2026
28119,incident:2020030901,2020-01-20 00:00:00+00:00,2023-05-11 00:00:00+00:00,Biological,3474; 4528,2,2,official_incident_id,2020
28119,incident:2021082601,2021-08-28 00:00:00+00:00,2021-09-01 00:00:00+00:00,Hurricane,3569; 4626,2,2,official_incident_id,2021
28119,incident:2026012101,2026-01-23 00:00:00+00:00,2026-01-27 00:00:00+00:00,Winter Storm,3640; 4899,2,2,official_incident_id,2026
28121,incident:2012082201,2012-08-26 00:00:00+00:00,2012-09-11 00:00:00+00:00,Hurricane,3348; 4081,2,2,official_incident_id,2012
28121,incident:2020030901,2020-01-20 00:00:00+00:00,2023-05-11 00:00:00+00:00,Biological,3474; 4528,2,2,official_incident_id,2020
28121,incident:2021082601,2021-08-28 00:00:00+00:00,2021-09-01 00:00:00+00:00,Hurricane,3569; 4626,2,2,official_incident_id,2021
28121,incident:2026012101,2026-01-23 00:00:00+00:00,2026-01-27 00:00:00+00:00,Winter Storm,3640; 4899,2,2,official_incident_id,2026
28123,incident:2020030901,2020-01-20 00:00:00+00:00,2023-05-11 00:00:00+00:00,Biological,3474; 4528,2,4,official_incident_id,2020
28123,incident:2021082601,2021-08-28 00:00:00+00:00,2021-09-01 00:00:00+00:00,Hurricane,3569; 4626,2,3,official_incident_id,2021
28123,incident:2026012101,2026-01-23 00:00:00+00:00,2026-01-27 00:00:00+00:00,Winter Storm,3640; 4899,2,4,official_incident_id,2026
28125,incident:2011050401,2011-04-27 00:00:00+00:00,2011-06-17 00:00:00+00:00,Flood,1983; 3320,2,2,official_incident_id,2011
28125,incident:2020030901,2020-01-20 00:00:00+00:00,2023-05-11 00:00:00+00:00,Biological,3474; 4528,2,2,official_incident_id,2020
28125,incident:2021082601,2021-08-28 00:00:00+00:00,2021-09-01 00:00:00+00:00,Hurricane,3569; 4626,2,2,official_incident_id,2021
28125,incident:2026012101,2026-01-23 00:00:00+00:00,2026-01-27 00:00:00+00:00,Winter Storm,3640; 4899,2,2,official_incident_id,2026
28127,incident:2020030901,2020-01-20 00:00:00+00:00,2023-05-11 00:00:00+00:00,Biological,3474; 4528,2,2,official_incident_id,2020
28127,incident:2021082601,2021-08-28 00:00:00+00:00,2021-09-01 00:00:00+00:00,Hurricane,3569; 4626,2,2,official_incident_id,2021
28127,incident:2026012101,2026-01-23 00:00:00+00:00,2026-01-27 00:00:00+00:00,Winter Storm,3640; 4899,2,2,official_incident_id,2026
28129,incident:2020030901,2020-01-20 00:00:00+00:00,2023-05-11 00:00:00+00:00,Biological,3474; 4528,2,2,official_incident_id,2020
28129,incident:2021082601,2021-08-28 00:00:00+00:00,2021-09-01 00:00:00+00:00,Hurricane,3569; 4626,2,2,official_incident_id,2021
28129,incident:2026012101,2026-01-23 00:00:00+00:00,2026-01-27 00:00:00+00:00,Winter Storm,3640; 4899,2,2,official_incident_id,2026
28131,incident:2012082201,2012-08-26 00:00:00+00:00,2012-09-11 00:00:00+00:00,Hurricane,3348; 4081,2,2,official_incident_id,2012
28131,incident:2017100401,2017-10-06 00:00:00+00:00,2017-10-10 00:00:00+00:00,Hurricane,3393; 4350,2,2,official_incident_id,2017
28131,incident:2020030901,2020-01-20 00:00:00+00:00,2023-05-11 00:00:00+00:00,Biological,3474; 4528,2,2,official_incident_id,2020
28131,incident:2020102601,2020-10-27 00:00:00+00:00,2020-10-29 00:00:00+00:00,Hurricane,3550; 4576,2,2,official_incident_id,2020
28131,incident:2021082601,2021-08-28 00:00:00+00:00,2021-09-01 00:00:00+00:00,Hurricane,3569; 4626,2,2,official_incident_id,2021
28131,incident:2026012101,2026-01-23 00:00:00+00:00,2026-01-27 00:00:00+00:00,Winter Storm,3640; 4899,2,2,official_incident_id,2026
28133,incident:2020030901,2020-01-20 00:00:00+00:00,2023-05-11 00:00:00+00:00,Biological,3474; 4528,2,2,official_incident_id,2020
28133,incident:2021082601,2021-08-28 00:00:00+00:00,2021-09-01 00:00:00+00:00,Hurricane,3569; 4626,2,2,official_incident_id,2021
28133,incident:2026012101,2026-01-23 00:00:00+00:00,2026-01-27 00:00:00+00:00,Winter Storm,3640; 4899,2,2,official_incident_id,2026
28135,incident:2020030901,2020-01-20 00:00:00+00:00,2023-05-11 00:00:00+00:00,Biological,3474; 4528,2,2,official_incident_id,2020
28135,incident:2021082601,2021-08-28 00:00:00+00:00,2021-09-01 00:00:00+00:00,Hurricane,3569; 4626,2,2,official_incident_id,2021
28135,incident:2026012101,2026-01-23 00:00:00+00:00,2026-01-27 00:00:00+00:00,Winter Storm,3640; 4899,2,2,official_incident_id,2026
28137,incident:2020030901,2020-01-20 00:00:00+00:00,2023-05-11 00:00:00+00:00,Biological,3474; 4528,2,2,official_incident_id,2020
28137,incident:2021082601,2021-08-28 00:00:00+00:00,2021-09-01 00:00:00+00:00,Hurricane,3569; 4626,2,2,official_incident_id,2021
28137,incident:2026012101,2026-01-23 00:00:00+00:00,2026-01-27 00:00:00+00:00,Winter Storm,3640; 4899,2,2,official_incident_id,2026
28139,incident:2020030901,2020-01-20 00:00:00+00:00,2023-05-11 00:00:00+00:00,Biological,3474; 4528,2,2,official_incident_id,2020
28139,incident:2021082601,2021-08-28 00:00:00+00:00,2021-09-01 00:00:00+00:00,Hurricane,3569; 4626,2,2,official_incident_id,2021
28139,incident:2026012101,2026-01-23 00:00:00+00:00,2026-01-27 00:00:00+00:00,Winter Storm,3640; 4899,2,2,official_incident_id,2026
28141,incident:2020030901,2020-01-20 00:00:00+00:00,2023-05-11 00:00:00+00:00,Biological,3474; 4528,2,2,official_incident_id,2020
28141,incident:2021082601,2021-08-28 00:00:00+00:00,2021-09-01 00:00:00+00:00,Hurricane,3569; 4626,2,2,official_incident_id,2021
28141,incident:2026012101,2026-01-23 00:00:00+00:00,2026-01-27 00:00:00+00:00,Winter Storm,3640; 4899,2,2,official_incident_id,2026
28143,incident:2011050401,2011-04-27 00:00:00+00:00,2011-06-17 00:00:00+00:00,Flood,1983; 3320,2,2,official_incident_id,2011
28143,incident:2020030901,2020-01-20 00:00:00+00:00,2023-05-11 00:00:00+00:00,Biological,3474; 4528,2,2,official_incident_id,2020
28143,incident:2021082601,2021-08-28 00:00:00+00:00,2021-09-01 00:00:00+00:00,Hurricane,3569; 4626,2,2,official_incident_id,2021
28143,incident:2026012101,2026-01-23 00:00:00+00:00,2026-01-27 00:00:00+00:00,Winter Storm,3640; 4899,2,2,official_incident_id,2026
28145,incident:2020030901,2020-01-20 00:00:00+00:00,2023-05-11 00:00:00+00:00,Biological,3474; 4528,2,2,official_incident_id,2020
28145,incident:2021082601,2021-08-28 00:00:00+00:00,2021-09-01 00:00:00+00:00,Hurricane,3569; 4626,2,2,official_incident_id,2021
28145,incident:2026012101,2026-01-23 00:00:00+00:00,2026-01-27 00:00:00+00:00,Winter Storm,3640; 4899,2,2,official_incident_id,2026
28147,incident:2012082201,2012-08-26 00:00:00+00:00,2012-09-11 00:00:00+00:00,Hurricane,3348; 4081,2,2,official_incident_id,2012
28147,incident:2020030901,2020-01-20 00:00:00+00:00,2023-05-11 00:00:00+00:00,Biological,3474; 4528,2,2,official_incident_id,2020
28147,incident:2021082601,2021-08-28 00:00:00+00:00,2021-09-01 00:00:00+00:00,Hurricane,3569; 4626,2,2,official_incident_id,2021
28147,incident:2026012101,2026-01-23 00:00:00+00:00,2026-01-27 00:00:00+00:00,Winter Storm,3640; 4899,2,2,official_incident_id,2026
28149,incident:2011050401,2011-04-27 00:00:00+00:00,2011-06-17 00:00:00+00:00,Flood,1983; 3320,2,2,official_incident_id,2011
28149,incident:2020030901,2020-01-20 00:00:00+00:00,2023-05-11 00:00:00+00:00,Biological,3474; 4528,2,2,official_incident_id,2020
28149,incident:2021082601,2021-08-28 00:00:00+00:00,2021-09-01 00:00:00+00:00,Hurricane,3569; 4626,2,2,official_incident_id,2021
28149,incident:2026012101,2026-01-23 00:00:00+00:00,2026-01-27 00:00:00+00:00,Winter Storm,3640; 4899,2,2,official_incident_id,2026
28151,incident:2011050401,2011-04-27 00:00:00+00:00,2011-06-17 00:00:00+00:00,Flood,1983; 3320,2,2,official_incident_id,2011
28151,incident:2020030901,2020-01-20 00:00:00+00:00,2023-05-11 00:00:00+00:00,Biological,3474; 4528,2,2,official_incident_id,2020
28151,incident:2021082601,2021-08-28 00:00:00+00:00,2021-09-01 00:00:00+00:00,Hurricane,3569; 4626,2,2,official_incident_id,2021
28151,incident:2026012101,2026-01-23 00:00:00+00:00,2026-01-27 00:00:00+00:00,Winter Storm,3640; 4899,2,2,official_incident_id,2026
28153,incident:2012082201,2012-08-26 00:00:00+00:00,2012-09-11 00:00:00+00:00,Hurricane,3348; 4081,2,2,official_incident_id,2012
28153,incident:2020030901,2020-01-20 00:00:00+00:00,2023-05-11 00:00:00+00:00,Biological,3474; 4528,2,2,official_incident_id,2020
28153,incident:2020102601,2020-10-27 00:00:00+00:00,2020-10-29 00:00:00+00:00,Hurricane,3550; 4576,2,2,official_incident_id,2020
28153,incident:2021082601,2021-08-28 00:00:00+00:00,2021-09-01 00:00:00+00:00,Hurricane,3569; 4626,2,2,official_incident_id,2021
28153,incident:2026012101,2026-01-23 00:00:00+00:00,2026-01-27 00:00:00+00:00,Winter Storm,3640; 4899,2,2,official_incident_id,2026
28155,incident:2020030901,2020-01-20 00:00:00+00:00,2023-05-11 00:00:00+00:00,Biological,3474; 4528,2,2,official_incident_id,2020
28155,incident:2021082601,2021-08-28 00:00:00+00:00,2021-09-01 00:00:00+00:00,Hurricane,3569; 4626,2,2,official_incident_id,2021
28155,incident:2026012101,2026-01-23 00:00:00+00:00,2026-01-27 00:00:00+00:00,Winter Storm,3640; 4899,2,2,official_incident_id,2026
28157,incident:2011050401,2011-04-27 00:00:00+00:00,2011-06-17 00:00:00+00:00,Flood,1983; 3320,2,2,official_incident_id,2011
28157,incident:2012082201,2012-08-26 00:00:00+00:00,2012-09-11 00:00:00+00:00,Hurricane,3348; 4081,2,2,official_incident_id,2012
28157,incident:2020030901,2020-01-20 00:00:00+00:00,2023-05-11 00:00:00+00:00,Biological,3474; 4528,2,2,official_incident_id,2020
28157,incident:2021082601,2021-08-28 00:00:00+00:00,2021-09-01 00:00:00+00:00,Hurricane,3569; 4626,2,2,official_incident_id,2021
28157,incident:2026012101,2026-01-23 00:00:00+00:00,2026-01-27 00:00:00+00:00,Winter Storm,3640; 4899,2,2,official_incident_id,2026
28159,incident:2020030901,2020-01-20 00:00:00+00:00,2023-05-11 00:00:00+00:00,Biological,3474; 4528,2,4,official_incident_id,2020
28159,incident:2021082601,2021-08-28 00:00:00+00:00,2021-09-01 00:00:00+00:00,Hurricane,3569; 4626,2,3,official_incident_id,2021
28159,incident:2026012101,2026-01-23 00:00:00+00:00,2026-01-27 00:00:00+00:00,Winter Storm,3640; 4899,2,4,official_incident_id,2026
28161,incident:2020030901,2020-01-20 00:00:00+00:00,2023-05-11 00:00:00+00:00,Biological,3474; 4528,2,2,official_incident_id,2020
28161,incident:2021082601,2021-08-28 00:00:00+00:00,2021-09-01 00:00:00+00:00,Hurricane,3569; 4626,2,2,official_incident_id,2021
28161,incident:2026012101,2026-01-23 00:00:00+00:00,2026-01-27 00:00:00+00:00,Winter Storm,3640; 4899,2,2,official_incident_id,2026
28163,incident:2011050401,2011-04-27 00:00:00+00:00,2011-06-17 00:00:00+00:00,Flood,1983; 3320,2,2,official_incident_id,2011
28163,incident:2012082201,2012-08-26 00:00:00+00:00,2012-09-11 00:00:00+00:00,Hurricane,3348; 4081,2,2,official_incident_id,2012
28163,incident:2020030901,2020-01-20 00:00:00+00:00,2023-05-11 00:00:00+00:00,Biological,3474; 4528,2,2,official_incident_id,2020
28163,incident:2021082601,2021-08-28 00:00:00+00:00,2021-09-01 00:00:00+00:00,Hurricane,3569; 4626,2,2,official_incident_id,2021
28163,incident:2026012101,2026-01-23 00:00:00+00:00,2026-01-27 00:00:00+00:00,Winter Storm,3640; 4899,2,2,official_incident_id,2026
29001,incident:2011012805,2011-01-31 00:00:00+00:00,2011-02-05 00:00:00+00:00,Severe Storm,1961; 3317,2,2,official_incident_id,2011
29001,incident:2020030901,2020-01-20 00:00:00+00:00,2023-05-11 00:00:00+00:00,Biological,3482; 4490,2,2,official_incident_id,2020
29003,incident:2011012805,2011-01-31 00:00:00+00:00,2011-02-05 00:00:00+00:00,Severe Storm,1961; 3317,2,2,official_incident_id,2011
29003,incident:2011060703,2011-06-01 00:00:00+00:00,2011-08-01 00:00:00+00:00,Flood,3325; 4012,2,2,official_incident_id,2011
29003,incident:2020030901,2020-01-20 00:00:00+00:00,2023-05-11 00:00:00+00:00,Biological,3482; 4490,2,2,official_incident_id,2020
29005,incident:2011060703,2011-06-01 00:00:00+00:00,2011-08-01 00:00:00+00:00,Flood,3325; 4012,2,2,official_incident_id,2011
29005,incident:2020030901,2020-01-20 00:00:00+00:00,2023-05-11 00:00:00+00:00,Biological,3482; 4490,2,2,official_incident_id,2020
29007,incident:2011012805,2011-01-31 00:00:00+00:00,2011-02-05 00:00:00+00:00,Severe Storm,1961; 3317,2,2,official_incident_id,2011
29007,incident:2020030901,2020-01-20 00:00:00+00:00,2023-05-11 00:00:00+00:00,Biological,3482; 4490,2,2,official_incident_id,2020
29009,incident:2015122901,2015-12-22 00:00:00+00:00,2016-01-09 00:00:00+00:00,Flood,3374; 4250,2,2,official_incident_id,2015
29009,incident:2020030901,2020-01-20 00:00:00+00:00,2023-05-11 00:00:00+00:00,Biological,3482; 4490,2,2,official_incident_id,2020
29011,incident:2011012805,2011-01-31 00:00:00+00:00,2011-02-05 00:00:00+00:00,Severe Storm,1961; 3317,2,2,official_incident_id,2011
29011,incident:2015122901,2015-12-22 00:00:00+00:00,2016-01-09 00:00:00+00:00,Flood,3374; 4250,2,2,official_incident_id,2015
29011,incident:2020030901,2020-01-20 00:00:00+00:00,2023-05-11 00:00:00+00:00,Biological,3482; 4490,2,2,official_incident_id,2020
29013,incident:2011012805,2011-01-31 00:00:00+00:00,2011-02-05 00:00:00+00:00,Severe Storm,1961; 3317,2,2,official_incident_id,2011
29013,incident:2020030901,2020-01-20 00:00:00+00:00,2023-05-11 00:00:00+00:00,Biological,3482; 4490,2,2,official_incident_id,2020
29015,incident:2011012805,2011-01-31 00:00:00+00:00,2011-02-05 00:00:00+00:00,Severe Storm,1961; 3317,2,2,official_incident_id,2011
29015,incident:2020030901,2020-01-20 00:00:00+00:00,2023-05-11 00:00:00+00:00,Biological,3482; 4490,2,2,official_incident_id,2020
29017,incident:2015122901,2015-12-22 00:00:00+00:00,2016-01-09 00:00:00+00:00,Flood,3374; 4250,2,2,official_incident_id,2015
29017,incident:2020030901,2020-01-20 00:00:00+00:00,2023-05-11 00:00:00+00:00,Biological,3482; 4490,2,2,official_incident_id,2020
29019,incident:2011012805,2011-01-31 00:00:00+00:00,2011-02-05 00:00:00+00:00,Severe Storm,1961; 3317,2,2,official_incident_id,2011
29019,incident:2020030901,2020-01-20 00:00:00+00:00,2023-05-11 00:00:00+00:00,Biological,3482; 4490,2,2,official_incident_id,2020
29021,incident:2011012805,2011-01-31 00:00:00+00:00,2011-02-05 00:00:00+00:00,Severe Storm,1961; 3317,2,2,official_incident_id,2011
29021,incident:2011060703,2011-06-01 00:00:00+00:00,2011-08-01 00:00:00+00:00,Flood,3325; 4012,2,2,official_incident_id,2011
29021,incident:2020030901,2020-01-20 00:00:00+00:00,2023-05-11 00:00:00+00:00,Biological,3482; 4490,2,2,official_incident_id,2020
29023,incident:2020030901,2020-01-20 00:00:00+00:00,2023-05-11 00:00:00+00:00,Biological,3482; 4490,2,2,official_incident_id,2020
29025,incident:2011012805,2011-01-31 00:00:00+00:00,2011-02-05 00:00:00+00:00,Severe Storm,1961; 3317,2,2,official_incident_id,2011
29025,incident:2020030901,2020-01-20 00:00:00+00:00,2023-05-11 00:00:00+00:00,Biological,3482; 4490,2,2,official_incident_id,2020
29027,incident:2011012805,2011-01-31 00:00:00+00:00,2011-02-05 00:00:00+00:00,Severe Storm,1961; 3317,2,2,official_incident_id,2011
29027,incident:2020030901,2020-01-20 00:00:00+00:00,2023-05-11 00:00:00+00:00,Biological,3482; 4490,2,2,official_incident_id,2020
29029,incident:2011012805,2011-01-31 00:00:00+00:00,2011-02-05 00:00:00+00:00,Severe Storm,1961; 3317,2,2,official_incident_id,2011
29029,incident:2015122901,2015-12-22 00:00:00+00:00,2016-01-09 00:00:00+00:00,Flood,3374; 4250,2,2,official_incident_id,2015
29029,incident:2020030901,2020-01-20 00:00:00+00:00,2023-05-11 00:00:00+00:00,Biological,3482; 4490,2,2,official_incident_id,2020
29031,incident:2015122901,2015-12-22 00:00:00+00:00,2016-01-09 00:00:00+00:00,Flood,3374; 4250,2,2,official_incident_id,2015
29031,incident:2020030901,2020-01-20 00:00:00+00:00,2023-05-11 00:00:00+00:00,Biological,3482; 4490,2,2,official_incident_id,2020
29033,incident:2011012805,2011-01-31 00:00:00+00:00,2011-02-05 00:00:00+00:00,Severe Storm,1961; 3317,2,2,official_incident_id,2011
29033,incident:2011060703,2011-06-01 00:00:00+00:00,2011-08-01 00:00:00+00:00,Flood,3325; 4012,2,2,official_incident_id,2011
29033,incident:2020030901,2020-01-20 00:00:00+00:00,2023-05-11 00:00:00+00:00,Biological,3482; 4490,2,2,official_incident_id,2020
29035,incident:2020030901,2020-01-20 00:00:00+00:00,2023-05-11 00:00:00+00:00,Biological,3482; 4490,2,2,official_incident_id,2020
29037,incident:2011012805,2011-01-31 00:00:00+00:00,2011-02-05 00:00:00+00:00,Severe Storm,1961; 3317,2,2,official_incident_id,2011
29037,incident:2020030901,2020-01-20 00:00:00+00:00,2023-05-11 00:00:00+00:00,Biological,3482; 4490,2,2,official_incident_id,2020
29039,incident:2011012805,2011-01-31 00:00:00+00:00,2011-02-05 00:00:00+00:00,Severe Storm,1961; 3317,2,2,official_incident_id,2011
29039,incident:2015122901,2015-12-22 00:00:00+00:00,2016-01-09 00:00:00+00:00,Flood,3374; 4250,2,2,official_incident_id,2015
29039,incident:2020030901,2020-01-20 00:00:00+00:00,2023-05-11 00:00:00+00:00,Biological,3482; 4490,2,2,official_incident_id,2020
29041,incident:2011012805,2011-01-31 00:00:00+00:00,2011-02-05 00:00:00+00:00,Severe Storm,1961; 3317,2,2,official_incident_id,2011
29041,incident:2020030901,2020-01-20 00:00:00+00:00,2023-05-11 00:00:00+00:00,Biological,3482; 4490,2,2,official_incident_id,2020
29043,incident:2020030901,2020-01-20 00:00:00+00:00,2023-05-11 00:00:00+00:00,Biological,3482; 4490,2,2,official_incident_id,2020
29045,incident:2011012805,2011-01-31 00:00:00+00:00,2011-02-05 00:00:00+00:00,Severe Storm,1961; 3317,2,2,official_incident_id,2011
29045,incident:2020030901,2020-01-20 00:00:00+00:00,2023-05-11 00:00:00+00:00,Biological,3482; 4490,2,2,official_incident_id,2020
29047,incident:2020030901,2020-01-20 00:00:00+00:00,2023-05-11 00:00:00+00:00,Biological,3482; 4490,2,2,official_incident_id,2020
29049,incident:2011012805,2011-01-31 00:00:00+00:00,2011-02-05 00:00:00+00:00,Severe Storm,1961; 3317,2,2,official_incident_id,2011
29049,incident:2020030901,2020-01-20 00:00:00+00:00,2023-05-11 00:00:00+00:00,Biological,3482; 4490,2,2,official_incident_id,2020
29051,incident:2011012805,2011-01-31 00:00:00+00:00,2011-02-05 00:00:00+00:00,Severe Storm,1961; 3317,2,2,official_incident_id,2011
29051,incident:2015122901,2015-12-22 00:00:00+00:00,2016-01-09 00:00:00+00:00,Flood,3374; 4250,2,2,official_incident_id,2015
29051,incident:2020030901,2020-01-20 00:00:00+00:00,2023-05-11 00:00:00+00:00,Biological,3482; 4490,2,2,official_incident_id,2020
29053,incident:2011012805,2011-01-31 00:00:00+00:00,2011-02-05 00:00:00+00:00,Severe Storm,1961; 3317,2,2,official_incident_id,2011
29053,incident:2011060703,2011-06-01 00:00:00+00:00,2011-08-01 00:00:00+00:00,Flood,3325; 4012,2,2,official_incident_id,2011
29053,incident:2020030901,2020-01-20 00:00:00+00:00,2023-05-11 00:00:00+00:00,Biological,3482; 4490,2,2,official_incident_id,2020
29055,incident:2015122901,2015-12-22 00:00:00+00:00,2016-01-09 00:00:00+00:00,Flood,3374; 4250,2,2,official_incident_id,2015
29055,incident:2020030901,2020-01-20 00:00:00+00:00,2023-05-11 00:00:00+00:00,Biological,3482; 4490,2,2,official_incident_id,2020
29057,incident:2011012805,2011-01-31 00:00:00+00:00,2011-02-05 00:00:00+00:00,Severe Storm,1961; 3317,2,2,official_incident_id,2011
29057,incident:2020030901,2020-01-20 00:00:00+00:00,2023-05-11 00:00:00+00:00,Biological,3482; 4490,2,2,official_incident_id,2020
29059,incident:2011012805,2011-01-31 00:00:00+00:00,2011-02-05 00:00:00+00:00,Severe Storm,1961; 3317,2,2,official_incident_id,2011
29059,incident:2015122901,2015-12-22 00:00:00+00:00,2016-01-09 00:00:00+00:00,Flood,3374; 4250,2,2,official_incident_id,2015
29059,incident:2020030901,2020-01-20 00:00:00+00:00,2023-05-11 00:00:00+00:00,Biological,3482; 4490,2,2,official_incident_id,2020
29061,incident:2020030901,2020-01-20 00:00:00+00:00,2023-05-11 00:00:00+00:00,Biological,3482; 4490,2,2,official_incident_id,2020
29063,incident:2011012805,2011-01-31 00:00:00+00:00,2011-02-05 00:00:00+00:00,Severe Storm,1961; 3317,2,2,official_incident_id,2011
29063,incident:2020030901,2020-01-20 00:00:00+00:00,2023-05-11 00:00:00+00:00,Biological,3482; 4490,2,2,official_incident_id,2020
29065,incident:2020030901,2020-01-20 00:00:00+00:00,2023-05-11 00:00:00+00:00,Biological,3482; 4490,2,2,official_incident_id,2020
29067,incident:2015122901,2015-12-22 00:00:00+00:00,2016-01-09 00:00:00+00:00,Flood,3374; 4250,2,2,official_incident_id,2015
29067,incident:2020030901,2020-01-20 00:00:00+00:00,2023-05-11 00:00:00+00:00,Biological,3482; 4490,2,2,official_incident_id,2020
29069,incident:2015122901,2015-12-22 00:00:00+00:00,2016-01-09 00:00:00+00:00,Flood,3374; 4250,2,2,official_incident_id,2015
29069,incident:2020030901,2020-01-20 00:00:00+00:00,2023-05-11 00:00:00+00:00,Biological,3482; 4490,2,2,official_incident_id,2020
29071,incident:2015122901,2015-12-22 00:00:00+00:00,2016-01-09 00:00:00+00:00,Flood,3374; 4250,2,2,official_incident_id,2015
29071,incident:2020030901,2020-01-20 00:00:00+00:00,2023-05-11 00:00:00+00:00,Biological,3482; 4490,2,2,official_incident_id,2020
29073,incident:2015122901,2015-12-22 00:00:00+00:00,2016-01-09 00:00:00+00:00,Flood,3374; 4250,2,2,official_incident_id,2015
29073,incident:2020030901,2020-01-20 00:00:00+00:00,2023-05-11 00:00:00+00:00,Biological,3482; 4490,2,2,official_incident_id,2020
29075,incident:2020030901,2020-01-20 00:00:00+00:00,2023-05-11 00:00:00+00:00,Biological,3482; 4490,2,2,official_incident_id,2020
29077,incident:2015122901,2015-12-22 00:00:00+00:00,2016-01-09 00:00:00+00:00,Flood,3374; 4250,2,2,official_incident_id,2015
29077,incident:2020030901,2020-01-20 00:00:00+00:00,2023-05-11 00:00:00+00:00,Biological,3482; 4490,2,2,official_incident_id,2020
29079,incident:2011012805,2011-01-31 00:00:00+00:00,2011-02-05 00:00:00+00:00,Severe Storm,1961; 3317,2,2,official_incident_id,2011
29079,incident:2020030901,2020-01-20 00:00:00+00:00,2023-05-11 00:00:00+00:00,Biological,3482; 4490,2,2,official_incident_id,2020
29081,incident:2020030901,2020-01-20 00:00:00+00:00,2023-05-11 00:00:00+00:00,Biological,3482; 4490,2,2,official_incident_id,2020
29083,incident:2011012805,2011-01-31 00:00:00+00:00,2011-02-05 00:00:00+00:00,Severe Storm,1961; 3317,2,2,official_incident_id,2011
29083,incident:2020030901,2020-01-20 00:00:00+00:00,2023-05-11 00:00:00+00:00,Biological,3482; 4490,2,2,official_incident_id,2020
29085,incident:2011012805,2011-01-31 00:00:00+00:00,2011-02-05 00:00:00+00:00,Severe Storm,1961; 3317,2,2,official_incident_id,2011
29085,incident:2015122901,2015-12-22 00:00:00+00:00,2016-01-09 00:00:00+00:00,Flood,3374; 4250,2,2,official_incident_id,2015
29085,incident:2020030901,2020-01-20 00:00:00+00:00,2023-05-11 00:00:00+00:00,Biological,3482; 4490,2,2,official_incident_id,2020
29087,incident:2011060703,2011-06-01 00:00:00+00:00,2011-08-01 00:00:00+00:00,Flood,3325; 4012,2,2,official_incident_id,2011
29087,incident:2020030901,2020-01-20 00:00:00+00:00,2023-05-11 00:00:00+00:00,Biological,3482; 4490,2,2,official_incident_id,2020
29089,incident:2011012805,2011-01-31 00:00:00+00:00,2011-02-05 00:00:00+00:00,Severe Storm,1961; 3317,2,2,official_incident_id,2011
29089,incident:2011060703,2011-06-01 00:00:00+00:00,2011-08-01 00:00:00+00:00,Flood,3325; 4012,2,2,official_incident_id,2011
29089,incident:2020030901,2020-01-20 00:00:00+00:00,2023-05-11 00:00:00+00:00,Biological,3482; 4490,2,2,official_incident_id,2020
29091,incident:2015122901,2015-12-22 00:00:00+00:00,2016-01-09 00:00:00+00:00,Flood,3374; 4250,2,2,official_incident_id,2015
29091,incident:2020030901,2020-01-20 00:00:00+00:00,2023-05-11 00:00:00+00:00,Biological,3482; 4490,2,2,official_incident_id,2020
29093,incident:2015122901,2015-12-22 00:00:00+00:00,2016-01-09 00:00:00+00:00,Flood,3374; 4250,2,2,official_incident_id,2015
29093,incident:2020030901,2020-01-20 00:00:00+00:00,2023-05-11 00:00:00+00:00,Biological,3482; 4490,2,2,official_incident_id,2020
29095,incident:2020030901,2020-01-20 00:00:00+00:00,2023-05-11 00:00:00+00:00,Biological,3482; 4490,2,2,official_incident_id,2020
29097,incident:2015122901,2015-12-22 00:00:00+00:00,2016-01-09 00:00:00+00:00,Flood,3374; 4250,2,2,official_incident_id,2015
29097,incident:2020030901,2020-01-20 00:00:00+00:00,2023-05-11 00:00:00+00:00,Biological,3482; 4490,2,2,official_incident_id,2020
29099,incident:2015122901,2015-12-22 00:00:00+00:00,2016-01-09 00:00:00+00:00,Flood,3374; 4250,2,2,official_incident_id,2015
29099,incident:2020030901,2020-01-20 00:00:00+00:00,2023-05-11 00:00:00+00:00,Biological,3482; 4490,2,2,official_incident_id,2020
29101,incident:2011012805,2011-01-31 00:00:00+00:00,2011-02-05 00:00:00+00:00,Severe Storm,1961; 3317,2,2,official_incident_id,2011
29101,incident:2020030901,2020-01-20 00:00:00+00:00,2023-05-11 00:00:00+00:00,Biological,3482; 4490,2,2,official_incident_id,2020
29103,incident:2011012805,2011-01-31 00:00:00+00:00,2011-02-05 00:00:00+00:00,Severe Storm,1961; 3317,2,2,official_incident_id,2011
29103,incident:2020030901,2020-01-20 00:00:00+00:00,2023-05-11 00:00:00+00:00,Biological,3482; 4490,2,2,official_incident_id,2020
29105,incident:2011012805,2011-01-31 00:00:00+00:00,2011-02-05 00:00:00+00:00,Severe Storm,1961; 3317,2,2,official_incident_id,2011
29105,incident:2015122901,2015-12-22 00:00:00+00:00,2016-01-09 00:00:00+00:00,Flood,3374; 4250,2,2,official_incident_id,2015
29105,incident:2020030901,2020-01-20 00:00:00+00:00,2023-05-11 00:00:00+00:00,Biological,3482; 4490,2,2,official_incident_id,2020
29107,incident:2011012805,2011-01-31 00:00:00+00:00,2011-02-05 00:00:00+00:00,Severe Storm,1961; 3317,2,2,official_incident_id,2011
29107,incident:2011060703,2011-06-01 00:00:00+00:00,2011-08-01 00:00:00+00:00,Flood,3325; 4012,2,2,official_incident_id,2011
29107,incident:2020030901,2020-01-20 00:00:00+00:00,2023-05-11 00:00:00+00:00,Biological,3482; 4490,2,2,official_incident_id,2020
29109,incident:2015122901,2015-12-22 00:00:00+00:00,2016-01-09 00:00:00+00:00,Flood,3374; 4250,2,2,official_incident_id,2015
29109,incident:2020030901,2020-01-20 00:00:00+00:00,2023-05-11 00:00:00+00:00,Biological,3482; 4490,2,2,official_incident_id,2020
29111,incident:2011012805,2011-01-31 00:00:00+00:00,2011-02-05 00:00:00+00:00,Severe Storm,1961; 3317,2,2,official_incident_id,2011
29111,incident:2020030901,2020-01-20 00:00:00+00:00,2023-05-11 00:00:00+00:00,Biological,3482; 4490,2,2,official_incident_id,2020
29113,incident:2015122901,2015-12-22 00:00:00+00:00,2016-01-09 00:00:00+00:00,Flood,3374; 4250,2,2,official_incident_id,2015
29113,incident:2020030901,2020-01-20 00:00:00+00:00,2023-05-11 00:00:00+00:00,Biological,3482; 4490,2,2,official_incident_id,2020
29115,incident:2011012805,2011-01-31 00:00:00+00:00,2011-02-05 00:00:00+00:00,Severe Storm,1961; 3317,2,2,official_incident_id,2011
29115,incident:2020030901,2020-01-20 00:00:00+00:00,2023-05-11 00:00:00+00:00,Biological,3482; 4490,2,2,official_incident_id,2020
29117,incident:2011012805,2011-01-31 00:00:00+00:00,2011-02-05 00:00:00+00:00,Severe Storm,1961; 3317,2,2,official_incident_id,2011
29117,incident:2020030901,2020-01-20 00:00:00+00:00,2023-05-11 00:00:00+00:00,Biological,3482; 4490,2,2,official_incident_id,2020
29119,incident:2011012805,2011-01-31 00:00:00+00:00,2011-02-05 00:00:00+00:00,Severe Storm,1961; 3317,2,2,official_incident_id,2011
29119,incident:2015122901,2015-12-22 00:00:00+00:00,2016-01-09 00:00:00+00:00,Flood,3374; 4250,2,2,official_incident_id,2015
29119,incident:2020030901,2020-01-20 00:00:00+00:00,2023-05-11 00:00:00+00:00,Biological,3482; 4490,2,2,official_incident_id,2020
29121,incident:2011012805,2011-01-31 00:00:00+00:00,2011-02-05 00:00:00+00:00,Severe Storm,1961; 3317,2,2,official_incident_id,2011
29121,incident:2020030901,2020-01-20 00:00:00+00:00,2023-05-11 00:00:00+00:00,Biological,3482; 4490,2,2,official_incident_id,2020
29123,incident:2011012805,2011-01-31 00:00:00+00:00,2011-02-05 00:00:00+00:00,Severe Storm,1961; 3317,2,2,official_incident_id,2011
29123,incident:2020030901,2020-01-20 00:00:00+00:00,2023-05-11 00:00:00+00:00,Biological,3482; 4490,2,2,official_incident_id,2020
29125,incident:2011012805,2011-01-31 00:00:00+00:00,2011-02-05 00:00:00+00:00,Severe Storm,1961; 3317,2,2,official_incident_id,2011
29125,incident:2015122901,2015-12-22 00:00:00+00:00,2016-01-09 00:00:00+00:00,Flood,3374; 4250,2,2,official_incident_id,2015
29125,incident:2020030901,2020-01-20 00:00:00+00:00,2023-05-11 00:00:00+00:00,Biological,3482; 4490,2,2,official_incident_id,2020
29127,incident:2011012805,2011-01-31 00:00:00+00:00,2011-02-05 00:00:00+00:00,Severe Storm,1961; 3317,2,2,official_incident_id,2011
29127,incident:2020030901,2020-01-20 00:00:00+00:00,2023-05-11 00:00:00+00:00,Biological,3482; 4490,2,2,official_incident_id,2020
29129,incident:2020030901,2020-01-20 00:00:00+00:00,2023-05-11 00:00:00+00:00,Biological,3482; 4490,2,2,official_incident_id,2020
29131,incident:2011012805,2011-01-31 00:00:00+00:00,2011-02-05 00:00:00+00:00,Severe Storm,1961; 3317,2,2,official_incident_id,2011
29131,incident:2020030901,2020-01-20 00:00:00+00:00,2023-05-11 00:00:00+00:00,Biological,3482; 4490,2,2,official_incident_id,2020
29133,incident:2015122901,2015-12-22 00:00:00+00:00,2016-01-09 00:00:00+00:00,Flood,3374; 4250,2,2,official_incident_id,2015
29133,incident:2020030901,2020-01-20 00:00:00+00:00,2023-05-11 00:00:00+00:00,Biological,3482; 4490,2,2,official_incident_id,2020
29135,incident:2011012805,2011-01-31 00:00:00+00:00,2011-02-05 00:00:00+00:00,Severe Storm,1961; 3317,2,2,official_incident_id,2011
29135,incident:2020030901,2020-01-20 00:00:00+00:00,2023-05-11 00:00:00+00:00,Biological,3482; 4490,2,2,official_incident_id,2020
29137,incident:2011012805,2011-01-31 00:00:00+00:00,2011-02-05 00:00:00+00:00,Severe Storm,1961; 3317,2,2,official_incident_id,2011
29137,incident:2020030901,2020-01-20 00:00:00+00:00,2023-05-11 00:00:00+00:00,Biological,3482; 4490,2,2,official_incident_id,2020
29139,incident:2011012805,2011-01-31 00:00:00+00:00,2011-02-05 00:00:00+00:00,Severe Storm,1961; 3317,2,2,official_incident_id,2011
29139,incident:2020030901,2020-01-20 00:00:00+00:00,2023-05-11 00:00:00+00:00,Biological,3482; 4490,2,2,official_incident_id,2020
29141,incident:2011012805,2011-01-31 00:00:00+00:00,2011-02-05 00:00:00+00:00,Severe Storm,1961; 3317,2,2,official_incident_id,2011
29141,incident:2015122901,2015-12-22 00:00:00+00:00,2016-01-09 00:00:00+00:00,Flood,3374; 4250,2,2,official_incident_id,2015
29141,incident:2020030901,2020-01-20 00:00:00+00:00,2023-05-11 00:00:00+00:00,Biological,3482; 4490,2,2,official_incident_id,2020
29143,incident:2015122901,2015-12-22 00:00:00+00:00,2016-01-09 00:00:00+00:00,Flood,3374; 4250,2,2,official_incident_id,2015
29143,incident:2020030901,2020-01-20 00:00:00+00:00,2023-05-11 00:00:00+00:00,Biological,3482; 4490,2,2,official_incident_id,2020
29145,incident:2011012805,2011-01-31 00:00:00+00:00,2011-02-05 00:00:00+00:00,Severe Storm,1961; 3317,2,2,official_incident_id,2011
29145,incident:2015122901,2015-12-22 00:00:00+00:00,2016-01-09 00:00:00+00:00,Flood,3374; 4250,2,2,official_incident_id,2015
29145,incident:2020030901,2020-01-20 00:00:00+00:00,2023-05-11 00:00:00+00:00,Biological,3482; 4490,2,2,official_incident_id,2020
29147,incident:2020030901,2020-01-20 00:00:00+00:00,2023-05-11 00:00:00+00:00,Biological,3482; 4490,2,2,official_incident_id,2020
29149,incident:2020030901,2020-01-20 00:00:00+00:00,2023-05-11 00:00:00+00:00,Biological,3482; 4490,2,2,official_incident_id,2020
29151,incident:2011012805,2011-01-31 00:00:00+00:00,2011-02-05 00:00:00+00:00,Severe Storm,1961; 3317,2,2,official_incident_id,2011
29151,incident:2015122901,2015-12-22 00:00:00+00:00,2016-01-09 00:00:00+00:00,Flood,3374; 4250,2,2,official_incident_id,2015
29151,incident:2020030901,2020-01-20 00:00:00+00:00,2023-05-11 00:00:00+00:00,Biological,3482; 4490,2,2,official_incident_id,2020
29153,incident:2015122901,2015-12-22 00:00:00+00:00,2016-01-09 00:00:00+00:00,Flood,3374; 4250,2,2,official_incident_id,2015
29153,incident:2020030901,2020-01-20 00:00:00+00:00,2023-05-11 00:00:00+00:00,Biological,3482; 4490,2,2,official_incident_id,2020
29155,incident:2015122901,2015-12-22 00:00:00+00:00,2016-01-09 00:00:00+00:00,Flood,3374; 4250,2,2,official_incident_id,2015
29155,incident:2020030901,2020-01-20 00:00:00+00:00,2023-05-11 00:00:00+00:00,Biological,3482; 4490,2,2,official_incident_id,2020
29157,incident:2015122901,2015-12-22 00:00:00+00:00,2016-01-09 00:00:00+00:00,Flood,3374; 4250,2,2,official_incident_id,2015
29157,incident:2020030901,2020-01-20 00:00:00+00:00,2023-05-11 00:00:00+00:00,Biological,3482; 4490,2,2,official_incident_id,2020
29159,incident:2011012805,2011-01-31 00:00:00+00:00,2011-02-05 00:00:00+00:00,Severe Storm,1961; 3317,2,2,official_incident_id,2011
29159,incident:2020030901,2020-01-20 00:00:00+00:00,2023-05-11 00:00:00+00:00,Biological,3482; 4490,2,2,official_incident_id,2020
29161,incident:2015122901,2015-12-22 00:00:00+00:00,2016-01-09 00:00:00+00:00,Flood,3374; 4250,2,2,official_incident_id,2015
29161,incident:2020030901,2020-01-20 00:00:00+00:00,2023-05-11 00:00:00+00:00,Biological,3482; 4490,2,2,official_incident_id,2020
29163,incident:2011012805,2011-01-31 00:00:00+00:00,2011-02-05 00:00:00+00:00,Severe Storm,1961; 3317,2,2,official_incident_id,2011
29163,incident:2020030901,2020-01-20 00:00:00+00:00,2023-05-11 00:00:00+00:00,Biological,3482; 4490,2,2,official_incident_id,2020
29165,incident:2011012805,2011-01-31 00:00:00+00:00,2011-02-05 00:00:00+00:00,Severe Storm,1961; 3317,2,2,official_incident_id,2011
29165,incident:2011060703,2011-06-01 00:00:00+00:00,2011-08-01 00:00:00+00:00,Flood,3325; 4012,2,2,official_incident_id,2011
29165,incident:2020030901,2020-01-20 00:00:00+00:00,2023-05-11 00:00:00+00:00,Biological,3482; 4490,2,2,official_incident_id,2020
29167,incident:2011012805,2011-01-31 00:00:00+00:00,2011-02-05 00:00:00+00:00,Severe Storm,1961; 3317,2,2,official_incident_id,2011
29167,incident:2015122901,2015-12-22 00:00:00+00:00,2016-01-09 00:00:00+00:00,Flood,3374; 4250,2,2,official_incident_id,2015
29167,incident:2020030901,2020-01-20 00:00:00+00:00,2023-05-11 00:00:00+00:00,Biological,3482; 4490,2,2,official_incident_id,2020
29169,incident:2011012805,2011-01-31 00:00:00+00:00,2011-02-05 00:00:00+00:00,Severe Storm,1961; 3317,2,2,official_incident_id,2011
29169,incident:2015122901,2015-12-22 00:00:00+00:00,2016-01-09 00:00:00+00:00,Flood,3374; 4250,2,2,official_incident_id,2015
29169,incident:2020030901,2020-01-20 00:00:00+00:00,2023-05-11 00:00:00+00:00,Biological,3482; 4490,2,2,official_incident_id,2020
29171,incident:2011012805,2011-01-31 00:00:00+00:00,2011-02-05 00:00:00+00:00,Severe Storm,1961; 3317,2,2,official_incident_id,2011
29171,incident:2020030901,2020-01-20 00:00:00+00:00,2023-05-11 00:00:00+00:00,Biological,3482; 4490,2,2,official_incident_id,2020
29173,incident:2011012805,2011-01-31 00:00:00+00:00,2011-02-05 00:00:00+00:00,Severe Storm,1961; 3317,2,2,official_incident_id,2011
29173,incident:2020030901,2020-01-20 00:00:00+00:00,2023-05-11 00:00:00+00:00,Biological,3482; 4490,2,2,official_incident_id,2020
29175,incident:2011012805,2011-01-31 00:00:00+00:00,2011-02-05 00:00:00+00:00,Severe Storm,1961; 3317,2,2,official_incident_id,2011
29175,incident:2020030901,2020-01-20 00:00:00+00:00,2023-05-11 00:00:00+00:00,Biological,3482; 4490,2,2,official_incident_id,2020
29177,incident:2011012805,2011-01-31 00:00:00+00:00,2011-02-05 00:00:00+00:00,Severe Storm,1961; 3317,2,2,official_incident_id,2011
29177,incident:2011060703,2011-06-01 00:00:00+00:00,2011-08-01 00:00:00+00:00,Flood,3325; 4012,2,2,official_incident_id,2011
29177,incident:2020030901,2020-01-20 00:00:00+00:00,2023-05-11 00:00:00+00:00,Biological,3482; 4490,2,2,official_incident_id,2020
29179,incident:2015122901,2015-12-22 00:00:00+00:00,2016-01-09 00:00:00+00:00,Flood,3374; 4250,2,2,official_incident_id,2015
29179,incident:2020030901,2020-01-20 00:00:00+00:00,2023-05-11 00:00:00+00:00,Biological,3482; 4490,2,2,official_incident_id,2020
29181,incident:2020030901,2020-01-20 00:00:00+00:00,2023-05-11 00:00:00+00:00,Biological,3482; 4490,2,2,official_incident_id,2020
29183,incident:2015122901,2015-12-22 00:00:00+00:00,2016-01-09 00:00:00+00:00,Flood,3374; 4250,2,2,official_incident_id,2015
29183,incident:2020030901,2020-01-20 00:00:00+00:00,2023-05-11 00:00:00+00:00,Biological,3482; 4490,2,2,official_incident_id,2020
29185,incident:2011012805,2011-01-31 00:00:00+00:00,2011-02-05 00:00:00+00:00,Severe Storm,1961; 3317,2,2,official_incident_id,2011
29185,incident:2015122901,2015-12-22 00:00:00+00:00,2016-01-09 00:00:00+00:00,Flood,3374; 4250,2,2,official_incident_id,2015
29185,incident:2020030901,2020-01-20 00:00:00+00:00,2023-05-11 00:00:00+00:00,Biological,3482; 4490,2,2,official_incident_id,2020
29186,incident:2015122901,2015-12-22 00:00:00+00:00,2016-01-09 00:00:00+00:00,Flood,3374; 4250,2,2,official_incident_id,2015
29186,incident:2020030901,2020-01-20 00:00:00+00:00,2023-05-11 00:00:00+00:00,Biological,3482; 4490,2,2,official_incident_id,2020
29187,incident:2015122901,2015-12-22 00:00:00+00:00,2016-01-09 00:00:00+00:00,Flood,3374; 4250,2,2,official_incident_id,2015
29187,incident:2020030901,2020-01-20 00:00:00+00:00,2023-05-11 00:00:00+00:00,Biological,3482; 4490,2,2,official_incident_id,2020
29189,incident:2015122901,2015-12-22 00:00:00+00:00,2016-01-09 00:00:00+00:00,Flood,3374; 4250,2,2,official_incident_id,2015
29189,incident:2020030901,2020-01-20 00:00:00+00:00,2023-05-11 00:00:00+00:00,Biological,3482; 4490,2,2,official_incident_id,2020
29195,incident:2011012805,2011-01-31 00:00:00+00:00,2011-02-05 00:00:00+00:00,Severe Storm,1961; 3317,2,2,official_incident_id,2011
29195,incident:2011060703,2011-06-01 00:00:00+00:00,2011-08-01 00:00:00+00:00,Flood,3325; 4012,2,2,official_incident_id,2011
29195,incident:2020030901,2020-01-20 00:00:00+00:00,2023-05-11 00:00:00+00:00,Biological,3482; 4490,2,2,official_incident_id,2020
29197,incident:2011012805,2011-01-31 00:00:00+00:00,2011-02-05 00:00:00+00:00,Severe Storm,1961; 3317,2,2,official_incident_id,2011
29197,incident:2020030901,2020-01-20 00:00:00+00:00,2023-05-11 00:00:00+00:00,Biological,3482; 4490,2,2,official_incident_id,2020
29199,incident:2011012805,2011-01-31 00:00:00+00:00,2011-02-05 00:00:00+00:00,Severe Storm,1961; 3317,2,2,official_incident_id,2011
29199,incident:2020030901,2020-01-20 00:00:00+00:00,2023-05-11 00:00:00+00:00,Biological,3482; 4490,2,2,official_incident_id,2020
29201,incident:2015122901,2015-12-22 00:00:00+00:00,2016-01-09 00:00:00+00:00,Flood,3374; 4250,2,2,official_incident_id,2015
29201,incident:2020030901,2020-01-20 00:00:00+00:00,2023-05-11 00:00:00+00:00,Biological,3482; 4490,2,2,official_incident_id,2020
29203,incident:2015122901,2015-12-22 00:00:00+00:00,2016-01-09 00:00:00+00:00,Flood,3374; 4250,2,2,official_incident_id,2015
29203,incident:2020030901,2020-01-20 00:00:00+00:00,2023-05-11 00:00:00+00:00,Biological,3482; 4490,2,2,official_incident_id,2020
29205,incident:2011012805,2011-01-31 00:00:00+00:00,2011-02-05 00:00:00+00:00,Severe Storm,1961; 3317,2,2,official_incident_id,2011
29205,incident:2020030901,2020-01-20 00:00:00+00:00,2023-05-11 00:00:00+00:00,Biological,3482; 4490,2,2,official_incident_id,2020
29207,incident:2015122901,2015-12-22 00:00:00+00:00,2016-01-09 00:00:00+00:00,Flood,3374; 4250,2,2,official_incident_id,2015
29207,incident:2020030901,2020-01-20 00:00:00+00:00,2023-05-11 00:00:00+00:00,Biological,3482; 4490,2,2,official_incident_id,2020
29209,incident:2015122901,2015-12-22 00:00:00+00:00,2016-01-09 00:00:00+00:00,Flood,3374; 4250,2,2,official_incident_id,2015
29209,incident:2020030901,2020-01-20 00:00:00+00:00,2023-05-11 00:00:00+00:00,Biological,3482; 4490,2,2,official_incident_id,2020
29211,incident:2011012805,2011-01-31 00:00:00+00:00,2011-02-05 00:00:00+00:00,Severe Storm,1961; 3317,2,2,official_incident_id,2011
29211,incident:2020030901,2020-01-20 00:00:00+00:00,2023-05-11 00:00:00+00:00,Biological,3482; 4490,2,2,official_incident_id,2020
29213,incident:2015122901,2015-12-22 00:00:00+00:00,2016-01-09 00:00:00+00:00,Flood,3374; 4250,2,2,official_incident_id,2015
29213,incident:2020030901,2020-01-20 00:00:00+00:00,2023-05-11 00:00:00+00:00,Biological,3482; 4490,2,2,official_incident_id,2020
29215,incident:2015122901,2015-12-22 00:00:00+00:00,2016-01-09 00:00:00+00:00,Flood,3374; 4250,2,2,official_incident_id,2015
29215,incident:2020030901,2020-01-20 00:00:00+00:00,2023-05-11 00:00:00+00:00,Biological,3482; 4490,2,2,official_incident_id,2020
29217,incident:2011012805,2011-01-31 00:00:00+00:00,2011-02-05 00:00:00+00:00,Severe Storm,1961; 3317,2,2,official_incident_id,2011
29217,incident:2020030901,2020-01-20 00:00:00+00:00,2023-05-11 00:00:00+00:00,Biological,3482; 4490,2,2,official_incident_id,2020
29219,incident:2020030901,2020-01-20 00:00:00+00:00,2023-05-11 00:00:00+00:00,Biological,3482; 4490,2,2,official_incident_id,2020
29221,incident:2015122901,2015-12-22 00:00:00+00:00,2016-01-09 00:00:00+00:00,Flood,3374; 4250,2,2,official_incident_id,2015
29221,incident:2020030901,2020-01-20 00:00:00+00:00,2023-05-11 00:00:00+00:00,Biological,3482; 4490,2,2,official_incident_id,2020
29223,incident:2020030901,2020-01-20 00:00:00+00:00,2023-05-11 00:00:00+00:00,Biological,3482; 4490,2,2,official_incident_id,2020
29225,incident:2015122901,2015-12-22 00:00:00+00:00,2016-01-09 00:00:00+00:00,Flood,3374; 4250,2,2,official_incident_id,2015
29225,incident:2020030901,2020-01-20 00:00:00+00:00,2023-05-11 00:00:00+00:00,Biological,3482; 4490,2,2,official_incident_id,2020
29227,incident:2011012805,2011-01-31 00:00:00+00:00,2011-02-05 00:00:00+00:00,Severe Storm,1961; 3317,2,2,official_incident_id,2011
29227,incident:2020030901,2020-01-20 00:00:00+00:00,2023-05-11 00:00:00+00:00,Biological,3482; 4490,2,2,official_incident_id,2020
29229,incident:2015122901,2015-12-22 00:00:00+00:00,2016-01-09 00:00:00+00:00,Flood,3374; 4250,2,2,official_incident_id,2015
29229,incident:2020030901,2020-01-20 00:00:00+00:00,2023-05-11 00:00:00+00:00,Biological,3482; 4490,2,2,official_incident_id,2020
29510,incident:2015122901,2015-12-22 00:00:00+00:00,2016-01-09 00:00:00+00:00,Flood,3374; 4250,2,2,official_incident_id,2015
29510,incident:2020030901,2020-01-20 00:00:00+00:00,2023-05-11 00:00:00+00:00,Biological,3482; 4490,2,2,official_incident_id,2020
30001,incident:2020030901,2020-01-20 00:00:00+00:00,2023-05-11 00:00:00+00:00,Biological,3476; 4508,2,2,official_incident_id,2020
30003,incident:2020030901,2020-01-20 00:00:00+00:00,2023-05-11 00:00:00+00:00,Biological,3476; 4508,2,6,official_incident_id,2020
30005,incident:2020030901,2020-01-20 00:00:00+00:00,2023-05-11 00:00:00+00:00,Biological,3476; 3477; 4508; 4509,4,6,official_incident_id,2020
30007,incident:2020030901,2020-01-20 00:00:00+00:00,2023-05-11 00:00:00+00:00,Biological,3476; 4508,2,2,official_incident_id,2020
30009,incident:2020030901,2020-01-20 00:00:00+00:00,2023-05-11 00:00:00+00:00,Biological,3476; 4508,2,2,official_incident_id,2020
30011,incident:2020030901,2020-01-20 00:00:00+00:00,2023-05-11 00:00:00+00:00,Biological,3476; 3477; 4508; 4509,4,4,official_incident_id,2020
30013,incident:2020030901,2020-01-20 00:00:00+00:00,2023-05-11 00:00:00+00:00,Biological,3476; 4508,2,2,official_incident_id,2020
30015,incident:2020030901,2020-01-20 00:00:00+00:00,2023-05-11 00:00:00+00:00,Biological,3476; 3477; 4508; 4509,4,6,official_incident_id,2020
30017,incident:2020030901,2020-01-20 00:00:00+00:00,2023-05-11 00:00:00+00:00,Biological,3476; 4508,2,2,official_incident_id,2020
30019,incident:2020030901,2020-01-20 00:00:00+00:00,2023-05-11 00:00:00+00:00,Biological,3476; 3477; 3516; 4508; 4509,5,7,official_incident_id,2020
30019,incident:2025121901,2025-12-17 00:00:00+00:00,2025-12-18 00:00:00+00:00,Straight-Line Winds; Winter Storm,4902; 4914,2,2,official_incident_id,2025
30021,incident:2020030901,2020-01-20 00:00:00+00:00,2023-05-11 00:00:00+00:00,Biological,3476; 4508,2,2,official_incident_id,2020
30023,incident:2020030901,2020-01-20 00:00:00+00:00,2023-05-11 00:00:00+00:00,Biological,3476; 4508,2,2,official_incident_id,2020
30025,incident:2020030901,2020-01-20 00:00:00+00:00,2023-05-11 00:00:00+00:00,Biological,3476; 4508,2,2,official_incident_id,2020
30027,incident:2020030901,2020-01-20 00:00:00+00:00,2023-05-11 00:00:00+00:00,Biological,3476; 4508,2,2,official_incident_id,2020
30029,incident:2020030901,2020-01-20 00:00:00+00:00,2023-05-11 00:00:00+00:00,Biological,3476; 4508,2,4,official_incident_id,2020
30031,incident:2020030901,2020-01-20 00:00:00+00:00,2023-05-11 00:00:00+00:00,Biological,3476; 4508,2,2,official_incident_id,2020
30033,incident:2020030901,2020-01-20 00:00:00+00:00,2023-05-11 00:00:00+00:00,Biological,3476; 4508,2,2,official_incident_id,2020
30035,incident:2020030901,2020-01-20 00:00:00+00:00,2023-05-11 00:00:00+00:00,Biological,3476; 4508,2,4,official_incident_id,2020
30037,incident:2020030901,2020-01-20 00:00:00+00:00,2023-05-11 00:00:00+00:00,Biological,3476; 4508,2,2,official_incident_id,2020
30039,incident:2020030901,2020-01-20 00:00:00+00:00,2023-05-11 00:00:00+00:00,Biological,3476; 4508,2,2,official_incident_id,2020
30041,incident:2020030901,2020-01-20 00:00:00+00:00,2023-05-11 00:00:00+00:00,Biological,3476; 4508,2,4,official_incident_id,2020
30043,incident:2020030901,2020-01-20 00:00:00+00:00,2023-05-11 00:00:00+00:00,Biological,3476; 4508,2,2,official_incident_id,2020
30045,incident:2020030901,2020-01-20 00:00:00+00:00,2023-05-11 00:00:00+00:00,Biological,3476; 4508,2,2,official_incident_id,2020
30047,incident:2020030901,2020-01-20 00:00:00+00:00,2023-05-11 00:00:00+00:00,Biological,3476; 4508,2,2,official_incident_id,2020
30049,incident:2020030901,2020-01-20 00:00:00+00:00,2023-05-11 00:00:00+00:00,Biological,3476; 4508,2,2,official_incident_id,2020
30051,incident:2020030901,2020-01-20 00:00:00+00:00,2023-05-11 00:00:00+00:00,Biological,3476; 4508,2,2,official_incident_id,2020
30053,incident:2020030901,2020-01-20 00:00:00+00:00,2023-05-11 00:00:00+00:00,Biological,3476; 4508,2,2,official_incident_id,2020
30053,incident:2025121602,2025-12-09 00:00:00+00:00,2025-12-11 00:00:00+00:00,Flood,3630; 4901,2,2,official_incident_id,2025
30055,incident:2020030901,2020-01-20 00:00:00+00:00,2023-05-11 00:00:00+00:00,Biological,3476; 3477; 4508; 4509,4,4,official_incident_id,2020
30057,incident:2020030901,2020-01-20 00:00:00+00:00,2023-05-11 00:00:00+00:00,Biological,3476; 4508,2,2,official_incident_id,2020
30059,incident:2020030901,2020-01-20 00:00:00+00:00,2023-05-11 00:00:00+00:00,Biological,3476; 4508,2,2,official_incident_id,2020
30061,incident:2020030901,2020-01-20 00:00:00+00:00,2023-05-11 00:00:00+00:00,Biological,3476; 4508,2,2,official_incident_id,2020
30063,incident:2020030901,2020-01-20 00:00:00+00:00,2023-05-11 00:00:00+00:00,Biological,3476; 4508,2,2,official_incident_id,2020
30065,incident:2020030901,2020-01-20 00:00:00+00:00,2023-05-11 00:00:00+00:00,Biological,3476; 4508,2,2,official_incident_id,2020
30067,incident:2020030901,2020-01-20 00:00:00+00:00,2023-05-11 00:00:00+00:00,Biological,3476; 4508,2,2,official_incident_id,2020
30069,incident:2020030901,2020-01-20 00:00:00+00:00,2023-05-11 00:00:00+00:00,Biological,3476; 4508,2,2,official_incident_id,2020
30071,incident:2020030901,2020-01-20 00:00:00+00:00,2023-05-11 00:00:00+00:00,Biological,3476; 3477; 4508; 4509,4,6,official_incident_id,2020
30073,incident:2020030901,2020-01-20 00:00:00+00:00,2023-05-11 00:00:00+00:00,Biological,3476; 4508,2,4,official_incident_id,2020
30075,incident:2020030901,2020-01-20 00:00:00+00:00,2023-05-11 00:00:00+00:00,Biological,3476; 4508,2,2,official_incident_id,2020
30077,incident:2020030901,2020-01-20 00:00:00+00:00,2023-05-11 00:00:00+00:00,Biological,3476; 4508,2,2,official_incident_id,2020
30079,incident:2020030901,2020-01-20 00:00:00+00:00,2023-05-11 00:00:00+00:00,Biological,3476; 4508,2,2,official_incident_id,2020
30081,incident:2020030901,2020-01-20 00:00:00+00:00,2023-05-11 00:00:00+00:00,Biological,3476; 4508,2,2,official_incident_id,2020
30083,incident:2020030901,2020-01-20 00:00:00+00:00,2023-05-11 00:00:00+00:00,Biological,3476; 4508,2,2,official_incident_id,2020
30085,incident:2020030901,2020-01-20 00:00:00+00:00,2023-05-11 00:00:00+00:00,Biological,3476; 3477; 3516; 4508; 4509,5,7,official_incident_id,2020
30085,incident:2025121901,2025-12-17 00:00:00+00:00,2025-12-18 00:00:00+00:00,Straight-Line Winds; Winter Storm,4902; 4914,2,2,official_incident_id,2025
30087,incident:2020030901,2020-01-20 00:00:00+00:00,2023-05-11 00:00:00+00:00,Biological,3476; 4508,2,4,official_incident_id,2020
30089,incident:2020030901,2020-01-20 00:00:00+00:00,2023-05-11 00:00:00+00:00,Biological,3476; 4508,2,2,official_incident_id,2020
30091,incident:2020030901,2020-01-20 00:00:00+00:00,2023-05-11 00:00:00+00:00,Biological,3476; 3477; 3516; 4508; 4509,5,7,official_incident_id,2020
30091,incident:2025121901,2025-12-17 00:00:00+00:00,2025-12-18 00:00:00+00:00,Straight-Line Winds; Winter Storm,4902; 4914,2,2,official_incident_id,2025
30093,incident:2020030901,2020-01-20 00:00:00+00:00,2023-05-11 00:00:00+00:00,Biological,3476; 4508,2,2,official_incident_id,2020
30095,incident:2020030901,2020-01-20 00:00:00+00:00,2023-05-11 00:00:00+00:00,Biological,3476; 4508,2,2,official_incident_id,2020
30097,incident:2020030901,2020-01-20 00:00:00+00:00,2023-05-11 00:00:00+00:00,Biological,3476; 4508,2,2,official_incident_id,2020
30099,incident:2020030901,2020-01-20 00:00:00+00:00,2023-05-11 00:00:00+00:00,Biological,3476; 4508,2,2,official_incident_id,2020
30101,incident:2020030901,2020-01-20 00:00:00+00:00,2023-05-11 00:00:00+00:00,Biological,3476; 4508,2,2,official_incident_id,2020
30103,incident:2020030901,2020-01-20 00:00:00+00:00,2023-05-11 00:00:00+00:00,Biological,3476; 4508,2,4,official_incident_id,2020
30105,incident:2020030901,2020-01-20 00:00:00+00:00,2023-05-11 00:00:00+00:00,Biological,3476; 3477; 3516; 4508; 4509,5,7,official_incident_id,2020
30105,incident:2025121901,2025-12-17 00:00:00+00:00,2025-12-18 00:00:00+00:00,Straight-Line Winds; Winter Storm,4902; 4914,2,3,official_incident_id,2025
30107,incident:2020030901,2020-01-20 00:00:00+00:00,2023-05-11 00:00:00+00:00,Biological,3476; 4508,2,2,official_incident_id,2020
30109,incident:2020030901,2020-01-20 00:00:00+00:00,2023-05-11 00:00:00+00:00,Biological,3476; 4508,2,2,official_incident_id,2020
30111,incident:2020030901,2020-01-20 00:00:00+00:00,2023-05-11 00:00:00+00:00,Biological,3476; 4508,2,4,official_incident_id,2020
31001,incident:2020030901,2020-01-20 00:00:00+00:00,2023-05-11 00:00:00+00:00,Biological,3483; 4521,2,2,official_incident_id,2020
31003,incident:2020030901,2020-01-20 00:00:00+00:00,2023-05-11 00:00:00+00:00,Biological,3483; 4521,2,2,official_incident_id,2020
31005,incident:2020030901,2020-01-20 00:00:00+00:00,2023-05-11 00:00:00+00:00,Biological,3483; 4521,2,2,official_incident_id,2020
31005,incident:2026031701,2026-03-12 00:00:00+00:00,2026-04-02 00:00:00+00:00,Fire,4920; 5623,2,2,official_incident_id,2026
31007,incident:2020030901,2020-01-20 00:00:00+00:00,2023-05-11 00:00:00+00:00,Biological,3483; 4521,2,2,official_incident_id,2020
31009,incident:2020030901,2020-01-20 00:00:00+00:00,2023-05-11 00:00:00+00:00,Biological,3483; 4521,2,2,official_incident_id,2020
31011,incident:2020030901,2020-01-20 00:00:00+00:00,2023-05-11 00:00:00+00:00,Biological,3483; 4521,2,2,official_incident_id,2020
31013,incident:2020030901,2020-01-20 00:00:00+00:00,2023-05-11 00:00:00+00:00,Biological,3483; 4521,2,2,official_incident_id,2020
31015,incident:2011051901,2011-05-24 00:00:00+00:00,2011-08-01 00:00:00+00:00,Flood,3323; 4013,2,2,official_incident_id,2011
31015,incident:2020030901,2020-01-20 00:00:00+00:00,2023-05-11 00:00:00+00:00,Biological,3483; 4521,2,2,official_incident_id,2020
31017,incident:2020030901,2020-01-20 00:00:00+00:00,2023-05-11 00:00:00+00:00,Biological,3483; 4521,2,2,official_incident_id,2020
31019,incident:2020030901,2020-01-20 00:00:00+00:00,2023-05-11 00:00:00+00:00,Biological,3483; 4521,2,2,official_incident_id,2020
31021,incident:2011051901,2011-05-24 00:00:00+00:00,2011-08-01 00:00:00+00:00,Flood,3323; 4013,2,3,official_incident_id,2011
31021,incident:2020030901,2020-01-20 00:00:00+00:00,2023-05-11 00:00:00+00:00,Biological,3480; 3483; 3489; 3493; 4483; 4521,6,10,official_incident_id,2020
31023,incident:2020030901,2020-01-20 00:00:00+00:00,2023-05-11 00:00:00+00:00,Biological,3483; 4521,2,2,official_incident_id,2020
31025,incident:2011051901,2011-05-24 00:00:00+00:00,2011-08-01 00:00:00+00:00,Flood,3323; 4013,2,2,official_incident_id,2011
31025,incident:2020030901,2020-01-20 00:00:00+00:00,2023-05-11 00:00:00+00:00,Biological,3483; 4521,2,2,official_incident_id,2020
31027,incident:2020030901,2020-01-20 00:00:00+00:00,2023-05-11 00:00:00+00:00,Biological,3483; 4521,2,2,official_incident_id,2020
31029,incident:2020030901,2020-01-20 00:00:00+00:00,2023-05-11 00:00:00+00:00,Biological,3483; 4521,2,2,official_incident_id,2020
31031,incident:2020030901,2020-01-20 00:00:00+00:00,2023-05-11 00:00:00+00:00,Biological,3483; 4521,2,2,official_incident_id,2020
31033,incident:2020030901,2020-01-20 00:00:00+00:00,2023-05-11 00:00:00+00:00,Biological,3483; 4521,2,2,official_incident_id,2020
31035,incident:2020030901,2020-01-20 00:00:00+00:00,2023-05-11 00:00:00+00:00,Biological,3483; 4521,2,2,official_incident_id,2020
31037,incident:2020030901,2020-01-20 00:00:00+00:00,2023-05-11 00:00:00+00:00,Biological,3483; 4521,2,2,official_incident_id,2020
31039,incident:2020030901,2020-01-20 00:00:00+00:00,2023-05-11 00:00:00+00:00,Biological,3480; 3483; 3493; 4483; 4521,5,7,official_incident_id,2020
31041,incident:2020030901,2020-01-20 00:00:00+00:00,2023-05-11 00:00:00+00:00,Biological,3483; 4521,2,2,official_incident_id,2020
31043,incident:2011051901,2011-05-24 00:00:00+00:00,2011-08-01 00:00:00+00:00,Flood,3323; 4013,2,2,official_incident_id,2011
31043,incident:2020030901,2020-01-20 00:00:00+00:00,2023-05-11 00:00:00+00:00,Biological,3483; 4521,2,2,official_incident_id,2020
31045,incident:2020030901,2020-01-20 00:00:00+00:00,2023-05-11 00:00:00+00:00,Biological,3483; 4521,2,2,official_incident_id,2020
31047,incident:2020030901,2020-01-20 00:00:00+00:00,2023-05-11 00:00:00+00:00,Biological,3483; 4521,2,2,official_incident_id,2020
31049,incident:2020030901,2020-01-20 00:00:00+00:00,2023-05-11 00:00:00+00:00,Biological,3483; 4521,2,2,official_incident_id,2020
31051,incident:2011051901,2011-05-24 00:00:00+00:00,2011-08-01 00:00:00+00:00,Flood,3323; 4013,2,2,official_incident_id,2011
31051,incident:2020030901,2020-01-20 00:00:00+00:00,2023-05-11 00:00:00+00:00,Biological,3483; 3489; 4521,3,5,official_incident_id,2020
31053,incident:2020030901,2020-01-20 00:00:00+00:00,2023-05-11 00:00:00+00:00,Biological,3483; 4521,2,2,official_incident_id,2020
31055,incident:2011051901,2011-05-24 00:00:00+00:00,2011-08-01 00:00:00+00:00,Flood,3323; 4013,2,2,official_incident_id,2011
31055,incident:2020030901,2020-01-20 00:00:00+00:00,2023-05-11 00:00:00+00:00,Biological,3483; 4521,2,2,official_incident_id,2020
31057,incident:2020030901,2020-01-20 00:00:00+00:00,2023-05-11 00:00:00+00:00,Biological,3483; 4521,2,2,official_incident_id,2020
31059,incident:2020030901,2020-01-20 00:00:00+00:00,2023-05-11 00:00:00+00:00,Biological,3483; 4521,2,2,official_incident_id,2020
31061,incident:2020030901,2020-01-20 00:00:00+00:00,2023-05-11 00:00:00+00:00,Biological,3483; 4521,2,2,official_incident_id,2020
31063,incident:2020030901,2020-01-20 00:00:00+00:00,2023-05-11 00:00:00+00:00,Biological,3483; 4521,2,2,official_incident_id,2020
31065,incident:2020030901,2020-01-20 00:00:00+00:00,2023-05-11 00:00:00+00:00,Biological,3483; 4521,2,2,official_incident_id,2020
31067,incident:2020030901,2020-01-20 00:00:00+00:00,2023-05-11 00:00:00+00:00,Biological,3483; 4521,2,2,official_incident_id,2020
31069,incident:2011051901,2011-05-24 00:00:00+00:00,2011-08-01 00:00:00+00:00,Flood,3323; 4013,2,2,official_incident_id,2011
31069,incident:2020030901,2020-01-20 00:00:00+00:00,2023-05-11 00:00:00+00:00,Biological,3483; 4521,2,2,official_incident_id,2020
31069,incident:2026031701,2026-03-12 00:00:00+00:00,2026-04-02 00:00:00+00:00,Fire,4920; 5623,2,2,official_incident_id,2026
31071,incident:2020030901,2020-01-20 00:00:00+00:00,2023-05-11 00:00:00+00:00,Biological,3483; 4521,2,2,official_incident_id,2020
31073,incident:2020030901,2020-01-20 00:00:00+00:00,2023-05-11 00:00:00+00:00,Biological,3483; 4521,2,2,official_incident_id,2020
31075,incident:2020030901,2020-01-20 00:00:00+00:00,2023-05-11 00:00:00+00:00,Biological,3483; 4521,2,2,official_incident_id,2020
31075,incident:2026031701,2026-03-12 00:00:00+00:00,2026-04-02 00:00:00+00:00,Fire,4920; 5623,2,2,official_incident_id,2026
31077,incident:2020030901,2020-01-20 00:00:00+00:00,2023-05-11 00:00:00+00:00,Biological,3483; 4521,2,2,official_incident_id,2020
31079,incident:2020030901,2020-01-20 00:00:00+00:00,2023-05-11 00:00:00+00:00,Biological,3483; 4521,2,2,official_incident_id,2020
31081,incident:2020030901,2020-01-20 00:00:00+00:00,2023-05-11 00:00:00+00:00,Biological,3483; 4521,2,2,official_incident_id,2020
31083,incident:2020030901,2020-01-20 00:00:00+00:00,2023-05-11 00:00:00+00:00,Biological,3483; 4521,2,2,official_incident_id,2020
31085,incident:2020030901,2020-01-20 00:00:00+00:00,2023-05-11 00:00:00+00:00,Biological,3483; 4521,2,2,official_incident_id,2020
31087,incident:2020030901,2020-01-20 00:00:00+00:00,2023-05-11 00:00:00+00:00,Biological,3483; 4521,2,2,official_incident_id,2020
31089,incident:2020030901,2020-01-20 00:00:00+00:00,2023-05-11 00:00:00+00:00,Biological,3483; 4521,2,2,official_incident_id,2020
31091,incident:2020030901,2020-01-20 00:00:00+00:00,2023-05-11 00:00:00+00:00,Biological,3483; 4521,2,2,official_incident_id,2020
31093,incident:2020030901,2020-01-20 00:00:00+00:00,2023-05-11 00:00:00+00:00,Biological,3483; 4521,2,2,official_incident_id,2020
31095,incident:2020030901,2020-01-20 00:00:00+00:00,2023-05-11 00:00:00+00:00,Biological,3483; 4521,2,2,official_incident_id,2020
31097,incident:2020030901,2020-01-20 00:00:00+00:00,2023-05-11 00:00:00+00:00,Biological,3483; 4521,2,2,official_incident_id,2020
31099,incident:2020030901,2020-01-20 00:00:00+00:00,2023-05-11 00:00:00+00:00,Biological,3483; 4521,2,2,official_incident_id,2020
31101,incident:2020030901,2020-01-20 00:00:00+00:00,2023-05-11 00:00:00+00:00,Biological,3483; 4521,2,2,official_incident_id,2020
31103,incident:2020030901,2020-01-20 00:00:00+00:00,2023-05-11 00:00:00+00:00,Biological,3483; 4521,2,2,official_incident_id,2020
31105,incident:2020030901,2020-01-20 00:00:00+00:00,2023-05-11 00:00:00+00:00,Biological,3483; 4521,2,2,official_incident_id,2020
31107,incident:2011051901,2011-05-24 00:00:00+00:00,2011-08-01 00:00:00+00:00,Flood,3323; 4013,2,2,official_incident_id,2011
31107,incident:2020030901,2020-01-20 00:00:00+00:00,2023-05-11 00:00:00+00:00,Biological,3483; 3523; 4521,3,5,official_incident_id,2020
31109,incident:2020030901,2020-01-20 00:00:00+00:00,2023-05-11 00:00:00+00:00,Biological,3483; 4521,2,2,official_incident_id,2020
31111,incident:2011051901,2011-05-24 00:00:00+00:00,2011-08-01 00:00:00+00:00,Flood,3323; 4013,2,2,official_incident_id,2011
31111,incident:2020030901,2020-01-20 00:00:00+00:00,2023-05-11 00:00:00+00:00,Biological,3483; 4521,2,2,official_incident_id,2020
31111,incident:2026031701,2026-03-12 00:00:00+00:00,2026-04-02 00:00:00+00:00,Fire,4920; 5623,2,2,official_incident_id,2026
31113,incident:2020030901,2020-01-20 00:00:00+00:00,2023-05-11 00:00:00+00:00,Biological,3483; 4521,2,2,official_incident_id,2020
31115,incident:2020030901,2020-01-20 00:00:00+00:00,2023-05-11 00:00:00+00:00,Biological,3483; 4521,2,2,official_incident_id,2020
31117,incident:2020030901,2020-01-20 00:00:00+00:00,2023-05-11 00:00:00+00:00,Biological,3483; 4521,2,2,official_incident_id,2020
31119,incident:2020030901,2020-01-20 00:00:00+00:00,2023-05-11 00:00:00+00:00,Biological,3483; 4521,2,2,official_incident_id,2020
31121,incident:2020030901,2020-01-20 00:00:00+00:00,2023-05-11 00:00:00+00:00,Biological,3483; 4521,2,2,official_incident_id,2020
31123,incident:2020030901,2020-01-20 00:00:00+00:00,2023-05-11 00:00:00+00:00,Biological,3483; 4521,2,2,official_incident_id,2020
31123,incident:2026031701,2026-03-12 00:00:00+00:00,2026-04-02 00:00:00+00:00,Fire,4920; 5623,2,2,official_incident_id,2026
31125,incident:2020030901,2020-01-20 00:00:00+00:00,2023-05-11 00:00:00+00:00,Biological,3483; 4521,2,2,official_incident_id,2020
31127,incident:2011051901,2011-05-24 00:00:00+00:00,2011-08-01 00:00:00+00:00,Flood,3323; 4013,2,2,official_incident_id,2011
31127,incident:2020030901,2020-01-20 00:00:00+00:00,2023-05-11 00:00:00+00:00,Biological,3483; 4521,2,2,official_incident_id,2020
31129,incident:2020030901,2020-01-20 00:00:00+00:00,2023-05-11 00:00:00+00:00,Biological,3483; 4521,2,2,official_incident_id,2020
31131,incident:2011051901,2011-05-24 00:00:00+00:00,2011-08-01 00:00:00+00:00,Flood,3323; 4013,2,2,official_incident_id,2011
31131,incident:2020030901,2020-01-20 00:00:00+00:00,2023-05-11 00:00:00+00:00,Biological,3483; 4521,2,2,official_incident_id,2020
31133,incident:2020030901,2020-01-20 00:00:00+00:00,2023-05-11 00:00:00+00:00,Biological,3483; 4521,2,2,official_incident_id,2020
31135,incident:2020030901,2020-01-20 00:00:00+00:00,2023-05-11 00:00:00+00:00,Biological,3483; 4521,2,2,official_incident_id,2020
31137,incident:2020030901,2020-01-20 00:00:00+00:00,2023-05-11 00:00:00+00:00,Biological,3483; 4521,2,2,official_incident_id,2020
31139,incident:2020030901,2020-01-20 00:00:00+00:00,2023-05-11 00:00:00+00:00,Biological,3483; 4521,2,2,official_incident_id,2020
31141,incident:2020030901,2020-01-20 00:00:00+00:00,2023-05-11 00:00:00+00:00,Biological,3483; 4521,2,2,official_incident_id,2020
31143,incident:2020030901,2020-01-20 00:00:00+00:00,2023-05-11 00:00:00+00:00,Biological,3483; 4521,2,2,official_incident_id,2020
31145,incident:2020030901,2020-01-20 00:00:00+00:00,2023-05-11 00:00:00+00:00,Biological,3483; 4521,2,2,official_incident_id,2020
31147,incident:2011051901,2011-05-24 00:00:00+00:00,2011-08-01 00:00:00+00:00,Flood,3323; 4013,2,2,official_incident_id,2011
31147,incident:2020030901,2020-01-20 00:00:00+00:00,2023-05-11 00:00:00+00:00,Biological,3483; 4521,2,2,official_incident_id,2020
31149,incident:2020030901,2020-01-20 00:00:00+00:00,2023-05-11 00:00:00+00:00,Biological,3483; 4521,2,2,official_incident_id,2020
31151,incident:2020030901,2020-01-20 00:00:00+00:00,2023-05-11 00:00:00+00:00,Biological,3483; 4521,2,2,official_incident_id,2020
31153,incident:2011051901,2011-05-24 00:00:00+00:00,2011-08-01 00:00:00+00:00,Flood,3323; 4013,2,2,official_incident_id,2011
31153,incident:2020030901,2020-01-20 00:00:00+00:00,2023-05-11 00:00:00+00:00,Biological,3483; 4521,2,2,official_incident_id,2020
31155,incident:2020030901,2020-01-20 00:00:00+00:00,2023-05-11 00:00:00+00:00,Biological,3483; 4521,2,2,official_incident_id,2020
31157,incident:2011051901,2011-05-24 00:00:00+00:00,2011-08-01 00:00:00+00:00,Flood,3323; 4013,2,2,official_incident_id,2011
31157,incident:2020030901,2020-01-20 00:00:00+00:00,2023-05-11 00:00:00+00:00,Biological,3483; 4521,2,2,official_incident_id,2020
31159,incident:2020030901,2020-01-20 00:00:00+00:00,2023-05-11 00:00:00+00:00,Biological,3483; 4521,2,2,official_incident_id,2020
31161,incident:2020030901,2020-01-20 00:00:00+00:00,2023-05-11 00:00:00+00:00,Biological,3483; 4521,2,3,official_incident_id,2020
31163,incident:2020030901,2020-01-20 00:00:00+00:00,2023-05-11 00:00:00+00:00,Biological,3483; 4521,2,2,official_incident_id,2020
31165,incident:2020030901,2020-01-20 00:00:00+00:00,2023-05-11 00:00:00+00:00,Biological,3483; 4521,2,2,official_incident_id,2020
31167,incident:2020030901,2020-01-20 00:00:00+00:00,2023-05-11 00:00:00+00:00,Biological,3483; 4521,2,2,official_incident_id,2020
31169,incident:2020030901,2020-01-20 00:00:00+00:00,2023-05-11 00:00:00+00:00,Biological,3483; 4521,2,2,official_incident_id,2020
31171,incident:2020030901,2020-01-20 00:00:00+00:00,2023-05-11 00:00:00+00:00,Biological,3483; 4521,2,2,official_incident_id,2020
31173,incident:2011051901,2011-05-24 00:00:00+00:00,2011-08-01 00:00:00+00:00,Flood,3323; 4013,2,3,official_incident_id,2011
31173,incident:2020030901,2020-01-20 00:00:00+00:00,2023-05-11 00:00:00+00:00,Biological,3480; 3483; 3489; 3493; 4483; 4521,6,10,official_incident_id,2020
31175,incident:2020030901,2020-01-20 00:00:00+00:00,2023-05-11 00:00:00+00:00,Biological,3483; 4521,2,2,official_incident_id,2020
31177,incident:2011051901,2011-05-24 00:00:00+00:00,2011-08-01 00:00:00+00:00,Flood,3323; 4013,2,2,official_incident_id,2011
31177,incident:2020030901,2020-01-20 00:00:00+00:00,2023-05-11 00:00:00+00:00,Biological,3483; 4521,2,2,official_incident_id,2020
31179,incident:2020030901,2020-01-20 00:00:00+00:00,2023-05-11 00:00:00+00:00,Biological,3483; 4521,2,2,official_incident_id,2020
31181,incident:2020030901,2020-01-20 00:00:00+00:00,2023-05-11 00:00:00+00:00,Biological,3483; 4521,2,2,official_incident_id,2020
31183,incident:2020030901,2020-01-20 00:00:00+00:00,2023-05-11 00:00:00+00:00,Biological,3483; 4521,2,2,official_incident_id,2020
31185,incident:2020030901,2020-01-20 00:00:00+00:00,2023-05-11 00:00:00+00:00,Biological,3483; 4521,2,2,official_incident_id,2020
32001,incident:2020030901,2020-01-20 00:00:00+00:00,2023-05-11 00:00:00+00:00,Biological,3443; 4523,2,4,official_incident_id,2020
32003,incident:2020030901,2020-01-20 00:00:00+00:00,2023-05-11 00:00:00+00:00,Biological,3442; 3443; 4523; 4524,4,10,official_incident_id,2020
32005,incident:2020030901,2020-01-20 00:00:00+00:00,2023-05-11 00:00:00+00:00,Biological,3443; 4523,2,6,official_incident_id,2020
32007,incident:2020030901,2020-01-20 00:00:00+00:00,2023-05-11 00:00:00+00:00,Biological,3443; 4523; 4534,3,7,official_incident_id,2020
32009,incident:2020030901,2020-01-20 00:00:00+00:00,2023-05-11 00:00:00+00:00,Biological,3443; 4523,2,2,official_incident_id,2020
32011,incident:2020030901,2020-01-20 00:00:00+00:00,2023-05-11 00:00:00+00:00,Biological,3443; 4523,2,2,official_incident_id,2020
32013,incident:2020030901,2020-01-20 00:00:00+00:00,2023-05-11 00:00:00+00:00,Biological,3443; 4499; 4523,3,9,official_incident_id,2020
32015,incident:2020030901,2020-01-20 00:00:00+00:00,2023-05-11 00:00:00+00:00,Biological,3443; 4523,2,4,official_incident_id,2020
32017,incident:2020030901,2020-01-20 00:00:00+00:00,2023-05-11 00:00:00+00:00,Biological,3443; 4523,2,2,official_incident_id,2020
32019,incident:2020030901,2020-01-20 00:00:00+00:00,2023-05-11 00:00:00+00:00,Biological,3443; 4523,2,6,official_incident_id,2020
32021,incident:2020030901,2020-01-20 00:00:00+00:00,2023-05-11 00:00:00+00:00,Biological,3443; 4523,2,4,official_incident_id,2020
32023,incident:2020030901,2020-01-20 00:00:00+00:00,2023-05-11 00:00:00+00:00,Biological,3443; 4523,2,6,official_incident_id,2020
32027,incident:2020030901,2020-01-20 00:00:00+00:00,2023-05-11 00:00:00+00:00,Biological,3443; 4523,2,4,official_incident_id,2020
32029,incident:2020030901,2020-01-20 00:00:00+00:00,2023-05-11 00:00:00+00:00,Biological,3443; 4523,2,2,official_incident_id,2020
32031,incident:2020030901,2020-01-20 00:00:00+00:00,2023-05-11 00:00:00+00:00,Biological,3443; 4523,2,6,official_incident_id,2020
32031,incident:2026082201,2026-08-22 00:00:00+00:00,2026-08-30 00:00:00+00:00,Fire,3653; 5674,2,2,official_incident_id,2026
32033,incident:2020030901,2020-01-20 00:00:00+00:00,2023-05-11 00:00:00+00:00,Biological,3443; 3478; 4523; 4525,4,6,official_incident_id,2020
32510,incident:2020030901,2020-01-20 00:00:00+00:00,2023-05-11 00:00:00+00:00,Biological,3443; 4523,2,6,official_incident_id,2020
33001,incident:2011082401,2011-08-26 00:00:00+00:00,2011-09-06 00:00:00+00:00,Hurricane,3333; 4026,2,2,official_incident_id,2011
33001,incident:2020030901,2020-01-20 00:00:00+00:00,2023-05-11 00:00:00+00:00,Biological,3445; 4516,2,2,official_incident_id,2020
33003,incident:2011082401,2011-08-26 00:00:00+00:00,2011-09-06 00:00:00+00:00,Hurricane,3333; 4026,2,2,official_incident_id,2011
33003,incident:2020030901,2020-01-20 00:00:00+00:00,2023-05-11 00:00:00+00:00,Biological,3445; 4516,2,2,official_incident_id,2020
33005,incident:2020030901,2020-01-20 00:00:00+00:00,2023-05-11 00:00:00+00:00,Biological,3445; 4516,2,2,official_incident_id,2020
33007,incident:2011082401,2011-08-26 00:00:00+00:00,2011-09-06 00:00:00+00:00,Hurricane,3333; 4026,2,2,official_incident_id,2011
33007,incident:2020030901,2020-01-20 00:00:00+00:00,2023-05-11 00:00:00+00:00,Biological,3445; 4516,2,2,official_incident_id,2020
33009,incident:2011082401,2011-08-26 00:00:00+00:00,2011-09-06 00:00:00+00:00,Hurricane,3333; 4026,2,2,official_incident_id,2011
33009,incident:2020030901,2020-01-20 00:00:00+00:00,2023-05-11 00:00:00+00:00,Biological,3445; 4516,2,2,official_incident_id,2020
33011,incident:2011103101,2011-10-29 00:00:00+00:00,2011-10-30 00:00:00+00:00,Severe Storm,3344; 4049,2,2,official_incident_id,2011
33011,incident:2020030901,2020-01-20 00:00:00+00:00,2023-05-11 00:00:00+00:00,Biological,3445; 4516,2,2,official_incident_id,2020
33013,incident:2011082401,2011-08-26 00:00:00+00:00,2011-09-06 00:00:00+00:00,Hurricane,3333; 4026,2,2,official_incident_id,2011
33013,incident:2020030901,2020-01-20 00:00:00+00:00,2023-05-11 00:00:00+00:00,Biological,3445; 4516,2,2,official_incident_id,2020
33015,incident:2011103101,2011-10-29 00:00:00+00:00,2011-10-30 00:00:00+00:00,Severe Storm,3344; 4049,2,2,official_incident_id,2011
33015,incident:2020030901,2020-01-20 00:00:00+00:00,2023-05-11 00:00:00+00:00,Biological,3445; 4516,2,2,official_incident_id,2020
33017,incident:2011082401,2011-08-26 00:00:00+00:00,2011-09-06 00:00:00+00:00,Hurricane,3333; 4026,2,2,official_incident_id,2011
33017,incident:2020030901,2020-01-20 00:00:00+00:00,2023-05-11 00:00:00+00:00,Biological,3445; 4516,2,2,official_incident_id,2020
33019,incident:2011082401,2011-08-26 00:00:00+00:00,2011-09-06 00:00:00+00:00,Hurricane,3333; 4026,2,2,official_incident_id,2011
33019,incident:2020030901,2020-01-20 00:00:00+00:00,2023-05-11 00:00:00+00:00,Biological,3445; 4516,2,2,official_incident_id,2020
34001,incident:2011082201,2011-08-26 00:00:00+00:00,2011-09-05 00:00:00+00:00,Hurricane,3332; 4021,2,2,official_incident_id,2011
34001,incident:2012102505,2012-10-26 00:00:00+00:00,2012-11-08 00:00:00+00:00,Hurricane,3354; 4086,2,2,official_incident_id,2012
34001,incident:2020030901,2020-01-20 00:00:00+00:00,2023-05-11 00:00:00+00:00,Biological,3451; 4488,2,2,official_incident_id,2020
34001,incident:2021082601,2021-09-01 00:00:00+00:00,2021-09-03 00:00:00+00:00,Hurricane,3573; 4614,2,2,official_incident_id,2021
34003,incident:2011082201,2011-08-26 00:00:00+00:00,2011-09-05 00:00:00+00:00,Hurricane,3332; 4021,2,2,official_incident_id,2011
34003,incident:2012102505,2012-10-26 00:00:00+00:00,2012-11-08 00:00:00+00:00,Hurricane,3354; 4086,2,2,official_incident_id,2012
34003,incident:2020030901,2020-01-20 00:00:00+00:00,2023-05-11 00:00:00+00:00,Biological,3451; 4488,2,2,official_incident_id,2020
34003,incident:2021082601,2021-09-01 00:00:00+00:00,2021-09-03 00:00:00+00:00,Hurricane,3573; 4614,2,2,official_incident_id,2021
34005,incident:2011082201,2011-08-26 00:00:00+00:00,2011-09-05 00:00:00+00:00,Hurricane,3332; 4021,2,2,official_incident_id,2011
34005,incident:2012102505,2012-10-26 00:00:00+00:00,2012-11-08 00:00:00+00:00,Hurricane,3354; 4086,2,2,official_incident_id,2012
34005,incident:2020030901,2020-01-20 00:00:00+00:00,2023-05-11 00:00:00+00:00,Biological,3451; 4488,2,2,official_incident_id,2020
34005,incident:2021082601,2021-09-01 00:00:00+00:00,2021-09-03 00:00:00+00:00,Hurricane,3573; 4614,2,2,official_incident_id,2021
34007,incident:2011082201,2011-08-26 00:00:00+00:00,2011-09-05 00:00:00+00:00,Hurricane,3332; 4021,2,2,official_incident_id,2011
34007,incident:2012102505,2012-10-26 00:00:00+00:00,2012-11-08 00:00:00+00:00,Hurricane,3354; 4086,2,2,official_incident_id,2012
34007,incident:2020030901,2020-01-20 00:00:00+00:00,2023-05-11 00:00:00+00:00,Biological,3451; 4488,2,2,official_incident_id,2020
34007,incident:2021082601,2021-09-01 00:00:00+00:00,2021-09-03 00:00:00+00:00,Hurricane,3573; 4614,2,2,official_incident_id,2021
34009,incident:2011082201,2011-08-26 00:00:00+00:00,2011-09-05 00:00:00+00:00,Hurricane,3332; 4021,2,2,official_incident_id,2011
34009,incident:2012102505,2012-10-26 00:00:00+00:00,2012-11-08 00:00:00+00:00,Hurricane,3354; 4086,2,2,official_incident_id,2012
34009,incident:2020030901,2020-01-20 00:00:00+00:00,2023-05-11 00:00:00+00:00,Biological,3451; 4488,2,2,official_incident_id,2020
34009,incident:2021082601,2021-09-01 00:00:00+00:00,2021-09-03 00:00:00+00:00,Hurricane,3573; 4614,2,2,official_incident_id,2021
34011,incident:2011082201,2011-08-26 00:00:00+00:00,2011-09-05 00:00:00+00:00,Hurricane,3332; 4021,2,2,official_incident_id,2011
34011,incident:2012102505,2012-10-26 00:00:00+00:00,2012-11-08 00:00:00+00:00,Hurricane,3354; 4086,2,2,official_incident_id,2012
34011,incident:2020030901,2020-01-20 00:00:00+00:00,2023-05-11 00:00:00+00:00,Biological,3451; 4488,2,2,official_incident_id,2020
34011,incident:2021082601,2021-09-01 00:00:00+00:00,2021-09-03 00:00:00+00:00,Hurricane,3573; 4614,2,2,official_incident_id,2021
34013,incident:2011082201,2011-08-26 00:00:00+00:00,2011-09-05 00:00:00+00:00,Hurricane,3332; 4021,2,2,official_incident_id,2011
34013,incident:2012102505,2012-10-26 00:00:00+00:00,2012-11-08 00:00:00+00:00,Hurricane,3354; 4086,2,2,official_incident_id,2012
34013,incident:2020030901,2020-01-20 00:00:00+00:00,2023-05-11 00:00:00+00:00,Biological,3451; 4488,2,2,official_incident_id,2020
34013,incident:2021082601,2021-09-01 00:00:00+00:00,2021-09-03 00:00:00+00:00,Hurricane,3573; 4614,2,2,official_incident_id,2021
34015,incident:2011082201,2011-08-26 00:00:00+00:00,2011-09-05 00:00:00+00:00,Hurricane,3332; 4021,2,2,official_incident_id,2011
34015,incident:2012102505,2012-10-26 00:00:00+00:00,2012-11-08 00:00:00+00:00,Hurricane,3354; 4086,2,2,official_incident_id,2012
34015,incident:2020030901,2020-01-20 00:00:00+00:00,2023-05-11 00:00:00+00:00,Biological,3451; 4488,2,2,official_incident_id,2020
34015,incident:2021082601,2021-09-01 00:00:00+00:00,2021-09-03 00:00:00+00:00,Hurricane,3573; 4614,2,2,official_incident_id,2021
34017,incident:2011082201,2011-08-26 00:00:00+00:00,2011-09-05 00:00:00+00:00,Hurricane,3332; 4021,2,2,official_incident_id,2011
34017,incident:2012102505,2012-10-26 00:00:00+00:00,2012-11-08 00:00:00+00:00,Hurricane,3354; 4086,2,2,official_incident_id,2012
34017,incident:2020030901,2020-01-20 00:00:00+00:00,2023-05-11 00:00:00+00:00,Biological,3451; 4488,2,2,official_incident_id,2020
34017,incident:2021082601,2021-09-01 00:00:00+00:00,2021-09-03 00:00:00+00:00,Hurricane,3573; 4614,2,2,official_incident_id,2021
34019,incident:2011082201,2011-08-26 00:00:00+00:00,2011-09-05 00:00:00+00:00,Hurricane,3332; 4021,2,2,official_incident_id,2011
34019,incident:2012102505,2012-10-26 00:00:00+00:00,2012-11-08 00:00:00+00:00,Hurricane,3354; 4086,2,2,official_incident_id,2012
34019,incident:2020030901,2020-01-20 00:00:00+00:00,2023-05-11 00:00:00+00:00,Biological,3451; 4488,2,2,official_incident_id,2020
34019,incident:2021082601,2021-09-01 00:00:00+00:00,2021-09-03 00:00:00+00:00,Hurricane,3573; 4614,2,2,official_incident_id,2021
34021,incident:2011082201,2011-08-26 00:00:00+00:00,2011-09-05 00:00:00+00:00,Hurricane,3332; 4021,2,2,official_incident_id,2011
34021,incident:2012102505,2012-10-26 00:00:00+00:00,2012-11-08 00:00:00+00:00,Hurricane,3354; 4086,2,2,official_incident_id,2012
34021,incident:2020030901,2020-01-20 00:00:00+00:00,2023-05-11 00:00:00+00:00,Biological,3451; 4488,2,2,official_incident_id,2020
34021,incident:2021082601,2021-09-01 00:00:00+00:00,2021-09-03 00:00:00+00:00,Hurricane,3573; 4614,2,2,official_incident_id,2021
34023,incident:2011082201,2011-08-26 00:00:00+00:00,2011-09-05 00:00:00+00:00,Hurricane,3332; 4021,2,2,official_incident_id,2011
34023,incident:2012102505,2012-10-26 00:00:00+00:00,2012-11-08 00:00:00+00:00,Hurricane,3354; 4086,2,2,official_incident_id,2012
34023,incident:2020030901,2020-01-20 00:00:00+00:00,2023-05-11 00:00:00+00:00,Biological,3451; 4488,2,2,official_incident_id,2020
34023,incident:2021082601,2021-09-01 00:00:00+00:00,2021-09-03 00:00:00+00:00,Hurricane,3573; 4614,2,2,official_incident_id,2021
34025,incident:2011082201,2011-08-26 00:00:00+00:00,2011-09-05 00:00:00+00:00,Hurricane,3332; 4021,2,2,official_incident_id,2011
34025,incident:2012102505,2012-10-26 00:00:00+00:00,2012-11-08 00:00:00+00:00,Hurricane,3354; 4086,2,2,official_incident_id,2012
34025,incident:2020030901,2020-01-20 00:00:00+00:00,2023-05-11 00:00:00+00:00,Biological,3451; 4488,2,2,official_incident_id,2020
34025,incident:2021082601,2021-09-01 00:00:00+00:00,2021-09-03 00:00:00+00:00,Hurricane,3573; 4614,2,2,official_incident_id,2021
34027,incident:2011082201,2011-08-26 00:00:00+00:00,2011-09-05 00:00:00+00:00,Hurricane,3332; 4021,2,2,official_incident_id,2011
34027,incident:2012102505,2012-10-26 00:00:00+00:00,2012-11-08 00:00:00+00:00,Hurricane,3354; 4086,2,2,official_incident_id,2012
34027,incident:2020030901,2020-01-20 00:00:00+00:00,2023-05-11 00:00:00+00:00,Biological,3451; 4488,2,2,official_incident_id,2020
34027,incident:2021082601,2021-09-01 00:00:00+00:00,2021-09-03 00:00:00+00:00,Hurricane,3573; 4614,2,2,official_incident_id,2021
34029,incident:2011082201,2011-08-26 00:00:00+00:00,2011-09-05 00:00:00+00:00,Hurricane,3332; 4021,2,2,official_incident_id,2011
34029,incident:2012102505,2012-10-26 00:00:00+00:00,2012-11-08 00:00:00+00:00,Hurricane,3354; 4086,2,2,official_incident_id,2012
34029,incident:2020030901,2020-01-20 00:00:00+00:00,2023-05-11 00:00:00+00:00,Biological,3451; 4488,2,2,official_incident_id,2020
34029,incident:2021082601,2021-09-01 00:00:00+00:00,2021-09-03 00:00:00+00:00,Hurricane,3573; 4614,2,2,official_incident_id,2021
34031,incident:2011082201,2011-08-26 00:00:00+00:00,2011-09-05 00:00:00+00:00,Hurricane,3332; 4021,2,2,official_incident_id,2011
34031,incident:2012102505,2012-10-26 00:00:00+00:00,2012-11-08 00:00:00+00:00,Hurricane,3354; 4086,2,2,official_incident_id,2012
34031,incident:2020030901,2020-01-20 00:00:00+00:00,2023-05-11 00:00:00+00:00,Biological,3451; 4488,2,2,official_incident_id,2020
34031,incident:2021082601,2021-09-01 00:00:00+00:00,2021-09-03 00:00:00+00:00,Hurricane,3573; 4614,2,2,official_incident_id,2021
34033,incident:2011082201,2011-08-26 00:00:00+00:00,2011-09-05 00:00:00+00:00,Hurricane,3332; 4021,2,2,official_incident_id,2011
34033,incident:2012102505,2012-10-26 00:00:00+00:00,2012-11-08 00:00:00+00:00,Hurricane,3354; 4086,2,2,official_incident_id,2012
34033,incident:2020030901,2020-01-20 00:00:00+00:00,2023-05-11 00:00:00+00:00,Biological,3451; 4488,2,2,official_incident_id,2020
34033,incident:2021082601,2021-09-01 00:00:00+00:00,2021-09-03 00:00:00+00:00,Hurricane,3573; 4614,2,2,official_incident_id,2021
34035,incident:2011082201,2011-08-26 00:00:00+00:00,2011-09-05 00:00:00+00:00,Hurricane,3332; 4021,2,2,official_incident_id,2011
34035,incident:2012102505,2012-10-26 00:00:00+00:00,2012-11-08 00:00:00+00:00,Hurricane,3354; 4086,2,2,official_incident_id,2012
34035,incident:2020030901,2020-01-20 00:00:00+00:00,2023-05-11 00:00:00+00:00,Biological,3451; 4488,2,2,official_incident_id,2020
34035,incident:2021082601,2021-09-01 00:00:00+00:00,2021-09-03 00:00:00+00:00,Hurricane,3573; 4614,2,2,official_incident_id,2021
34037,incident:2011082201,2011-08-26 00:00:00+00:00,2011-09-05 00:00:00+00:00,Hurricane,3332; 4021,2,2,official_incident_id,2011
34037,incident:2012102505,2012-10-26 00:00:00+00:00,2012-11-08 00:00:00+00:00,Hurricane,3354; 4086,2,2,official_incident_id,2012
34037,incident:2020030901,2020-01-20 00:00:00+00:00,2023-05-11 00:00:00+00:00,Biological,3451; 4488,2,2,official_incident_id,2020
34037,incident:2021082601,2021-09-01 00:00:00+00:00,2021-09-03 00:00:00+00:00,Hurricane,3573; 4614,2,2,official_incident_id,2021
34039,incident:2011082201,2011-08-26 00:00:00+00:00,2011-09-05 00:00:00+00:00,Hurricane,3332; 4021,2,2,official_incident_id,2011
34039,incident:2012102505,2012-10-26 00:00:00+00:00,2012-11-08 00:00:00+00:00,Hurricane,3354; 4086,2,2,official_incident_id,2012
34039,incident:2020030901,2020-01-20 00:00:00+00:00,2023-05-11 00:00:00+00:00,Biological,3451; 4488,2,2,official_incident_id,2020
34039,incident:2021082601,2021-09-01 00:00:00+00:00,2021-09-03 00:00:00+00:00,Hurricane,3573; 4614,2,2,official_incident_id,2021
34041,incident:2011082201,2011-08-26 00:00:00+00:00,2011-09-05 00:00:00+00:00,Hurricane,3332; 4021,2,2,official_incident_id,2011
34041,incident:2012102505,2012-10-26 00:00:00+00:00,2012-11-08 00:00:00+00:00,Hurricane,3354; 4086,2,2,official_incident_id,2012
34041,incident:2020030901,2020-01-20 00:00:00+00:00,2023-05-11 00:00:00+00:00,Biological,3451; 4488,2,2,official_incident_id,2020
34041,incident:2021082601,2021-09-01 00:00:00+00:00,2021-09-03 00:00:00+00:00,Hurricane,3573; 4614,2,2,official_incident_id,2021
35001,incident:2010012101,2010-01-18 00:00:00+00:00,2010-01-29 00:00:00+00:00,Severe Storm,1888; 3307,2,2,official_incident_id,2010
35001,incident:2020030901,2020-01-20 00:00:00+00:00,2023-05-11 00:00:00+00:00,Biological,3442; 3460; 3478; 3519; 3520; 4524; 4525; 4529; 4582,9,17,official_incident_id,2020
35003,incident:2020030901,2020-01-20 00:00:00+00:00,2023-05-11 00:00:00+00:00,Biological,3460; 3496; 4529,3,5,official_incident_id,2020
35005,incident:2020030901,2020-01-20 00:00:00+00:00,2023-05-11 00:00:00+00:00,Biological,3460; 4529,2,2,official_incident_id,2020
35006,incident:2010012101,2010-01-18 00:00:00+00:00,2010-01-29 00:00:00+00:00,Severe Storm,1888; 3307,2,2,official_incident_id,2010
35006,incident:2020030901,2020-01-20 00:00:00+00:00,2023-05-11 00:00:00+00:00,Biological,3442; 3460; 3478; 3496; 4524; 4525; 4529; 4582,8,14,official_incident_id,2020
35007,incident:2020030901,2020-01-20 00:00:00+00:00,2023-05-11 00:00:00+00:00,Biological,3460; 4529,2,2,official_incident_id,2020
35009,incident:2020030901,2020-01-20 00:00:00+00:00,2023-05-11 00:00:00+00:00,Biological,3460; 4529,2,2,official_incident_id,2020
35011,incident:2020030901,2020-01-20 00:00:00+00:00,2023-05-11 00:00:00+00:00,Biological,3460; 4529,2,2,official_incident_id,2020
35013,incident:2020030901,2020-01-20 00:00:00+00:00,2023-05-11 00:00:00+00:00,Biological,3460; 4529,2,2,official_incident_id,2020
35015,incident:2020030901,2020-01-20 00:00:00+00:00,2023-05-11 00:00:00+00:00,Biological,3460; 4529,2,2,official_incident_id,2020
35017,incident:2020030901,2020-01-20 00:00:00+00:00,2023-05-11 00:00:00+00:00,Biological,3460; 4529,2,2,official_incident_id,2020
35019,incident:2020030901,2020-01-20 00:00:00+00:00,2023-05-11 00:00:00+00:00,Biological,3460; 4529,2,2,official_incident_id,2020
35021,incident:2020030901,2020-01-20 00:00:00+00:00,2023-05-11 00:00:00+00:00,Biological,3460; 4529,2,2,official_incident_id,2020
35023,incident:2020030901,2020-01-20 00:00:00+00:00,2023-05-11 00:00:00+00:00,Biological,3460; 4529,2,2,official_incident_id,2020
35025,incident:2020030901,2020-01-20 00:00:00+00:00,2023-05-11 00:00:00+00:00,Biological,3460; 4529,2,2,official_incident_id,2020
35027,incident:2020030901,2020-01-20 00:00:00+00:00,2023-05-11 00:00:00+00:00,Biological,3460; 4529,2,4,official_incident_id,2020
35027,incident:2025070901,2025-06-23 00:00:00+00:00,2025-08-05 00:00:00+00:00,Flood,3628; 4886,2,3,official_incident_id,2025
35028,incident:2020030901,2020-01-20 00:00:00+00:00,2023-05-11 00:00:00+00:00,Biological,3460; 4529,2,2,official_incident_id,2020
35029,incident:2020030901,2020-01-20 00:00:00+00:00,2023-05-11 00:00:00+00:00,Biological,3460; 4529,2,2,official_incident_id,2020
35031,incident:2010012101,2010-01-18 00:00:00+00:00,2010-01-29 00:00:00+00:00,Severe Storm,1888; 3307,2,2,official_incident_id,2010
35031,incident:2020030901,2020-01-20 00:00:00+00:00,2023-05-11 00:00:00+00:00,Biological,3442; 3460; 3478; 4524; 4525; 4529; 4582,7,9,official_incident_id,2020
35033,incident:2020030901,2020-01-20 00:00:00+00:00,2023-05-11 00:00:00+00:00,Biological,3460; 4529,2,2,official_incident_id,2020
35035,incident:2020030901,2020-01-20 00:00:00+00:00,2023-05-11 00:00:00+00:00,Biological,3460; 4529,2,4,official_incident_id,2020
35035,incident:2025070901,2025-06-23 00:00:00+00:00,2025-08-05 00:00:00+00:00,Flood,3628; 4886,2,3,official_incident_id,2025
35037,incident:2020030901,2020-01-20 00:00:00+00:00,2023-05-11 00:00:00+00:00,Biological,3460; 4529,2,2,official_incident_id,2020
35039,incident:2010012101,2010-01-18 00:00:00+00:00,2010-01-29 00:00:00+00:00,Severe Storm,1888; 3307,2,2,official_incident_id,2010
35039,incident:2020030901,2020-01-20 00:00:00+00:00,2023-05-11 00:00:00+00:00,Biological,3442; 3460; 3478; 3485; 4524; 4525; 4529; 4582,8,14,official_incident_id,2020
35041,incident:2020030901,2020-01-20 00:00:00+00:00,2023-05-11 00:00:00+00:00,Biological,3460; 4529,2,2,official_incident_id,2020
35043,incident:2010012101,2010-01-18 00:00:00+00:00,2010-01-29 00:00:00+00:00,Severe Storm,1888; 3307,2,2,official_incident_id,2010
35043,incident:2020030901,2020-01-20 00:00:00+00:00,2023-05-11 00:00:00+00:00,Biological,3442; 3460; 3478; 3485; 3520; 3521; 3558; 3559; 4524; 4525; 4529; 4582,12,46,official_incident_id,2020
35045,incident:2010012101,2010-01-18 00:00:00+00:00,2010-01-29 00:00:00+00:00,Severe Storm,1888; 3307,2,2,official_incident_id,2010
35045,incident:2020030901,2020-01-20 00:00:00+00:00,2023-05-11 00:00:00+00:00,Biological,3436; 3442; 3460; 3478; 4498; 4524; 4525; 4529; 4582,9,15,official_incident_id,2020
35047,incident:2020030901,2020-01-20 00:00:00+00:00,2023-05-11 00:00:00+00:00,Biological,3460; 4529,2,2,official_incident_id,2020
35049,incident:2020030901,2020-01-20 00:00:00+00:00,2023-05-11 00:00:00+00:00,Biological,3460; 3485; 3559; 3580; 4529,5,22,official_incident_id,2020
35051,incident:2020030901,2020-01-20 00:00:00+00:00,2023-05-11 00:00:00+00:00,Biological,3460; 4529,2,2,official_incident_id,2020
35053,incident:2010012101,2010-01-18 00:00:00+00:00,2010-01-29 00:00:00+00:00,Severe Storm,1888; 3307,2,2,official_incident_id,2010
35053,incident:2020030901,2020-01-20 00:00:00+00:00,2023-05-11 00:00:00+00:00,Biological,3442; 3460; 3478; 3496; 4524; 4525; 4529; 4582,8,12,official_incident_id,2020
35055,incident:2020030901,2020-01-20 00:00:00+00:00,2023-05-11 00:00:00+00:00,Biological,3460; 3500; 3510; 4529,4,10,official_incident_id,2020
35057,incident:2020030901,2020-01-20 00:00:00+00:00,2023-05-11 00:00:00+00:00,Biological,3460; 3519; 4529,3,5,official_incident_id,2020
35059,incident:2020030901,2020-01-20 00:00:00+00:00,2023-05-11 00:00:00+00:00,Biological,3460; 4529,2,2,official_incident_id,2020
35061,incident:2020030901,2020-01-20 00:00:00+00:00,2023-05-11 00:00:00+00:00,Biological,3460; 3519; 4529,3,7,official_incident_id,2020
36001,incident:2020030901,2020-01-20 00:00:00+00:00,2023-05-11 00:00:00+00:00,Biological,3434; 4480,2,2,official_incident_id,2020
36003,incident:2020030901,2020-01-20 00:00:00+00:00,2023-05-11 00:00:00+00:00,Biological,3434; 4480,2,2,official_incident_id,2020
36005,incident:2011082201,2011-08-25 00:00:00+00:00,2011-09-05 00:00:00+00:00,Hurricane,3328; 4020,2,2,official_incident_id,2011
36005,incident:2012102505,2012-10-27 00:00:00+00:00,2012-11-08 00:00:00+00:00,Hurricane,3351; 4085,2,2,official_incident_id,2012
36005,incident:2020030901,2020-01-20 00:00:00+00:00,2023-05-11 00:00:00+00:00,Biological,3434; 4480,2,2,official_incident_id,2020
36005,incident:2021082601,2021-09-01 00:00:00+00:00,2021-09-03 00:00:00+00:00,Hurricane,3572; 4615,2,2,official_incident_id,2021
36007,incident:2011090801,2011-09-07 00:00:00+00:00,2011-09-11 00:00:00+00:00,Severe Storm,3341; 4031,2,2,official_incident_id,2011
36007,incident:2020030901,2020-01-20 00:00:00+00:00,2023-05-11 00:00:00+00:00,Biological,3434; 4480,2,2,official_incident_id,2020
36009,incident:2020030901,2020-01-20 00:00:00+00:00,2023-05-11 00:00:00+00:00,Biological,3434; 4480,2,2,official_incident_id,2020
36011,incident:2020030901,2020-01-20 00:00:00+00:00,2023-05-11 00:00:00+00:00,Biological,3434; 4480,2,4,official_incident_id,2020
36013,incident:2020030901,2020-01-20 00:00:00+00:00,2023-05-11 00:00:00+00:00,Biological,3434; 4480,2,2,official_incident_id,2020
36015,incident:2011090801,2011-09-07 00:00:00+00:00,2011-09-11 00:00:00+00:00,Severe Storm,3341; 4031,2,2,official_incident_id,2011
36015,incident:2020030901,2020-01-20 00:00:00+00:00,2023-05-11 00:00:00+00:00,Biological,3434; 4480,2,2,official_incident_id,2020
36017,incident:2011090801,2011-09-07 00:00:00+00:00,2011-09-11 00:00:00+00:00,Severe Storm,3341; 4031,2,2,official_incident_id,2011
36017,incident:2020030901,2020-01-20 00:00:00+00:00,2023-05-11 00:00:00+00:00,Biological,3434; 4480,2,2,official_incident_id,2020
36019,incident:2020030901,2020-01-20 00:00:00+00:00,2023-05-11 00:00:00+00:00,Biological,3434; 4480,2,2,official_incident_id,2020
36021,incident:2011082201,2011-08-25 00:00:00+00:00,2011-09-05 00:00:00+00:00,Hurricane,3328; 4020,2,2,official_incident_id,2011
36021,incident:2020030901,2020-01-20 00:00:00+00:00,2023-05-11 00:00:00+00:00,Biological,3434; 4480,2,2,official_incident_id,2020
36023,incident:2020030901,2020-01-20 00:00:00+00:00,2023-05-11 00:00:00+00:00,Biological,3434; 4480,2,2,official_incident_id,2020
36025,incident:2011082201,2011-08-25 00:00:00+00:00,2011-09-05 00:00:00+00:00,Hurricane,3328; 4020,2,2,official_incident_id,2011
36025,incident:2011090801,2011-09-07 00:00:00+00:00,2011-09-11 00:00:00+00:00,Severe Storm,3341; 4031,2,2,official_incident_id,2011
36025,incident:2020030901,2020-01-20 00:00:00+00:00,2023-05-11 00:00:00+00:00,Biological,3434; 4480,2,2,official_incident_id,2020
36027,incident:2020030901,2020-01-20 00:00:00+00:00,2023-05-11 00:00:00+00:00,Biological,3434; 4480,2,2,official_incident_id,2020
36027,incident:2021082601,2021-09-01 00:00:00+00:00,2021-09-03 00:00:00+00:00,Hurricane,3572; 4615,2,2,official_incident_id,2021
36029,incident:2020030901,2020-01-20 00:00:00+00:00,2023-05-11 00:00:00+00:00,Biological,3434; 4480,2,2,official_incident_id,2020
36029,incident:2022122601,2022-12-23 00:00:00+00:00,2022-12-28 00:00:00+00:00,Snowstorm; Winter Storm,3590; 4694,2,2,official_incident_id,2022
36031,incident:2020030901,2020-01-20 00:00:00+00:00,2023-05-11 00:00:00+00:00,Biological,3434; 4480,2,2,official_incident_id,2020
36033,incident:2020030901,2020-01-20 00:00:00+00:00,2023-05-11 00:00:00+00:00,Biological,3434; 3504; 4480,3,3,official_incident_id,2020
36033,incident:2024072801,2024-08-08 00:00:00+00:00,2024-08-10 00:00:00+00:00,Tropical Storm,4818; 4825,2,2,official_incident_id,2024
36035,incident:2020030901,2020-01-20 00:00:00+00:00,2023-05-11 00:00:00+00:00,Biological,3434; 4480,2,2,official_incident_id,2020
36037,incident:2020030901,2020-01-20 00:00:00+00:00,2023-05-11 00:00:00+00:00,Biological,3434; 4480,2,2,official_incident_id,2020
36037,incident:2022122601,2022-12-23 00:00:00+00:00,2022-12-28 00:00:00+00:00,Snowstorm; Winter Storm,3590; 4694,2,2,official_incident_id,2022
36039,incident:2011082201,2011-08-25 00:00:00+00:00,2011-09-05 00:00:00+00:00,Hurricane,3328; 4020,2,2,official_incident_id,2011
36039,incident:2012102505,2012-10-27 00:00:00+00:00,2012-11-08 00:00:00+00:00,Hurricane,3351; 4085,2,2,official_incident_id,2012
36039,incident:2020030901,2020-01-20 00:00:00+00:00,2023-05-11 00:00:00+00:00,Biological,3434; 4480,2,2,official_incident_id,2020
36041,incident:2020030901,2020-01-20 00:00:00+00:00,2023-05-11 00:00:00+00:00,Biological,3434; 4480,2,2,official_incident_id,2020
36043,incident:2011090801,2011-09-07 00:00:00+00:00,2011-09-11 00:00:00+00:00,Severe Storm,3341; 4031,2,2,official_incident_id,2011
36043,incident:2020030901,2020-01-20 00:00:00+00:00,2023-05-11 00:00:00+00:00,Biological,3434; 4480,2,2,official_incident_id,2020
36045,incident:2020030901,2020-01-20 00:00:00+00:00,2023-05-11 00:00:00+00:00,Biological,3434; 4480,2,2,official_incident_id,2020
36047,incident:2011082201,2011-08-25 00:00:00+00:00,2011-09-05 00:00:00+00:00,Hurricane,3328; 4020,2,2,official_incident_id,2011
36047,incident:2012102505,2012-10-27 00:00:00+00:00,2012-11-08 00:00:00+00:00,Hurricane,3351; 4085,2,2,official_incident_id,2012
36047,incident:2020030901,2020-01-20 00:00:00+00:00,2023-05-11 00:00:00+00:00,Biological,3434; 4480,2,2,official_incident_id,2020
36047,incident:2021082601,2021-09-01 00:00:00+00:00,2021-09-03 00:00:00+00:00,Hurricane,3572; 4615,2,2,official_incident_id,2021
36049,incident:2020030901,2020-01-20 00:00:00+00:00,2023-05-11 00:00:00+00:00,Biological,3434; 4480,2,2,official_incident_id,2020
36051,incident:2020030901,2020-01-20 00:00:00+00:00,2023-05-11 00:00:00+00:00,Biological,3434; 4480,2,2,official_incident_id,2020
36053,incident:2020030901,2020-01-20 00:00:00+00:00,2023-05-11 00:00:00+00:00,Biological,3434; 4480,2,2,official_incident_id,2020
36055,incident:2020030901,2020-01-20 00:00:00+00:00,2023-05-11 00:00:00+00:00,Biological,3434; 4480,2,2,official_incident_id,2020
36057,incident:2011090801,2011-09-07 00:00:00+00:00,2011-09-11 00:00:00+00:00,Severe Storm,3341; 4031,2,2,official_incident_id,2011
36057,incident:2020030901,2020-01-20 00:00:00+00:00,2023-05-11 00:00:00+00:00,Biological,3434; 4480,2,2,official_incident_id,2020
36059,incident:2011082201,2011-08-25 00:00:00+00:00,2011-09-05 00:00:00+00:00,Hurricane,3328; 4020,2,2,official_incident_id,2011
36059,incident:2012102505,2012-10-27 00:00:00+00:00,2012-11-08 00:00:00+00:00,Hurricane,3351; 4085,2,2,official_incident_id,2012
36059,incident:2020030901,2020-01-20 00:00:00+00:00,2023-05-11 00:00:00+00:00,Biological,3434; 4480,2,2,official_incident_id,2020
36059,incident:2021082601,2021-09-01 00:00:00+00:00,2021-09-03 00:00:00+00:00,Hurricane,3572; 4615,2,2,official_incident_id,2021
36061,incident:2011082201,2011-08-25 00:00:00+00:00,2011-09-05 00:00:00+00:00,Hurricane,3328; 4020,2,2,official_incident_id,2011
36061,incident:2012102505,2012-10-27 00:00:00+00:00,2012-11-08 00:00:00+00:00,Hurricane,3351; 4085,2,2,official_incident_id,2012
36061,incident:2020030901,2020-01-20 00:00:00+00:00,2023-05-11 00:00:00+00:00,Biological,3434; 4480,2,2,official_incident_id,2020
36061,incident:2021082601,2021-09-01 00:00:00+00:00,2021-09-03 00:00:00+00:00,Hurricane,3572; 4615,2,2,official_incident_id,2021
36063,incident:2020030901,2020-01-20 00:00:00+00:00,2023-05-11 00:00:00+00:00,Biological,3434; 4480,2,2,official_incident_id,2020
36065,incident:2011090801,2011-09-07 00:00:00+00:00,2011-09-11 00:00:00+00:00,Severe Storm,3341; 4031,2,2,official_incident_id,2011
36065,incident:2020030901,2020-01-20 00:00:00+00:00,2023-05-11 00:00:00+00:00,Biological,3434; 4480,2,2,official_incident_id,2020
36067,incident:2020030901,2020-01-20 00:00:00+00:00,2023-05-11 00:00:00+00:00,Biological,3434; 4480,2,2,official_incident_id,2020
36069,incident:2020030901,2020-01-20 00:00:00+00:00,2023-05-11 00:00:00+00:00,Biological,3434; 4480,2,2,official_incident_id,2020
36071,incident:2011082201,2011-08-25 00:00:00+00:00,2011-09-05 00:00:00+00:00,Hurricane,3328; 4020,2,2,official_incident_id,2011
36071,incident:2012102505,2012-10-27 00:00:00+00:00,2012-11-08 00:00:00+00:00,Hurricane,3351; 4085,2,2,official_incident_id,2012
36071,incident:2020030901,2020-01-20 00:00:00+00:00,2023-05-11 00:00:00+00:00,Biological,3434; 4480,2,2,official_incident_id,2020
36071,incident:2021082601,2021-09-01 00:00:00+00:00,2021-09-03 00:00:00+00:00,Hurricane,3572; 4615,2,2,official_incident_id,2021
36073,incident:2020030901,2020-01-20 00:00:00+00:00,2023-05-11 00:00:00+00:00,Biological,3434; 4480,2,2,official_incident_id,2020
36075,incident:2020030901,2020-01-20 00:00:00+00:00,2023-05-11 00:00:00+00:00,Biological,3434; 4480,2,2,official_incident_id,2020
36077,incident:2011090801,2011-09-07 00:00:00+00:00,2011-09-11 00:00:00+00:00,Severe Storm,3341; 4031,2,2,official_incident_id,2011
36077,incident:2020030901,2020-01-20 00:00:00+00:00,2023-05-11 00:00:00+00:00,Biological,3434; 4480,2,2,official_incident_id,2020
36079,incident:2011082201,2011-08-25 00:00:00+00:00,2011-09-05 00:00:00+00:00,Hurricane,3328; 4020,2,2,official_incident_id,2011
36079,incident:2012102505,2012-10-27 00:00:00+00:00,2012-11-08 00:00:00+00:00,Hurricane,3351; 4085,2,2,official_incident_id,2012
36079,incident:2020030901,2020-01-20 00:00:00+00:00,2023-05-11 00:00:00+00:00,Biological,3434; 4480,2,2,official_incident_id,2020
36079,incident:2021082601,2021-09-01 00:00:00+00:00,2021-09-03 00:00:00+00:00,Hurricane,3572; 4615,2,2,official_incident_id,2021
36081,incident:2011082201,2011-08-25 00:00:00+00:00,2011-09-05 00:00:00+00:00,Hurricane,3328; 4020,2,2,official_incident_id,2011
36081,incident:2012102505,2012-10-27 00:00:00+00:00,2012-11-08 00:00:00+00:00,Hurricane,3351; 4085,2,2,official_incident_id,2012
36081,incident:2020030901,2020-01-20 00:00:00+00:00,2023-05-11 00:00:00+00:00,Biological,3434; 4480,2,2,official_incident_id,2020
36081,incident:2021082601,2021-09-01 00:00:00+00:00,2021-09-03 00:00:00+00:00,Hurricane,3572; 4615,2,2,official_incident_id,2021
36083,incident:2020030901,2020-01-20 00:00:00+00:00,2023-05-11 00:00:00+00:00,Biological,3434; 4480,2,2,official_incident_id,2020
36085,incident:2011082201,2011-08-25 00:00:00+00:00,2011-09-05 00:00:00+00:00,Hurricane,3328; 4020,2,2,official_incident_id,2011
36085,incident:2012102505,2012-10-27 00:00:00+00:00,2012-11-08 00:00:00+00:00,Hurricane,3351; 4085,2,2,official_incident_id,2012
36085,incident:2020030901,2020-01-20 00:00:00+00:00,2023-05-11 00:00:00+00:00,Biological,3434; 4480,2,2,official_incident_id,2020
36085,incident:2021082601,2021-09-01 00:00:00+00:00,2021-09-03 00:00:00+00:00,Hurricane,3572; 4615,2,2,official_incident_id,2021
36087,incident:2011082201,2011-08-25 00:00:00+00:00,2011-09-05 00:00:00+00:00,Hurricane,3328; 4020,2,2,official_incident_id,2011
36087,incident:2012102505,2012-10-27 00:00:00+00:00,2012-11-08 00:00:00+00:00,Hurricane,3351; 4085,2,2,official_incident_id,2012
36087,incident:2020030901,2020-01-20 00:00:00+00:00,2023-05-11 00:00:00+00:00,Biological,3434; 4480,2,2,official_incident_id,2020
36087,incident:2021082601,2021-09-01 00:00:00+00:00,2021-09-03 00:00:00+00:00,Hurricane,3572; 4615,2,2,official_incident_id,2021
36089,incident:2020030901,2020-01-20 00:00:00+00:00,2023-05-11 00:00:00+00:00,Biological,3434; 4480,2,2,official_incident_id,2020
36091,incident:2020030901,2020-01-20 00:00:00+00:00,2023-05-11 00:00:00+00:00,Biological,3434; 4480,2,2,official_incident_id,2020
36093,incident:2011090801,2011-09-07 00:00:00+00:00,2011-09-11 00:00:00+00:00,Severe Storm,3341; 4031,2,2,official_incident_id,2011
36093,incident:2020030901,2020-01-20 00:00:00+00:00,2023-05-11 00:00:00+00:00,Biological,3434; 4480,2,2,official_incident_id,2020
36095,incident:2011082201,2011-08-25 00:00:00+00:00,2011-09-05 00:00:00+00:00,Hurricane,3328; 4020,2,2,official_incident_id,2011
36095,incident:2011090801,2011-09-07 00:00:00+00:00,2011-09-11 00:00:00+00:00,Severe Storm,3341; 4031,2,2,official_incident_id,2011
36095,incident:2020030901,2020-01-20 00:00:00+00:00,2023-05-11 00:00:00+00:00,Biological,3434; 4480,2,2,official_incident_id,2020
36097,incident:2020030901,2020-01-20 00:00:00+00:00,2023-05-11 00:00:00+00:00,Biological,3434; 4480,2,2,official_incident_id,2020
36099,incident:2020030901,2020-01-20 00:00:00+00:00,2023-05-11 00:00:00+00:00,Biological,3434; 4480,2,4,official_incident_id,2020
36101,incident:2020030901,2020-01-20 00:00:00+00:00,2023-05-11 00:00:00+00:00,Biological,3434; 4480,2,2,official_incident_id,2020
36103,incident:2011082201,2011-08-25 00:00:00+00:00,2011-09-05 00:00:00+00:00,Hurricane,3328; 4020,2,2,official_incident_id,2011
36103,incident:2012102505,2012-10-27 00:00:00+00:00,2012-11-08 00:00:00+00:00,Hurricane,3351; 4085,2,2,official_incident_id,2012
36103,incident:2020030901,2020-01-20 00:00:00+00:00,2023-05-11 00:00:00+00:00,Biological,3434; 4480,2,2,official_incident_id,2020
36103,incident:2021082601,2021-09-01 00:00:00+00:00,2021-09-03 00:00:00+00:00,Hurricane,3572; 4615,2,2,official_incident_id,2021
36103,incident:2024082401,2024-08-18 00:00:00+00:00,2024-08-19 00:00:00+00:00,Severe Storm,3613; 4839,2,2,official_incident_id,2024
36105,incident:2011082201,2011-08-25 00:00:00+00:00,2011-09-05 00:00:00+00:00,Hurricane,3328; 4020,2,2,official_incident_id,2011
36105,incident:2012102505,2012-10-27 00:00:00+00:00,2012-11-08 00:00:00+00:00,Hurricane,3351; 4085,2,2,official_incident_id,2012
36105,incident:2020030901,2020-01-20 00:00:00+00:00,2023-05-11 00:00:00+00:00,Biological,3434; 4480,2,2,official_incident_id,2020
36105,incident:2021082601,2021-09-01 00:00:00+00:00,2021-09-03 00:00:00+00:00,Hurricane,3572; 4615,2,2,official_incident_id,2021
36107,incident:2011090801,2011-09-07 00:00:00+00:00,2011-09-11 00:00:00+00:00,Severe Storm,3341; 4031,2,2,official_incident_id,2011
36107,incident:2020030901,2020-01-20 00:00:00+00:00,2023-05-11 00:00:00+00:00,Biological,3434; 4480,2,2,official_incident_id,2020
36109,incident:2020030901,2020-01-20 00:00:00+00:00,2023-05-11 00:00:00+00:00,Biological,3434; 4480,2,2,official_incident_id,2020
36111,incident:2011082201,2011-08-25 00:00:00+00:00,2011-09-05 00:00:00+00:00,Hurricane,3328; 4020,2,2,official_incident_id,2011
36111,incident:2012102505,2012-10-27 00:00:00+00:00,2012-11-08 00:00:00+00:00,Hurricane,3351; 4085,2,2,official_incident_id,2012
36111,incident:2020030901,2020-01-20 00:00:00+00:00,2023-05-11 00:00:00+00:00,Biological,3434; 4480,2,2,official_incident_id,2020
36111,incident:2021082601,2021-09-01 00:00:00+00:00,2021-09-03 00:00:00+00:00,Hurricane,3572; 4615,2,2,official_incident_id,2021
36113,incident:2020030901,2020-01-20 00:00:00+00:00,2023-05-11 00:00:00+00:00,Biological,3434; 4480,2,2,official_incident_id,2020
36115,incident:2020030901,2020-01-20 00:00:00+00:00,2023-05-11 00:00:00+00:00,Biological,3434; 4480,2,2,official_incident_id,2020
36117,incident:2020030901,2020-01-20 00:00:00+00:00,2023-05-11 00:00:00+00:00,Biological,3434; 4480,2,2,official_incident_id,2020
36119,incident:2011082201,2011-08-25 00:00:00+00:00,2011-09-05 00:00:00+00:00,Hurricane,3328; 4020,2,2,official_incident_id,2011
36119,incident:2012102505,2012-10-27 00:00:00+00:00,2012-11-08 00:00:00+00:00,Hurricane,3351; 4085,2,2,official_incident_id,2012
36119,incident:2020030901,2020-01-20 00:00:00+00:00,2023-05-11 00:00:00+00:00,Biological,3434; 4480,2,2,official_incident_id,2020
36119,incident:2021082601,2021-09-01 00:00:00+00:00,2021-09-03 00:00:00+00:00,Hurricane,3572; 4615,2,2,official_incident_id,2021
36121,incident:2020030901,2020-01-20 00:00:00+00:00,2023-05-11 00:00:00+00:00,Biological,3434; 4480,2,2,official_incident_id,2020
36123,incident:2020030901,2020-01-20 00:00:00+00:00,2023-05-11 00:00:00+00:00,Biological,3434; 4480,2,2,official_incident_id,2020
37001,incident:2018090602,2018-09-07 00:00:00+00:00,2018-09-29 00:00:00+00:00,Hurricane,3401; 4393,2,2,official_incident_id,2018
37001,incident:2020030901,2020-01-20 00:00:00+00:00,2023-05-11 00:00:00+00:00,Biological,3471; 4487,2,2,official_incident_id,2020
37003,incident:2020030901,2020-01-20 00:00:00+00:00,2023-05-11 00:00:00+00:00,Biological,3471; 4487,2,2,official_incident_id,2020
37003,incident:2024092301,2024-09-25 00:00:00+00:00,2024-12-18 00:00:00+00:00,Tropical Storm,3617; 4827,2,2,official_incident_id,2024
37005,incident:2018090602,2018-09-07 00:00:00+00:00,2018-09-29 00:00:00+00:00,Hurricane,3401; 4393,2,2,official_incident_id,2018
37005,incident:2020030901,2020-01-20 00:00:00+00:00,2023-05-11 00:00:00+00:00,Biological,3471; 4487,2,2,official_incident_id,2020
37005,incident:2024092301,2024-09-25 00:00:00+00:00,2024-12-18 00:00:00+00:00,Tropical Storm,3617; 4827,2,2,official_incident_id,2024
37007,incident:2016092802,2016-10-04 00:00:00+00:00,2016-10-24 00:00:00+00:00,Hurricane,3380; 4285,2,2,official_incident_id,2016
37007,incident:2018090602,2018-09-07 00:00:00+00:00,2018-09-29 00:00:00+00:00,Hurricane,3401; 4393,2,2,official_incident_id,2018
37007,incident:2020030901,2020-01-20 00:00:00+00:00,2023-05-11 00:00:00+00:00,Biological,3471; 4487,2,2,official_incident_id,2020
37009,incident:2018090602,2018-09-07 00:00:00+00:00,2018-09-29 00:00:00+00:00,Hurricane,3401; 4393,2,2,official_incident_id,2018
37009,incident:2020030901,2020-01-20 00:00:00+00:00,2023-05-11 00:00:00+00:00,Biological,3471; 4487,2,2,official_incident_id,2020
37009,incident:2024092301,2024-09-25 00:00:00+00:00,2024-12-18 00:00:00+00:00,Tropical Storm,3617; 4827,2,2,official_incident_id,2024
37011,incident:2020030901,2020-01-20 00:00:00+00:00,2023-05-11 00:00:00+00:00,Biological,3471; 4487,2,2,official_incident_id,2020
37011,incident:2024092301,2024-09-25 00:00:00+00:00,2024-12-18 00:00:00+00:00,Tropical Storm,3617; 4827,2,2,official_incident_id,2024
37013,incident:2011082201,2011-08-25 00:00:00+00:00,2011-09-01 00:00:00+00:00,Hurricane,3327; 4019,2,2,official_incident_id,2011
37013,incident:2016092802,2016-10-04 00:00:00+00:00,2016-10-24 00:00:00+00:00,Hurricane,3380; 4285,2,2,official_incident_id,2016
37013,incident:2018090602,2018-09-07 00:00:00+00:00,2018-09-29 00:00:00+00:00,Hurricane,3401; 4393,2,2,official_incident_id,2018
37013,incident:2019082401,2019-09-01 00:00:00+00:00,2019-09-09 00:00:00+00:00,Hurricane,3423; 4465,2,2,official_incident_id,2019
37013,incident:2020030901,2020-01-20 00:00:00+00:00,2023-05-11 00:00:00+00:00,Biological,3471; 4487,2,2,official_incident_id,2020
37013,incident:2020072601,2020-07-31 00:00:00+00:00,2020-08-04 00:00:00+00:00,Hurricane,3534; 4568,2,2,official_incident_id,2020
37015,incident:2011082201,2011-08-25 00:00:00+00:00,2011-09-01 00:00:00+00:00,Hurricane,3327; 4019,2,2,official_incident_id,2011
37015,incident:2016092802,2016-10-04 00:00:00+00:00,2016-10-24 00:00:00+00:00,Hurricane,3380; 4285,2,2,official_incident_id,2016
37015,incident:2018090602,2018-09-07 00:00:00+00:00,2018-09-29 00:00:00+00:00,Hurricane,3401; 4393,2,2,official_incident_id,2018
37015,incident:2020030901,2020-01-20 00:00:00+00:00,2023-05-11 00:00:00+00:00,Biological,3471; 4487,2,2,official_incident_id,2020
37015,incident:2020072601,2020-07-31 00:00:00+00:00,2020-08-04 00:00:00+00:00,Hurricane,3534; 4568,2,2,official_incident_id,2020
37017,incident:2016092802,2016-10-04 00:00:00+00:00,2016-10-24 00:00:00+00:00,Hurricane,3380; 4285,2,2,official_incident_id,2016
37017,incident:2018090602,2018-09-07 00:00:00+00:00,2018-09-29 00:00:00+00:00,Hurricane,3401; 4393,2,2,official_incident_id,2018
37017,incident:2019082401,2019-09-01 00:00:00+00:00,2019-09-09 00:00:00+00:00,Hurricane,3423; 4465,2,2,official_incident_id,2019
37017,incident:2020030901,2020-01-20 00:00:00+00:00,2023-05-11 00:00:00+00:00,Biological,3471; 4487,2,2,official_incident_id,2020
37019,incident:2011082201,2011-08-25 00:00:00+00:00,2011-09-01 00:00:00+00:00,Hurricane,3327; 4019,2,2,official_incident_id,2011
37019,incident:2016092802,2016-10-04 00:00:00+00:00,2016-10-24 00:00:00+00:00,Hurricane,3380; 4285,2,2,official_incident_id,2016
37019,incident:2018090602,2018-09-07 00:00:00+00:00,2018-09-29 00:00:00+00:00,Hurricane,3401; 4393,2,2,official_incident_id,2018
37019,incident:2019082401,2019-09-01 00:00:00+00:00,2019-09-09 00:00:00+00:00,Hurricane,3423; 4465,2,2,official_incident_id,2019
37019,incident:2020030901,2020-01-20 00:00:00+00:00,2023-05-11 00:00:00+00:00,Biological,3471; 4487,2,2,official_incident_id,2020
37019,incident:2020072601,2020-07-31 00:00:00+00:00,2020-08-04 00:00:00+00:00,Hurricane,3534; 4568,2,2,official_incident_id,2020
37021,incident:2020030901,2020-01-20 00:00:00+00:00,2023-05-11 00:00:00+00:00,Biological,3471; 4487,2,2,official_incident_id,2020
37021,incident:2024092301,2024-09-25 00:00:00+00:00,2024-12-18 00:00:00+00:00,Tropical Storm,3617; 4827,2,2,official_incident_id,2024
37023,incident:2020030901,2020-01-20 00:00:00+00:00,2023-05-11 00:00:00+00:00,Biological,3471; 4487,2,2,official_incident_id,2020
37023,incident:2024092301,2024-09-25 00:00:00+00:00,2024-12-18 00:00:00+00:00,Tropical Storm,3617; 4827,2,2,official_incident_id,2024
37025,incident:2018090602,2018-09-07 00:00:00+00:00,2018-09-29 00:00:00+00:00,Hurricane,3401; 4393,2,2,official_incident_id,2018
37025,incident:2020030901,2020-01-20 00:00:00+00:00,2023-05-11 00:00:00+00:00,Biological,3471; 4487,2,2,official_incident_id,2020
37025,incident:2024092301,2024-09-25 00:00:00+00:00,2024-12-18 00:00:00+00:00,Tropical Storm,3617; 4827,2,2,official_incident_id,2024
37027,incident:2020030901,2020-01-20 00:00:00+00:00,2023-05-11 00:00:00+00:00,Biological,3471; 4487,2,2,official_incident_id,2020
37027,incident:2024092301,2024-09-25 00:00:00+00:00,2024-12-18 00:00:00+00:00,Tropical Storm,3617; 4827,2,2,official_incident_id,2024
37029,incident:2011082201,2011-08-25 00:00:00+00:00,2011-09-01 00:00:00+00:00,Hurricane,3327; 4019,2,2,official_incident_id,2011
37029,incident:2016092802,2016-10-04 00:00:00+00:00,2016-10-24 00:00:00+00:00,Hurricane,3380; 4285,2,2,official_incident_id,2016
37029,incident:2019082401,2019-09-01 00:00:00+00:00,2019-09-09 00:00:00+00:00,Hurricane,3423; 4465,2,2,official_incident_id,2019
37029,incident:2020030901,2020-01-20 00:00:00+00:00,2023-05-11 00:00:00+00:00,Biological,3471; 4487,2,2,official_incident_id,2020
37031,incident:2011082201,2011-08-25 00:00:00+00:00,2011-09-01 00:00:00+00:00,Hurricane,3327; 4019,2,2,official_incident_id,2011
37031,incident:2016092802,2016-10-04 00:00:00+00:00,2016-10-24 00:00:00+00:00,Hurricane,3380; 4285,2,2,official_incident_id,2016
37031,incident:2018090602,2018-09-07 00:00:00+00:00,2018-09-29 00:00:00+00:00,Hurricane,3401; 4393,2,2,official_incident_id,2018
37031,incident:2019082401,2019-09-01 00:00:00+00:00,2019-09-09 00:00:00+00:00,Hurricane,3423; 4465,2,2,official_incident_id,2019
37031,incident:2020030901,2020-01-20 00:00:00+00:00,2023-05-11 00:00:00+00:00,Biological,3471; 4487,2,2,official_incident_id,2020
37031,incident:2020072601,2020-07-31 00:00:00+00:00,2020-08-04 00:00:00+00:00,Hurricane,3534; 4568,2,2,official_incident_id,2020
37033,incident:2020030901,2020-01-20 00:00:00+00:00,2023-05-11 00:00:00+00:00,Biological,3471; 4487,2,2,official_incident_id,2020
37035,incident:2020030901,2020-01-20 00:00:00+00:00,2023-05-11 00:00:00+00:00,Biological,3471; 4487,2,2,official_incident_id,2020
37035,incident:2024092301,2024-09-25 00:00:00+00:00,2024-12-18 00:00:00+00:00,Tropical Storm,3617; 4827,2,2,official_incident_id,2024
37037,incident:2016092802,2016-10-04 00:00:00+00:00,2016-10-24 00:00:00+00:00,Hurricane,3380; 4285,2,2,official_incident_id,2016
37037,incident:2018090602,2018-09-07 00:00:00+00:00,2018-09-29 00:00:00+00:00,Hurricane,3401; 4393,2,2,official_incident_id,2018
37037,incident:2020030901,2020-01-20 00:00:00+00:00,2023-05-11 00:00:00+00:00,Biological,3471; 4487,2,2,official_incident_id,2020
37039,incident:2020030901,2020-01-20 00:00:00+00:00,2023-05-11 00:00:00+00:00,Biological,3471; 4487,2,2,official_incident_id,2020
37039,incident:2024092301,2024-09-25 00:00:00+00:00,2024-12-18 00:00:00+00:00,Tropical Storm,3617; 4827,2,2,official_incident_id,2024
37041,incident:2011082201,2011-08-25 00:00:00+00:00,2011-09-01 00:00:00+00:00,Hurricane,3327; 4019,2,2,official_incident_id,2011
37041,incident:2016092802,2016-10-04 00:00:00+00:00,2016-10-24 00:00:00+00:00,Hurricane,3380; 4285,2,2,official_incident_id,2016
37041,incident:2019082401,2019-09-01 00:00:00+00:00,2019-09-09 00:00:00+00:00,Hurricane,3423; 4465,2,2,official_incident_id,2019
37041,incident:2020030901,2020-01-20 00:00:00+00:00,2023-05-11 00:00:00+00:00,Biological,3471; 4487,2,2,official_incident_id,2020
37041,incident:2020072601,2020-07-31 00:00:00+00:00,2020-08-04 00:00:00+00:00,Hurricane,3534; 4568,2,2,official_incident_id,2020
37043,incident:2020030901,2020-01-20 00:00:00+00:00,2023-05-11 00:00:00+00:00,Biological,3471; 4487,2,2,official_incident_id,2020
37043,incident:2024092301,2024-09-25 00:00:00+00:00,2024-12-18 00:00:00+00:00,Tropical Storm,3617; 4827,2,2,official_incident_id,2024
37045,incident:2020030901,2020-01-20 00:00:00+00:00,2023-05-11 00:00:00+00:00,Biological,3471; 4487,2,2,official_incident_id,2020
37045,incident:2024092301,2024-09-25 00:00:00+00:00,2024-12-18 00:00:00+00:00,Tropical Storm,3617; 4827,2,2,official_incident_id,2024
37047,incident:2011082201,2011-08-25 00:00:00+00:00,2011-09-01 00:00:00+00:00,Hurricane,3327; 4019,2,2,official_incident_id,2011
37047,incident:2016092802,2016-10-04 00:00:00+00:00,2016-10-24 00:00:00+00:00,Hurricane,3380; 4285,2,2,official_incident_id,2016
37047,incident:2018090602,2018-09-07 00:00:00+00:00,2018-09-29 00:00:00+00:00,Hurricane,3401; 4393,2,2,official_incident_id,2018
37047,incident:2019082401,2019-09-01 00:00:00+00:00,2019-09-09 00:00:00+00:00,Hurricane,3423; 4465,2,2,official_incident_id,2019
37047,incident:2020030901,2020-01-20 00:00:00+00:00,2023-05-11 00:00:00+00:00,Biological,3471; 4487,2,2,official_incident_id,2020
37047,incident:2020072601,2020-07-31 00:00:00+00:00,2020-08-04 00:00:00+00:00,Hurricane,3534; 4568,2,2,official_incident_id,2020
37049,incident:2011082201,2011-08-25 00:00:00+00:00,2011-09-01 00:00:00+00:00,Hurricane,3327; 4019,2,2,official_incident_id,2011
37049,incident:2016092802,2016-10-04 00:00:00+00:00,2016-10-24 00:00:00+00:00,Hurricane,3380; 4285,2,2,official_incident_id,2016
37049,incident:2018090602,2018-09-07 00:00:00+00:00,2018-09-29 00:00:00+00:00,Hurricane,3401; 4393,2,2,official_incident_id,2018
37049,incident:2019082401,2019-09-01 00:00:00+00:00,2019-09-09 00:00:00+00:00,Hurricane,3423; 4465,2,2,official_incident_id,2019
37049,incident:2020030901,2020-01-20 00:00:00+00:00,2023-05-11 00:00:00+00:00,Biological,3471; 4487,2,2,official_incident_id,2020
37049,incident:2020072601,2020-07-31 00:00:00+00:00,2020-08-04 00:00:00+00:00,Hurricane,3534; 4568,2,2,official_incident_id,2020
37051,incident:2016092802,2016-10-04 00:00:00+00:00,2016-10-24 00:00:00+00:00,Hurricane,3380; 4285,2,2,official_incident_id,2016
37051,incident:2018090602,2018-09-07 00:00:00+00:00,2018-09-29 00:00:00+00:00,Hurricane,3401; 4393,2,2,official_incident_id,2018
37051,incident:2020030901,2020-01-20 00:00:00+00:00,2023-05-11 00:00:00+00:00,Biological,3471; 4487,2,2,official_incident_id,2020
37053,incident:2011082201,2011-08-25 00:00:00+00:00,2011-09-01 00:00:00+00:00,Hurricane,3327; 4019,2,2,official_incident_id,2011
37053,incident:2016092802,2016-10-04 00:00:00+00:00,2016-10-24 00:00:00+00:00,Hurricane,3380; 4285,2,2,official_incident_id,2016
37053,incident:2019082401,2019-09-01 00:00:00+00:00,2019-09-09 00:00:00+00:00,Hurricane,3423; 4465,2,2,official_incident_id,2019
37053,incident:2020030901,2020-01-20 00:00:00+00:00,2023-05-11 00:00:00+00:00,Biological,3471; 4487,2,2,official_incident_id,2020
37055,incident:2011082201,2011-08-25 00:00:00+00:00,2011-09-01 00:00:00+00:00,Hurricane,3327; 4019,2,2,official_incident_id,2011
37055,incident:2016092802,2016-10-04 00:00:00+00:00,2016-10-24 00:00:00+00:00,Hurricane,3380; 4285,2,2,official_incident_id,2016
37055,incident:2018090602,2018-09-07 00:00:00+00:00,2018-09-29 00:00:00+00:00,Hurricane,3401; 4393,2,2,official_incident_id,2018
37055,incident:2019082401,2019-09-01 00:00:00+00:00,2019-09-09 00:00:00+00:00,Hurricane,3423; 4465,2,2,official_incident_id,2019
37055,incident:2020030901,2020-01-20 00:00:00+00:00,2023-05-11 00:00:00+00:00,Biological,3471; 4487,2,2,official_incident_id,2020
37057,incident:2018090602,2018-09-07 00:00:00+00:00,2018-09-29 00:00:00+00:00,Hurricane,3401; 4393,2,2,official_incident_id,2018
37057,incident:2020030901,2020-01-20 00:00:00+00:00,2023-05-11 00:00:00+00:00,Biological,3471; 4487,2,2,official_incident_id,2020
37059,incident:2020030901,2020-01-20 00:00:00+00:00,2023-05-11 00:00:00+00:00,Biological,3471; 4487,2,2,official_incident_id,2020
37061,incident:2011082201,2011-08-25 00:00:00+00:00,2011-09-01 00:00:00+00:00,Hurricane,3327; 4019,2,2,official_incident_id,2011
37061,incident:2016092802,2016-10-04 00:00:00+00:00,2016-10-24 00:00:00+00:00,Hurricane,3380; 4285,2,2,official_incident_id,2016
37061,incident:2018090602,2018-09-07 00:00:00+00:00,2018-09-29 00:00:00+00:00,Hurricane,3401; 4393,2,2,official_incident_id,2018
37061,incident:2019082401,2019-09-01 00:00:00+00:00,2019-09-09 00:00:00+00:00,Hurricane,3423; 4465,2,2,official_incident_id,2019
37061,incident:2020030901,2020-01-20 00:00:00+00:00,2023-05-11 00:00:00+00:00,Biological,3471; 4487,2,2,official_incident_id,2020
37063,incident:2018090602,2018-09-07 00:00:00+00:00,2018-09-29 00:00:00+00:00,Hurricane,3401; 4393,2,2,official_incident_id,2018
37063,incident:2020030901,2020-01-20 00:00:00+00:00,2023-05-11 00:00:00+00:00,Biological,3471; 4487,2,2,official_incident_id,2020
37065,incident:2011082201,2011-08-25 00:00:00+00:00,2011-09-01 00:00:00+00:00,Hurricane,3327; 4019,2,2,official_incident_id,2011
37065,incident:2016092802,2016-10-04 00:00:00+00:00,2016-10-24 00:00:00+00:00,Hurricane,3380; 4285,2,2,official_incident_id,2016
37065,incident:2020030901,2020-01-20 00:00:00+00:00,2023-05-11 00:00:00+00:00,Biological,3471; 4487,2,2,official_incident_id,2020
37067,incident:2020030901,2020-01-20 00:00:00+00:00,2023-05-11 00:00:00+00:00,Biological,3471; 4487,2,2,official_incident_id,2020
37067,incident:2024092301,2024-09-25 00:00:00+00:00,2024-12-18 00:00:00+00:00,Tropical Storm,3617; 4827,2,2,official_incident_id,2024
37069,incident:2016092802,2016-10-04 00:00:00+00:00,2016-10-24 00:00:00+00:00,Hurricane,3380; 4285,2,2,official_incident_id,2016
37069,incident:2020030901,2020-01-20 00:00:00+00:00,2023-05-11 00:00:00+00:00,Biological,3471; 4487,2,2,official_incident_id,2020
37071,incident:2020030901,2020-01-20 00:00:00+00:00,2023-05-11 00:00:00+00:00,Biological,3471; 4487,2,2,official_incident_id,2020
37071,incident:2024092301,2024-09-25 00:00:00+00:00,2024-12-18 00:00:00+00:00,Tropical Storm,3617; 4827,2,2,official_incident_id,2024
37073,incident:2011082201,2011-08-25 00:00:00+00:00,2011-09-01 00:00:00+00:00,Hurricane,3327; 4019,2,2,official_incident_id,2011
37073,incident:2016092802,2016-10-04 00:00:00+00:00,2016-10-24 00:00:00+00:00,Hurricane,3380; 4285,2,2,official_incident_id,2016
37073,incident:2020030901,2020-01-20 00:00:00+00:00,2023-05-11 00:00:00+00:00,Biological,3471; 4487,2,2,official_incident_id,2020
37075,incident:2020030901,2020-01-20 00:00:00+00:00,2023-05-11 00:00:00+00:00,Biological,3471; 4487,2,2,official_incident_id,2020
37075,incident:2024092301,2024-09-25 00:00:00+00:00,2024-12-18 00:00:00+00:00,Tropical Storm,3617; 4827,2,2,official_incident_id,2024
37077,incident:2018090602,2018-09-07 00:00:00+00:00,2018-09-29 00:00:00+00:00,Hurricane,3401; 4393,2,2,official_incident_id,2018
37077,incident:2020030901,2020-01-20 00:00:00+00:00,2023-05-11 00:00:00+00:00,Biological,3471; 4487,2,2,official_incident_id,2020
37079,incident:2011082201,2011-08-25 00:00:00+00:00,2011-09-01 00:00:00+00:00,Hurricane,3327; 4019,2,2,official_incident_id,2011
37079,incident:2016092802,2016-10-04 00:00:00+00:00,2016-10-24 00:00:00+00:00,Hurricane,3380; 4285,2,2,official_incident_id,2016
37079,incident:2018090602,2018-09-07 00:00:00+00:00,2018-09-29 00:00:00+00:00,Hurricane,3401; 4393,2,2,official_incident_id,2018
37079,incident:2019082401,2019-09-01 00:00:00+00:00,2019-09-09 00:00:00+00:00,Hurricane,3423; 4465,2,2,official_incident_id,2019
37079,incident:2020030901,2020-01-20 00:00:00+00:00,2023-05-11 00:00:00+00:00,Biological,3471; 4487,2,2,official_incident_id,2020
37081,incident:2018090602,2018-09-07 00:00:00+00:00,2018-09-29 00:00:00+00:00,Hurricane,3401; 4393,2,2,official_incident_id,2018
37081,incident:2020030901,2020-01-20 00:00:00+00:00,2023-05-11 00:00:00+00:00,Biological,3471; 4487,2,2,official_incident_id,2020
37083,incident:2011082201,2011-08-25 00:00:00+00:00,2011-09-01 00:00:00+00:00,Hurricane,3327; 4019,2,2,official_incident_id,2011
37083,incident:2016092802,2016-10-04 00:00:00+00:00,2016-10-24 00:00:00+00:00,Hurricane,3380; 4285,2,2,official_incident_id,2016
37083,incident:2020030901,2020-01-20 00:00:00+00:00,2023-05-11 00:00:00+00:00,Biological,3471; 4487,2,2,official_incident_id,2020
37085,incident:2016092802,2016-10-04 00:00:00+00:00,2016-10-24 00:00:00+00:00,Hurricane,3380; 4285,2,2,official_incident_id,2016
37085,incident:2018090602,2018-09-07 00:00:00+00:00,2018-09-29 00:00:00+00:00,Hurricane,3401; 4393,2,2,official_incident_id,2018
37085,incident:2020030901,2020-01-20 00:00:00+00:00,2023-05-11 00:00:00+00:00,Biological,3471; 4487,2,2,official_incident_id,2020
37087,incident:2020030901,2020-01-20 00:00:00+00:00,2023-05-11 00:00:00+00:00,Biological,3471; 4487,2,2,official_incident_id,2020
37087,incident:2024092301,2024-09-25 00:00:00+00:00,2024-12-18 00:00:00+00:00,Tropical Storm,3617; 4827,2,2,official_incident_id,2024
37089,incident:2020030901,2020-01-20 00:00:00+00:00,2023-05-11 00:00:00+00:00,Biological,3471; 4487,2,2,official_incident_id,2020
37089,incident:2024092301,2024-09-25 00:00:00+00:00,2024-12-18 00:00:00+00:00,Tropical Storm,3617; 4827,2,2,official_incident_id,2024
37091,incident:2011082201,2011-08-25 00:00:00+00:00,2011-09-01 00:00:00+00:00,Hurricane,3327; 4019,2,2,official_incident_id,2011
37091,incident:2016092802,2016-10-04 00:00:00+00:00,2016-10-24 00:00:00+00:00,Hurricane,3380; 4285,2,2,official_incident_id,2016
37091,incident:2020030901,2020-01-20 00:00:00+00:00,2023-05-11 00:00:00+00:00,Biological,3471; 4487,2,2,official_incident_id,2020
37091,incident:2020072601,2020-07-31 00:00:00+00:00,2020-08-04 00:00:00+00:00,Hurricane,3534; 4568,2,2,official_incident_id,2020
37093,incident:2016092802,2016-10-04 00:00:00+00:00,2016-10-24 00:00:00+00:00,Hurricane,3380; 4285,2,2,official_incident_id,2016
37093,incident:2018090602,2018-09-07 00:00:00+00:00,2018-09-29 00:00:00+00:00,Hurricane,3401; 4393,2,2,official_incident_id,2018
37093,incident:2019082401,2019-09-01 00:00:00+00:00,2019-09-09 00:00:00+00:00,Hurricane,3423; 4465,2,2,official_incident_id,2019
37093,incident:2020030901,2020-01-20 00:00:00+00:00,2023-05-11 00:00:00+00:00,Biological,3471; 4487,2,2,official_incident_id,2020
37095,incident:2011082201,2011-08-25 00:00:00+00:00,2011-09-01 00:00:00+00:00,Hurricane,3327; 4019,2,2,official_incident_id,2011
37095,incident:2016092802,2016-10-04 00:00:00+00:00,2016-10-24 00:00:00+00:00,Hurricane,3380; 4285,2,2,official_incident_id,2016
37095,incident:2018090602,2018-09-07 00:00:00+00:00,2018-09-29 00:00:00+00:00,Hurricane,3401; 4393,2,2,official_incident_id,2018
37095,incident:2019082401,2019-09-01 00:00:00+00:00,2019-09-09 00:00:00+00:00,Hurricane,3423; 4465,2,2,official_incident_id,2019
37095,incident:2020030901,2020-01-20 00:00:00+00:00,2023-05-11 00:00:00+00:00,Biological,3471; 4487,2,2,official_incident_id,2020
37095,incident:2020072601,2020-07-31 00:00:00+00:00,2020-08-04 00:00:00+00:00,Hurricane,3534; 4568,2,2,official_incident_id,2020
37097,incident:2020030901,2020-01-20 00:00:00+00:00,2023-05-11 00:00:00+00:00,Biological,3471; 4487,2,2,official_incident_id,2020
37097,incident:2024092301,2024-09-25 00:00:00+00:00,2024-12-18 00:00:00+00:00,Tropical Storm,3617; 4827,2,2,official_incident_id,2024
37099,incident:2020030901,2020-01-20 00:00:00+00:00,2023-05-11 00:00:00+00:00,Biological,3471; 4487,2,2,official_incident_id,2020
37099,incident:2024092301,2024-09-25 00:00:00+00:00,2024-12-18 00:00:00+00:00,Tropical Storm,3617; 4827,2,2,official_incident_id,2024
37101,incident:2011082201,2011-08-25 00:00:00+00:00,2011-09-01 00:00:00+00:00,Hurricane,3327; 4019,2,2,official_incident_id,2011
37101,incident:2016092802,2016-10-04 00:00:00+00:00,2016-10-24 00:00:00+00:00,Hurricane,3380; 4285,2,2,official_incident_id,2016
37101,incident:2018090602,2018-09-07 00:00:00+00:00,2018-09-29 00:00:00+00:00,Hurricane,3401; 4393,2,2,official_incident_id,2018
37101,incident:2020030901,2020-01-20 00:00:00+00:00,2023-05-11 00:00:00+00:00,Biological,3471; 4487,2,2,official_incident_id,2020
37103,incident:2011082201,2011-08-25 00:00:00+00:00,2011-09-01 00:00:00+00:00,Hurricane,3327; 4019,2,2,official_incident_id,2011
37103,incident:2016092802,2016-10-04 00:00:00+00:00,2016-10-24 00:00:00+00:00,Hurricane,3380; 4285,2,2,official_incident_id,2016
37103,incident:2018090602,2018-09-07 00:00:00+00:00,2018-09-29 00:00:00+00:00,Hurricane,3401; 4393,2,2,official_incident_id,2018
37103,incident:2019082401,2019-09-01 00:00:00+00:00,2019-09-09 00:00:00+00:00,Hurricane,3423; 4465,2,2,official_incident_id,2019
37103,incident:2020030901,2020-01-20 00:00:00+00:00,2023-05-11 00:00:00+00:00,Biological,3471; 4487,2,2,official_incident_id,2020
37103,incident:2020072601,2020-07-31 00:00:00+00:00,2020-08-04 00:00:00+00:00,Hurricane,3534; 4568,2,2,official_incident_id,2020
37105,incident:2016092802,2016-10-04 00:00:00+00:00,2016-10-24 00:00:00+00:00,Hurricane,3380; 4285,2,2,official_incident_id,2016
37105,incident:2018090602,2018-09-07 00:00:00+00:00,2018-09-29 00:00:00+00:00,Hurricane,3401; 4393,2,2,official_incident_id,2018
37105,incident:2020030901,2020-01-20 00:00:00+00:00,2023-05-11 00:00:00+00:00,Biological,3471; 4487,2,2,official_incident_id,2020
37105,incident:2024092301,2024-09-25 00:00:00+00:00,2024-12-18 00:00:00+00:00,Tropical Storm,3617; 4827,2,2,official_incident_id,2024
37107,incident:2011082201,2011-08-25 00:00:00+00:00,2011-09-01 00:00:00+00:00,Hurricane,3327; 4019,2,2,official_incident_id,2011
37107,incident:2016092802,2016-10-04 00:00:00+00:00,2016-10-24 00:00:00+00:00,Hurricane,3380; 4285,2,2,official_incident_id,2016
37107,incident:2018090602,2018-09-07 00:00:00+00:00,2018-09-29 00:00:00+00:00,Hurricane,3401; 4393,2,2,official_incident_id,2018
37107,incident:2019082401,2019-09-01 00:00:00+00:00,2019-09-09 00:00:00+00:00,Hurricane,3423; 4465,2,2,official_incident_id,2019
37107,incident:2020030901,2020-01-20 00:00:00+00:00,2023-05-11 00:00:00+00:00,Biological,3471; 4487,2,2,official_incident_id,2020
37107,incident:2020072601,2020-07-31 00:00:00+00:00,2020-08-04 00:00:00+00:00,Hurricane,3534; 4568,2,2,official_incident_id,2020
37109,incident:2020030901,2020-01-20 00:00:00+00:00,2023-05-11 00:00:00+00:00,Biological,3471; 4487,2,2,official_incident_id,2020
37109,incident:2024092301,2024-09-25 00:00:00+00:00,2024-12-18 00:00:00+00:00,Tropical Storm,3617; 4827,2,2,official_incident_id,2024
37111,incident:2018090602,2018-09-07 00:00:00+00:00,2018-09-29 00:00:00+00:00,Hurricane,3401; 4393,2,2,official_incident_id,2018
37111,incident:2020030901,2020-01-20 00:00:00+00:00,2023-05-11 00:00:00+00:00,Biological,3471; 4487,2,2,official_incident_id,2020
37111,incident:2024092301,2024-09-25 00:00:00+00:00,2024-12-18 00:00:00+00:00,Tropical Storm,3617; 4827,2,2,official_incident_id,2024
37113,incident:2020030901,2020-01-20 00:00:00+00:00,2023-05-11 00:00:00+00:00,Biological,3471; 4487,2,2,official_incident_id,2020
37113,incident:2024092301,2024-09-25 00:00:00+00:00,2024-12-18 00:00:00+00:00,Tropical Storm,3617; 4827,2,2,official_incident_id,2024
37115,incident:2018090602,2018-09-07 00:00:00+00:00,2018-09-29 00:00:00+00:00,Hurricane,3401; 4393,2,2,official_incident_id,2018
37115,incident:2020030901,2020-01-20 00:00:00+00:00,2023-05-11 00:00:00+00:00,Biological,3471; 4487,2,2,official_incident_id,2020
37115,incident:2024092301,2024-09-25 00:00:00+00:00,2024-12-18 00:00:00+00:00,Tropical Storm,3617; 4827,2,2,official_incident_id,2024
37117,incident:2011082201,2011-08-25 00:00:00+00:00,2011-09-01 00:00:00+00:00,Hurricane,3327; 4019,2,2,official_incident_id,2011
37117,incident:2016092802,2016-10-04 00:00:00+00:00,2016-10-24 00:00:00+00:00,Hurricane,3380; 4285,2,2,official_incident_id,2016
37117,incident:2020030901,2020-01-20 00:00:00+00:00,2023-05-11 00:00:00+00:00,Biological,3471; 4487,2,2,official_incident_id,2020
37119,incident:2020030901,2020-01-20 00:00:00+00:00,2023-05-11 00:00:00+00:00,Biological,3471; 4487,2,2,official_incident_id,2020
37119,incident:2024092301,2024-09-25 00:00:00+00:00,2024-12-18 00:00:00+00:00,Tropical Storm,3617; 4827,2,2,official_incident_id,2024
37121,incident:2020030901,2020-01-20 00:00:00+00:00,2023-05-11 00:00:00+00:00,Biological,3471; 4487,2,2,official_incident_id,2020
37121,incident:2024092301,2024-09-25 00:00:00+00:00,2024-12-18 00:00:00+00:00,Tropical Storm,3617; 4827,2,2,official_incident_id,2024
37123,incident:2016092802,2016-10-04 00:00:00+00:00,2016-10-24 00:00:00+00:00,Hurricane,3380; 4285,2,2,official_incident_id,2016
37123,incident:2018090602,2018-09-07 00:00:00+00:00,2018-09-29 00:00:00+00:00,Hurricane,3401; 4393,2,2,official_incident_id,2018
37123,incident:2020030901,2020-01-20 00:00:00+00:00,2023-05-11 00:00:00+00:00,Biological,3471; 4487,2,2,official_incident_id,2020
37125,incident:2016092802,2016-10-04 00:00:00+00:00,2016-10-24 00:00:00+00:00,Hurricane,3380; 4285,2,2,official_incident_id,2016
37125,incident:2018090602,2018-09-07 00:00:00+00:00,2018-09-29 00:00:00+00:00,Hurricane,3401; 4393,2,2,official_incident_id,2018
37125,incident:2020030901,2020-01-20 00:00:00+00:00,2023-05-11 00:00:00+00:00,Biological,3471; 4487,2,2,official_incident_id,2020
37127,incident:2011082201,2011-08-25 00:00:00+00:00,2011-09-01 00:00:00+00:00,Hurricane,3327; 4019,2,2,official_incident_id,2011
37127,incident:2016092802,2016-10-04 00:00:00+00:00,2016-10-24 00:00:00+00:00,Hurricane,3380; 4285,2,2,official_incident_id,2016
37127,incident:2020030901,2020-01-20 00:00:00+00:00,2023-05-11 00:00:00+00:00,Biological,3471; 4487,2,2,official_incident_id,2020
37127,incident:2024092301,2024-09-25 00:00:00+00:00,2024-12-18 00:00:00+00:00,Tropical Storm,3617; 4827,2,2,official_incident_id,2024
37129,incident:2011082201,2011-08-25 00:00:00+00:00,2011-09-01 00:00:00+00:00,Hurricane,3327; 4019,2,2,official_incident_id,2011
37129,incident:2016092802,2016-10-04 00:00:00+00:00,2016-10-24 00:00:00+00:00,Hurricane,3380; 4285,2,2,official_incident_id,2016
37129,incident:2018090602,2018-09-07 00:00:00+00:00,2018-09-29 00:00:00+00:00,Hurricane,3401; 4393,2,2,official_incident_id,2018
37129,incident:2019082401,2019-09-01 00:00:00+00:00,2019-09-09 00:00:00+00:00,Hurricane,3423; 4465,2,2,official_incident_id,2019
37129,incident:2020030901,2020-01-20 00:00:00+00:00,2023-05-11 00:00:00+00:00,Biological,3471; 4487,2,2,official_incident_id,2020
37129,incident:2020072601,2020-07-31 00:00:00+00:00,2020-08-04 00:00:00+00:00,Hurricane,3534; 4568,2,2,official_incident_id,2020
37131,incident:2011082201,2011-08-25 00:00:00+00:00,2011-09-01 00:00:00+00:00,Hurricane,3327; 4019,2,2,official_incident_id,2011
37131,incident:2016092802,2016-10-04 00:00:00+00:00,2016-10-24 00:00:00+00:00,Hurricane,3380; 4285,2,2,official_incident_id,2016
37131,incident:2020030901,2020-01-20 00:00:00+00:00,2023-05-11 00:00:00+00:00,Biological,3471; 4487,2,2,official_incident_id,2020
37133,incident:2011082201,2011-08-25 00:00:00+00:00,2011-09-01 00:00:00+00:00,Hurricane,3327; 4019,2,2,official_incident_id,2011
37133,incident:2016092802,2016-10-04 00:00:00+00:00,2016-10-24 00:00:00+00:00,Hurricane,3380; 4285,2,2,official_incident_id,2016
37133,incident:2018090602,2018-09-07 00:00:00+00:00,2018-09-29 00:00:00+00:00,Hurricane,3401; 4393,2,2,official_incident_id,2018
37133,incident:2019082401,2019-09-01 00:00:00+00:00,2019-09-09 00:00:00+00:00,Hurricane,3423; 4465,2,2,official_incident_id,2019
37133,incident:2020030901,2020-01-20 00:00:00+00:00,2023-05-11 00:00:00+00:00,Biological,3471; 4487,2,2,official_incident_id,2020
37133,incident:2020072601,2020-07-31 00:00:00+00:00,2020-08-04 00:00:00+00:00,Hurricane,3534; 4568,2,2,official_incident_id,2020
37135,incident:2018090602,2018-09-07 00:00:00+00:00,2018-09-29 00:00:00+00:00,Hurricane,3401; 4393,2,2,official_incident_id,2018
37135,incident:2020030901,2020-01-20 00:00:00+00:00,2023-05-11 00:00:00+00:00,Biological,3471; 4487,2,2,official_incident_id,2020
37137,incident:2011082201,2011-08-25 00:00:00+00:00,2011-09-01 00:00:00+00:00,Hurricane,3327; 4019,2,2,official_incident_id,2011
37137,incident:2016092802,2016-10-04 00:00:00+00:00,2016-10-24 00:00:00+00:00,Hurricane,3380; 4285,2,2,official_incident_id,2016
37137,incident:2018090602,2018-09-07 00:00:00+00:00,2018-09-29 00:00:00+00:00,Hurricane,3401; 4393,2,2,official_incident_id,2018
37137,incident:2019082401,2019-09-01 00:00:00+00:00,2019-09-09 00:00:00+00:00,Hurricane,3423; 4465,2,2,official_incident_id,2019
37137,incident:2020030901,2020-01-20 00:00:00+00:00,2023-05-11 00:00:00+00:00,Biological,3471; 4487,2,2,official_incident_id,2020
37137,incident:2020072601,2020-07-31 00:00:00+00:00,2020-08-04 00:00:00+00:00,Hurricane,3534; 4568,2,2,official_incident_id,2020
37139,incident:2011082201,2011-08-25 00:00:00+00:00,2011-09-01 00:00:00+00:00,Hurricane,3327; 4019,2,2,official_incident_id,2011
37139,incident:2016092802,2016-10-04 00:00:00+00:00,2016-10-24 00:00:00+00:00,Hurricane,3380; 4285,2,2,official_incident_id,2016
37139,incident:2019082401,2019-09-01 00:00:00+00:00,2019-09-09 00:00:00+00:00,Hurricane,3423; 4465,2,2,official_incident_id,2019
37139,incident:2020030901,2020-01-20 00:00:00+00:00,2023-05-11 00:00:00+00:00,Biological,3471; 4487,2,2,official_incident_id,2020
37141,incident:2011082201,2011-08-25 00:00:00+00:00,2011-09-01 00:00:00+00:00,Hurricane,3327; 4019,2,2,official_incident_id,2011
37141,incident:2016092802,2016-10-04 00:00:00+00:00,2016-10-24 00:00:00+00:00,Hurricane,3380; 4285,2,2,official_incident_id,2016
37141,incident:2018090602,2018-09-07 00:00:00+00:00,2018-09-29 00:00:00+00:00,Hurricane,3401; 4393,2,2,official_incident_id,2018
37141,incident:2019082401,2019-09-01 00:00:00+00:00,2019-09-09 00:00:00+00:00,Hurricane,3423; 4465,2,2,official_incident_id,2019
37141,incident:2020030901,2020-01-20 00:00:00+00:00,2023-05-11 00:00:00+00:00,Biological,3471; 4487,2,2,official_incident_id,2020
37141,incident:2020072601,2020-07-31 00:00:00+00:00,2020-08-04 00:00:00+00:00,Hurricane,3534; 4568,2,2,official_incident_id,2020
37143,incident:2011082201,2011-08-25 00:00:00+00:00,2011-09-01 00:00:00+00:00,Hurricane,3327; 4019,2,2,official_incident_id,2011
37143,incident:2016092802,2016-10-04 00:00:00+00:00,2016-10-24 00:00:00+00:00,Hurricane,3380; 4285,2,2,official_incident_id,2016
37143,incident:2019082401,2019-09-01 00:00:00+00:00,2019-09-09 00:00:00+00:00,Hurricane,3423; 4465,2,2,official_incident_id,2019
37143,incident:2020030901,2020-01-20 00:00:00+00:00,2023-05-11 00:00:00+00:00,Biological,3471; 4487,2,2,official_incident_id,2020
37145,incident:2018090602,2018-09-07 00:00:00+00:00,2018-09-29 00:00:00+00:00,Hurricane,3401; 4393,2,2,official_incident_id,2018
37145,incident:2020030901,2020-01-20 00:00:00+00:00,2023-05-11 00:00:00+00:00,Biological,3471; 4487,2,2,official_incident_id,2020
37147,incident:2011082201,2011-08-25 00:00:00+00:00,2011-09-01 00:00:00+00:00,Hurricane,3327; 4019,2,2,official_incident_id,2011
37147,incident:2016092802,2016-10-04 00:00:00+00:00,2016-10-24 00:00:00+00:00,Hurricane,3380; 4285,2,2,official_incident_id,2016
37147,incident:2018090602,2018-09-07 00:00:00+00:00,2018-09-29 00:00:00+00:00,Hurricane,3401; 4393,2,2,official_incident_id,2018
37147,incident:2019082401,2019-09-01 00:00:00+00:00,2019-09-09 00:00:00+00:00,Hurricane,3423; 4465,2,2,official_incident_id,2019
37147,incident:2020030901,2020-01-20 00:00:00+00:00,2023-05-11 00:00:00+00:00,Biological,3471; 4487,2,2,official_incident_id,2020
37147,incident:2020072601,2020-07-31 00:00:00+00:00,2020-08-04 00:00:00+00:00,Hurricane,3534; 4568,2,2,official_incident_id,2020
37149,incident:2018090602,2018-09-07 00:00:00+00:00,2018-09-29 00:00:00+00:00,Hurricane,3401; 4393,2,2,official_incident_id,2018
37149,incident:2020030901,2020-01-20 00:00:00+00:00,2023-05-11 00:00:00+00:00,Biological,3471; 4487,2,2,official_incident_id,2020
37149,incident:2024092301,2024-09-25 00:00:00+00:00,2024-12-18 00:00:00+00:00,Tropical Storm,3617; 4827,2,2,official_incident_id,2024
37151,incident:2018090602,2018-09-07 00:00:00+00:00,2018-09-29 00:00:00+00:00,Hurricane,3401; 4393,2,2,official_incident_id,2018
37151,incident:2020030901,2020-01-20 00:00:00+00:00,2023-05-11 00:00:00+00:00,Biological,3471; 4487,2,2,official_incident_id,2020
37153,incident:2016092802,2016-10-04 00:00:00+00:00,2016-10-24 00:00:00+00:00,Hurricane,3380; 4285,2,2,official_incident_id,2016
37153,incident:2018090602,2018-09-07 00:00:00+00:00,2018-09-29 00:00:00+00:00,Hurricane,3401; 4393,2,2,official_incident_id,2018
37153,incident:2020030901,2020-01-20 00:00:00+00:00,2023-05-11 00:00:00+00:00,Biological,3471; 4487,2,2,official_incident_id,2020
37155,incident:2016092802,2016-10-04 00:00:00+00:00,2016-10-24 00:00:00+00:00,Hurricane,3380; 4285,2,2,official_incident_id,2016
37155,incident:2018090602,2018-09-07 00:00:00+00:00,2018-09-29 00:00:00+00:00,Hurricane,3401; 4393,2,2,official_incident_id,2018
37155,incident:2019082401,2019-09-01 00:00:00+00:00,2019-09-09 00:00:00+00:00,Hurricane,3423; 4465,2,2,official_incident_id,2019
37155,incident:2020030901,2020-01-20 00:00:00+00:00,2023-05-11 00:00:00+00:00,Biological,3471; 4487,2,2,official_incident_id,2020
37157,incident:2020030901,2020-01-20 00:00:00+00:00,2023-05-11 00:00:00+00:00,Biological,3471; 4487,2,2,official_incident_id,2020
37159,incident:2018090602,2018-09-07 00:00:00+00:00,2018-09-29 00:00:00+00:00,Hurricane,3401; 4393,2,2,official_incident_id,2018
37159,incident:2020030901,2020-01-20 00:00:00+00:00,2023-05-11 00:00:00+00:00,Biological,3471; 4487,2,2,official_incident_id,2020
37159,incident:2024092301,2024-09-25 00:00:00+00:00,2024-12-18 00:00:00+00:00,Tropical Storm,3617; 4827,2,2,official_incident_id,2024
37161,incident:2020030901,2020-01-20 00:00:00+00:00,2023-05-11 00:00:00+00:00,Biological,3471; 4487,2,2,official_incident_id,2020
37161,incident:2024092301,2024-09-25 00:00:00+00:00,2024-12-18 00:00:00+00:00,Tropical Storm,3617; 4827,2,2,official_incident_id,2024
37163,incident:2016092802,2016-10-04 00:00:00+00:00,2016-10-24 00:00:00+00:00,Hurricane,3380; 4285,2,2,official_incident_id,2016
37163,incident:2018090602,2018-09-07 00:00:00+00:00,2018-09-29 00:00:00+00:00,Hurricane,3401; 4393,2,2,official_incident_id,2018
37163,incident:2019082401,2019-09-01 00:00:00+00:00,2019-09-09 00:00:00+00:00,Hurricane,3423; 4465,2,2,official_incident_id,2019
37163,incident:2020030901,2020-01-20 00:00:00+00:00,2023-05-11 00:00:00+00:00,Biological,3471; 4487,2,2,official_incident_id,2020
37165,incident:2016092802,2016-10-04 00:00:00+00:00,2016-10-24 00:00:00+00:00,Hurricane,3380; 4285,2,2,official_incident_id,2016
37165,incident:2018090602,2018-09-07 00:00:00+00:00,2018-09-29 00:00:00+00:00,Hurricane,3401; 4393,2,2,official_incident_id,2018
37165,incident:2020030901,2020-01-20 00:00:00+00:00,2023-05-11 00:00:00+00:00,Biological,3471; 4487,2,2,official_incident_id,2020
37167,incident:2018090602,2018-09-07 00:00:00+00:00,2018-09-29 00:00:00+00:00,Hurricane,3401; 4393,2,2,official_incident_id,2018
37167,incident:2020030901,2020-01-20 00:00:00+00:00,2023-05-11 00:00:00+00:00,Biological,3471; 4487,2,2,official_incident_id,2020
37167,incident:2024092301,2024-09-25 00:00:00+00:00,2024-12-18 00:00:00+00:00,Tropical Storm,3617; 4827,2,2,official_incident_id,2024
37169,incident:2020030901,2020-01-20 00:00:00+00:00,2023-05-11 00:00:00+00:00,Biological,3471; 4487,2,2,official_incident_id,2020
37171,incident:2020030901,2020-01-20 00:00:00+00:00,2023-05-11 00:00:00+00:00,Biological,3471; 4487,2,2,official_incident_id,2020
37171,incident:2024092301,2024-09-25 00:00:00+00:00,2024-12-18 00:00:00+00:00,Tropical Storm,3617; 4827,2,2,official_incident_id,2024
37173,incident:2020030901,2020-01-20 00:00:00+00:00,2023-05-11 00:00:00+00:00,Biological,3471; 4487,2,2,official_incident_id,2020
37173,incident:2024092301,2024-09-25 00:00:00+00:00,2024-12-18 00:00:00+00:00,Tropical Storm,3617; 4827,2,2,official_incident_id,2024
37175,incident:2020030901,2020-01-20 00:00:00+00:00,2023-05-11 00:00:00+00:00,Biological,3471; 4487,2,2,official_incident_id,2020
37175,incident:2024092301,2024-09-25 00:00:00+00:00,2024-12-18 00:00:00+00:00,Tropical Storm,3617; 4827,2,2,official_incident_id,2024
37177,incident:2011082201,2011-08-25 00:00:00+00:00,2011-09-01 00:00:00+00:00,Hurricane,3327; 4019,2,2,official_incident_id,2011
37177,incident:2016092802,2016-10-04 00:00:00+00:00,2016-10-24 00:00:00+00:00,Hurricane,3380; 4285,2,2,official_incident_id,2016
37177,incident:2018090602,2018-09-07 00:00:00+00:00,2018-09-29 00:00:00+00:00,Hurricane,3401; 4393,2,2,official_incident_id,2018
37177,incident:2019082401,2019-09-01 00:00:00+00:00,2019-09-09 00:00:00+00:00,Hurricane,3423; 4465,2,2,official_incident_id,2019
37177,incident:2020030901,2020-01-20 00:00:00+00:00,2023-05-11 00:00:00+00:00,Biological,3471; 4487,2,2,official_incident_id,2020
37179,incident:2018090602,2018-09-07 00:00:00+00:00,2018-09-29 00:00:00+00:00,Hurricane,3401; 4393,2,2,official_incident_id,2018
37179,incident:2020030901,2020-01-20 00:00:00+00:00,2023-05-11 00:00:00+00:00,Biological,3471; 4487,2,2,official_incident_id,2020
37179,incident:2024092301,2024-09-25 00:00:00+00:00,2024-12-18 00:00:00+00:00,Tropical Storm,3617; 4827,2,2,official_incident_id,2024
37181,incident:2020030901,2020-01-20 00:00:00+00:00,2023-05-11 00:00:00+00:00,Biological,3471; 4487,2,2,official_incident_id,2020
37183,incident:2016092802,2016-10-04 00:00:00+00:00,2016-10-24 00:00:00+00:00,Hurricane,3380; 4285,2,2,official_incident_id,2016
37183,incident:2020030901,2020-01-20 00:00:00+00:00,2023-05-11 00:00:00+00:00,Biological,3471; 4487,2,2,official_incident_id,2020
37185,incident:2016092802,2016-10-04 00:00:00+00:00,2016-10-24 00:00:00+00:00,Hurricane,3380; 4285,2,2,official_incident_id,2016
37185,incident:2020030901,2020-01-20 00:00:00+00:00,2023-05-11 00:00:00+00:00,Biological,3471; 4487,2,2,official_incident_id,2020
37187,incident:2011082201,2011-08-25 00:00:00+00:00,2011-09-01 00:00:00+00:00,Hurricane,3327; 4019,2,2,official_incident_id,2011
37187,incident:2016092802,2016-10-04 00:00:00+00:00,2016-10-24 00:00:00+00:00,Hurricane,3380; 4285,2,2,official_incident_id,2016
37187,incident:2019082401,2019-09-01 00:00:00+00:00,2019-09-09 00:00:00+00:00,Hurricane,3423; 4465,2,2,official_incident_id,2019
37187,incident:2020030901,2020-01-20 00:00:00+00:00,2023-05-11 00:00:00+00:00,Biological,3471; 4487,2,2,official_incident_id,2020
37189,incident:2020030901,2020-01-20 00:00:00+00:00,2023-05-11 00:00:00+00:00,Biological,3471; 4487,2,2,official_incident_id,2020
37189,incident:2024092301,2024-09-25 00:00:00+00:00,2024-12-18 00:00:00+00:00,Tropical Storm,3617; 4827,2,2,official_incident_id,2024
37191,incident:2011082201,2011-08-25 00:00:00+00:00,2011-09-01 00:00:00+00:00,Hurricane,3327; 4019,2,2,official_incident_id,2011
37191,incident:2016092802,2016-10-04 00:00:00+00:00,2016-10-24 00:00:00+00:00,Hurricane,3380; 4285,2,2,official_incident_id,2016
37191,incident:2018090602,2018-09-07 00:00:00+00:00,2018-09-29 00:00:00+00:00,Hurricane,3401; 4393,2,2,official_incident_id,2018
37191,incident:2019082401,2019-09-01 00:00:00+00:00,2019-09-09 00:00:00+00:00,Hurricane,3423; 4465,2,2,official_incident_id,2019
37191,incident:2020030901,2020-01-20 00:00:00+00:00,2023-05-11 00:00:00+00:00,Biological,3471; 4487,2,2,official_incident_id,2020
37193,incident:2020030901,2020-01-20 00:00:00+00:00,2023-05-11 00:00:00+00:00,Biological,3471; 4487,2,2,official_incident_id,2020
37193,incident:2024092301,2024-09-25 00:00:00+00:00,2024-12-18 00:00:00+00:00,Tropical Storm,3617; 4827,2,2,official_incident_id,2024
37195,incident:2011082201,2011-08-25 00:00:00+00:00,2011-09-01 00:00:00+00:00,Hurricane,3327; 4019,2,2,official_incident_id,2011
37195,incident:2016092802,2016-10-04 00:00:00+00:00,2016-10-24 00:00:00+00:00,Hurricane,3380; 4285,2,2,official_incident_id,2016
37195,incident:2018090602,2018-09-07 00:00:00+00:00,2018-09-29 00:00:00+00:00,Hurricane,3401; 4393,2,2,official_incident_id,2018
37195,incident:2020030901,2020-01-20 00:00:00+00:00,2023-05-11 00:00:00+00:00,Biological,3471; 4487,2,2,official_incident_id,2020
37197,incident:2020030901,2020-01-20 00:00:00+00:00,2023-05-11 00:00:00+00:00,Biological,3471; 4487,2,2,official_incident_id,2020
37197,incident:2024092301,2024-09-25 00:00:00+00:00,2024-12-18 00:00:00+00:00,Tropical Storm,3617; 4827,2,2,official_incident_id,2024
37199,incident:2018090602,2018-09-07 00:00:00+00:00,2018-09-29 00:00:00+00:00,Hurricane,3401; 4393,2,2,official_incident_id,2018
37199,incident:2020030901,2020-01-20 00:00:00+00:00,2023-05-11 00:00:00+00:00,Biological,3471; 4487,2,2,official_incident_id,2020
37199,incident:2024092301,2024-09-25 00:00:00+00:00,2024-12-18 00:00:00+00:00,Tropical Storm,3617; 4827,2,2,official_incident_id,2024
38001,incident:2020030901,2020-01-20 00:00:00+00:00,2023-05-11 00:00:00+00:00,Biological,3477; 4509,2,2,official_incident_id,2020
38003,incident:2010030302,2010-02-26 00:00:00+00:00,2010-07-15 00:00:00+00:00,Flood,1907; 3309,2,2,official_incident_id,2010
38003,incident:2020030901,2020-01-20 00:00:00+00:00,2023-05-11 00:00:00+00:00,Biological,3477; 4509,2,2,official_incident_id,2020
38005,incident:2010030302,2010-02-26 00:00:00+00:00,2010-07-15 00:00:00+00:00,Flood,1907; 3309,2,4,official_incident_id,2010
38005,incident:2020030901,2020-01-20 00:00:00+00:00,2023-05-11 00:00:00+00:00,Biological,3477; 4509,2,4,official_incident_id,2020
38007,incident:2020030901,2020-01-20 00:00:00+00:00,2023-05-11 00:00:00+00:00,Biological,3477; 4509,2,2,official_incident_id,2020
38009,incident:2020030901,2020-01-20 00:00:00+00:00,2023-05-11 00:00:00+00:00,Biological,3477; 4509,2,2,official_incident_id,2020
38011,incident:2020030901,2020-01-20 00:00:00+00:00,2023-05-11 00:00:00+00:00,Biological,3477; 4509,2,2,official_incident_id,2020
38013,incident:2020030901,2020-01-20 00:00:00+00:00,2023-05-11 00:00:00+00:00,Biological,3477; 4509,2,4,official_incident_id,2020
38015,incident:2020030901,2020-01-20 00:00:00+00:00,2023-05-11 00:00:00+00:00,Biological,3477; 4509,2,2,official_incident_id,2020
38017,incident:2010030302,2010-02-26 00:00:00+00:00,2010-07-15 00:00:00+00:00,Flood,1907; 3309,2,2,official_incident_id,2010
38017,incident:2013041203,2013-04-22 00:00:00+00:00,2013-05-16 00:00:00+00:00,Flood,3364; 4118,2,2,official_incident_id,2013
38017,incident:2020030901,2020-01-20 00:00:00+00:00,2023-05-11 00:00:00+00:00,Biological,3477; 4509,2,2,official_incident_id,2020
38019,incident:2020030901,2020-01-20 00:00:00+00:00,2023-05-11 00:00:00+00:00,Biological,3477; 4509,2,4,official_incident_id,2020
38021,incident:2010030302,2010-02-26 00:00:00+00:00,2010-07-15 00:00:00+00:00,Flood,1907; 3309,2,2,official_incident_id,2010
38021,incident:2020030901,2020-01-20 00:00:00+00:00,2023-05-11 00:00:00+00:00,Biological,3477; 4509,2,2,official_incident_id,2020
38023,incident:2020030901,2020-01-20 00:00:00+00:00,2023-05-11 00:00:00+00:00,Biological,3477; 4509,2,4,official_incident_id,2020
38025,incident:2020030901,2020-01-20 00:00:00+00:00,2023-05-11 00:00:00+00:00,Biological,3477; 3512; 4509,3,5,official_incident_id,2020
38027,incident:2010030302,2010-02-26 00:00:00+00:00,2010-07-15 00:00:00+00:00,Flood,1907; 3309,2,3,official_incident_id,2010
38027,incident:2020030901,2020-01-20 00:00:00+00:00,2023-05-11 00:00:00+00:00,Biological,3477; 4509,2,4,official_incident_id,2020
38029,incident:2010030302,2010-02-26 00:00:00+00:00,2010-07-15 00:00:00+00:00,Flood,1907; 3309,2,2,official_incident_id,2010
38029,incident:2020030901,2020-01-20 00:00:00+00:00,2023-05-11 00:00:00+00:00,Biological,3477; 4509,2,2,official_incident_id,2020
38031,incident:2010030302,2010-02-26 00:00:00+00:00,2010-07-15 00:00:00+00:00,Flood,1907; 3309,2,2,official_incident_id,2010
38031,incident:2020030901,2020-01-20 00:00:00+00:00,2023-05-11 00:00:00+00:00,Biological,3477; 4509,2,2,official_incident_id,2020
38033,incident:2020030901,2020-01-20 00:00:00+00:00,2023-05-11 00:00:00+00:00,Biological,3477; 4509,2,2,official_incident_id,2020
38035,incident:2010030302,2010-02-26 00:00:00+00:00,2010-07-15 00:00:00+00:00,Flood,1907; 3309,2,2,official_incident_id,2010
38035,incident:2020030901,2020-01-20 00:00:00+00:00,2023-05-11 00:00:00+00:00,Biological,3477; 4509,2,2,official_incident_id,2020
38037,incident:2020030901,2020-01-20 00:00:00+00:00,2023-05-11 00:00:00+00:00,Biological,3477; 4509,2,2,official_incident_id,2020
38039,incident:2020030901,2020-01-20 00:00:00+00:00,2023-05-11 00:00:00+00:00,Biological,3477; 4509,2,2,official_incident_id,2020
38041,incident:2020030901,2020-01-20 00:00:00+00:00,2023-05-11 00:00:00+00:00,Biological,3477; 4509,2,2,official_incident_id,2020
38043,incident:2020030901,2020-01-20 00:00:00+00:00,2023-05-11 00:00:00+00:00,Biological,3477; 4509,2,2,official_incident_id,2020
38045,incident:2010030302,2010-02-26 00:00:00+00:00,2010-07-15 00:00:00+00:00,Flood,1907; 3309,2,2,official_incident_id,2010
38045,incident:2020030901,2020-01-20 00:00:00+00:00,2023-05-11 00:00:00+00:00,Biological,3477; 4509,2,2,official_incident_id,2020
38047,incident:2020030901,2020-01-20 00:00:00+00:00,2023-05-11 00:00:00+00:00,Biological,3477; 4509,2,2,official_incident_id,2020
38049,incident:2020030901,2020-01-20 00:00:00+00:00,2023-05-11 00:00:00+00:00,Biological,3477; 4509,2,4,official_incident_id,2020
38051,incident:2020030901,2020-01-20 00:00:00+00:00,2023-05-11 00:00:00+00:00,Biological,3477; 4509,2,2,official_incident_id,2020
38053,incident:2020030901,2020-01-20 00:00:00+00:00,2023-05-11 00:00:00+00:00,Biological,3477; 3512; 4509,3,5,official_incident_id,2020
38055,incident:2020030901,2020-01-20 00:00:00+00:00,2023-05-11 00:00:00+00:00,Biological,3477; 3512; 4509,3,7,official_incident_id,2020
38057,incident:2010030302,2010-02-26 00:00:00+00:00,2010-07-15 00:00:00+00:00,Flood,1907; 3309,2,2,official_incident_id,2010
38057,incident:2020030901,2020-01-20 00:00:00+00:00,2023-05-11 00:00:00+00:00,Biological,3477; 3512; 4509,3,5,official_incident_id,2020
38059,incident:2020030901,2020-01-20 00:00:00+00:00,2023-05-11 00:00:00+00:00,Biological,3477; 4509,2,2,official_incident_id,2020
38061,incident:2020030901,2020-01-20 00:00:00+00:00,2023-05-11 00:00:00+00:00,Biological,3477; 3512; 4509,3,7,official_incident_id,2020
38063,incident:2010030302,2010-02-26 00:00:00+00:00,2010-07-15 00:00:00+00:00,Flood,1907; 3309,2,4,official_incident_id,2010
38063,incident:2020030901,2020-01-20 00:00:00+00:00,2023-05-11 00:00:00+00:00,Biological,3477; 4509,2,4,official_incident_id,2020
38065,incident:2020030901,2020-01-20 00:00:00+00:00,2023-05-11 00:00:00+00:00,Biological,3477; 4509,2,2,official_incident_id,2020
38067,incident:2010030302,2010-02-26 00:00:00+00:00,2010-07-15 00:00:00+00:00,Flood,1907; 3309,2,2,official_incident_id,2010
38067,incident:2013041203,2013-04-22 00:00:00+00:00,2013-05-16 00:00:00+00:00,Flood,3364; 4118,2,2,official_incident_id,2013
38067,incident:2020030901,2020-01-20 00:00:00+00:00,2023-05-11 00:00:00+00:00,Biological,3477; 4509,2,2,official_incident_id,2020
38069,incident:2020030901,2020-01-20 00:00:00+00:00,2023-05-11 00:00:00+00:00,Biological,3477; 4509,2,2,official_incident_id,2020
38071,incident:2010030302,2010-02-26 00:00:00+00:00,2010-07-15 00:00:00+00:00,Flood,1907; 3309,2,4,official_incident_id,2010
38071,incident:2020030901,2020-01-20 00:00:00+00:00,2023-05-11 00:00:00+00:00,Biological,3477; 4509,2,4,official_incident_id,2020
38073,incident:2010030302,2010-02-26 00:00:00+00:00,2010-07-15 00:00:00+00:00,Flood,1907; 3309,2,2,official_incident_id,2010
38073,incident:2020030901,2020-01-20 00:00:00+00:00,2023-05-11 00:00:00+00:00,Biological,3477; 4509,2,2,official_incident_id,2020
38075,incident:2020030901,2020-01-20 00:00:00+00:00,2023-05-11 00:00:00+00:00,Biological,3477; 4509,2,2,official_incident_id,2020
38077,incident:2010030302,2010-02-26 00:00:00+00:00,2010-07-15 00:00:00+00:00,Flood,1907; 3309,2,2,official_incident_id,2010
38077,incident:2013041203,2013-04-22 00:00:00+00:00,2013-05-16 00:00:00+00:00,Flood,3364; 4118,2,2,official_incident_id,2013
38077,incident:2020030901,2020-01-20 00:00:00+00:00,2023-05-11 00:00:00+00:00,Biological,3477; 4509,2,2,official_incident_id,2020
38079,incident:2020030901,2020-01-20 00:00:00+00:00,2023-05-11 00:00:00+00:00,Biological,3477; 4509,2,4,official_incident_id,2020
38081,incident:2020030901,2020-01-20 00:00:00+00:00,2023-05-11 00:00:00+00:00,Biological,3477; 4509,2,2,official_incident_id,2020
38083,incident:2020030901,2020-01-20 00:00:00+00:00,2023-05-11 00:00:00+00:00,Biological,3477; 4509,2,2,official_incident_id,2020
38085,incident:2020030901,2020-01-20 00:00:00+00:00,2023-05-11 00:00:00+00:00,Biological,3477; 4509,2,2,official_incident_id,2020
38087,incident:2020030901,2020-01-20 00:00:00+00:00,2023-05-11 00:00:00+00:00,Biological,3477; 4509,2,2,official_incident_id,2020
38089,incident:2020030901,2020-01-20 00:00:00+00:00,2023-05-11 00:00:00+00:00,Biological,3477; 4509,2,2,official_incident_id,2020
38091,incident:2020030901,2020-01-20 00:00:00+00:00,2023-05-11 00:00:00+00:00,Biological,3477; 4509,2,2,official_incident_id,2020
38093,incident:2010030302,2010-02-26 00:00:00+00:00,2010-07-15 00:00:00+00:00,Flood,1907; 3309,2,2,official_incident_id,2010
38093,incident:2020030901,2020-01-20 00:00:00+00:00,2023-05-11 00:00:00+00:00,Biological,3477; 4509,2,2,official_incident_id,2020
38095,incident:2020030901,2020-01-20 00:00:00+00:00,2023-05-11 00:00:00+00:00,Biological,3477; 4509,2,2,official_incident_id,2020
38097,incident:2010030302,2010-02-26 00:00:00+00:00,2010-07-15 00:00:00+00:00,Flood,1907; 3309,2,2,official_incident_id,2010
38097,incident:2013041203,2013-04-22 00:00:00+00:00,2013-05-16 00:00:00+00:00,Flood,3364; 4118,2,2,official_incident_id,2013
38097,incident:2020030901,2020-01-20 00:00:00+00:00,2023-05-11 00:00:00+00:00,Biological,3477; 4509,2,2,official_incident_id,2020
38099,incident:2010030302,2010-02-26 00:00:00+00:00,2010-07-15 00:00:00+00:00,Flood,1907; 3309,2,2,official_incident_id,2010
38099,incident:2013041203,2013-04-22 00:00:00+00:00,2013-05-16 00:00:00+00:00,Flood,3364; 4118,2,2,official_incident_id,2013
38099,incident:2020030901,2020-01-20 00:00:00+00:00,2023-05-11 00:00:00+00:00,Biological,3477; 4509,2,2,official_incident_id,2020
38101,incident:2020030901,2020-01-20 00:00:00+00:00,2023-05-11 00:00:00+00:00,Biological,3477; 3512; 4509,3,5,official_incident_id,2020
38103,incident:2020030901,2020-01-20 00:00:00+00:00,2023-05-11 00:00:00+00:00,Biological,3477; 4509,2,2,official_incident_id,2020
38105,incident:2020030901,2020-01-20 00:00:00+00:00,2023-05-11 00:00:00+00:00,Biological,3477; 4509,2,4,official_incident_id,2020
39001,incident:2012063005,2012-06-29 00:00:00+00:00,2012-07-02 00:00:00+00:00,Severe Storm,3346; 4077,2,2,official_incident_id,2012
39001,incident:2020030901,2020-01-20 00:00:00+00:00,2023-05-11 00:00:00+00:00,Biological,3457; 4507,2,2,official_incident_id,2020
39003,incident:2012063005,2012-06-29 00:00:00+00:00,2012-07-02 00:00:00+00:00,Severe Storm,3346; 4077,2,2,official_incident_id,2012
39003,incident:2020030901,2020-01-20 00:00:00+00:00,2023-05-11 00:00:00+00:00,Biological,3457; 4507,2,2,official_incident_id,2020
39005,incident:2020030901,2020-01-20 00:00:00+00:00,2023-05-11 00:00:00+00:00,Biological,3457; 4507,2,2,official_incident_id,2020
39007,incident:2020030901,2020-01-20 00:00:00+00:00,2023-05-11 00:00:00+00:00,Biological,3457; 4507,2,2,official_incident_id,2020
39009,incident:2012063005,2012-06-29 00:00:00+00:00,2012-07-02 00:00:00+00:00,Severe Storm,3346; 4077,2,2,official_incident_id,2012
39009,incident:2020030901,2020-01-20 00:00:00+00:00,2023-05-11 00:00:00+00:00,Biological,3457; 4507,2,2,official_incident_id,2020
39011,incident:2012063005,2012-06-29 00:00:00+00:00,2012-07-02 00:00:00+00:00,Severe Storm,3346; 4077,2,2,official_incident_id,2012
39011,incident:2020030901,2020-01-20 00:00:00+00:00,2023-05-11 00:00:00+00:00,Biological,3457; 4507,2,2,official_incident_id,2020
39013,incident:2012063005,2012-06-29 00:00:00+00:00,2012-07-02 00:00:00+00:00,Severe Storm,3346; 4077,2,2,official_incident_id,2012
39013,incident:2020030901,2020-01-20 00:00:00+00:00,2023-05-11 00:00:00+00:00,Biological,3457; 4507,2,2,official_incident_id,2020
39015,incident:2020030901,2020-01-20 00:00:00+00:00,2023-05-11 00:00:00+00:00,Biological,3457; 4507,2,2,official_incident_id,2020
39017,incident:2020030901,2020-01-20 00:00:00+00:00,2023-05-11 00:00:00+00:00,Biological,3457; 4507,2,2,official_incident_id,2020
39019,incident:2020030901,2020-01-20 00:00:00+00:00,2023-05-11 00:00:00+00:00,Biological,3457; 4507,2,2,official_incident_id,2020
39021,incident:2012063005,2012-06-29 00:00:00+00:00,2012-07-02 00:00:00+00:00,Severe Storm,3346; 4077,2,2,official_incident_id,2012
39021,incident:2020030901,2020-01-20 00:00:00+00:00,2023-05-11 00:00:00+00:00,Biological,3457; 4507,2,2,official_incident_id,2020
39023,incident:2012063005,2012-06-29 00:00:00+00:00,2012-07-02 00:00:00+00:00,Severe Storm,3346; 4077,2,2,official_incident_id,2012
39023,incident:2020030901,2020-01-20 00:00:00+00:00,2023-05-11 00:00:00+00:00,Biological,3457; 4507,2,2,official_incident_id,2020
39025,incident:2020030901,2020-01-20 00:00:00+00:00,2023-05-11 00:00:00+00:00,Biological,3457; 4507,2,2,official_incident_id,2020
39027,incident:2020030901,2020-01-20 00:00:00+00:00,2023-05-11 00:00:00+00:00,Biological,3457; 4507,2,2,official_incident_id,2020
39029,incident:2020030901,2020-01-20 00:00:00+00:00,2023-05-11 00:00:00+00:00,Biological,3457; 4507,2,2,official_incident_id,2020
39031,incident:2012063005,2012-06-29 00:00:00+00:00,2012-07-02 00:00:00+00:00,Severe Storm,3346; 4077,2,2,official_incident_id,2012
39031,incident:2020030901,2020-01-20 00:00:00+00:00,2023-05-11 00:00:00+00:00,Biological,3457; 4507,2,2,official_incident_id,2020
39033,incident:2020030901,2020-01-20 00:00:00+00:00,2023-05-11 00:00:00+00:00,Biological,3457; 4507,2,2,official_incident_id,2020
39035,incident:2020030901,2020-01-20 00:00:00+00:00,2023-05-11 00:00:00+00:00,Biological,3457; 4507,2,2,official_incident_id,2020
39037,incident:2020030901,2020-01-20 00:00:00+00:00,2023-05-11 00:00:00+00:00,Biological,3457; 4507,2,2,official_incident_id,2020
39039,incident:2020030901,2020-01-20 00:00:00+00:00,2023-05-11 00:00:00+00:00,Biological,3457; 4507,2,2,official_incident_id,2020
39041,incident:2020030901,2020-01-20 00:00:00+00:00,2023-05-11 00:00:00+00:00,Biological,3457; 4507,2,2,official_incident_id,2020
39043,incident:2020030901,2020-01-20 00:00:00+00:00,2023-05-11 00:00:00+00:00,Biological,3457; 4507,2,2,official_incident_id,2020
39045,incident:2012063005,2012-06-29 00:00:00+00:00,2012-07-02 00:00:00+00:00,Severe Storm,3346; 4077,2,2,official_incident_id,2012
39045,incident:2020030901,2020-01-20 00:00:00+00:00,2023-05-11 00:00:00+00:00,Biological,3457; 4507,2,2,official_incident_id,2020
39047,incident:2020030901,2020-01-20 00:00:00+00:00,2023-05-11 00:00:00+00:00,Biological,3457; 4507,2,2,official_incident_id,2020
39049,incident:2012063005,2012-06-29 00:00:00+00:00,2012-07-02 00:00:00+00:00,Severe Storm,3346; 4077,2,2,official_incident_id,2012
39049,incident:2020030901,2020-01-20 00:00:00+00:00,2023-05-11 00:00:00+00:00,Biological,3457; 4507,2,2,official_incident_id,2020
39051,incident:2020030901,2020-01-20 00:00:00+00:00,2023-05-11 00:00:00+00:00,Biological,3457; 4507,2,2,official_incident_id,2020
39053,incident:2012063005,2012-06-29 00:00:00+00:00,2012-07-02 00:00:00+00:00,Severe Storm,3346; 4077,2,2,official_incident_id,2012
39053,incident:2020030901,2020-01-20 00:00:00+00:00,2023-05-11 00:00:00+00:00,Biological,3457; 4507,2,2,official_incident_id,2020
39055,incident:2020030901,2020-01-20 00:00:00+00:00,2023-05-11 00:00:00+00:00,Biological,3457; 4507,2,2,official_incident_id,2020
39057,incident:2020030901,2020-01-20 00:00:00+00:00,2023-05-11 00:00:00+00:00,Biological,3457; 4507,2,2,official_incident_id,2020
39059,incident:2012063005,2012-06-29 00:00:00+00:00,2012-07-02 00:00:00+00:00,Severe Storm,3346; 4077,2,2,official_incident_id,2012
39059,incident:2020030901,2020-01-20 00:00:00+00:00,2023-05-11 00:00:00+00:00,Biological,3457; 4507,2,2,official_incident_id,2020
39061,incident:2020030901,2020-01-20 00:00:00+00:00,2023-05-11 00:00:00+00:00,Biological,3457; 4507,2,2,official_incident_id,2020
39063,incident:2012063005,2012-06-29 00:00:00+00:00,2012-07-02 00:00:00+00:00,Severe Storm,3346; 4077,2,2,official_incident_id,2012
39063,incident:2020030901,2020-01-20 00:00:00+00:00,2023-05-11 00:00:00+00:00,Biological,3457; 4507,2,2,official_incident_id,2020
39065,incident:2012063005,2012-06-29 00:00:00+00:00,2012-07-02 00:00:00+00:00,Severe Storm,3346; 4077,2,2,official_incident_id,2012
39065,incident:2020030901,2020-01-20 00:00:00+00:00,2023-05-11 00:00:00+00:00,Biological,3457; 4507,2,2,official_incident_id,2020
39067,incident:2012063005,2012-06-29 00:00:00+00:00,2012-07-02 00:00:00+00:00,Severe Storm,3346; 4077,2,2,official_incident_id,2012
39067,incident:2020030901,2020-01-20 00:00:00+00:00,2023-05-11 00:00:00+00:00,Biological,3457; 4507,2,2,official_incident_id,2020
39069,incident:2020030901,2020-01-20 00:00:00+00:00,2023-05-11 00:00:00+00:00,Biological,3457; 4507,2,2,official_incident_id,2020
39071,incident:2012063005,2012-06-29 00:00:00+00:00,2012-07-02 00:00:00+00:00,Severe Storm,3346; 4077,2,2,official_incident_id,2012
39071,incident:2020030901,2020-01-20 00:00:00+00:00,2023-05-11 00:00:00+00:00,Biological,3457; 4507,2,2,official_incident_id,2020
39073,incident:2012063005,2012-06-29 00:00:00+00:00,2012-07-02 00:00:00+00:00,Severe Storm,3346; 4077,2,2,official_incident_id,2012
39073,incident:2020030901,2020-01-20 00:00:00+00:00,2023-05-11 00:00:00+00:00,Biological,3457; 4507,2,2,official_incident_id,2020
39075,incident:2020030901,2020-01-20 00:00:00+00:00,2023-05-11 00:00:00+00:00,Biological,3457; 4507,2,2,official_incident_id,2020
39077,incident:2020030901,2020-01-20 00:00:00+00:00,2023-05-11 00:00:00+00:00,Biological,3457; 4507,2,2,official_incident_id,2020
39079,incident:2012063005,2012-06-29 00:00:00+00:00,2012-07-02 00:00:00+00:00,Severe Storm,3346; 4077,2,2,official_incident_id,2012
39079,incident:2020030901,2020-01-20 00:00:00+00:00,2023-05-11 00:00:00+00:00,Biological,3457; 4507,2,2,official_incident_id,2020
39081,incident:2020030901,2020-01-20 00:00:00+00:00,2023-05-11 00:00:00+00:00,Biological,3457; 4507,2,2,official_incident_id,2020
39083,incident:2012063005,2012-06-29 00:00:00+00:00,2012-07-02 00:00:00+00:00,Severe Storm,3346; 4077,2,2,official_incident_id,2012
39083,incident:2020030901,2020-01-20 00:00:00+00:00,2023-05-11 00:00:00+00:00,Biological,3457; 4507,2,2,official_incident_id,2020
39085,incident:2020030901,2020-01-20 00:00:00+00:00,2023-05-11 00:00:00+00:00,Biological,3457; 4507,2,2,official_incident_id,2020
39087,incident:2012063005,2012-06-29 00:00:00+00:00,2012-07-02 00:00:00+00:00,Severe Storm,3346; 4077,2,2,official_incident_id,2012
39087,incident:2020030901,2020-01-20 00:00:00+00:00,2023-05-11 00:00:00+00:00,Biological,3457; 4507,2,2,official_incident_id,2020
39089,incident:2012063005,2012-06-29 00:00:00+00:00,2012-07-02 00:00:00+00:00,Severe Storm,3346; 4077,2,2,official_incident_id,2012
39089,incident:2020030901,2020-01-20 00:00:00+00:00,2023-05-11 00:00:00+00:00,Biological,3457; 4507,2,2,official_incident_id,2020
39091,incident:2012063005,2012-06-29 00:00:00+00:00,2012-07-02 00:00:00+00:00,Severe Storm,3346; 4077,2,2,official_incident_id,2012
39091,incident:2020030901,2020-01-20 00:00:00+00:00,2023-05-11 00:00:00+00:00,Biological,3457; 4507,2,2,official_incident_id,2020
39093,incident:2020030901,2020-01-20 00:00:00+00:00,2023-05-11 00:00:00+00:00,Biological,3457; 4507,2,2,official_incident_id,2020
39095,incident:2020030901,2020-01-20 00:00:00+00:00,2023-05-11 00:00:00+00:00,Biological,3457; 4507,2,2,official_incident_id,2020
39097,incident:2020030901,2020-01-20 00:00:00+00:00,2023-05-11 00:00:00+00:00,Biological,3457; 4507,2,2,official_incident_id,2020
39099,incident:2020030901,2020-01-20 00:00:00+00:00,2023-05-11 00:00:00+00:00,Biological,3457; 4507,2,2,official_incident_id,2020
39101,incident:2020030901,2020-01-20 00:00:00+00:00,2023-05-11 00:00:00+00:00,Biological,3457; 4507,2,2,official_incident_id,2020
39103,incident:2020030901,2020-01-20 00:00:00+00:00,2023-05-11 00:00:00+00:00,Biological,3457; 4507,2,2,official_incident_id,2020
39105,incident:2012063005,2012-06-29 00:00:00+00:00,2012-07-02 00:00:00+00:00,Severe Storm,3346; 4077,2,2,official_incident_id,2012
39105,incident:2020030901,2020-01-20 00:00:00+00:00,2023-05-11 00:00:00+00:00,Biological,3457; 4507,2,2,official_incident_id,2020
39107,incident:2020030901,2020-01-20 00:00:00+00:00,2023-05-11 00:00:00+00:00,Biological,3457; 4507,2,2,official_incident_id,2020
39109,incident:2012063005,2012-06-29 00:00:00+00:00,2012-07-02 00:00:00+00:00,Severe Storm,3346; 4077,2,2,official_incident_id,2012
39109,incident:2020030901,2020-01-20 00:00:00+00:00,2023-05-11 00:00:00+00:00,Biological,3457; 4507,2,2,official_incident_id,2020
39111,incident:2012063005,2012-06-29 00:00:00+00:00,2012-07-02 00:00:00+00:00,Severe Storm,3346; 4077,2,2,official_incident_id,2012
39111,incident:2020030901,2020-01-20 00:00:00+00:00,2023-05-11 00:00:00+00:00,Biological,3457; 4507,2,2,official_incident_id,2020
39113,incident:2020030901,2020-01-20 00:00:00+00:00,2023-05-11 00:00:00+00:00,Biological,3457; 4507,2,2,official_incident_id,2020
39115,incident:2012063005,2012-06-29 00:00:00+00:00,2012-07-02 00:00:00+00:00,Severe Storm,3346; 4077,2,2,official_incident_id,2012
39115,incident:2020030901,2020-01-20 00:00:00+00:00,2023-05-11 00:00:00+00:00,Biological,3457; 4507,2,2,official_incident_id,2020
39117,incident:2012063005,2012-06-29 00:00:00+00:00,2012-07-02 00:00:00+00:00,Severe Storm,3346; 4077,2,2,official_incident_id,2012
39117,incident:2020030901,2020-01-20 00:00:00+00:00,2023-05-11 00:00:00+00:00,Biological,3457; 4507,2,2,official_incident_id,2020
39119,incident:2012063005,2012-06-29 00:00:00+00:00,2012-07-02 00:00:00+00:00,Severe Storm,3346; 4077,2,2,official_incident_id,2012
39119,incident:2020030901,2020-01-20 00:00:00+00:00,2023-05-11 00:00:00+00:00,Biological,3457; 4507,2,2,official_incident_id,2020
39121,incident:2012063005,2012-06-29 00:00:00+00:00,2012-07-02 00:00:00+00:00,Severe Storm,3346; 4077,2,2,official_incident_id,2012
39121,incident:2020030901,2020-01-20 00:00:00+00:00,2023-05-11 00:00:00+00:00,Biological,3457; 4507,2,2,official_incident_id,2020
39123,incident:2020030901,2020-01-20 00:00:00+00:00,2023-05-11 00:00:00+00:00,Biological,3457; 4507,2,2,official_incident_id,2020
39125,incident:2012063005,2012-06-29 00:00:00+00:00,2012-07-02 00:00:00+00:00,Severe Storm,3346; 4077,2,2,official_incident_id,2012
39125,incident:2020030901,2020-01-20 00:00:00+00:00,2023-05-11 00:00:00+00:00,Biological,3457; 4507,2,2,official_incident_id,2020
39127,incident:2012063005,2012-06-29 00:00:00+00:00,2012-07-02 00:00:00+00:00,Severe Storm,3346; 4077,2,2,official_incident_id,2012
39127,incident:2020030901,2020-01-20 00:00:00+00:00,2023-05-11 00:00:00+00:00,Biological,3457; 4507,2,2,official_incident_id,2020
39129,incident:2012063005,2012-06-29 00:00:00+00:00,2012-07-02 00:00:00+00:00,Severe Storm,3346; 4077,2,2,official_incident_id,2012
39129,incident:2020030901,2020-01-20 00:00:00+00:00,2023-05-11 00:00:00+00:00,Biological,3457; 4507,2,2,official_incident_id,2020
39131,incident:2012063005,2012-06-29 00:00:00+00:00,2012-07-02 00:00:00+00:00,Severe Storm,3346; 4077,2,2,official_incident_id,2012
39131,incident:2020030901,2020-01-20 00:00:00+00:00,2023-05-11 00:00:00+00:00,Biological,3457; 4507,2,2,official_incident_id,2020
39133,incident:2020030901,2020-01-20 00:00:00+00:00,2023-05-11 00:00:00+00:00,Biological,3457; 4507,2,2,official_incident_id,2020
39135,incident:2020030901,2020-01-20 00:00:00+00:00,2023-05-11 00:00:00+00:00,Biological,3457; 4507,2,2,official_incident_id,2020
39137,incident:2012063005,2012-06-29 00:00:00+00:00,2012-07-02 00:00:00+00:00,Severe Storm,3346; 4077,2,2,official_incident_id,2012
39137,incident:2020030901,2020-01-20 00:00:00+00:00,2023-05-11 00:00:00+00:00,Biological,3457; 4507,2,2,official_incident_id,2020
39139,incident:2020030901,2020-01-20 00:00:00+00:00,2023-05-11 00:00:00+00:00,Biological,3457; 4507,2,2,official_incident_id,2020
39141,incident:2020030901,2020-01-20 00:00:00+00:00,2023-05-11 00:00:00+00:00,Biological,3457; 4507,2,2,official_incident_id,2020
39143,incident:2020030901,2020-01-20 00:00:00+00:00,2023-05-11 00:00:00+00:00,Biological,3457; 4507,2,2,official_incident_id,2020
39145,incident:2020030901,2020-01-20 00:00:00+00:00,2023-05-11 00:00:00+00:00,Biological,3457; 4507,2,2,official_incident_id,2020
39147,incident:2020030901,2020-01-20 00:00:00+00:00,2023-05-11 00:00:00+00:00,Biological,3457; 4507,2,2,official_incident_id,2020
39149,incident:2012063005,2012-06-29 00:00:00+00:00,2012-07-02 00:00:00+00:00,Severe Storm,3346; 4077,2,2,official_incident_id,2012
39149,incident:2020030901,2020-01-20 00:00:00+00:00,2023-05-11 00:00:00+00:00,Biological,3457; 4507,2,2,official_incident_id,2020
39151,incident:2020030901,2020-01-20 00:00:00+00:00,2023-05-11 00:00:00+00:00,Biological,3457; 4507,2,2,official_incident_id,2020
39153,incident:2020030901,2020-01-20 00:00:00+00:00,2023-05-11 00:00:00+00:00,Biological,3457; 4507,2,2,official_incident_id,2020
39155,incident:2020030901,2020-01-20 00:00:00+00:00,2023-05-11 00:00:00+00:00,Biological,3457; 4507,2,2,official_incident_id,2020
39157,incident:2020030901,2020-01-20 00:00:00+00:00,2023-05-11 00:00:00+00:00,Biological,3457; 4507,2,2,official_incident_id,2020
39159,incident:2020030901,2020-01-20 00:00:00+00:00,2023-05-11 00:00:00+00:00,Biological,3457; 4507,2,2,official_incident_id,2020
39161,incident:2012063005,2012-06-29 00:00:00+00:00,2012-07-02 00:00:00+00:00,Severe Storm,3346; 4077,2,2,official_incident_id,2012
39161,incident:2020030901,2020-01-20 00:00:00+00:00,2023-05-11 00:00:00+00:00,Biological,3457; 4507,2,2,official_incident_id,2020
39163,incident:2012063005,2012-06-29 00:00:00+00:00,2012-07-02 00:00:00+00:00,Severe Storm,3346; 4077,2,2,official_incident_id,2012
39163,incident:2020030901,2020-01-20 00:00:00+00:00,2023-05-11 00:00:00+00:00,Biological,3457; 4507,2,2,official_incident_id,2020
39165,incident:2020030901,2020-01-20 00:00:00+00:00,2023-05-11 00:00:00+00:00,Biological,3457; 4507,2,2,official_incident_id,2020
39167,incident:2012063005,2012-06-29 00:00:00+00:00,2012-07-02 00:00:00+00:00,Severe Storm,3346; 4077,2,2,official_incident_id,2012
39167,incident:2020030901,2020-01-20 00:00:00+00:00,2023-05-11 00:00:00+00:00,Biological,3457; 4507,2,2,official_incident_id,2020
39169,incident:2020030901,2020-01-20 00:00:00+00:00,2023-05-11 00:00:00+00:00,Biological,3457; 4507,2,2,official_incident_id,2020
39171,incident:2020030901,2020-01-20 00:00:00+00:00,2023-05-11 00:00:00+00:00,Biological,3457; 4507,2,2,official_incident_id,2020
39173,incident:2020030901,2020-01-20 00:00:00+00:00,2023-05-11 00:00:00+00:00,Biological,3457; 4507,2,2,official_incident_id,2020
39175,incident:2012063005,2012-06-29 00:00:00+00:00,2012-07-02 00:00:00+00:00,Severe Storm,3346; 4077,2,2,official_incident_id,2012
39175,incident:2020030901,2020-01-20 00:00:00+00:00,2023-05-11 00:00:00+00:00,Biological,3457; 4507,2,2,official_incident_id,2020
40001,incident:2020030901,2020-01-20 00:00:00+00:00,2023-05-11 00:00:00+00:00,Biological,3462; 4530,2,2,official_incident_id,2020
40001,incident:2021021302,2021-02-08 00:00:00+00:00,2021-02-20 00:00:00+00:00,Severe Ice Storm,3555; 4587,2,2,official_incident_id,2021
40003,incident:2020030901,2020-01-20 00:00:00+00:00,2023-05-11 00:00:00+00:00,Biological,3462; 4530,2,2,official_incident_id,2020
40003,incident:2021021302,2021-02-08 00:00:00+00:00,2021-02-20 00:00:00+00:00,Severe Ice Storm,3555; 4587,2,2,official_incident_id,2021
40005,incident:2020030901,2020-01-20 00:00:00+00:00,2023-05-11 00:00:00+00:00,Biological,3462; 4530,2,2,official_incident_id,2020
40005,incident:2021021302,2021-02-08 00:00:00+00:00,2021-02-20 00:00:00+00:00,Severe Ice Storm,3555; 4587,2,2,official_incident_id,2021
40007,incident:2020030901,2020-01-20 00:00:00+00:00,2023-05-11 00:00:00+00:00,Biological,3462; 4530,2,2,official_incident_id,2020
40007,incident:2021021302,2021-02-08 00:00:00+00:00,2021-02-20 00:00:00+00:00,Severe Ice Storm,3555; 4587,2,2,official_incident_id,2021
40009,incident:2020030901,2020-01-20 00:00:00+00:00,2023-05-11 00:00:00+00:00,Biological,3462; 4530,2,2,official_incident_id,2020
40009,incident:2021021302,2021-02-08 00:00:00+00:00,2021-02-20 00:00:00+00:00,Severe Ice Storm,3555; 4587,2,2,official_incident_id,2021
40011,incident:2020030901,2020-01-20 00:00:00+00:00,2023-05-11 00:00:00+00:00,Biological,3462; 3511; 4530,3,5,official_incident_id,2020
40011,incident:2021021302,2021-02-08 00:00:00+00:00,2021-02-20 00:00:00+00:00,Severe Ice Storm,3555; 4587,2,2,official_incident_id,2021
40013,incident:2020030901,2020-01-20 00:00:00+00:00,2023-05-11 00:00:00+00:00,Biological,3462; 3518; 4530,3,5,official_incident_id,2020
40013,incident:2021021302,2021-02-08 00:00:00+00:00,2021-02-20 00:00:00+00:00,Severe Ice Storm,3555; 4587,2,2,official_incident_id,2021
40015,incident:2020030901,2020-01-20 00:00:00+00:00,2023-05-11 00:00:00+00:00,Biological,3462; 3511; 4530,3,7,official_incident_id,2020
40015,incident:2021021302,2021-02-08 00:00:00+00:00,2021-02-20 00:00:00+00:00,Severe Ice Storm,3555; 4587,2,2,official_incident_id,2021
40017,incident:2020030901,2020-01-20 00:00:00+00:00,2023-05-11 00:00:00+00:00,Biological,3462; 3511; 4530,3,5,official_incident_id,2020
40017,incident:2021021302,2021-02-08 00:00:00+00:00,2021-02-20 00:00:00+00:00,Severe Ice Storm,3555; 4587,2,2,official_incident_id,2021
40019,incident:2020030901,2020-01-20 00:00:00+00:00,2023-05-11 00:00:00+00:00,Biological,3462; 3518; 4530,3,5,official_incident_id,2020
40019,incident:2021021302,2021-02-08 00:00:00+00:00,2021-02-20 00:00:00+00:00,Severe Ice Storm,3555; 4587,2,2,official_incident_id,2021
40021,incident:2020030901,2020-01-20 00:00:00+00:00,2023-05-11 00:00:00+00:00,Biological,3462; 3499; 4530,3,5,official_incident_id,2020
40021,incident:2021021302,2021-02-08 00:00:00+00:00,2021-02-20 00:00:00+00:00,Severe Ice Storm,3555; 4587,2,2,official_incident_id,2021
40023,incident:2020030901,2020-01-20 00:00:00+00:00,2023-05-11 00:00:00+00:00,Biological,3462; 3486; 4530,3,7,official_incident_id,2020
40023,incident:2021021302,2021-02-08 00:00:00+00:00,2021-02-20 00:00:00+00:00,Severe Ice Storm,3555; 4587,2,2,official_incident_id,2021
40025,incident:2020030901,2020-01-20 00:00:00+00:00,2023-05-11 00:00:00+00:00,Biological,3462; 4530,2,2,official_incident_id,2020
40025,incident:2021021302,2021-02-08 00:00:00+00:00,2021-02-20 00:00:00+00:00,Severe Ice Storm,3555; 4587,2,2,official_incident_id,2021
40027,incident:2020030901,2020-01-20 00:00:00+00:00,2023-05-11 00:00:00+00:00,Biological,3462; 4530,2,2,official_incident_id,2020
40027,incident:2021021302,2021-02-08 00:00:00+00:00,2021-02-20 00:00:00+00:00,Severe Ice Storm,3555; 4587,2,2,official_incident_id,2021
40029,incident:2020030901,2020-01-20 00:00:00+00:00,2023-05-11 00:00:00+00:00,Biological,3462; 3518; 4530,3,5,official_incident_id,2020
40029,incident:2021021302,2021-02-08 00:00:00+00:00,2021-02-20 00:00:00+00:00,Severe Ice Storm,3555; 4587,2,2,official_incident_id,2021
40031,incident:2020030901,2020-01-20 00:00:00+00:00,2023-05-11 00:00:00+00:00,Biological,3462; 4530,2,4,official_incident_id,2020
40031,incident:2021021302,2021-02-08 00:00:00+00:00,2021-02-20 00:00:00+00:00,Severe Ice Storm,3555; 4587,2,2,official_incident_id,2021
40033,incident:2020030901,2020-01-20 00:00:00+00:00,2023-05-11 00:00:00+00:00,Biological,3462; 4530,2,4,official_incident_id,2020
40033,incident:2021021302,2021-02-08 00:00:00+00:00,2021-02-20 00:00:00+00:00,Severe Ice Storm,3555; 4587,2,2,official_incident_id,2021
40035,incident:2011012803,2011-01-31 00:00:00+00:00,2011-02-05 00:00:00+00:00,Severe Storm,1985; 3316,2,2,official_incident_id,2011
40035,incident:2020030901,2020-01-20 00:00:00+00:00,2023-05-11 00:00:00+00:00,Biological,3462; 4530,2,2,official_incident_id,2020
40035,incident:2021021302,2021-02-08 00:00:00+00:00,2021-02-20 00:00:00+00:00,Severe Ice Storm,3555; 4587,2,2,official_incident_id,2021
40037,incident:2011012803,2011-01-31 00:00:00+00:00,2011-02-05 00:00:00+00:00,Severe Storm,1985; 3316,2,2,official_incident_id,2011
40037,incident:2020030901,2020-01-20 00:00:00+00:00,2023-05-11 00:00:00+00:00,Biological,3462; 3502; 4530,3,5,official_incident_id,2020
40037,incident:2021021302,2021-02-08 00:00:00+00:00,2021-02-20 00:00:00+00:00,Severe Ice Storm,3555; 4587,2,2,official_incident_id,2021
40039,incident:2020030901,2020-01-20 00:00:00+00:00,2023-05-11 00:00:00+00:00,Biological,3462; 4530,2,2,official_incident_id,2020
40039,incident:2021021302,2021-02-08 00:00:00+00:00,2021-02-20 00:00:00+00:00,Severe Ice Storm,3555; 4587,2,2,official_incident_id,2021
40041,incident:2020030901,2020-01-20 00:00:00+00:00,2023-05-11 00:00:00+00:00,Biological,3462; 4530,2,4,official_incident_id,2020
40041,incident:2021021302,2021-02-08 00:00:00+00:00,2021-02-20 00:00:00+00:00,Severe Ice Storm,3555; 4587,2,2,official_incident_id,2021
40043,incident:2020030901,2020-01-20 00:00:00+00:00,2023-05-11 00:00:00+00:00,Biological,3462; 4530,2,2,official_incident_id,2020
40043,incident:2021021302,2021-02-08 00:00:00+00:00,2021-02-20 00:00:00+00:00,Severe Ice Storm,3555; 4587,2,2,official_incident_id,2021
40045,incident:2020030901,2020-01-20 00:00:00+00:00,2023-05-11 00:00:00+00:00,Biological,3462; 4530,2,2,official_incident_id,2020
40045,incident:2021021302,2021-02-08 00:00:00+00:00,2021-02-20 00:00:00+00:00,Severe Ice Storm,3555; 4587,2,2,official_incident_id,2021
40047,incident:2020030901,2020-01-20 00:00:00+00:00,2023-05-11 00:00:00+00:00,Biological,3462; 4530,2,2,official_incident_id,2020
40047,incident:2021021302,2021-02-08 00:00:00+00:00,2021-02-20 00:00:00+00:00,Severe Ice Storm,3555; 4587,2,2,official_incident_id,2021
40049,incident:2020030901,2020-01-20 00:00:00+00:00,2023-05-11 00:00:00+00:00,Biological,3462; 3518; 4530,3,5,official_incident_id,2020
40049,incident:2021021302,2021-02-08 00:00:00+00:00,2021-02-20 00:00:00+00:00,Severe Ice Storm,3555; 4587,2,2,official_incident_id,2021
40051,incident:2020030901,2020-01-20 00:00:00+00:00,2023-05-11 00:00:00+00:00,Biological,3462; 3511; 3518; 4530,4,10,official_incident_id,2020
40051,incident:2021021302,2021-02-08 00:00:00+00:00,2021-02-20 00:00:00+00:00,Severe Ice Storm,3555; 4587,2,2,official_incident_id,2021
40053,incident:2020030901,2020-01-20 00:00:00+00:00,2023-05-11 00:00:00+00:00,Biological,3462; 4530,2,2,official_incident_id,2020
40053,incident:2021021302,2021-02-08 00:00:00+00:00,2021-02-20 00:00:00+00:00,Severe Ice Storm,3555; 4587,2,2,official_incident_id,2021
40055,incident:2020030901,2020-01-20 00:00:00+00:00,2023-05-11 00:00:00+00:00,Biological,3462; 4530,2,4,official_incident_id,2020
40055,incident:2021021302,2021-02-08 00:00:00+00:00,2021-02-20 00:00:00+00:00,Severe Ice Storm,3555; 4587,2,2,official_incident_id,2021
40057,incident:2020030901,2020-01-20 00:00:00+00:00,2023-05-11 00:00:00+00:00,Biological,3462; 4530,2,4,official_incident_id,2020
40057,incident:2021021302,2021-02-08 00:00:00+00:00,2021-02-20 00:00:00+00:00,Severe Ice Storm,3555; 4587,2,2,official_incident_id,2021
40059,incident:2020030901,2020-01-20 00:00:00+00:00,2023-05-11 00:00:00+00:00,Biological,3462; 4530,2,2,official_incident_id,2020
40059,incident:2021021302,2021-02-08 00:00:00+00:00,2021-02-20 00:00:00+00:00,Severe Ice Storm,3555; 4587,2,2,official_incident_id,2021
40061,incident:2019043001,2019-05-07 00:00:00+00:00,2019-06-09 00:00:00+00:00,Flood; Severe Storm,3411; 4438,2,2,official_incident_id,2019
40061,incident:2020030901,2020-01-20 00:00:00+00:00,2023-05-11 00:00:00+00:00,Biological,3462; 4530,2,2,official_incident_id,2020
40061,incident:2021021302,2021-02-08 00:00:00+00:00,2021-02-20 00:00:00+00:00,Severe Ice Storm,3555; 4587,2,2,official_incident_id,2021
40063,incident:2020030901,2020-01-20 00:00:00+00:00,2023-05-11 00:00:00+00:00,Biological,3462; 4530,2,2,official_incident_id,2020
40063,incident:2021021302,2021-02-08 00:00:00+00:00,2021-02-20 00:00:00+00:00,Severe Ice Storm,3555; 4587,2,2,official_incident_id,2021
40065,incident:2020030901,2020-01-20 00:00:00+00:00,2023-05-11 00:00:00+00:00,Biological,3462; 4530,2,4,official_incident_id,2020
40065,incident:2021021302,2021-02-08 00:00:00+00:00,2021-02-20 00:00:00+00:00,Severe Ice Storm,3555; 4587,2,2,official_incident_id,2021
40067,incident:2011012803,2011-01-31 00:00:00+00:00,2011-02-05 00:00:00+00:00,Severe Storm,1985; 3316,2,2,official_incident_id,2011
40067,incident:2020030901,2020-01-20 00:00:00+00:00,2023-05-11 00:00:00+00:00,Biological,3462; 3518; 4530,3,7,official_incident_id,2020
40067,incident:2021021302,2021-02-08 00:00:00+00:00,2021-02-20 00:00:00+00:00,Severe Ice Storm,3555; 4587,2,2,official_incident_id,2021
40069,incident:2020030901,2020-01-20 00:00:00+00:00,2023-05-11 00:00:00+00:00,Biological,3462; 3518; 4530,3,5,official_incident_id,2020
40069,incident:2021021302,2021-02-08 00:00:00+00:00,2021-02-20 00:00:00+00:00,Severe Ice Storm,3555; 4587,2,2,official_incident_id,2021
40071,incident:2019043001,2019-05-07 00:00:00+00:00,2019-06-09 00:00:00+00:00,Flood; Severe Storm,3411; 4438,2,2,official_incident_id,2019
40071,incident:2020030901,2020-01-20 00:00:00+00:00,2023-05-11 00:00:00+00:00,Biological,3462; 3495; 3517; 4530,4,10,official_incident_id,2020
40071,incident:2021021302,2021-02-08 00:00:00+00:00,2021-02-20 00:00:00+00:00,Severe Ice Storm,3555; 4587,2,2,official_incident_id,2021
40073,incident:2020030901,2020-01-20 00:00:00+00:00,2023-05-11 00:00:00+00:00,Biological,3462; 4530,2,2,official_incident_id,2020
40073,incident:2021021302,2021-02-08 00:00:00+00:00,2021-02-20 00:00:00+00:00,Severe Ice Storm,3555; 4587,2,2,official_incident_id,2021
40075,incident:2020030901,2020-01-20 00:00:00+00:00,2023-05-11 00:00:00+00:00,Biological,3462; 4530,2,4,official_incident_id,2020
40075,incident:2021021302,2021-02-08 00:00:00+00:00,2021-02-20 00:00:00+00:00,Severe Ice Storm,3555; 4587,2,2,official_incident_id,2021
40077,incident:2020030901,2020-01-20 00:00:00+00:00,2023-05-11 00:00:00+00:00,Biological,3462; 4530,2,2,official_incident_id,2020
40077,incident:2021021302,2021-02-08 00:00:00+00:00,2021-02-20 00:00:00+00:00,Severe Ice Storm,3555; 4587,2,2,official_incident_id,2021
40079,incident:2019043001,2019-05-07 00:00:00+00:00,2019-06-09 00:00:00+00:00,Flood; Severe Storm,3411; 4438,2,2,official_incident_id,2019
40079,incident:2020030901,2020-01-20 00:00:00+00:00,2023-05-11 00:00:00+00:00,Biological,3462; 4530,2,2,official_incident_id,2020
40079,incident:2021021302,2021-02-08 00:00:00+00:00,2021-02-20 00:00:00+00:00,Severe Ice Storm,3555; 4587,2,2,official_incident_id,2021
40081,incident:2020030901,2020-01-20 00:00:00+00:00,2023-05-11 00:00:00+00:00,Biological,3462; 3579; 4530,3,9,official_incident_id,2020
40081,incident:2021021302,2021-02-08 00:00:00+00:00,2021-02-20 00:00:00+00:00,Severe Ice Storm,3555; 4587,2,2,official_incident_id,2021
40083,incident:2011012803,2011-01-31 00:00:00+00:00,2011-02-05 00:00:00+00:00,Severe Storm,1985; 3316,2,2,official_incident_id,2011
40083,incident:2020030901,2020-01-20 00:00:00+00:00,2023-05-11 00:00:00+00:00,Biological,3462; 4530,2,4,official_incident_id,2020
40083,incident:2021021302,2021-02-08 00:00:00+00:00,2021-02-20 00:00:00+00:00,Severe Ice Storm,3555; 4587,2,2,official_incident_id,2021
40085,incident:2020030901,2020-01-20 00:00:00+00:00,2023-05-11 00:00:00+00:00,Biological,3462; 3518; 4530,3,5,official_incident_id,2020
40085,incident:2021021302,2021-02-08 00:00:00+00:00,2021-02-20 00:00:00+00:00,Severe Ice Storm,3555; 4587,2,2,official_incident_id,2021
40087,incident:2020030901,2020-01-20 00:00:00+00:00,2023-05-11 00:00:00+00:00,Biological,3462; 3518; 4530,3,5,official_incident_id,2020
40087,incident:2021021302,2021-02-08 00:00:00+00:00,2021-02-20 00:00:00+00:00,Severe Ice Storm,3555; 4587,2,2,official_incident_id,2021
40089,incident:2020030901,2020-01-20 00:00:00+00:00,2023-05-11 00:00:00+00:00,Biological,3462; 4530,2,2,official_incident_id,2020
40089,incident:2021021302,2021-02-08 00:00:00+00:00,2021-02-20 00:00:00+00:00,Severe Ice Storm,3555; 4587,2,2,official_incident_id,2021
40091,incident:2020030901,2020-01-20 00:00:00+00:00,2023-05-11 00:00:00+00:00,Biological,3462; 4530,2,2,official_incident_id,2020
40091,incident:2021021302,2021-02-08 00:00:00+00:00,2021-02-20 00:00:00+00:00,Severe Ice Storm,3555; 4587,2,2,official_incident_id,2021
40093,incident:2020030901,2020-01-20 00:00:00+00:00,2023-05-11 00:00:00+00:00,Biological,3462; 4530,2,2,official_incident_id,2020
40093,incident:2021021302,2021-02-08 00:00:00+00:00,2021-02-20 00:00:00+00:00,Severe Ice Storm,3555; 4587,2,2,official_incident_id,2021
40095,incident:2020030901,2020-01-20 00:00:00+00:00,2023-05-11 00:00:00+00:00,Biological,3462; 3518; 4530,3,5,official_incident_id,2020
40095,incident:2021021302,2021-02-08 00:00:00+00:00,2021-02-20 00:00:00+00:00,Severe Ice Storm,3555; 4587,2,2,official_incident_id,2021
40097,incident:2011012803,2011-01-31 00:00:00+00:00,2011-02-05 00:00:00+00:00,Severe Storm,1985; 3316,2,2,official_incident_id,2011
40097,incident:2020030901,2020-01-20 00:00:00+00:00,2023-05-11 00:00:00+00:00,Biological,3462; 4530,2,2,official_incident_id,2020
40097,incident:2021021302,2021-02-08 00:00:00+00:00,2021-02-20 00:00:00+00:00,Severe Ice Storm,3555; 4587,2,2,official_incident_id,2021
40099,incident:2020030901,2020-01-20 00:00:00+00:00,2023-05-11 00:00:00+00:00,Biological,3462; 3518; 4530,3,5,official_incident_id,2020
40099,incident:2021021302,2021-02-08 00:00:00+00:00,2021-02-20 00:00:00+00:00,Severe Ice Storm,3555; 4587,2,2,official_incident_id,2021
40101,incident:2019043001,2019-05-07 00:00:00+00:00,2019-06-09 00:00:00+00:00,Flood; Severe Storm,3411; 4438,2,2,official_incident_id,2019
40101,incident:2020030901,2020-01-20 00:00:00+00:00,2023-05-11 00:00:00+00:00,Biological,3462; 4530,2,2,official_incident_id,2020
40101,incident:2021021302,2021-02-08 00:00:00+00:00,2021-02-20 00:00:00+00:00,Severe Ice Storm,3555; 4587,2,2,official_incident_id,2021
40103,incident:2019043001,2019-05-07 00:00:00+00:00,2019-06-09 00:00:00+00:00,Flood; Severe Storm,3411; 4438,2,2,official_incident_id,2019
40103,incident:2020030901,2020-01-20 00:00:00+00:00,2023-05-11 00:00:00+00:00,Biological,3462; 3495; 3570; 4530,4,8,official_incident_id,2020
40103,incident:2021021302,2021-02-08 00:00:00+00:00,2021-02-20 00:00:00+00:00,Severe Ice Storm,3555; 4587,2,2,official_incident_id,2021
40105,incident:2011012803,2011-01-31 00:00:00+00:00,2011-02-05 00:00:00+00:00,Severe Storm,1985; 3316,2,2,official_incident_id,2011
40105,incident:2020030901,2020-01-20 00:00:00+00:00,2023-05-11 00:00:00+00:00,Biological,3462; 4530,2,2,official_incident_id,2020
40105,incident:2021021302,2021-02-08 00:00:00+00:00,2021-02-20 00:00:00+00:00,Severe Ice Storm,3555; 4587,2,2,official_incident_id,2021
40107,incident:2020030901,2020-01-20 00:00:00+00:00,2023-05-11 00:00:00+00:00,Biological,3462; 4530,2,2,official_incident_id,2020
40107,incident:2021021302,2021-02-08 00:00:00+00:00,2021-02-20 00:00:00+00:00,Severe Ice Storm,3555; 4587,2,2,official_incident_id,2021
40109,incident:2020030901,2020-01-20 00:00:00+00:00,2023-05-11 00:00:00+00:00,Biological,3462; 3579; 4530,3,7,official_incident_id,2020
40109,incident:2021021302,2021-02-08 00:00:00+00:00,2021-02-20 00:00:00+00:00,Severe Ice Storm,3555; 4587,2,2,official_incident_id,2021
40111,incident:2011012803,2011-01-31 00:00:00+00:00,2011-02-05 00:00:00+00:00,Severe Storm,1985; 3316,2,2,official_incident_id,2011
40111,incident:2020030901,2020-01-20 00:00:00+00:00,2023-05-11 00:00:00+00:00,Biological,3462; 4530,2,2,official_incident_id,2020
40111,incident:2021021302,2021-02-08 00:00:00+00:00,2021-02-20 00:00:00+00:00,Severe Ice Storm,3555; 4587,2,2,official_incident_id,2021
40113,incident:2011012803,2011-01-31 00:00:00+00:00,2011-02-05 00:00:00+00:00,Severe Storm,1985; 3316,2,2,official_incident_id,2011
40113,incident:2019043001,2019-05-07 00:00:00+00:00,2019-06-09 00:00:00+00:00,Flood; Severe Storm,3411; 4438,2,2,official_incident_id,2019
40113,incident:2020030901,2020-01-20 00:00:00+00:00,2023-05-11 00:00:00+00:00,Biological,3462; 3514; 4530,3,5,official_incident_id,2020
40113,incident:2021021302,2021-02-08 00:00:00+00:00,2021-02-20 00:00:00+00:00,Severe Ice Storm,3555; 4587,2,2,official_incident_id,2021
40115,incident:2011012803,2011-01-31 00:00:00+00:00,2011-02-05 00:00:00+00:00,Severe Storm,1985; 3316,2,2,official_incident_id,2011
40115,incident:2020030901,2020-01-20 00:00:00+00:00,2023-05-11 00:00:00+00:00,Biological,3462; 3487; 3509; 3578; 4530,5,19,official_incident_id,2020
40115,incident:2021021302,2021-02-08 00:00:00+00:00,2021-02-20 00:00:00+00:00,Severe Ice Storm,3555; 4587,2,2,official_incident_id,2021
40117,incident:2011012803,2011-01-31 00:00:00+00:00,2011-02-05 00:00:00+00:00,Severe Storm,1985; 3316,2,2,official_incident_id,2011
40117,incident:2019043001,2019-05-07 00:00:00+00:00,2019-06-09 00:00:00+00:00,Flood; Severe Storm,3411; 4438,2,3,official_incident_id,2019
40117,incident:2020030901,2020-01-20 00:00:00+00:00,2023-05-11 00:00:00+00:00,Biological,3462; 3570; 4530,3,7,official_incident_id,2020
40117,incident:2021021302,2021-02-08 00:00:00+00:00,2021-02-20 00:00:00+00:00,Severe Ice Storm,3555; 4587,2,2,official_incident_id,2021
40119,incident:2020030901,2020-01-20 00:00:00+00:00,2023-05-11 00:00:00+00:00,Biological,3462; 4530,2,6,official_incident_id,2020
40119,incident:2021021302,2021-02-08 00:00:00+00:00,2021-02-20 00:00:00+00:00,Severe Ice Storm,3555; 4587,2,2,official_incident_id,2021
40121,incident:2020030901,2020-01-20 00:00:00+00:00,2023-05-11 00:00:00+00:00,Biological,3462; 4530,2,2,official_incident_id,2020
40121,incident:2021021302,2021-02-08 00:00:00+00:00,2021-02-20 00:00:00+00:00,Severe Ice Storm,3555; 4587,2,2,official_incident_id,2021
40123,incident:2020030901,2020-01-20 00:00:00+00:00,2023-05-11 00:00:00+00:00,Biological,3462; 3518; 4530,3,5,official_incident_id,2020
40123,incident:2021021302,2021-02-08 00:00:00+00:00,2021-02-20 00:00:00+00:00,Severe Ice Storm,3555; 4587,2,2,official_incident_id,2021
40125,incident:2011012803,2011-01-31 00:00:00+00:00,2011-02-05 00:00:00+00:00,Severe Storm,1985; 3316,2,2,official_incident_id,2011
40125,incident:2020030901,2020-01-20 00:00:00+00:00,2023-05-11 00:00:00+00:00,Biological,3462; 3579; 4530,3,7,official_incident_id,2020
40125,incident:2021021302,2021-02-08 00:00:00+00:00,2021-02-20 00:00:00+00:00,Severe Ice Storm,3555; 4587,2,2,official_incident_id,2021
40127,incident:2020030901,2020-01-20 00:00:00+00:00,2023-05-11 00:00:00+00:00,Biological,3462; 4530,2,2,official_incident_id,2020
40127,incident:2021021302,2021-02-08 00:00:00+00:00,2021-02-20 00:00:00+00:00,Severe Ice Storm,3555; 4587,2,2,official_incident_id,2021
40129,incident:2020030901,2020-01-20 00:00:00+00:00,2023-05-11 00:00:00+00:00,Biological,3462; 4530,2,2,official_incident_id,2020
40129,incident:2021021302,2021-02-08 00:00:00+00:00,2021-02-20 00:00:00+00:00,Severe Ice Storm,3555; 4587,2,2,official_incident_id,2021
40131,incident:2011012803,2011-01-31 00:00:00+00:00,2011-02-05 00:00:00+00:00,Severe Storm,1985; 3316,2,2,official_incident_id,2011
40131,incident:2020030901,2020-01-20 00:00:00+00:00,2023-05-11 00:00:00+00:00,Biological,3462; 4530,2,2,official_incident_id,2020
40131,incident:2021021302,2021-02-08 00:00:00+00:00,2021-02-20 00:00:00+00:00,Severe Ice Storm,3555; 4587,2,2,official_incident_id,2021
40133,incident:2020030901,2020-01-20 00:00:00+00:00,2023-05-11 00:00:00+00:00,Biological,3462; 4530,2,4,official_incident_id,2020
40133,incident:2021021302,2021-02-08 00:00:00+00:00,2021-02-20 00:00:00+00:00,Severe Ice Storm,3555; 4587,2,2,official_incident_id,2021
40135,incident:2019043001,2019-05-07 00:00:00+00:00,2019-06-09 00:00:00+00:00,Flood; Severe Storm,3411; 4438,2,2,official_incident_id,2019
40135,incident:2020030901,2020-01-20 00:00:00+00:00,2023-05-11 00:00:00+00:00,Biological,3462; 4530,2,2,official_incident_id,2020
40135,incident:2021021302,2021-02-08 00:00:00+00:00,2021-02-20 00:00:00+00:00,Severe Ice Storm,3555; 4587,2,2,official_incident_id,2021
40137,incident:2011012803,2011-01-31 00:00:00+00:00,2011-02-05 00:00:00+00:00,Severe Storm,1985; 3316,2,2,official_incident_id,2011
40137,incident:2020030901,2020-01-20 00:00:00+00:00,2023-05-11 00:00:00+00:00,Biological,3462; 3518; 4530,3,7,official_incident_id,2020
40137,incident:2021021302,2021-02-08 00:00:00+00:00,2021-02-20 00:00:00+00:00,Severe Ice Storm,3555; 4587,2,2,official_incident_id,2021
40139,incident:2020030901,2020-01-20 00:00:00+00:00,2023-05-11 00:00:00+00:00,Biological,3462; 4530,2,2,official_incident_id,2020
40139,incident:2021021302,2021-02-08 00:00:00+00:00,2021-02-20 00:00:00+00:00,Severe Ice Storm,3555; 4587,2,2,official_incident_id,2021
40141,incident:2020030901,2020-01-20 00:00:00+00:00,2023-05-11 00:00:00+00:00,Biological,3462; 4530,2,4,official_incident_id,2020
40141,incident:2021021302,2021-02-08 00:00:00+00:00,2021-02-20 00:00:00+00:00,Severe Ice Storm,3555; 4587,2,2,official_incident_id,2021
40143,incident:2011012803,2011-01-31 00:00:00+00:00,2011-02-05 00:00:00+00:00,Severe Storm,1985; 3316,2,2,official_incident_id,2011
40143,incident:2019043001,2019-05-07 00:00:00+00:00,2019-06-09 00:00:00+00:00,Flood; Severe Storm,3411; 4438,2,2,official_incident_id,2019
40143,incident:2020030901,2020-01-20 00:00:00+00:00,2023-05-11 00:00:00+00:00,Biological,3462; 4530,2,2,official_incident_id,2020
40143,incident:2021021302,2021-02-08 00:00:00+00:00,2021-02-20 00:00:00+00:00,Severe Ice Storm,3555; 4587,2,2,official_incident_id,2021
40145,incident:2011012803,2011-01-31 00:00:00+00:00,2011-02-05 00:00:00+00:00,Severe Storm,1985; 3316,2,2,official_incident_id,2011
40145,incident:2019043001,2019-05-07 00:00:00+00:00,2019-06-09 00:00:00+00:00,Flood; Severe Storm,3411; 4438,2,2,official_incident_id,2019
40145,incident:2020030901,2020-01-20 00:00:00+00:00,2023-05-11 00:00:00+00:00,Biological,3462; 4530,2,2,official_incident_id,2020
40145,incident:2021021302,2021-02-08 00:00:00+00:00,2021-02-20 00:00:00+00:00,Severe Ice Storm,3555; 4587,2,2,official_incident_id,2021
40147,incident:2011012803,2011-01-31 00:00:00+00:00,2011-02-05 00:00:00+00:00,Severe Storm,1985; 3316,2,2,official_incident_id,2011
40147,incident:2020030901,2020-01-20 00:00:00+00:00,2023-05-11 00:00:00+00:00,Biological,3462; 4530,2,2,official_incident_id,2020
40147,incident:2021021302,2021-02-08 00:00:00+00:00,2021-02-20 00:00:00+00:00,Severe Ice Storm,3555; 4587,2,2,official_incident_id,2021
40149,incident:2020030901,2020-01-20 00:00:00+00:00,2023-05-11 00:00:00+00:00,Biological,3462; 4530,2,2,official_incident_id,2020
40149,incident:2021021302,2021-02-08 00:00:00+00:00,2021-02-20 00:00:00+00:00,Severe Ice Storm,3555; 4587,2,2,official_incident_id,2021
40151,incident:2020030901,2020-01-20 00:00:00+00:00,2023-05-11 00:00:00+00:00,Biological,3462; 4530,2,2,official_incident_id,2020
40151,incident:2021021302,2021-02-08 00:00:00+00:00,2021-02-20 00:00:00+00:00,Severe Ice Storm,3555; 4587,2,2,official_incident_id,2021
40153,incident:2020030901,2020-01-20 00:00:00+00:00,2023-05-11 00:00:00+00:00,Biological,3462; 4530,2,2,official_incident_id,2020
40153,incident:2021021302,2021-02-08 00:00:00+00:00,2021-02-20 00:00:00+00:00,Severe Ice Storm,3555; 4587,2,2,official_incident_id,2021
41001,incident:2020030901,2020-01-20 00:00:00+00:00,2023-05-11 00:00:00+00:00,Biological,3429; 4499,2,2,official_incident_id,2020
41003,incident:2020030901,2020-01-20 00:00:00+00:00,2023-05-11 00:00:00+00:00,Biological,3429; 4499,2,2,official_incident_id,2020
41005,incident:2020030901,2020-01-20 00:00:00+00:00,2023-05-11 00:00:00+00:00,Biological,3429; 4499,2,3,official_incident_id,2020
41007,incident:2020030901,2020-01-20 00:00:00+00:00,2023-05-11 00:00:00+00:00,Biological,3429; 4499,2,2,official_incident_id,2020
41009,incident:2020030901,2020-01-20 00:00:00+00:00,2023-05-11 00:00:00+00:00,Biological,3429; 4499,2,2,official_incident_id,2020
41011,incident:2020030901,2020-01-20 00:00:00+00:00,2023-05-11 00:00:00+00:00,Biological,3429; 4499,2,3,official_incident_id,2020
41013,incident:2020030901,2020-01-20 00:00:00+00:00,2023-05-11 00:00:00+00:00,Biological,3429; 4499,2,2,official_incident_id,2020
41015,incident:2020030901,2020-01-20 00:00:00+00:00,2023-05-11 00:00:00+00:00,Biological,3429; 4499,2,2,official_incident_id,2020
41017,incident:2020030901,2020-01-20 00:00:00+00:00,2023-05-11 00:00:00+00:00,Biological,3429; 4499,2,2,official_incident_id,2020
41019,incident:2020030901,2020-01-20 00:00:00+00:00,2023-05-11 00:00:00+00:00,Biological,3429; 4499,2,3,official_incident_id,2020
41021,incident:2020030901,2020-01-20 00:00:00+00:00,2023-05-11 00:00:00+00:00,Biological,3429; 4499,2,3,official_incident_id,2020
41023,incident:2020030901,2020-01-20 00:00:00+00:00,2023-05-11 00:00:00+00:00,Biological,3429; 4499,2,2,official_incident_id,2020
41025,incident:2020030901,2020-01-20 00:00:00+00:00,2023-05-11 00:00:00+00:00,Biological,3429; 4499,2,2,official_incident_id,2020
41027,incident:2020030901,2020-01-20 00:00:00+00:00,2023-05-11 00:00:00+00:00,Biological,3429; 4499,2,3,official_incident_id,2020
41029,incident:2020030901,2020-01-20 00:00:00+00:00,2023-05-11 00:00:00+00:00,Biological,3429; 4499,2,2,official_incident_id,2020
41031,incident:2020030901,2020-01-20 00:00:00+00:00,2023-05-11 00:00:00+00:00,Biological,3429; 4499,2,3,official_incident_id,2020
41033,incident:2020030901,2020-01-20 00:00:00+00:00,2023-05-11 00:00:00+00:00,Biological,3429; 4499,2,2,official_incident_id,2020
41035,incident:2020030901,2020-01-20 00:00:00+00:00,2023-05-11 00:00:00+00:00,Biological,3429; 4499,2,3,official_incident_id,2020
41037,incident:2020030901,2020-01-20 00:00:00+00:00,2023-05-11 00:00:00+00:00,Biological,3429; 4499,2,2,official_incident_id,2020
41039,incident:2020030901,2020-01-20 00:00:00+00:00,2023-05-11 00:00:00+00:00,Biological,3429; 4499,2,3,official_incident_id,2020
41041,incident:2020030901,2020-01-20 00:00:00+00:00,2023-05-11 00:00:00+00:00,Biological,3429; 4499,2,3,official_incident_id,2020
41043,incident:2020030901,2020-01-20 00:00:00+00:00,2023-05-11 00:00:00+00:00,Biological,3429; 4499,2,2,official_incident_id,2020
41045,incident:2020030901,2020-01-20 00:00:00+00:00,2023-05-11 00:00:00+00:00,Biological,3429; 3443; 4499; 4523,4,5,official_incident_id,2020
41047,incident:2020030901,2020-01-20 00:00:00+00:00,2023-05-11 00:00:00+00:00,Biological,3429; 4499,2,4,official_incident_id,2020
41049,incident:2020030901,2020-01-20 00:00:00+00:00,2023-05-11 00:00:00+00:00,Biological,3429; 4499,2,2,official_incident_id,2020
41051,incident:2020030901,2020-01-20 00:00:00+00:00,2023-05-11 00:00:00+00:00,Biological,3429; 4499,2,2,official_incident_id,2020
41053,incident:2020030901,2020-01-20 00:00:00+00:00,2023-05-11 00:00:00+00:00,Biological,3429; 4499,2,3,official_incident_id,2020
41055,incident:2020030901,2020-01-20 00:00:00+00:00,2023-05-11 00:00:00+00:00,Biological,3429; 4499,2,3,official_incident_id,2020
41057,incident:2020030901,2020-01-20 00:00:00+00:00,2023-05-11 00:00:00+00:00,Biological,3429; 4499,2,2,official_incident_id,2020
41059,incident:2020030901,2020-01-20 00:00:00+00:00,2023-05-11 00:00:00+00:00,Biological,3429; 4499,2,3,official_incident_id,2020
41061,incident:2020030901,2020-01-20 00:00:00+00:00,2023-05-11 00:00:00+00:00,Biological,3429; 4499,2,2,official_incident_id,2020
41063,incident:2020030901,2020-01-20 00:00:00+00:00,2023-05-11 00:00:00+00:00,Biological,3429; 4499,2,2,official_incident_id,2020
41065,incident:2020030901,2020-01-20 00:00:00+00:00,2023-05-11 00:00:00+00:00,Biological,3429; 4499,2,3,official_incident_id,2020
41067,incident:2020030901,2020-01-20 00:00:00+00:00,2023-05-11 00:00:00+00:00,Biological,3429; 4499,2,2,official_incident_id,2020
41069,incident:2020030901,2020-01-20 00:00:00+00:00,2023-05-11 00:00:00+00:00,Biological,3429; 4499,2,2,official_incident_id,2020
41071,incident:2020030901,2020-01-20 00:00:00+00:00,2023-05-11 00:00:00+00:00,Biological,3429; 4499,2,3,official_incident_id,2020
42001,incident:2011090802,2011-09-03 00:00:00+00:00,2011-10-15 00:00:00+00:00,Flood,3340; 4030,2,2,official_incident_id,2011
42001,incident:2020030901,2020-01-20 00:00:00+00:00,2023-05-11 00:00:00+00:00,Biological,3441; 4506,2,2,official_incident_id,2020
42003,incident:2020030901,2020-01-20 00:00:00+00:00,2023-05-11 00:00:00+00:00,Biological,3441; 4506,2,2,official_incident_id,2020
42005,incident:2020030901,2020-01-20 00:00:00+00:00,2023-05-11 00:00:00+00:00,Biological,3441; 4506,2,2,official_incident_id,2020
42007,incident:2020030901,2020-01-20 00:00:00+00:00,2023-05-11 00:00:00+00:00,Biological,3441; 4506,2,2,official_incident_id,2020
42009,incident:2011090802,2011-09-03 00:00:00+00:00,2011-10-15 00:00:00+00:00,Flood,3340; 4030,2,2,official_incident_id,2011
42009,incident:2012102505,2012-10-26 00:00:00+00:00,2012-11-08 00:00:00+00:00,Hurricane,3356; 4099,2,3,official_incident_id,2012
42009,incident:2020030901,2020-01-20 00:00:00+00:00,2023-05-11 00:00:00+00:00,Biological,3441; 4506,2,2,official_incident_id,2020
42011,incident:2011090802,2011-09-03 00:00:00+00:00,2011-10-15 00:00:00+00:00,Flood,3340; 4030,2,2,official_incident_id,2011
42011,incident:2020030901,2020-01-20 00:00:00+00:00,2023-05-11 00:00:00+00:00,Biological,3441; 4506,2,2,official_incident_id,2020
42013,incident:2020030901,2020-01-20 00:00:00+00:00,2023-05-11 00:00:00+00:00,Biological,3441; 4506,2,2,official_incident_id,2020
42015,incident:2011090802,2011-09-03 00:00:00+00:00,2011-10-15 00:00:00+00:00,Flood,3340; 4030,2,2,official_incident_id,2011
42015,incident:2020030901,2020-01-20 00:00:00+00:00,2023-05-11 00:00:00+00:00,Biological,3441; 4506,2,2,official_incident_id,2020
42017,incident:2011082201,2011-08-26 00:00:00+00:00,2011-09-14 00:00:00+00:00,Hurricane,3339; 4025,2,2,official_incident_id,2011
42017,incident:2011090802,2011-09-03 00:00:00+00:00,2011-10-15 00:00:00+00:00,Flood,3340; 4030,2,2,official_incident_id,2011
42017,incident:2012102505,2012-10-26 00:00:00+00:00,2012-11-08 00:00:00+00:00,Hurricane,3356; 4099,2,3,official_incident_id,2012
42017,incident:2020030901,2020-01-20 00:00:00+00:00,2023-05-11 00:00:00+00:00,Biological,3441; 4506,2,2,official_incident_id,2020
42019,incident:2020030901,2020-01-20 00:00:00+00:00,2023-05-11 00:00:00+00:00,Biological,3441; 4506,2,2,official_incident_id,2020
42021,incident:2020030901,2020-01-20 00:00:00+00:00,2023-05-11 00:00:00+00:00,Biological,3441; 4506,2,2,official_incident_id,2020
42023,incident:2012102505,2012-10-26 00:00:00+00:00,2012-11-08 00:00:00+00:00,Hurricane,3356; 4099,2,3,official_incident_id,2012
42023,incident:2020030901,2020-01-20 00:00:00+00:00,2023-05-11 00:00:00+00:00,Biological,3441; 4506,2,2,official_incident_id,2020
42025,incident:2020030901,2020-01-20 00:00:00+00:00,2023-05-11 00:00:00+00:00,Biological,3441; 4506,2,2,official_incident_id,2020
42027,incident:2020030901,2020-01-20 00:00:00+00:00,2023-05-11 00:00:00+00:00,Biological,3441; 4506,2,2,official_incident_id,2020
42029,incident:2011082201,2011-08-26 00:00:00+00:00,2011-09-14 00:00:00+00:00,Hurricane,3339; 4025,2,2,official_incident_id,2011
42029,incident:2011090802,2011-09-03 00:00:00+00:00,2011-10-15 00:00:00+00:00,Flood,3340; 4030,2,2,official_incident_id,2011
42029,incident:2020030901,2020-01-20 00:00:00+00:00,2023-05-11 00:00:00+00:00,Biological,3441; 4506,2,2,official_incident_id,2020
42031,incident:2020030901,2020-01-20 00:00:00+00:00,2023-05-11 00:00:00+00:00,Biological,3441; 4506,2,2,official_incident_id,2020
42033,incident:2020030901,2020-01-20 00:00:00+00:00,2023-05-11 00:00:00+00:00,Biological,3441; 4506,2,2,official_incident_id,2020
42035,incident:2020030901,2020-01-20 00:00:00+00:00,2023-05-11 00:00:00+00:00,Biological,3441; 4506,2,2,official_incident_id,2020
42037,incident:2011090802,2011-09-03 00:00:00+00:00,2011-10-15 00:00:00+00:00,Flood,3340; 4030,2,2,official_incident_id,2011
42037,incident:2020030901,2020-01-20 00:00:00+00:00,2023-05-11 00:00:00+00:00,Biological,3441; 4506,2,2,official_incident_id,2020
42039,incident:2020030901,2020-01-20 00:00:00+00:00,2023-05-11 00:00:00+00:00,Biological,3441; 4506,2,2,official_incident_id,2020
42041,incident:2011090802,2011-09-03 00:00:00+00:00,2011-10-15 00:00:00+00:00,Flood,3340; 4030,2,2,official_incident_id,2011
42041,incident:2020030901,2020-01-20 00:00:00+00:00,2023-05-11 00:00:00+00:00,Biological,3441; 4506,2,2,official_incident_id,2020
42043,incident:2011090802,2011-09-03 00:00:00+00:00,2011-10-15 00:00:00+00:00,Flood,3340; 4030,2,2,official_incident_id,2011
42043,incident:2012102505,2012-10-26 00:00:00+00:00,2012-11-08 00:00:00+00:00,Hurricane,3356; 4099,2,3,official_incident_id,2012
42043,incident:2020030901,2020-01-20 00:00:00+00:00,2023-05-11 00:00:00+00:00,Biological,3441; 4506,2,2,official_incident_id,2020
42045,incident:2011082201,2011-08-26 00:00:00+00:00,2011-09-14 00:00:00+00:00,Hurricane,3339; 4025,2,2,official_incident_id,2011
42045,incident:2011090802,2011-09-03 00:00:00+00:00,2011-10-15 00:00:00+00:00,Flood,3340; 4030,2,2,official_incident_id,2011
42045,incident:2020030901,2020-01-20 00:00:00+00:00,2023-05-11 00:00:00+00:00,Biological,3441; 4506,2,2,official_incident_id,2020
42047,incident:2020030901,2020-01-20 00:00:00+00:00,2023-05-11 00:00:00+00:00,Biological,3441; 4506,2,2,official_incident_id,2020
42049,incident:2020030901,2020-01-20 00:00:00+00:00,2023-05-11 00:00:00+00:00,Biological,3441; 4506,2,2,official_incident_id,2020
42051,incident:2020030901,2020-01-20 00:00:00+00:00,2023-05-11 00:00:00+00:00,Biological,3441; 4506,2,2,official_incident_id,2020
42053,incident:2012102505,2012-10-26 00:00:00+00:00,2012-11-08 00:00:00+00:00,Hurricane,3356; 4099,2,3,official_incident_id,2012
42053,incident:2020030901,2020-01-20 00:00:00+00:00,2023-05-11 00:00:00+00:00,Biological,3441; 4506,2,2,official_incident_id,2020
42055,incident:2012102505,2012-10-26 00:00:00+00:00,2012-11-08 00:00:00+00:00,Hurricane,3356; 4099,2,3,official_incident_id,2012
42055,incident:2020030901,2020-01-20 00:00:00+00:00,2023-05-11 00:00:00+00:00,Biological,3441; 4506,2,2,official_incident_id,2020
42057,incident:2012102505,2012-10-26 00:00:00+00:00,2012-11-08 00:00:00+00:00,Hurricane,3356; 4099,2,3,official_incident_id,2012
42057,incident:2020030901,2020-01-20 00:00:00+00:00,2023-05-11 00:00:00+00:00,Biological,3441; 4506,2,2,official_incident_id,2020
42059,incident:2020030901,2020-01-20 00:00:00+00:00,2023-05-11 00:00:00+00:00,Biological,3441; 4506,2,2,official_incident_id,2020
42061,incident:2011090802,2011-09-03 00:00:00+00:00,2011-10-15 00:00:00+00:00,Flood,3340; 4030,2,2,official_incident_id,2011
42061,incident:2012102505,2012-10-26 00:00:00+00:00,2012-11-08 00:00:00+00:00,Hurricane,3356; 4099,2,3,official_incident_id,2012
42061,incident:2020030901,2020-01-20 00:00:00+00:00,2023-05-11 00:00:00+00:00,Biological,3441; 4506,2,2,official_incident_id,2020
42063,incident:2020030901,2020-01-20 00:00:00+00:00,2023-05-11 00:00:00+00:00,Biological,3441; 4506,2,2,official_incident_id,2020
42065,incident:2020030901,2020-01-20 00:00:00+00:00,2023-05-11 00:00:00+00:00,Biological,3441; 4506,2,2,official_incident_id,2020
42067,incident:2011090802,2011-09-03 00:00:00+00:00,2011-10-15 00:00:00+00:00,Flood,3340; 4030,2,2,official_incident_id,2011
42067,incident:2012102505,2012-10-26 00:00:00+00:00,2012-11-08 00:00:00+00:00,Hurricane,3356; 4099,2,3,official_incident_id,2012
42067,incident:2020030901,2020-01-20 00:00:00+00:00,2023-05-11 00:00:00+00:00,Biological,3441; 4506,2,2,official_incident_id,2020
42069,incident:2011090802,2011-09-03 00:00:00+00:00,2011-10-15 00:00:00+00:00,Flood,3340; 4030,2,2,official_incident_id,2011
42069,incident:2020030901,2020-01-20 00:00:00+00:00,2023-05-11 00:00:00+00:00,Biological,3441; 4506,2,2,official_incident_id,2020
42071,incident:2011090802,2011-09-03 00:00:00+00:00,2011-10-15 00:00:00+00:00,Flood,3340; 4030,2,2,official_incident_id,2011
42071,incident:2020030901,2020-01-20 00:00:00+00:00,2023-05-11 00:00:00+00:00,Biological,3441; 4506,2,2,official_incident_id,2020
42073,incident:2020030901,2020-01-20 00:00:00+00:00,2023-05-11 00:00:00+00:00,Biological,3441; 4506,2,2,official_incident_id,2020
42075,incident:2011090802,2011-09-03 00:00:00+00:00,2011-10-15 00:00:00+00:00,Flood,3340; 4030,2,2,official_incident_id,2011
42075,incident:2020030901,2020-01-20 00:00:00+00:00,2023-05-11 00:00:00+00:00,Biological,3441; 4506,2,2,official_incident_id,2020
42077,incident:2011082201,2011-08-26 00:00:00+00:00,2011-09-14 00:00:00+00:00,Hurricane,3339; 4025,2,2,official_incident_id,2011
42077,incident:2020030901,2020-01-20 00:00:00+00:00,2023-05-11 00:00:00+00:00,Biological,3441; 4506,2,2,official_incident_id,2020
42079,incident:2011082201,2011-08-26 00:00:00+00:00,2011-09-14 00:00:00+00:00,Hurricane,3339; 4025,2,2,official_incident_id,2011
42079,incident:2011090802,2011-09-03 00:00:00+00:00,2011-10-15 00:00:00+00:00,Flood,3340; 4030,2,2,official_incident_id,2011
42079,incident:2020030901,2020-01-20 00:00:00+00:00,2023-05-11 00:00:00+00:00,Biological,3441; 4506,2,2,official_incident_id,2020
42081,incident:2011090802,2011-09-03 00:00:00+00:00,2011-10-15 00:00:00+00:00,Flood,3340; 4030,2,2,official_incident_id,2011
42081,incident:2020030901,2020-01-20 00:00:00+00:00,2023-05-11 00:00:00+00:00,Biological,3441; 4506,2,2,official_incident_id,2020
42083,incident:2020030901,2020-01-20 00:00:00+00:00,2023-05-11 00:00:00+00:00,Biological,3441; 4506,2,2,official_incident_id,2020
42085,incident:2020030901,2020-01-20 00:00:00+00:00,2023-05-11 00:00:00+00:00,Biological,3441; 4506,2,2,official_incident_id,2020
42087,incident:2011090802,2011-09-03 00:00:00+00:00,2011-10-15 00:00:00+00:00,Flood,3340; 4030,2,2,official_incident_id,2011
42087,incident:2020030901,2020-01-20 00:00:00+00:00,2023-05-11 00:00:00+00:00,Biological,3441; 4506,2,2,official_incident_id,2020
42089,incident:2011082201,2011-08-26 00:00:00+00:00,2011-09-14 00:00:00+00:00,Hurricane,3339; 4025,2,2,official_incident_id,2011
42089,incident:2011090802,2011-09-03 00:00:00+00:00,2011-10-15 00:00:00+00:00,Flood,3340; 4030,2,2,official_incident_id,2011
42089,incident:2012102505,2012-10-26 00:00:00+00:00,2012-11-08 00:00:00+00:00,Hurricane,3356; 4099,2,3,official_incident_id,2012
42089,incident:2020030901,2020-01-20 00:00:00+00:00,2023-05-11 00:00:00+00:00,Biological,3441; 4506,2,2,official_incident_id,2020
42091,incident:2011082201,2011-08-26 00:00:00+00:00,2011-09-14 00:00:00+00:00,Hurricane,3339; 4025,2,2,official_incident_id,2011
42091,incident:2011090802,2011-09-03 00:00:00+00:00,2011-10-15 00:00:00+00:00,Flood,3340; 4030,2,2,official_incident_id,2011
42091,incident:2012102505,2012-10-26 00:00:00+00:00,2012-11-08 00:00:00+00:00,Hurricane,3356; 4099,2,3,official_incident_id,2012
42091,incident:2020030901,2020-01-20 00:00:00+00:00,2023-05-11 00:00:00+00:00,Biological,3441; 4506,2,2,official_incident_id,2020
42093,incident:2011090802,2011-09-03 00:00:00+00:00,2011-10-15 00:00:00+00:00,Flood,3340; 4030,2,2,official_incident_id,2011
42093,incident:2020030901,2020-01-20 00:00:00+00:00,2023-05-11 00:00:00+00:00,Biological,3441; 4506,2,2,official_incident_id,2020
42095,incident:2011082201,2011-08-26 00:00:00+00:00,2011-09-14 00:00:00+00:00,Hurricane,3339; 4025,2,2,official_incident_id,2011
42095,incident:2011090802,2011-09-03 00:00:00+00:00,2011-10-15 00:00:00+00:00,Flood,3340; 4030,2,2,official_incident_id,2011
42095,incident:2012102505,2012-10-26 00:00:00+00:00,2012-11-08 00:00:00+00:00,Hurricane,3356; 4099,2,3,official_incident_id,2012
42095,incident:2020030901,2020-01-20 00:00:00+00:00,2023-05-11 00:00:00+00:00,Biological,3441; 4506,2,2,official_incident_id,2020
42097,incident:2011090802,2011-09-03 00:00:00+00:00,2011-10-15 00:00:00+00:00,Flood,3340; 4030,2,2,official_incident_id,2011
42097,incident:2020030901,2020-01-20 00:00:00+00:00,2023-05-11 00:00:00+00:00,Biological,3441; 4506,2,2,official_incident_id,2020
42099,incident:2011090802,2011-09-03 00:00:00+00:00,2011-10-15 00:00:00+00:00,Flood,3340; 4030,2,2,official_incident_id,2011
42099,incident:2020030901,2020-01-20 00:00:00+00:00,2023-05-11 00:00:00+00:00,Biological,3441; 4506,2,2,official_incident_id,2020
42101,incident:2011082201,2011-08-26 00:00:00+00:00,2011-09-14 00:00:00+00:00,Hurricane,3339; 4025,2,2,official_incident_id,2011
42101,incident:2011090802,2011-09-03 00:00:00+00:00,2011-10-15 00:00:00+00:00,Flood,3340; 4030,2,2,official_incident_id,2011
42101,incident:2012102505,2012-10-26 00:00:00+00:00,2012-11-08 00:00:00+00:00,Hurricane,3356; 4099,2,3,official_incident_id,2012
42101,incident:2020030901,2020-01-20 00:00:00+00:00,2023-05-11 00:00:00+00:00,Biological,3441; 4506,2,2,official_incident_id,2020
42103,incident:2011082201,2011-08-26 00:00:00+00:00,2011-09-14 00:00:00+00:00,Hurricane,3339; 4025,2,2,official_incident_id,2011
42103,incident:2012102505,2012-10-26 00:00:00+00:00,2012-11-08 00:00:00+00:00,Hurricane,3356; 4099,2,3,official_incident_id,2012
42103,incident:2020030901,2020-01-20 00:00:00+00:00,2023-05-11 00:00:00+00:00,Biological,3441; 4506,2,2,official_incident_id,2020
42105,incident:2012102505,2012-10-26 00:00:00+00:00,2012-11-08 00:00:00+00:00,Hurricane,3356; 4099,2,3,official_incident_id,2012
42105,incident:2020030901,2020-01-20 00:00:00+00:00,2023-05-11 00:00:00+00:00,Biological,3441; 4506,2,2,official_incident_id,2020
42107,incident:2011090802,2011-09-03 00:00:00+00:00,2011-10-15 00:00:00+00:00,Flood,3340; 4030,2,2,official_incident_id,2011
42107,incident:2020030901,2020-01-20 00:00:00+00:00,2023-05-11 00:00:00+00:00,Biological,3441; 4506,2,2,official_incident_id,2020
42109,incident:2011090802,2011-09-03 00:00:00+00:00,2011-10-15 00:00:00+00:00,Flood,3340; 4030,2,2,official_incident_id,2011
42109,incident:2020030901,2020-01-20 00:00:00+00:00,2023-05-11 00:00:00+00:00,Biological,3441; 4506,2,2,official_incident_id,2020
42111,incident:2012102505,2012-10-26 00:00:00+00:00,2012-11-08 00:00:00+00:00,Hurricane,3356; 4099,2,3,official_incident_id,2012
42111,incident:2020030901,2020-01-20 00:00:00+00:00,2023-05-11 00:00:00+00:00,Biological,3441; 4506,2,2,official_incident_id,2020
42113,incident:2011082201,2011-08-26 00:00:00+00:00,2011-09-14 00:00:00+00:00,Hurricane,3339; 4025,2,2,official_incident_id,2011
42113,incident:2011090802,2011-09-03 00:00:00+00:00,2011-10-15 00:00:00+00:00,Flood,3340; 4030,2,2,official_incident_id,2011
42113,incident:2012102505,2012-10-26 00:00:00+00:00,2012-11-08 00:00:00+00:00,Hurricane,3356; 4099,2,3,official_incident_id,2012
42113,incident:2020030901,2020-01-20 00:00:00+00:00,2023-05-11 00:00:00+00:00,Biological,3441; 4506,2,2,official_incident_id,2020
42115,incident:2011090802,2011-09-03 00:00:00+00:00,2011-10-15 00:00:00+00:00,Flood,3340; 4030,2,2,official_incident_id,2011
42115,incident:2020030901,2020-01-20 00:00:00+00:00,2023-05-11 00:00:00+00:00,Biological,3441; 4506,2,2,official_incident_id,2020
42117,incident:2011090802,2011-09-03 00:00:00+00:00,2011-10-15 00:00:00+00:00,Flood,3340; 4030,2,2,official_incident_id,2011
42117,incident:2020030901,2020-01-20 00:00:00+00:00,2023-05-11 00:00:00+00:00,Biological,3441; 4506,2,2,official_incident_id,2020
42119,incident:2011090802,2011-09-03 00:00:00+00:00,2011-10-15 00:00:00+00:00,Flood,3340; 4030,2,2,official_incident_id,2011
42119,incident:2020030901,2020-01-20 00:00:00+00:00,2023-05-11 00:00:00+00:00,Biological,3441; 4506,2,2,official_incident_id,2020
42121,incident:2020030901,2020-01-20 00:00:00+00:00,2023-05-11 00:00:00+00:00,Biological,3441; 4506,2,2,official_incident_id,2020
42123,incident:2020030901,2020-01-20 00:00:00+00:00,2023-05-11 00:00:00+00:00,Biological,3441; 4506,2,2,official_incident_id,2020
42125,incident:2020030901,2020-01-20 00:00:00+00:00,2023-05-11 00:00:00+00:00,Biological,3441; 4506,2,2,official_incident_id,2020
42127,incident:2011082201,2011-08-26 00:00:00+00:00,2011-09-14 00:00:00+00:00,Hurricane,3339; 4025,2,2,official_incident_id,2011
42127,incident:2020030901,2020-01-20 00:00:00+00:00,2023-05-11 00:00:00+00:00,Biological,3441; 4506,2,2,official_incident_id,2020
42129,incident:2020030901,2020-01-20 00:00:00+00:00,2023-05-11 00:00:00+00:00,Biological,3441; 4506,2,2,official_incident_id,2020
42131,incident:2011082201,2011-08-26 00:00:00+00:00,2011-09-14 00:00:00+00:00,Hurricane,3339; 4025,2,2,official_incident_id,2011
42131,incident:2011090802,2011-09-03 00:00:00+00:00,2011-10-15 00:00:00+00:00,Flood,3340; 4030,2,2,official_incident_id,2011
42131,incident:2012102505,2012-10-26 00:00:00+00:00,2012-11-08 00:00:00+00:00,Hurricane,3356; 4099,2,3,official_incident_id,2012
42131,incident:2020030901,2020-01-20 00:00:00+00:00,2023-05-11 00:00:00+00:00,Biological,3441; 4506,2,2,official_incident_id,2020
42133,incident:2011090802,2011-09-03 00:00:00+00:00,2011-10-15 00:00:00+00:00,Flood,3340; 4030,2,2,official_incident_id,2011
42133,incident:2020030901,2020-01-20 00:00:00+00:00,2023-05-11 00:00:00+00:00,Biological,3441; 4506,2,2,official_incident_id,2020
44001,incident:2010031501,2010-03-12 00:00:00+00:00,2010-04-12 00:00:00+00:00,Severe Storm,1894; 3311,2,2,official_incident_id,2010
44001,incident:2011082401,2011-08-26 00:00:00+00:00,2011-08-29 00:00:00+00:00,Hurricane,3334; 4027,2,3,official_incident_id,2011
44001,incident:2012102505,2012-10-26 00:00:00+00:00,2012-11-08 00:00:00+00:00,Hurricane,3355; 4089,2,2,official_incident_id,2012
44001,incident:2020030901,2020-01-20 00:00:00+00:00,2023-05-11 00:00:00+00:00,Biological,3440; 4505,2,2,official_incident_id,2020
44003,incident:2010031501,2010-03-12 00:00:00+00:00,2010-04-12 00:00:00+00:00,Severe Storm,1894; 3311,2,2,official_incident_id,2010
44003,incident:2011082401,2011-08-26 00:00:00+00:00,2011-08-29 00:00:00+00:00,Hurricane,3334; 4027,2,3,official_incident_id,2011
44003,incident:2012102505,2012-10-26 00:00:00+00:00,2012-11-08 00:00:00+00:00,Hurricane,3355; 4089,2,2,official_incident_id,2012
44003,incident:2020030901,2020-01-20 00:00:00+00:00,2023-05-11 00:00:00+00:00,Biological,3440; 4505,2,2,official_incident_id,2020
44005,incident:2010031501,2010-03-12 00:00:00+00:00,2010-04-12 00:00:00+00:00,Severe Storm,1894; 3311,2,2,official_incident_id,2010
44005,incident:2011082401,2011-08-26 00:00:00+00:00,2011-08-29 00:00:00+00:00,Hurricane,3334; 4027,2,3,official_incident_id,2011
44005,incident:2012102505,2012-10-26 00:00:00+00:00,2012-11-08 00:00:00+00:00,Hurricane,3355; 4089,2,2,official_incident_id,2012
44005,incident:2020030901,2020-01-20 00:00:00+00:00,2023-05-11 00:00:00+00:00,Biological,3440; 4505,2,2,official_incident_id,2020
44007,incident:2010031501,2010-03-12 00:00:00+00:00,2010-04-12 00:00:00+00:00,Severe Storm,1894; 3311,2,2,official_incident_id,2010
44007,incident:2011082401,2011-08-26 00:00:00+00:00,2011-08-29 00:00:00+00:00,Hurricane,3334; 4027,2,3,official_incident_id,2011
44007,incident:2020030901,2020-01-20 00:00:00+00:00,2023-05-11 00:00:00+00:00,Biological,3440; 4505,2,2,official_incident_id,2020
44009,incident:2010031501,2010-03-12 00:00:00+00:00,2010-04-12 00:00:00+00:00,Severe Storm,1894; 3311,2,2,official_incident_id,2010
44009,incident:2011082401,2011-08-26 00:00:00+00:00,2011-08-29 00:00:00+00:00,Hurricane,3334; 4027,2,3,official_incident_id,2011
44009,incident:2012102505,2012-10-26 00:00:00+00:00,2012-11-08 00:00:00+00:00,Hurricane,3355; 4089,2,2,official_incident_id,2012
44009,incident:2020030901,2020-01-20 00:00:00+00:00,2023-05-11 00:00:00+00:00,Biological,3440; 3515; 4505,3,4,official_incident_id,2020
45001,incident:2015093001,2015-10-01 00:00:00+00:00,2015-10-23 00:00:00+00:00,Flood; Severe Storm,3373; 4241,2,2,official_incident_id,2015
45001,incident:2017083101,2017-09-06 00:00:00+00:00,2017-09-13 00:00:00+00:00,Hurricane,3386; 4346,2,2,official_incident_id,2017
45001,incident:2020030901,2020-01-20 00:00:00+00:00,2023-05-11 00:00:00+00:00,Biological,3470; 4492,2,2,official_incident_id,2020
45001,incident:2022092201,2022-09-25 00:00:00+00:00,2022-10-04 00:00:00+00:00,Hurricane,3585; 4677,2,2,official_incident_id,2022
45001,incident:2024092301,2024-09-25 00:00:00+00:00,2024-10-07 00:00:00+00:00,Hurricane; Tropical Storm,3619; 4829,2,2,official_incident_id,2024
45003,incident:2014020901,2014-02-10 00:00:00+00:00,2014-02-19 00:00:00+00:00,Severe Ice Storm,3369; 4166,2,2,official_incident_id,2014
45003,incident:2015093001,2015-10-01 00:00:00+00:00,2015-10-23 00:00:00+00:00,Flood; Severe Storm,3373; 4241,2,2,official_incident_id,2015
45003,incident:2017083101,2017-09-06 00:00:00+00:00,2017-09-13 00:00:00+00:00,Hurricane,3386; 4346,2,2,official_incident_id,2017
45003,incident:2020030901,2020-01-20 00:00:00+00:00,2023-05-11 00:00:00+00:00,Biological,3470; 4492,2,2,official_incident_id,2020
45003,incident:2022092201,2022-09-25 00:00:00+00:00,2022-10-04 00:00:00+00:00,Hurricane,3585; 4677,2,2,official_incident_id,2022
45003,incident:2024092301,2024-09-25 00:00:00+00:00,2024-10-07 00:00:00+00:00,Hurricane; Tropical Storm,3619; 4829,2,2,official_incident_id,2024
45005,incident:2014020901,2014-02-10 00:00:00+00:00,2014-02-19 00:00:00+00:00,Severe Ice Storm,3369; 4166,2,2,official_incident_id,2014
45005,incident:2015093001,2015-10-01 00:00:00+00:00,2015-10-23 00:00:00+00:00,Flood; Severe Storm,3373; 4241,2,2,official_incident_id,2015
45005,incident:2016092802,2016-10-04 00:00:00+00:00,2016-10-30 00:00:00+00:00,Hurricane,3378; 4286,2,2,official_incident_id,2016
45005,incident:2017083101,2017-09-06 00:00:00+00:00,2017-09-13 00:00:00+00:00,Hurricane,3386; 4346,2,2,official_incident_id,2017
45005,incident:2019082401,2019-08-31 00:00:00+00:00,2019-09-06 00:00:00+00:00,Hurricane,3421; 4464,2,2,official_incident_id,2019
45005,incident:2020030901,2020-01-20 00:00:00+00:00,2023-05-11 00:00:00+00:00,Biological,3470; 4492,2,2,official_incident_id,2020
45005,incident:2022092201,2022-09-25 00:00:00+00:00,2022-10-04 00:00:00+00:00,Hurricane,3585; 4677,2,2,official_incident_id,2022
45005,incident:2024092301,2024-09-25 00:00:00+00:00,2024-10-07 00:00:00+00:00,Hurricane; Tropical Storm,3619; 4829,2,2,official_incident_id,2024
45007,incident:2015093001,2015-10-01 00:00:00+00:00,2015-10-23 00:00:00+00:00,Flood; Severe Storm,3373; 4241,2,2,official_incident_id,2015
45007,incident:2017083101,2017-09-06 00:00:00+00:00,2017-09-13 00:00:00+00:00,Hurricane,3386; 4346,2,2,official_incident_id,2017
45007,incident:2020030901,2020-01-20 00:00:00+00:00,2023-05-11 00:00:00+00:00,Biological,3470; 4492,2,2,official_incident_id,2020
45007,incident:2022092201,2022-09-25 00:00:00+00:00,2022-10-04 00:00:00+00:00,Hurricane,3585; 4677,2,2,official_incident_id,2022
45007,incident:2024092301,2024-09-25 00:00:00+00:00,2024-10-07 00:00:00+00:00,Hurricane; Tropical Storm,3619; 4829,2,2,official_incident_id,2024
45009,incident:2014020901,2014-02-10 00:00:00+00:00,2014-02-19 00:00:00+00:00,Severe Ice Storm,3369; 4166,2,2,official_incident_id,2014
45009,incident:2015093001,2015-10-01 00:00:00+00:00,2015-10-23 00:00:00+00:00,Flood; Severe Storm,3373; 4241,2,2,official_incident_id,2015
45009,incident:2016092802,2016-10-04 00:00:00+00:00,2016-10-30 00:00:00+00:00,Hurricane,3378; 4286,2,2,official_incident_id,2016
45009,incident:2017083101,2017-09-06 00:00:00+00:00,2017-09-13 00:00:00+00:00,Hurricane,3386; 4346,2,2,official_incident_id,2017
45009,incident:2020030901,2020-01-20 00:00:00+00:00,2023-05-11 00:00:00+00:00,Biological,3470; 4492,2,2,official_incident_id,2020
45009,incident:2022092201,2022-09-25 00:00:00+00:00,2022-10-04 00:00:00+00:00,Hurricane,3585; 4677,2,2,official_incident_id,2022
45009,incident:2024072801,2024-08-04 00:00:00+00:00,2024-08-22 00:00:00+00:00,Tropical Storm,3606; 4835,2,2,official_incident_id,2024
45009,incident:2024092301,2024-09-25 00:00:00+00:00,2024-10-07 00:00:00+00:00,Hurricane; Tropical Storm,3619; 4829,2,2,official_incident_id,2024
45011,incident:2014020901,2014-02-10 00:00:00+00:00,2014-02-19 00:00:00+00:00,Severe Ice Storm,3369; 4166,2,2,official_incident_id,2014
45011,incident:2016092802,2016-10-04 00:00:00+00:00,2016-10-30 00:00:00+00:00,Hurricane,3378; 4286,2,2,official_incident_id,2016
45011,incident:2017083101,2017-09-06 00:00:00+00:00,2017-09-13 00:00:00+00:00,Hurricane,3386; 4346,2,2,official_incident_id,2017
45011,incident:2020030901,2020-01-20 00:00:00+00:00,2023-05-11 00:00:00+00:00,Biological,3470; 4492,2,2,official_incident_id,2020
45011,incident:2022092201,2022-09-25 00:00:00+00:00,2022-10-04 00:00:00+00:00,Hurricane,3585; 4677,2,2,official_incident_id,2022
45011,incident:2024072801,2024-08-04 00:00:00+00:00,2024-08-22 00:00:00+00:00,Tropical Storm,3606; 4835,2,2,official_incident_id,2024
45011,incident:2024092301,2024-09-25 00:00:00+00:00,2024-10-07 00:00:00+00:00,Hurricane; Tropical Storm,3619; 4829,2,2,official_incident_id,2024
45013,incident:2015093001,2015-10-01 00:00:00+00:00,2015-10-23 00:00:00+00:00,Flood; Severe Storm,3373; 4241,2,2,official_incident_id,2015
45013,incident:2016092802,2016-10-04 00:00:00+00:00,2016-10-30 00:00:00+00:00,Hurricane,3378; 4286,2,2,official_incident_id,2016
45013,incident:2017083101,2017-09-06 00:00:00+00:00,2017-09-13 00:00:00+00:00,Hurricane,3386; 4346,2,2,official_incident_id,2017
45013,incident:2019082401,2019-08-31 00:00:00+00:00,2019-09-06 00:00:00+00:00,Hurricane,3421; 4464,2,2,official_incident_id,2019
45013,incident:2020030901,2020-01-20 00:00:00+00:00,2023-05-11 00:00:00+00:00,Biological,3470; 4492,2,2,official_incident_id,2020
45013,incident:2022092201,2022-09-25 00:00:00+00:00,2022-10-04 00:00:00+00:00,Hurricane,3585; 4677,2,2,official_incident_id,2022
45013,incident:2024072801,2024-08-04 00:00:00+00:00,2024-08-22 00:00:00+00:00,Tropical Storm,3606; 4835,2,2,official_incident_id,2024
45013,incident:2024092301,2024-09-25 00:00:00+00:00,2024-10-07 00:00:00+00:00,Hurricane; Tropical Storm,3619; 4829,2,2,official_incident_id,2024
45015,incident:2014020901,2014-02-10 00:00:00+00:00,2014-02-19 00:00:00+00:00,Severe Ice Storm,3369; 4166,2,2,official_incident_id,2014
45015,incident:2015093001,2015-10-01 00:00:00+00:00,2015-10-23 00:00:00+00:00,Flood; Severe Storm,3373; 4241,2,2,official_incident_id,2015
45015,incident:2016092802,2016-10-04 00:00:00+00:00,2016-10-30 00:00:00+00:00,Hurricane,3378; 4286,2,2,official_incident_id,2016
45015,incident:2017083101,2017-09-06 00:00:00+00:00,2017-09-13 00:00:00+00:00,Hurricane,3386; 4346,2,2,official_incident_id,2017
45015,incident:2018090602,2018-09-08 00:00:00+00:00,2018-10-08 00:00:00+00:00,Hurricane,3400; 4394,2,2,official_incident_id,2018
45015,incident:2019082401,2019-08-31 00:00:00+00:00,2019-09-06 00:00:00+00:00,Hurricane,3421; 4464,2,2,official_incident_id,2019
45015,incident:2020030901,2020-01-20 00:00:00+00:00,2023-05-11 00:00:00+00:00,Biological,3470; 4492,2,2,official_incident_id,2020
45015,incident:2022092201,2022-09-25 00:00:00+00:00,2022-10-04 00:00:00+00:00,Hurricane,3585; 4677,2,2,official_incident_id,2022
45015,incident:2024072801,2024-08-04 00:00:00+00:00,2024-08-22 00:00:00+00:00,Tropical Storm,3606; 4835,2,2,official_incident_id,2024
45015,incident:2024092301,2024-09-25 00:00:00+00:00,2024-10-07 00:00:00+00:00,Hurricane; Tropical Storm,3619; 4829,2,2,official_incident_id,2024
45017,incident:2014020901,2014-02-10 00:00:00+00:00,2014-02-19 00:00:00+00:00,Severe Ice Storm,3369; 4166,2,2,official_incident_id,2014
45017,incident:2015093001,2015-10-01 00:00:00+00:00,2015-10-23 00:00:00+00:00,Flood; Severe Storm,3373; 4241,2,2,official_incident_id,2015
45017,incident:2016092802,2016-10-04 00:00:00+00:00,2016-10-30 00:00:00+00:00,Hurricane,3378; 4286,2,2,official_incident_id,2016
45017,incident:2017083101,2017-09-06 00:00:00+00:00,2017-09-13 00:00:00+00:00,Hurricane,3386; 4346,2,2,official_incident_id,2017
45017,incident:2018090602,2018-09-08 00:00:00+00:00,2018-10-08 00:00:00+00:00,Hurricane,3400; 4394,2,2,official_incident_id,2018
45017,incident:2020030901,2020-01-20 00:00:00+00:00,2023-05-11 00:00:00+00:00,Biological,3470; 4492,2,2,official_incident_id,2020
45017,incident:2022092201,2022-09-25 00:00:00+00:00,2022-10-04 00:00:00+00:00,Hurricane,3585; 4677,2,2,official_incident_id,2022
45017,incident:2024092301,2024-09-25 00:00:00+00:00,2024-10-07 00:00:00+00:00,Hurricane; Tropical Storm,3619; 4829,2,2,official_incident_id,2024
45019,incident:2015093001,2015-10-01 00:00:00+00:00,2015-10-23 00:00:00+00:00,Flood; Severe Storm,3373; 4241,2,2,official_incident_id,2015
45019,incident:2016092802,2016-10-04 00:00:00+00:00,2016-10-30 00:00:00+00:00,Hurricane,3378; 4286,2,2,official_incident_id,2016
45019,incident:2017083101,2017-09-06 00:00:00+00:00,2017-09-13 00:00:00+00:00,Hurricane,3386; 4346,2,2,official_incident_id,2017
45019,incident:2018090602,2018-09-08 00:00:00+00:00,2018-10-08 00:00:00+00:00,Hurricane,3400; 4394,2,2,official_incident_id,2018
45019,incident:2019082401,2019-08-31 00:00:00+00:00,2019-09-06 00:00:00+00:00,Hurricane,3421; 4464,2,2,official_incident_id,2019
45019,incident:2020030901,2020-01-20 00:00:00+00:00,2023-05-11 00:00:00+00:00,Biological,3470; 4492,2,2,official_incident_id,2020
45019,incident:2022092201,2022-09-25 00:00:00+00:00,2022-10-04 00:00:00+00:00,Hurricane,3585; 4677,2,2,official_incident_id,2022
45021,incident:2017083101,2017-09-06 00:00:00+00:00,2017-09-13 00:00:00+00:00,Hurricane,3386; 4346,2,2,official_incident_id,2017
45021,incident:2020030901,2020-01-20 00:00:00+00:00,2023-05-11 00:00:00+00:00,Biological,3470; 4492,2,2,official_incident_id,2020
45021,incident:2022092201,2022-09-25 00:00:00+00:00,2022-10-04 00:00:00+00:00,Hurricane,3585; 4677,2,2,official_incident_id,2022
45021,incident:2024092301,2024-09-25 00:00:00+00:00,2024-10-07 00:00:00+00:00,Hurricane; Tropical Storm,3619; 4829,2,2,official_incident_id,2024
45023,incident:2017083101,2017-09-06 00:00:00+00:00,2017-09-13 00:00:00+00:00,Hurricane,3386; 4346,2,2,official_incident_id,2017
45023,incident:2020030901,2020-01-20 00:00:00+00:00,2023-05-11 00:00:00+00:00,Biological,3470; 4492,2,2,official_incident_id,2020
45023,incident:2022092201,2022-09-25 00:00:00+00:00,2022-10-04 00:00:00+00:00,Hurricane,3585; 4677,2,2,official_incident_id,2022
45023,incident:2024092301,2024-09-25 00:00:00+00:00,2024-10-07 00:00:00+00:00,Hurricane; Tropical Storm,3619; 4829,2,2,official_incident_id,2024
45025,incident:2014020901,2014-02-10 00:00:00+00:00,2014-02-19 00:00:00+00:00,Severe Ice Storm,3369; 4166,2,2,official_incident_id,2014
45025,incident:2015093001,2015-10-01 00:00:00+00:00,2015-10-23 00:00:00+00:00,Flood; Severe Storm,3373; 4241,2,2,official_incident_id,2015
45025,incident:2016092802,2016-10-04 00:00:00+00:00,2016-10-30 00:00:00+00:00,Hurricane,3378; 4286,2,2,official_incident_id,2016
45025,incident:2017083101,2017-09-06 00:00:00+00:00,2017-09-13 00:00:00+00:00,Hurricane,3386; 4346,2,2,official_incident_id,2017
45025,incident:2018090602,2018-09-08 00:00:00+00:00,2018-10-08 00:00:00+00:00,Hurricane,3400; 4394,2,2,official_incident_id,2018
45025,incident:2020030901,2020-01-20 00:00:00+00:00,2023-05-11 00:00:00+00:00,Biological,3470; 4492,2,2,official_incident_id,2020
45025,incident:2022092201,2022-09-25 00:00:00+00:00,2022-10-04 00:00:00+00:00,Hurricane,3585; 4677,2,2,official_incident_id,2022
45027,incident:2014020901,2014-02-10 00:00:00+00:00,2014-02-19 00:00:00+00:00,Severe Ice Storm,3369; 4166,2,2,official_incident_id,2014
45027,incident:2015093001,2015-10-01 00:00:00+00:00,2015-10-23 00:00:00+00:00,Flood; Severe Storm,3373; 4241,2,2,official_incident_id,2015
45027,incident:2016092802,2016-10-04 00:00:00+00:00,2016-10-30 00:00:00+00:00,Hurricane,3378; 4286,2,2,official_incident_id,2016
45027,incident:2017083101,2017-09-06 00:00:00+00:00,2017-09-13 00:00:00+00:00,Hurricane,3386; 4346,2,2,official_incident_id,2017
45027,incident:2018090602,2018-09-08 00:00:00+00:00,2018-10-08 00:00:00+00:00,Hurricane,3400; 4394,2,2,official_incident_id,2018
45027,incident:2020030901,2020-01-20 00:00:00+00:00,2023-05-11 00:00:00+00:00,Biological,3470; 4492,2,2,official_incident_id,2020
45027,incident:2022092201,2022-09-25 00:00:00+00:00,2022-10-04 00:00:00+00:00,Hurricane,3585; 4677,2,2,official_incident_id,2022
45029,incident:2014020901,2014-02-10 00:00:00+00:00,2014-02-19 00:00:00+00:00,Severe Ice Storm,3369; 4166,2,2,official_incident_id,2014
45029,incident:2015093001,2015-10-01 00:00:00+00:00,2015-10-23 00:00:00+00:00,Flood; Severe Storm,3373; 4241,2,2,official_incident_id,2015
45029,incident:2016092802,2016-10-04 00:00:00+00:00,2016-10-30 00:00:00+00:00,Hurricane,3378; 4286,2,2,official_incident_id,2016
45029,incident:2017083101,2017-09-06 00:00:00+00:00,2017-09-13 00:00:00+00:00,Hurricane,3386; 4346,2,2,official_incident_id,2017
45029,incident:2018090602,2018-09-08 00:00:00+00:00,2018-10-08 00:00:00+00:00,Hurricane,3400; 4394,2,2,official_incident_id,2018
45029,incident:2019082401,2019-08-31 00:00:00+00:00,2019-09-06 00:00:00+00:00,Hurricane,3421; 4464,2,2,official_incident_id,2019
45029,incident:2020030901,2020-01-20 00:00:00+00:00,2023-05-11 00:00:00+00:00,Biological,3470; 4492,2,2,official_incident_id,2020
45029,incident:2022092201,2022-09-25 00:00:00+00:00,2022-10-04 00:00:00+00:00,Hurricane,3585; 4677,2,2,official_incident_id,2022
45029,incident:2024072801,2024-08-04 00:00:00+00:00,2024-08-22 00:00:00+00:00,Tropical Storm,3606; 4835,2,2,official_incident_id,2024
45029,incident:2024092301,2024-09-25 00:00:00+00:00,2024-10-07 00:00:00+00:00,Hurricane; Tropical Storm,3619; 4829,2,2,official_incident_id,2024
45031,incident:2015093001,2015-10-01 00:00:00+00:00,2015-10-23 00:00:00+00:00,Flood; Severe Storm,3373; 4241,2,2,official_incident_id,2015
45031,incident:2016092802,2016-10-04 00:00:00+00:00,2016-10-30 00:00:00+00:00,Hurricane,3378; 4286,2,2,official_incident_id,2016
45031,incident:2017083101,2017-09-06 00:00:00+00:00,2017-09-13 00:00:00+00:00,Hurricane,3386; 4346,2,2,official_incident_id,2017
45031,incident:2018090602,2018-09-08 00:00:00+00:00,2018-10-08 00:00:00+00:00,Hurricane,3400; 4394,2,2,official_incident_id,2018
45031,incident:2020030901,2020-01-20 00:00:00+00:00,2023-05-11 00:00:00+00:00,Biological,3470; 4492,2,2,official_incident_id,2020
45031,incident:2022092201,2022-09-25 00:00:00+00:00,2022-10-04 00:00:00+00:00,Hurricane,3585; 4677,2,2,official_incident_id,2022
45033,incident:2014020901,2014-02-10 00:00:00+00:00,2014-02-19 00:00:00+00:00,Severe Ice Storm,3369; 4166,2,2,official_incident_id,2014
45033,incident:2015093001,2015-10-01 00:00:00+00:00,2015-10-23 00:00:00+00:00,Flood; Severe Storm,3373; 4241,2,2,official_incident_id,2015
45033,incident:2016092802,2016-10-04 00:00:00+00:00,2016-10-30 00:00:00+00:00,Hurricane,3378; 4286,2,2,official_incident_id,2016
45033,incident:2017083101,2017-09-06 00:00:00+00:00,2017-09-13 00:00:00+00:00,Hurricane,3386; 4346,2,2,official_incident_id,2017
45033,incident:2018090602,2018-09-08 00:00:00+00:00,2018-10-08 00:00:00+00:00,Hurricane,3400; 4394,2,2,official_incident_id,2018
45033,incident:2019082401,2019-08-31 00:00:00+00:00,2019-09-06 00:00:00+00:00,Hurricane,3421; 4464,2,2,official_incident_id,2019
45033,incident:2020030901,2020-01-20 00:00:00+00:00,2023-05-11 00:00:00+00:00,Biological,3470; 4492,2,2,official_incident_id,2020
45033,incident:2022092201,2022-09-25 00:00:00+00:00,2022-10-04 00:00:00+00:00,Hurricane,3585; 4677,2,2,official_incident_id,2022
45033,incident:2024072801,2024-08-04 00:00:00+00:00,2024-08-22 00:00:00+00:00,Tropical Storm,3606; 4835,2,2,official_incident_id,2024
45035,incident:2014020901,2014-02-10 00:00:00+00:00,2014-02-19 00:00:00+00:00,Severe Ice Storm,3369; 4166,2,2,official_incident_id,2014
45035,incident:2015093001,2015-10-01 00:00:00+00:00,2015-10-23 00:00:00+00:00,Flood; Severe Storm,3373; 4241,2,2,official_incident_id,2015
45035,incident:2016092802,2016-10-04 00:00:00+00:00,2016-10-30 00:00:00+00:00,Hurricane,3378; 4286,2,2,official_incident_id,2016
45035,incident:2017083101,2017-09-06 00:00:00+00:00,2017-09-13 00:00:00+00:00,Hurricane,3386; 4346,2,2,official_incident_id,2017
45035,incident:2018090602,2018-09-08 00:00:00+00:00,2018-10-08 00:00:00+00:00,Hurricane,3400; 4394,2,2,official_incident_id,2018
45035,incident:2019082401,2019-08-31 00:00:00+00:00,2019-09-06 00:00:00+00:00,Hurricane,3421; 4464,2,2,official_incident_id,2019
45035,incident:2020030901,2020-01-20 00:00:00+00:00,2023-05-11 00:00:00+00:00,Biological,3470; 4492,2,2,official_incident_id,2020
45035,incident:2022092201,2022-09-25 00:00:00+00:00,2022-10-04 00:00:00+00:00,Hurricane,3585; 4677,2,2,official_incident_id,2022
45035,incident:2024072801,2024-08-04 00:00:00+00:00,2024-08-22 00:00:00+00:00,Tropical Storm,3606; 4835,2,2,official_incident_id,2024
45037,incident:2014020901,2014-02-10 00:00:00+00:00,2014-02-19 00:00:00+00:00,Severe Ice Storm,3369; 4166,2,2,official_incident_id,2014
45037,incident:2017083101,2017-09-06 00:00:00+00:00,2017-09-13 00:00:00+00:00,Hurricane,3386; 4346,2,2,official_incident_id,2017
45037,incident:2020030901,2020-01-20 00:00:00+00:00,2023-05-11 00:00:00+00:00,Biological,3470; 4492,2,2,official_incident_id,2020
45037,incident:2022092201,2022-09-25 00:00:00+00:00,2022-10-04 00:00:00+00:00,Hurricane,3585; 4677,2,2,official_incident_id,2022
45037,incident:2024092301,2024-09-25 00:00:00+00:00,2024-10-07 00:00:00+00:00,Hurricane; Tropical Storm,3619; 4829,2,2,official_incident_id,2024
45039,incident:2015093001,2015-10-01 00:00:00+00:00,2015-10-23 00:00:00+00:00,Flood; Severe Storm,3373; 4241,2,2,official_incident_id,2015
45039,incident:2017083101,2017-09-06 00:00:00+00:00,2017-09-13 00:00:00+00:00,Hurricane,3386; 4346,2,2,official_incident_id,2017
45039,incident:2020030901,2020-01-20 00:00:00+00:00,2023-05-11 00:00:00+00:00,Biological,3470; 4492,2,2,official_incident_id,2020
45039,incident:2022092201,2022-09-25 00:00:00+00:00,2022-10-04 00:00:00+00:00,Hurricane,3585; 4677,2,2,official_incident_id,2022
45039,incident:2024092301,2024-09-25 00:00:00+00:00,2024-10-07 00:00:00+00:00,Hurricane; Tropical Storm,3619; 4829,2,2,official_incident_id,2024
45041,incident:2014020901,2014-02-10 00:00:00+00:00,2014-02-19 00:00:00+00:00,Severe Ice Storm,3369; 4166,2,2,official_incident_id,2014
45041,incident:2015093001,2015-10-01 00:00:00+00:00,2015-10-23 00:00:00+00:00,Flood; Severe Storm,3373; 4241,2,2,official_incident_id,2015
45041,incident:2016092802,2016-10-04 00:00:00+00:00,2016-10-30 00:00:00+00:00,Hurricane,3378; 4286,2,2,official_incident_id,2016
45041,incident:2017083101,2017-09-06 00:00:00+00:00,2017-09-13 00:00:00+00:00,Hurricane,3386; 4346,2,2,official_incident_id,2017
45041,incident:2018090602,2018-09-08 00:00:00+00:00,2018-10-08 00:00:00+00:00,Hurricane,3400; 4394,2,2,official_incident_id,2018
45041,incident:2020030901,2020-01-20 00:00:00+00:00,2023-05-11 00:00:00+00:00,Biological,3470; 4492,2,2,official_incident_id,2020
45041,incident:2022092201,2022-09-25 00:00:00+00:00,2022-10-04 00:00:00+00:00,Hurricane,3585; 4677,2,2,official_incident_id,2022
45041,incident:2024072801,2024-08-04 00:00:00+00:00,2024-08-22 00:00:00+00:00,Tropical Storm,3606; 4835,2,2,official_incident_id,2024
45043,incident:2014020901,2014-02-10 00:00:00+00:00,2014-02-19 00:00:00+00:00,Severe Ice Storm,3369; 4166,2,2,official_incident_id,2014
45043,incident:2015093001,2015-10-01 00:00:00+00:00,2015-10-23 00:00:00+00:00,Flood; Severe Storm,3373; 4241,2,2,official_incident_id,2015
45043,incident:2016092802,2016-10-04 00:00:00+00:00,2016-10-30 00:00:00+00:00,Hurricane,3378; 4286,2,2,official_incident_id,2016
45043,incident:2017083101,2017-09-06 00:00:00+00:00,2017-09-13 00:00:00+00:00,Hurricane,3386; 4346,2,2,official_incident_id,2017
45043,incident:2018090602,2018-09-08 00:00:00+00:00,2018-10-08 00:00:00+00:00,Hurricane,3400; 4394,2,2,official_incident_id,2018
45043,incident:2019082401,2019-08-31 00:00:00+00:00,2019-09-06 00:00:00+00:00,Hurricane,3421; 4464,2,2,official_incident_id,2019
45043,incident:2020030901,2020-01-20 00:00:00+00:00,2023-05-11 00:00:00+00:00,Biological,3470; 4492,2,2,official_incident_id,2020
45043,incident:2022092201,2022-09-25 00:00:00+00:00,2022-10-04 00:00:00+00:00,Hurricane,3585; 4677,2,2,official_incident_id,2022
45043,incident:2024072801,2024-08-04 00:00:00+00:00,2024-08-22 00:00:00+00:00,Tropical Storm,3606; 4835,2,2,official_incident_id,2024
45045,incident:2015093001,2015-10-01 00:00:00+00:00,2015-10-23 00:00:00+00:00,Flood; Severe Storm,3373; 4241,2,2,official_incident_id,2015
45045,incident:2017083101,2017-09-06 00:00:00+00:00,2017-09-13 00:00:00+00:00,Hurricane,3386; 4346,2,2,official_incident_id,2017
45045,incident:2020030901,2020-01-20 00:00:00+00:00,2023-05-11 00:00:00+00:00,Biological,3470; 4492,2,2,official_incident_id,2020
45045,incident:2022092201,2022-09-25 00:00:00+00:00,2022-10-04 00:00:00+00:00,Hurricane,3585; 4677,2,2,official_incident_id,2022
45045,incident:2024092301,2024-09-25 00:00:00+00:00,2024-10-07 00:00:00+00:00,Hurricane; Tropical Storm,3619; 4829,2,2,official_incident_id,2024
45045,incident:2026012101,2026-01-21 00:00:00+00:00,2026-01-27 00:00:00+00:00,Winter Storm,3632; 4908,2,2,official_incident_id,2026
45047,incident:2015093001,2015-10-01 00:00:00+00:00,2015-10-23 00:00:00+00:00,Flood; Severe Storm,3373; 4241,2,2,official_incident_id,2015
45047,incident:2017083101,2017-09-06 00:00:00+00:00,2017-09-13 00:00:00+00:00,Hurricane,3386; 4346,2,2,official_incident_id,2017
45047,incident:2020030901,2020-01-20 00:00:00+00:00,2023-05-11 00:00:00+00:00,Biological,3470; 4492,2,2,official_incident_id,2020
45047,incident:2022092201,2022-09-25 00:00:00+00:00,2022-10-04 00:00:00+00:00,Hurricane,3585; 4677,2,2,official_incident_id,2022
45047,incident:2024092301,2024-09-25 00:00:00+00:00,2024-10-07 00:00:00+00:00,Hurricane; Tropical Storm,3619; 4829,2,2,official_incident_id,2024
45049,incident:2014020901,2014-02-10 00:00:00+00:00,2014-02-19 00:00:00+00:00,Severe Ice Storm,3369; 4166,2,2,official_incident_id,2014
45049,incident:2016092802,2016-10-04 00:00:00+00:00,2016-10-30 00:00:00+00:00,Hurricane,3378; 4286,2,2,official_incident_id,2016
45049,incident:2017083101,2017-09-06 00:00:00+00:00,2017-09-13 00:00:00+00:00,Hurricane,3386; 4346,2,2,official_incident_id,2017
45049,incident:2020030901,2020-01-20 00:00:00+00:00,2023-05-11 00:00:00+00:00,Biological,3470; 4492,2,2,official_incident_id,2020
45049,incident:2022092201,2022-09-25 00:00:00+00:00,2022-10-04 00:00:00+00:00,Hurricane,3585; 4677,2,2,official_incident_id,2022
45049,incident:2024072801,2024-08-04 00:00:00+00:00,2024-08-22 00:00:00+00:00,Tropical Storm,3606; 4835,2,2,official_incident_id,2024
45049,incident:2024092301,2024-09-25 00:00:00+00:00,2024-10-07 00:00:00+00:00,Hurricane; Tropical Storm,3619; 4829,2,2,official_incident_id,2024
45051,incident:2014020901,2014-02-10 00:00:00+00:00,2014-02-19 00:00:00+00:00,Severe Ice Storm,3369; 4166,2,2,official_incident_id,2014
45051,incident:2015093001,2015-10-01 00:00:00+00:00,2015-10-23 00:00:00+00:00,Flood; Severe Storm,3373; 4241,2,2,official_incident_id,2015
45051,incident:2016092802,2016-10-04 00:00:00+00:00,2016-10-30 00:00:00+00:00,Hurricane,3378; 4286,2,2,official_incident_id,2016
45051,incident:2017083101,2017-09-06 00:00:00+00:00,2017-09-13 00:00:00+00:00,Hurricane,3386; 4346,2,2,official_incident_id,2017
45051,incident:2018090602,2018-09-08 00:00:00+00:00,2018-10-08 00:00:00+00:00,Hurricane,3400; 4394,2,2,official_incident_id,2018
45051,incident:2019082401,2019-08-31 00:00:00+00:00,2019-09-06 00:00:00+00:00,Hurricane,3421; 4464,2,2,official_incident_id,2019
45051,incident:2020030901,2020-01-20 00:00:00+00:00,2023-05-11 00:00:00+00:00,Biological,3470; 4492,2,2,official_incident_id,2020
45051,incident:2022092201,2022-09-25 00:00:00+00:00,2022-10-04 00:00:00+00:00,Hurricane,3585; 4677,2,2,official_incident_id,2022
45051,incident:2024072801,2024-08-04 00:00:00+00:00,2024-08-22 00:00:00+00:00,Tropical Storm,3606; 4835,2,2,official_incident_id,2024
45053,incident:2016092802,2016-10-04 00:00:00+00:00,2016-10-30 00:00:00+00:00,Hurricane,3378; 4286,2,2,official_incident_id,2016
45053,incident:2017083101,2017-09-06 00:00:00+00:00,2017-09-13 00:00:00+00:00,Hurricane,3386; 4346,2,2,official_incident_id,2017
45053,incident:2018090602,2018-09-08 00:00:00+00:00,2018-10-08 00:00:00+00:00,Hurricane,3400; 4394,2,2,official_incident_id,2018
45053,incident:2019082401,2019-08-31 00:00:00+00:00,2019-09-06 00:00:00+00:00,Hurricane,3421; 4464,2,2,official_incident_id,2019
45053,incident:2020030901,2020-01-20 00:00:00+00:00,2023-05-11 00:00:00+00:00,Biological,3470; 4492,2,2,official_incident_id,2020
45053,incident:2022092201,2022-09-25 00:00:00+00:00,2022-10-04 00:00:00+00:00,Hurricane,3585; 4677,2,2,official_incident_id,2022
45053,incident:2024072801,2024-08-04 00:00:00+00:00,2024-08-22 00:00:00+00:00,Tropical Storm,3606; 4835,2,2,official_incident_id,2024
45053,incident:2024092301,2024-09-25 00:00:00+00:00,2024-10-07 00:00:00+00:00,Hurricane; Tropical Storm,3619; 4829,2,2,official_incident_id,2024
45055,incident:2015093001,2015-10-01 00:00:00+00:00,2015-10-23 00:00:00+00:00,Flood; Severe Storm,3373; 4241,2,2,official_incident_id,2015
45055,incident:2016092802,2016-10-04 00:00:00+00:00,2016-10-30 00:00:00+00:00,Hurricane,3378; 4286,2,2,official_incident_id,2016
45055,incident:2017083101,2017-09-06 00:00:00+00:00,2017-09-13 00:00:00+00:00,Hurricane,3386; 4346,2,2,official_incident_id,2017
45055,incident:2020030901,2020-01-20 00:00:00+00:00,2023-05-11 00:00:00+00:00,Biological,3470; 4492,2,2,official_incident_id,2020
45055,incident:2022092201,2022-09-25 00:00:00+00:00,2022-10-04 00:00:00+00:00,Hurricane,3585; 4677,2,2,official_incident_id,2022
45055,incident:2024092301,2024-09-25 00:00:00+00:00,2024-10-07 00:00:00+00:00,Hurricane; Tropical Storm,3619; 4829,2,2,official_incident_id,2024
45057,incident:2015093001,2015-10-01 00:00:00+00:00,2015-10-23 00:00:00+00:00,Flood; Severe Storm,3373; 4241,2,2,official_incident_id,2015
45057,incident:2017083101,2017-09-06 00:00:00+00:00,2017-09-13 00:00:00+00:00,Hurricane,3386; 4346,2,2,official_incident_id,2017
45057,incident:2018090602,2018-09-08 00:00:00+00:00,2018-10-08 00:00:00+00:00,Hurricane,3400; 4394,2,2,official_incident_id,2018
45057,incident:2020030901,2020-01-20 00:00:00+00:00,2023-05-11 00:00:00+00:00,Biological,3470; 4492,2,2,official_incident_id,2020
45057,incident:2022092201,2022-09-25 00:00:00+00:00,2022-10-04 00:00:00+00:00,Hurricane,3585; 4677,2,2,official_incident_id,2022
45057,incident:2024092301,2024-09-25 00:00:00+00:00,2024-10-07 00:00:00+00:00,Hurricane; Tropical Storm,3619; 4829,2,2,official_incident_id,2024
45059,incident:2015093001,2015-10-01 00:00:00+00:00,2015-10-23 00:00:00+00:00,Flood; Severe Storm,3373; 4241,2,2,official_incident_id,2015
45059,incident:2017083101,2017-09-06 00:00:00+00:00,2017-09-13 00:00:00+00:00,Hurricane,3386; 4346,2,2,official_incident_id,2017
45059,incident:2020030901,2020-01-20 00:00:00+00:00,2023-05-11 00:00:00+00:00,Biological,3470; 4492,2,2,official_incident_id,2020
45059,incident:2022092201,2022-09-25 00:00:00+00:00,2022-10-04 00:00:00+00:00,Hurricane,3585; 4677,2,2,official_incident_id,2022
45059,incident:2024092301,2024-09-25 00:00:00+00:00,2024-10-07 00:00:00+00:00,Hurricane; Tropical Storm,3619; 4829,2,2,official_incident_id,2024
45061,incident:2015093001,2015-10-01 00:00:00+00:00,2015-10-23 00:00:00+00:00,Flood; Severe Storm,3373; 4241,2,2,official_incident_id,2015
45061,incident:2016092802,2016-10-04 00:00:00+00:00,2016-10-30 00:00:00+00:00,Hurricane,3378; 4286,2,2,official_incident_id,2016
45061,incident:2017083101,2017-09-06 00:00:00+00:00,2017-09-13 00:00:00+00:00,Hurricane,3386; 4346,2,2,official_incident_id,2017
45061,incident:2020030901,2020-01-20 00:00:00+00:00,2023-05-11 00:00:00+00:00,Biological,3470; 4492,2,2,official_incident_id,2020
45061,incident:2022092201,2022-09-25 00:00:00+00:00,2022-10-04 00:00:00+00:00,Hurricane,3585; 4677,2,2,official_incident_id,2022
45063,incident:2014020901,2014-02-10 00:00:00+00:00,2014-02-19 00:00:00+00:00,Severe Ice Storm,3369; 4166,2,2,official_incident_id,2014
45063,incident:2015093001,2015-10-01 00:00:00+00:00,2015-10-23 00:00:00+00:00,Flood; Severe Storm,3373; 4241,2,2,official_incident_id,2015
45063,incident:2017083101,2017-09-06 00:00:00+00:00,2017-09-13 00:00:00+00:00,Hurricane,3386; 4346,2,2,official_incident_id,2017
45063,incident:2020030901,2020-01-20 00:00:00+00:00,2023-05-11 00:00:00+00:00,Biological,3470; 4492,2,2,official_incident_id,2020
45063,incident:2022092201,2022-09-25 00:00:00+00:00,2022-10-04 00:00:00+00:00,Hurricane,3585; 4677,2,2,official_incident_id,2022
45063,incident:2024092301,2024-09-25 00:00:00+00:00,2024-10-07 00:00:00+00:00,Hurricane; Tropical Storm,3619; 4829,2,2,official_incident_id,2024
45065,incident:2015093001,2015-10-01 00:00:00+00:00,2015-10-23 00:00:00+00:00,Flood; Severe Storm,3373; 4241,2,2,official_incident_id,2015
45065,incident:2017083101,2017-09-06 00:00:00+00:00,2017-09-13 00:00:00+00:00,Hurricane,3386; 4346,2,2,official_incident_id,2017
45065,incident:2020030901,2020-01-20 00:00:00+00:00,2023-05-11 00:00:00+00:00,Biological,3470; 4492,2,2,official_incident_id,2020
45065,incident:2022092201,2022-09-25 00:00:00+00:00,2022-10-04 00:00:00+00:00,Hurricane,3585; 4677,2,2,official_incident_id,2022
45065,incident:2024092301,2024-09-25 00:00:00+00:00,2024-10-07 00:00:00+00:00,Hurricane; Tropical Storm,3619; 4829,2,2,official_incident_id,2024
45067,incident:2014020901,2014-02-10 00:00:00+00:00,2014-02-19 00:00:00+00:00,Severe Ice Storm,3369; 4166,2,2,official_incident_id,2014
45067,incident:2015093001,2015-10-01 00:00:00+00:00,2015-10-23 00:00:00+00:00,Flood; Severe Storm,3373; 4241,2,2,official_incident_id,2015
45067,incident:2016092802,2016-10-04 00:00:00+00:00,2016-10-30 00:00:00+00:00,Hurricane,3378; 4286,2,2,official_incident_id,2016
45067,incident:2017083101,2017-09-06 00:00:00+00:00,2017-09-13 00:00:00+00:00,Hurricane,3386; 4346,2,2,official_incident_id,2017
45067,incident:2018090602,2018-09-08 00:00:00+00:00,2018-10-08 00:00:00+00:00,Hurricane,3400; 4394,2,2,official_incident_id,2018
45067,incident:2019082401,2019-08-31 00:00:00+00:00,2019-09-06 00:00:00+00:00,Hurricane,3421; 4464,2,2,official_incident_id,2019
45067,incident:2020030901,2020-01-20 00:00:00+00:00,2023-05-11 00:00:00+00:00,Biological,3470; 4492,2,2,official_incident_id,2020
45067,incident:2022092201,2022-09-25 00:00:00+00:00,2022-10-04 00:00:00+00:00,Hurricane,3585; 4677,2,2,official_incident_id,2022
45069,incident:2015093001,2015-10-01 00:00:00+00:00,2015-10-23 00:00:00+00:00,Flood; Severe Storm,3373; 4241,2,2,official_incident_id,2015
45069,incident:2016092802,2016-10-04 00:00:00+00:00,2016-10-30 00:00:00+00:00,Hurricane,3378; 4286,2,2,official_incident_id,2016
45069,incident:2017083101,2017-09-06 00:00:00+00:00,2017-09-13 00:00:00+00:00,Hurricane,3386; 4346,2,2,official_incident_id,2017
45069,incident:2018090602,2018-09-08 00:00:00+00:00,2018-10-08 00:00:00+00:00,Hurricane,3400; 4394,2,2,official_incident_id,2018
45069,incident:2020030901,2020-01-20 00:00:00+00:00,2023-05-11 00:00:00+00:00,Biological,3470; 4492,2,2,official_incident_id,2020
45069,incident:2022092201,2022-09-25 00:00:00+00:00,2022-10-04 00:00:00+00:00,Hurricane,3585; 4677,2,2,official_incident_id,2022
45071,incident:2015093001,2015-10-01 00:00:00+00:00,2015-10-23 00:00:00+00:00,Flood; Severe Storm,3373; 4241,2,2,official_incident_id,2015
45071,incident:2017083101,2017-09-06 00:00:00+00:00,2017-09-13 00:00:00+00:00,Hurricane,3386; 4346,2,2,official_incident_id,2017
45071,incident:2020030901,2020-01-20 00:00:00+00:00,2023-05-11 00:00:00+00:00,Biological,3470; 4492,2,2,official_incident_id,2020
45071,incident:2022092201,2022-09-25 00:00:00+00:00,2022-10-04 00:00:00+00:00,Hurricane,3585; 4677,2,2,official_incident_id,2022
45071,incident:2024092301,2024-09-25 00:00:00+00:00,2024-10-07 00:00:00+00:00,Hurricane; Tropical Storm,3619; 4829,2,2,official_incident_id,2024
45073,incident:2017083101,2017-09-06 00:00:00+00:00,2017-09-13 00:00:00+00:00,Hurricane,3386; 4346,2,2,official_incident_id,2017
45073,incident:2020030901,2020-01-20 00:00:00+00:00,2023-05-11 00:00:00+00:00,Biological,3470; 4492,2,2,official_incident_id,2020
45073,incident:2022092201,2022-09-25 00:00:00+00:00,2022-10-04 00:00:00+00:00,Hurricane,3585; 4677,2,2,official_incident_id,2022
45073,incident:2024092301,2024-09-25 00:00:00+00:00,2024-10-07 00:00:00+00:00,Hurricane; Tropical Storm,3619; 4829,2,2,official_incident_id,2024
45073,incident:2026012101,2026-01-21 00:00:00+00:00,2026-01-27 00:00:00+00:00,Winter Storm,3632; 4908,2,2,official_incident_id,2026
45075,incident:2014020901,2014-02-10 00:00:00+00:00,2014-02-19 00:00:00+00:00,Severe Ice Storm,3369; 4166,2,2,official_incident_id,2014
45075,incident:2015093001,2015-10-01 00:00:00+00:00,2015-10-23 00:00:00+00:00,Flood; Severe Storm,3373; 4241,2,2,official_incident_id,2015
45075,incident:2016092802,2016-10-04 00:00:00+00:00,2016-10-30 00:00:00+00:00,Hurricane,3378; 4286,2,2,official_incident_id,2016
45075,incident:2017083101,2017-09-06 00:00:00+00:00,2017-09-13 00:00:00+00:00,Hurricane,3386; 4346,2,2,official_incident_id,2017
45075,incident:2018090602,2018-09-08 00:00:00+00:00,2018-10-08 00:00:00+00:00,Hurricane,3400; 4394,2,2,official_incident_id,2018
45075,incident:2020030901,2020-01-20 00:00:00+00:00,2023-05-11 00:00:00+00:00,Biological,3470; 4492,2,2,official_incident_id,2020
45075,incident:2022092201,2022-09-25 00:00:00+00:00,2022-10-04 00:00:00+00:00,Hurricane,3585; 4677,2,2,official_incident_id,2022
45075,incident:2024072801,2024-08-04 00:00:00+00:00,2024-08-22 00:00:00+00:00,Tropical Storm,3606; 4835,2,2,official_incident_id,2024
45075,incident:2024092301,2024-09-25 00:00:00+00:00,2024-10-07 00:00:00+00:00,Hurricane; Tropical Storm,3619; 4829,2,2,official_incident_id,2024
45077,incident:2017083101,2017-09-06 00:00:00+00:00,2017-09-13 00:00:00+00:00,Hurricane,3386; 4346,2,2,official_incident_id,2017
45077,incident:2020030901,2020-01-20 00:00:00+00:00,2023-05-11 00:00:00+00:00,Biological,3470; 4492,2,2,official_incident_id,2020
45077,incident:2022092201,2022-09-25 00:00:00+00:00,2022-10-04 00:00:00+00:00,Hurricane,3585; 4677,2,2,official_incident_id,2022
45077,incident:2024092301,2024-09-25 00:00:00+00:00,2024-10-07 00:00:00+00:00,Hurricane; Tropical Storm,3619; 4829,2,2,official_incident_id,2024
45077,incident:2026012101,2026-01-21 00:00:00+00:00,2026-01-27 00:00:00+00:00,Winter Storm,3632; 4908,2,2,official_incident_id,2026
45079,incident:2015093001,2015-10-01 00:00:00+00:00,2015-10-23 00:00:00+00:00,Flood; Severe Storm,3373; 4241,2,2,official_incident_id,2015
45079,incident:2016092802,2016-10-04 00:00:00+00:00,2016-10-30 00:00:00+00:00,Hurricane,3378; 4286,2,2,official_incident_id,2016
45079,incident:2017083101,2017-09-06 00:00:00+00:00,2017-09-13 00:00:00+00:00,Hurricane,3386; 4346,2,2,official_incident_id,2017
45079,incident:2020030901,2020-01-20 00:00:00+00:00,2023-05-11 00:00:00+00:00,Biological,3470; 4492,2,2,official_incident_id,2020
45079,incident:2022092201,2022-09-25 00:00:00+00:00,2022-10-04 00:00:00+00:00,Hurricane,3585; 4677,2,2,official_incident_id,2022
45079,incident:2024092301,2024-09-25 00:00:00+00:00,2024-10-07 00:00:00+00:00,Hurricane; Tropical Storm,3619; 4829,2,2,official_incident_id,2024
45081,incident:2014020901,2014-02-10 00:00:00+00:00,2014-02-19 00:00:00+00:00,Severe Ice Storm,3369; 4166,2,2,official_incident_id,2014
45081,incident:2015093001,2015-10-01 00:00:00+00:00,2015-10-23 00:00:00+00:00,Flood; Severe Storm,3373; 4241,2,2,official_incident_id,2015
45081,incident:2017083101,2017-09-06 00:00:00+00:00,2017-09-13 00:00:00+00:00,Hurricane,3386; 4346,2,2,official_incident_id,2017
45081,incident:2020030901,2020-01-20 00:00:00+00:00,2023-05-11 00:00:00+00:00,Biological,3470; 4492,2,2,official_incident_id,2020
45081,incident:2022092201,2022-09-25 00:00:00+00:00,2022-10-04 00:00:00+00:00,Hurricane,3585; 4677,2,2,official_incident_id,2022
45081,incident:2024092301,2024-09-25 00:00:00+00:00,2024-10-07 00:00:00+00:00,Hurricane; Tropical Storm,3619; 4829,2,2,official_incident_id,2024
45083,incident:2015093001,2015-10-01 00:00:00+00:00,2015-10-23 00:00:00+00:00,Flood; Severe Storm,3373; 4241,2,2,official_incident_id,2015
45083,incident:2017083101,2017-09-06 00:00:00+00:00,2017-09-13 00:00:00+00:00,Hurricane,3386; 4346,2,2,official_incident_id,2017
45083,incident:2020030901,2020-01-20 00:00:00+00:00,2023-05-11 00:00:00+00:00,Biological,3470; 4492,2,2,official_incident_id,2020
45083,incident:2022092201,2022-09-25 00:00:00+00:00,2022-10-04 00:00:00+00:00,Hurricane,3585; 4677,2,2,official_incident_id,2022
45083,incident:2024092301,2024-09-25 00:00:00+00:00,2024-10-07 00:00:00+00:00,Hurricane; Tropical Storm,3619; 4829,2,2,official_incident_id,2024
45085,incident:2014020901,2014-02-10 00:00:00+00:00,2014-02-19 00:00:00+00:00,Severe Ice Storm,3369; 4166,2,2,official_incident_id,2014
45085,incident:2015093001,2015-10-01 00:00:00+00:00,2015-10-23 00:00:00+00:00,Flood; Severe Storm,3373; 4241,2,2,official_incident_id,2015
45085,incident:2016092802,2016-10-04 00:00:00+00:00,2016-10-30 00:00:00+00:00,Hurricane,3378; 4286,2,2,official_incident_id,2016
45085,incident:2017083101,2017-09-06 00:00:00+00:00,2017-09-13 00:00:00+00:00,Hurricane,3386; 4346,2,2,official_incident_id,2017
45085,incident:2018090602,2018-09-08 00:00:00+00:00,2018-10-08 00:00:00+00:00,Hurricane,3400; 4394,2,2,official_incident_id,2018
45085,incident:2020030901,2020-01-20 00:00:00+00:00,2023-05-11 00:00:00+00:00,Biological,3470; 4492,2,2,official_incident_id,2020
45085,incident:2022092201,2022-09-25 00:00:00+00:00,2022-10-04 00:00:00+00:00,Hurricane,3585; 4677,2,2,official_incident_id,2022
45087,incident:2017083101,2017-09-06 00:00:00+00:00,2017-09-13 00:00:00+00:00,Hurricane,3386; 4346,2,2,official_incident_id,2017
45087,incident:2020030901,2020-01-20 00:00:00+00:00,2023-05-11 00:00:00+00:00,Biological,3470; 4492,2,2,official_incident_id,2020
45087,incident:2022092201,2022-09-25 00:00:00+00:00,2022-10-04 00:00:00+00:00,Hurricane,3585; 4677,2,2,official_incident_id,2022
45087,incident:2024072801,2024-08-04 00:00:00+00:00,2024-08-22 00:00:00+00:00,Tropical Storm,3606; 4835,2,2,official_incident_id,2024
45087,incident:2024092301,2024-09-25 00:00:00+00:00,2024-10-07 00:00:00+00:00,Hurricane; Tropical Storm,3619; 4829,2,2,official_incident_id,2024
45089,incident:2014020901,2014-02-10 00:00:00+00:00,2014-02-19 00:00:00+00:00,Severe Ice Storm,3369; 4166,2,2,official_incident_id,2014
45089,incident:2015093001,2015-10-01 00:00:00+00:00,2015-10-23 00:00:00+00:00,Flood; Severe Storm,3373; 4241,2,2,official_incident_id,2015
45089,incident:2016092802,2016-10-04 00:00:00+00:00,2016-10-30 00:00:00+00:00,Hurricane,3378; 4286,2,2,official_incident_id,2016
45089,incident:2017083101,2017-09-06 00:00:00+00:00,2017-09-13 00:00:00+00:00,Hurricane,3386; 4346,2,2,official_incident_id,2017
45089,incident:2018090602,2018-09-08 00:00:00+00:00,2018-10-08 00:00:00+00:00,Hurricane,3400; 4394,2,2,official_incident_id,2018
45089,incident:2019082401,2019-08-31 00:00:00+00:00,2019-09-06 00:00:00+00:00,Hurricane,3421; 4464,2,2,official_incident_id,2019
45089,incident:2020030901,2020-01-20 00:00:00+00:00,2023-05-11 00:00:00+00:00,Biological,3470; 4492,2,2,official_incident_id,2020
45089,incident:2022092201,2022-09-25 00:00:00+00:00,2022-10-04 00:00:00+00:00,Hurricane,3585; 4677,2,2,official_incident_id,2022
45089,incident:2024092301,2024-09-25 00:00:00+00:00,2024-10-07 00:00:00+00:00,Hurricane; Tropical Storm,3619; 4829,2,2,official_incident_id,2024
45091,incident:2017083101,2017-09-06 00:00:00+00:00,2017-09-13 00:00:00+00:00,Hurricane,3386; 4346,2,2,official_incident_id,2017
45091,incident:2020030901,2020-01-20 00:00:00+00:00,2023-05-11 00:00:00+00:00,Biological,3470; 4492,2,2,official_incident_id,2020
45091,incident:2022092201,2022-09-25 00:00:00+00:00,2022-10-04 00:00:00+00:00,Hurricane,3585; 4677,2,2,official_incident_id,2022
45091,incident:2024092301,2024-09-25 00:00:00+00:00,2024-10-07 00:00:00+00:00,Hurricane; Tropical Storm,3619; 4829,2,2,official_incident_id,2024
46003,incident:2020030901,2020-01-20 00:00:00+00:00,2023-05-11 00:00:00+00:00,Biological,3475; 4527,2,2,official_incident_id,2020
46005,incident:2020030901,2020-01-20 00:00:00+00:00,2023-05-11 00:00:00+00:00,Biological,3475; 4527,2,2,official_incident_id,2020
46007,incident:2020030901,2020-01-20 00:00:00+00:00,2023-05-11 00:00:00+00:00,Biological,3475; 4521; 4527,3,4,official_incident_id,2020
46009,incident:2020030901,2020-01-20 00:00:00+00:00,2023-05-11 00:00:00+00:00,Biological,3475; 4527,2,18,official_incident_id,2020
46011,incident:2020030901,2020-01-20 00:00:00+00:00,2023-05-11 00:00:00+00:00,Biological,3475; 4527,2,2,official_incident_id,2020
46013,incident:2020030901,2020-01-20 00:00:00+00:00,2023-05-11 00:00:00+00:00,Biological,3475; 4527,2,2,official_incident_id,2020
46015,incident:2020030901,2020-01-20 00:00:00+00:00,2023-05-11 00:00:00+00:00,Biological,3475; 4527,2,2,official_incident_id,2020
46017,incident:2020030901,2020-01-20 00:00:00+00:00,2023-05-11 00:00:00+00:00,Biological,3475; 4527,2,5,official_incident_id,2020
46019,incident:2020030901,2020-01-20 00:00:00+00:00,2023-05-11 00:00:00+00:00,Biological,3475; 4527,2,4,official_incident_id,2020
46021,incident:2020030901,2020-01-20 00:00:00+00:00,2023-05-11 00:00:00+00:00,Biological,3475; 4527,2,2,official_incident_id,2020
46023,incident:2020030901,2020-01-20 00:00:00+00:00,2023-05-11 00:00:00+00:00,Biological,3475; 4527,2,2,official_incident_id,2020
46025,incident:2020030901,2020-01-20 00:00:00+00:00,2023-05-11 00:00:00+00:00,Biological,3475; 4527,2,2,official_incident_id,2020
46027,incident:2020030901,2020-01-20 00:00:00+00:00,2023-05-11 00:00:00+00:00,Biological,3475; 4527,2,2,official_incident_id,2020
46029,incident:2020030901,2020-01-20 00:00:00+00:00,2023-05-11 00:00:00+00:00,Biological,3475; 4527,2,2,official_incident_id,2020
46031,incident:2020030901,2020-01-20 00:00:00+00:00,2023-05-11 00:00:00+00:00,Biological,3475; 4527,2,13,official_incident_id,2020
46033,incident:2020030901,2020-01-20 00:00:00+00:00,2023-05-11 00:00:00+00:00,Biological,3475; 4527,2,2,official_incident_id,2020
46035,incident:2020030901,2020-01-20 00:00:00+00:00,2023-05-11 00:00:00+00:00,Biological,3475; 4527,2,2,official_incident_id,2020
46037,incident:2020030901,2020-01-20 00:00:00+00:00,2023-05-11 00:00:00+00:00,Biological,3475; 4527,2,2,official_incident_id,2020
46039,incident:2020030901,2020-01-20 00:00:00+00:00,2023-05-11 00:00:00+00:00,Biological,3475; 4527,2,2,official_incident_id,2020
46041,incident:2020030901,2020-01-20 00:00:00+00:00,2023-05-11 00:00:00+00:00,Biological,3475; 3536; 4527,3,6,official_incident_id,2020
46043,incident:2020030901,2020-01-20 00:00:00+00:00,2023-05-11 00:00:00+00:00,Biological,3475; 4527,2,2,official_incident_id,2020
46045,incident:2020030901,2020-01-20 00:00:00+00:00,2023-05-11 00:00:00+00:00,Biological,3475; 4527,2,2,official_incident_id,2020
46047,incident:2020030901,2020-01-20 00:00:00+00:00,2023-05-11 00:00:00+00:00,Biological,3475; 4527,2,4,official_incident_id,2020
46049,incident:2020030901,2020-01-20 00:00:00+00:00,2023-05-11 00:00:00+00:00,Biological,3475; 4527,2,4,official_incident_id,2020
46051,incident:2020030901,2020-01-20 00:00:00+00:00,2023-05-11 00:00:00+00:00,Biological,3475; 4527,2,2,official_incident_id,2020
46053,incident:2020030901,2020-01-20 00:00:00+00:00,2023-05-11 00:00:00+00:00,Biological,3475; 4527,2,6,official_incident_id,2020
46055,incident:2020030901,2020-01-20 00:00:00+00:00,2023-05-11 00:00:00+00:00,Biological,3475; 3536; 4527,3,7,official_incident_id,2020
46057,incident:2020030901,2020-01-20 00:00:00+00:00,2023-05-11 00:00:00+00:00,Biological,3475; 4527,2,2,official_incident_id,2020
46059,incident:2020030901,2020-01-20 00:00:00+00:00,2023-05-11 00:00:00+00:00,Biological,3475; 4527,2,6,official_incident_id,2020
46061,incident:2020030901,2020-01-20 00:00:00+00:00,2023-05-11 00:00:00+00:00,Biological,3475; 4527,2,2,official_incident_id,2020
46063,incident:2020030901,2020-01-20 00:00:00+00:00,2023-05-11 00:00:00+00:00,Biological,3475; 4527,2,7,official_incident_id,2020
46065,incident:2020030901,2020-01-20 00:00:00+00:00,2023-05-11 00:00:00+00:00,Biological,3475; 4527,2,8,official_incident_id,2020
46067,incident:2020030901,2020-01-20 00:00:00+00:00,2023-05-11 00:00:00+00:00,Biological,3475; 4527,2,2,official_incident_id,2020
46069,incident:2020030901,2020-01-20 00:00:00+00:00,2023-05-11 00:00:00+00:00,Biological,3475; 4527,2,18,official_incident_id,2020
46071,incident:2020030901,2020-01-20 00:00:00+00:00,2023-05-11 00:00:00+00:00,Biological,3475; 4521; 4527,3,7,official_incident_id,2020
46073,incident:2020030901,2020-01-20 00:00:00+00:00,2023-05-11 00:00:00+00:00,Biological,3475; 4527,2,2,official_incident_id,2020
46075,incident:2020030901,2020-01-20 00:00:00+00:00,2023-05-11 00:00:00+00:00,Biological,3475; 4527,2,11,official_incident_id,2020
46079,incident:2020030901,2020-01-20 00:00:00+00:00,2023-05-11 00:00:00+00:00,Biological,3475; 4527,2,2,official_incident_id,2020
46081,incident:2020030901,2020-01-20 00:00:00+00:00,2023-05-11 00:00:00+00:00,Biological,3475; 4527,2,2,official_incident_id,2020
46083,incident:2020030901,2020-01-20 00:00:00+00:00,2023-05-11 00:00:00+00:00,Biological,3475; 4527,2,2,official_incident_id,2020
46085,incident:2020030901,2020-01-20 00:00:00+00:00,2023-05-11 00:00:00+00:00,Biological,3475; 4527,2,20,official_incident_id,2020
46087,incident:2020030901,2020-01-20 00:00:00+00:00,2023-05-11 00:00:00+00:00,Biological,3475; 4527,2,2,official_incident_id,2020
46089,incident:2020030901,2020-01-20 00:00:00+00:00,2023-05-11 00:00:00+00:00,Biological,3475; 4527,2,4,official_incident_id,2020
46091,incident:2020030901,2020-01-20 00:00:00+00:00,2023-05-11 00:00:00+00:00,Biological,3475; 4527,2,2,official_incident_id,2020
46093,incident:2020030901,2020-01-20 00:00:00+00:00,2023-05-11 00:00:00+00:00,Biological,3475; 3476; 3536; 4508; 4527,5,7,official_incident_id,2020
46095,incident:2020030901,2020-01-20 00:00:00+00:00,2023-05-11 00:00:00+00:00,Biological,3475; 4527,2,7,official_incident_id,2020
46095,incident:2022122101,2022-12-12 00:00:00+00:00,2022-12-25 00:00:00+00:00,Winter Storm,4687; 4689,2,2,official_incident_id,2022
46097,incident:2020030901,2020-01-20 00:00:00+00:00,2023-05-11 00:00:00+00:00,Biological,3475; 4527,2,2,official_incident_id,2020
46099,incident:2020030901,2020-01-20 00:00:00+00:00,2023-05-11 00:00:00+00:00,Biological,3475; 4527,2,2,official_incident_id,2020
46101,incident:2020030901,2020-01-20 00:00:00+00:00,2023-05-11 00:00:00+00:00,Biological,3475; 4527,2,4,official_incident_id,2020
46102,incident:2020030901,2020-01-20 00:00:00+00:00,2023-05-11 00:00:00+00:00,Biological,3475; 4521; 4527,3,3,official_incident_id,2020
46103,incident:2020030901,2020-01-20 00:00:00+00:00,2023-05-11 00:00:00+00:00,Biological,3475; 4527,2,2,official_incident_id,2020
46105,incident:2020030901,2020-01-20 00:00:00+00:00,2023-05-11 00:00:00+00:00,Biological,3475; 3477; 4509; 4527,4,9,official_incident_id,2020
46107,incident:2020030901,2020-01-20 00:00:00+00:00,2023-05-11 00:00:00+00:00,Biological,3475; 4527,2,27,official_incident_id,2020
46109,incident:2020030901,2020-01-20 00:00:00+00:00,2023-05-11 00:00:00+00:00,Biological,3475; 4527,2,2,official_incident_id,2020
46111,incident:2020030901,2020-01-20 00:00:00+00:00,2023-05-11 00:00:00+00:00,Biological,3475; 4527,2,2,official_incident_id,2020
46115,incident:2020030901,2020-01-20 00:00:00+00:00,2023-05-11 00:00:00+00:00,Biological,3475; 4527,2,2,official_incident_id,2020
46117,incident:2020030901,2020-01-20 00:00:00+00:00,2023-05-11 00:00:00+00:00,Biological,3475; 3536; 4527,3,7,official_incident_id,2020
46119,incident:2020030901,2020-01-20 00:00:00+00:00,2023-05-11 00:00:00+00:00,Biological,3475; 4527,2,2,official_incident_id,2020
46121,incident:2020030901,2020-01-20 00:00:00+00:00,2023-05-11 00:00:00+00:00,Biological,3475; 4527,2,4,official_incident_id,2020
46121,incident:2022122101,2022-12-12 00:00:00+00:00,2022-12-25 00:00:00+00:00,Winter Storm,4687; 4689,2,2,official_incident_id,2022
46123,incident:2020030901,2020-01-20 00:00:00+00:00,2023-05-11 00:00:00+00:00,Biological,3475; 4527,2,4,official_incident_id,2020
46123,incident:2022122101,2022-12-12 00:00:00+00:00,2022-12-25 00:00:00+00:00,Winter Storm,4687; 4689,2,2,official_incident_id,2022
46125,incident:2020030901,2020-01-20 00:00:00+00:00,2023-05-11 00:00:00+00:00,Biological,3475; 4527,2,2,official_incident_id,2020
46127,incident:2020030901,2020-01-20 00:00:00+00:00,2023-05-11 00:00:00+00:00,Biological,3475; 4527,2,2,official_incident_id,2020
46129,incident:2020030901,2020-01-20 00:00:00+00:00,2023-05-11 00:00:00+00:00,Biological,3475; 4527,2,2,official_incident_id,2020
46135,incident:2020030901,2020-01-20 00:00:00+00:00,2023-05-11 00:00:00+00:00,Biological,3475; 4527,2,4,official_incident_id,2020
46137,incident:2020030901,2020-01-20 00:00:00+00:00,2023-05-11 00:00:00+00:00,Biological,3475; 3536; 4527,3,6,official_incident_id,2020
47001,incident:2020030901,2020-01-20 00:00:00+00:00,2023-05-11 00:00:00+00:00,Biological,3473; 4514,2,2,official_incident_id,2020
47001,incident:2026012101,2026-01-22 00:00:00+00:00,2026-01-27 00:00:00+00:00,Winter Storm,3635; 4898,2,2,official_incident_id,2026
47003,incident:2020030901,2020-01-20 00:00:00+00:00,2023-05-11 00:00:00+00:00,Biological,3473; 4514,2,2,official_incident_id,2020
47003,incident:2026012101,2026-01-22 00:00:00+00:00,2026-01-27 00:00:00+00:00,Winter Storm,3635; 4898,2,2,official_incident_id,2026
47005,incident:2020030901,2020-01-20 00:00:00+00:00,2023-05-11 00:00:00+00:00,Biological,3473; 4514,2,2,official_incident_id,2020
47005,incident:2026012101,2026-01-22 00:00:00+00:00,2026-01-27 00:00:00+00:00,Winter Storm,3635; 4898,2,2,official_incident_id,2026
47007,incident:2020030901,2020-01-20 00:00:00+00:00,2023-05-11 00:00:00+00:00,Biological,3473; 4514,2,2,official_incident_id,2020
47007,incident:2026012101,2026-01-22 00:00:00+00:00,2026-01-27 00:00:00+00:00,Winter Storm,3635; 4898,2,2,official_incident_id,2026
47009,incident:2020030901,2020-01-20 00:00:00+00:00,2023-05-11 00:00:00+00:00,Biological,3473; 4514,2,2,official_incident_id,2020
47009,incident:2026012101,2026-01-22 00:00:00+00:00,2026-01-27 00:00:00+00:00,Winter Storm,3635; 4898,2,2,official_incident_id,2026
47011,incident:2020030901,2020-01-20 00:00:00+00:00,2023-05-11 00:00:00+00:00,Biological,3473; 4514,2,2,official_incident_id,2020
47011,incident:2026012101,2026-01-22 00:00:00+00:00,2026-01-27 00:00:00+00:00,Winter Storm,3635; 4898,2,2,official_incident_id,2026
47013,incident:2020030901,2020-01-20 00:00:00+00:00,2023-05-11 00:00:00+00:00,Biological,3473; 4514,2,2,official_incident_id,2020
47013,incident:2026012101,2026-01-22 00:00:00+00:00,2026-01-27 00:00:00+00:00,Winter Storm,3635; 4898,2,2,official_incident_id,2026
47015,incident:2020030901,2020-01-20 00:00:00+00:00,2023-05-11 00:00:00+00:00,Biological,3473; 4514,2,2,official_incident_id,2020
47015,incident:2026012101,2026-01-22 00:00:00+00:00,2026-01-27 00:00:00+00:00,Winter Storm,3635; 4898,2,2,official_incident_id,2026
47017,incident:2020030901,2020-01-20 00:00:00+00:00,2023-05-11 00:00:00+00:00,Biological,3473; 4514,2,2,official_incident_id,2020
47017,incident:2025040102,2025-04-02 00:00:00+00:00,2025-04-24 00:00:00+00:00,Severe Storm,3625; 4878,2,2,official_incident_id,2025
47017,incident:2026012101,2026-01-22 00:00:00+00:00,2026-01-27 00:00:00+00:00,Winter Storm,3635; 4898,2,2,official_incident_id,2026
47019,incident:2020030901,2020-01-20 00:00:00+00:00,2023-05-11 00:00:00+00:00,Biological,3473; 4514,2,2,official_incident_id,2020
47019,incident:2024092301,2024-09-26 00:00:00+00:00,2024-09-30 00:00:00+00:00,Tropical Storm,3620; 4832,2,2,official_incident_id,2024
47019,incident:2026012101,2026-01-22 00:00:00+00:00,2026-01-27 00:00:00+00:00,Winter Storm,3635; 4898,2,2,official_incident_id,2026
47021,incident:2020030901,2020-01-20 00:00:00+00:00,2023-05-11 00:00:00+00:00,Biological,3473; 4514,2,2,official_incident_id,2020
47021,incident:2021121201,2021-12-10 00:00:00+00:00,2021-12-11 00:00:00+00:00,Tornado,3576; 4637,2,2,official_incident_id,2021
47021,incident:2025040102,2025-04-02 00:00:00+00:00,2025-04-24 00:00:00+00:00,Severe Storm,3625; 4878,2,2,official_incident_id,2025
47021,incident:2026012101,2026-01-22 00:00:00+00:00,2026-01-27 00:00:00+00:00,Winter Storm,3635; 4898,2,2,official_incident_id,2026
47023,incident:2020030901,2020-01-20 00:00:00+00:00,2023-05-11 00:00:00+00:00,Biological,3473; 4514,2,2,official_incident_id,2020
47023,incident:2026012101,2026-01-22 00:00:00+00:00,2026-01-27 00:00:00+00:00,Winter Storm,3635; 4898,2,2,official_incident_id,2026
47025,incident:2020030901,2020-01-20 00:00:00+00:00,2023-05-11 00:00:00+00:00,Biological,3473; 4514,2,2,official_incident_id,2020
47025,incident:2026012101,2026-01-22 00:00:00+00:00,2026-01-27 00:00:00+00:00,Winter Storm,3635; 4898,2,2,official_incident_id,2026
47027,incident:2020030901,2020-01-20 00:00:00+00:00,2023-05-11 00:00:00+00:00,Biological,3473; 4514,2,2,official_incident_id,2020
47027,incident:2026012101,2026-01-22 00:00:00+00:00,2026-01-27 00:00:00+00:00,Winter Storm,3635; 4898,2,2,official_incident_id,2026
47029,incident:2020030901,2020-01-20 00:00:00+00:00,2023-05-11 00:00:00+00:00,Biological,3473; 4514,2,2,official_incident_id,2020
47029,incident:2024092301,2024-09-26 00:00:00+00:00,2024-09-30 00:00:00+00:00,Tropical Storm,3620; 4832,2,2,official_incident_id,2024
47029,incident:2026012101,2026-01-22 00:00:00+00:00,2026-01-27 00:00:00+00:00,Winter Storm,3635; 4898,2,2,official_incident_id,2026
47031,incident:2020030901,2020-01-20 00:00:00+00:00,2023-05-11 00:00:00+00:00,Biological,3473; 4514,2,2,official_incident_id,2020
47031,incident:2026012101,2026-01-22 00:00:00+00:00,2026-01-27 00:00:00+00:00,Winter Storm,3635; 4898,2,2,official_incident_id,2026
47033,incident:2020030901,2020-01-20 00:00:00+00:00,2023-05-11 00:00:00+00:00,Biological,3473; 4514,2,2,official_incident_id,2020
47033,incident:2025040102,2025-04-02 00:00:00+00:00,2025-04-24 00:00:00+00:00,Severe Storm,3625; 4878,2,2,official_incident_id,2025
47033,incident:2026012101,2026-01-22 00:00:00+00:00,2026-01-27 00:00:00+00:00,Winter Storm,3635; 4898,2,2,official_incident_id,2026
47035,incident:2020030901,2020-01-20 00:00:00+00:00,2023-05-11 00:00:00+00:00,Biological,3473; 4514,2,2,official_incident_id,2020
47035,incident:2026012101,2026-01-22 00:00:00+00:00,2026-01-27 00:00:00+00:00,Winter Storm,3635; 4898,2,2,official_incident_id,2026
47037,incident:2020030901,2020-01-20 00:00:00+00:00,2023-05-11 00:00:00+00:00,Biological,3473; 4514,2,2,official_incident_id,2020
47037,incident:2025040102,2025-04-02 00:00:00+00:00,2025-04-24 00:00:00+00:00,Severe Storm,3625; 4878,2,2,official_incident_id,2025
47037,incident:2026012101,2026-01-22 00:00:00+00:00,2026-01-27 00:00:00+00:00,Winter Storm,3635; 4898,2,2,official_incident_id,2026
47039,incident:2020030901,2020-01-20 00:00:00+00:00,2023-05-11 00:00:00+00:00,Biological,3473; 4514,2,2,official_incident_id,2020
47039,incident:2021121201,2021-12-10 00:00:00+00:00,2021-12-11 00:00:00+00:00,Tornado,3576; 4637,2,2,official_incident_id,2021
47039,incident:2025040102,2025-04-02 00:00:00+00:00,2025-04-24 00:00:00+00:00,Severe Storm,3625; 4878,2,2,official_incident_id,2025
47039,incident:2026012101,2026-01-22 00:00:00+00:00,2026-01-27 00:00:00+00:00,Winter Storm,3635; 4898,2,2,official_incident_id,2026
47041,incident:2020030901,2020-01-20 00:00:00+00:00,2023-05-11 00:00:00+00:00,Biological,3473; 4514,2,2,official_incident_id,2020
47041,incident:2026012101,2026-01-22 00:00:00+00:00,2026-01-27 00:00:00+00:00,Winter Storm,3635; 4898,2,2,official_incident_id,2026
47043,incident:2020030901,2020-01-20 00:00:00+00:00,2023-05-11 00:00:00+00:00,Biological,3473; 4514,2,2,official_incident_id,2020
47043,incident:2021121201,2021-12-10 00:00:00+00:00,2021-12-11 00:00:00+00:00,Tornado,3576; 4637,2,2,official_incident_id,2021
47043,incident:2025040102,2025-04-02 00:00:00+00:00,2025-04-24 00:00:00+00:00,Severe Storm,3625; 4878,2,2,official_incident_id,2025
47043,incident:2026012101,2026-01-22 00:00:00+00:00,2026-01-27 00:00:00+00:00,Winter Storm,3635; 4898,2,2,official_incident_id,2026
47045,incident:2020030901,2020-01-20 00:00:00+00:00,2023-05-11 00:00:00+00:00,Biological,3473; 4514,2,2,official_incident_id,2020
47045,incident:2021121201,2021-12-10 00:00:00+00:00,2021-12-11 00:00:00+00:00,Tornado,3576; 4637,2,2,official_incident_id,2021
47045,incident:2025040102,2025-04-02 00:00:00+00:00,2025-04-24 00:00:00+00:00,Severe Storm,3625; 4878,2,2,official_incident_id,2025
47045,incident:2026012101,2026-01-22 00:00:00+00:00,2026-01-27 00:00:00+00:00,Winter Storm,3635; 4898,2,2,official_incident_id,2026
47047,incident:2020030901,2020-01-20 00:00:00+00:00,2023-05-11 00:00:00+00:00,Biological,3473; 4514,2,2,official_incident_id,2020
47047,incident:2025040102,2025-04-02 00:00:00+00:00,2025-04-24 00:00:00+00:00,Severe Storm,3625; 4878,2,2,official_incident_id,2025
47047,incident:2026012101,2026-01-22 00:00:00+00:00,2026-01-27 00:00:00+00:00,Winter Storm,3635; 4898,2,2,official_incident_id,2026
47049,incident:2020030901,2020-01-20 00:00:00+00:00,2023-05-11 00:00:00+00:00,Biological,3473; 4514,2,2,official_incident_id,2020
47049,incident:2026012101,2026-01-22 00:00:00+00:00,2026-01-27 00:00:00+00:00,Winter Storm,3635; 4898,2,2,official_incident_id,2026
47051,incident:2020030901,2020-01-20 00:00:00+00:00,2023-05-11 00:00:00+00:00,Biological,3473; 4514,2,2,official_incident_id,2020
47051,incident:2026012101,2026-01-22 00:00:00+00:00,2026-01-27 00:00:00+00:00,Winter Storm,3635; 4898,2,2,official_incident_id,2026
47053,incident:2020030901,2020-01-20 00:00:00+00:00,2023-05-11 00:00:00+00:00,Biological,3473; 4514,2,2,official_incident_id,2020
47053,incident:2021121201,2021-12-10 00:00:00+00:00,2021-12-11 00:00:00+00:00,Tornado,3576; 4637,2,2,official_incident_id,2021
47053,incident:2025040102,2025-04-02 00:00:00+00:00,2025-04-24 00:00:00+00:00,Severe Storm,3625; 4878,2,2,official_incident_id,2025
47053,incident:2026012101,2026-01-22 00:00:00+00:00,2026-01-27 00:00:00+00:00,Winter Storm,3635; 4898,2,2,official_incident_id,2026
47055,incident:2020030901,2020-01-20 00:00:00+00:00,2023-05-11 00:00:00+00:00,Biological,3473; 4514,2,2,official_incident_id,2020
47055,incident:2026012101,2026-01-22 00:00:00+00:00,2026-01-27 00:00:00+00:00,Winter Storm,3635; 4898,2,2,official_incident_id,2026
47057,incident:2020030901,2020-01-20 00:00:00+00:00,2023-05-11 00:00:00+00:00,Biological,3473; 4514,2,2,official_incident_id,2020
47057,incident:2026012101,2026-01-22 00:00:00+00:00,2026-01-27 00:00:00+00:00,Winter Storm,3635; 4898,2,2,official_incident_id,2026
47059,incident:2020030901,2020-01-20 00:00:00+00:00,2023-05-11 00:00:00+00:00,Biological,3473; 4514,2,2,official_incident_id,2020
47059,incident:2024092301,2024-09-26 00:00:00+00:00,2024-09-30 00:00:00+00:00,Tropical Storm,3620; 4832,2,2,official_incident_id,2024
47059,incident:2026012101,2026-01-22 00:00:00+00:00,2026-01-27 00:00:00+00:00,Winter Storm,3635; 4898,2,2,official_incident_id,2026
47061,incident:2020030901,2020-01-20 00:00:00+00:00,2023-05-11 00:00:00+00:00,Biological,3473; 4514,2,2,official_incident_id,2020
47061,incident:2025040102,2025-04-02 00:00:00+00:00,2025-04-24 00:00:00+00:00,Severe Storm,3625; 4878,2,2,official_incident_id,2025
47061,incident:2026012101,2026-01-22 00:00:00+00:00,2026-01-27 00:00:00+00:00,Winter Storm,3635; 4898,2,2,official_incident_id,2026
47063,incident:2020030901,2020-01-20 00:00:00+00:00,2023-05-11 00:00:00+00:00,Biological,3473; 4514,2,2,official_incident_id,2020
47063,incident:2024092301,2024-09-26 00:00:00+00:00,2024-09-30 00:00:00+00:00,Tropical Storm,3620; 4832,2,2,official_incident_id,2024
47063,incident:2026012101,2026-01-22 00:00:00+00:00,2026-01-27 00:00:00+00:00,Winter Storm,3635; 4898,2,2,official_incident_id,2026
47065,incident:2020030901,2020-01-20 00:00:00+00:00,2023-05-11 00:00:00+00:00,Biological,3473; 4514,2,2,official_incident_id,2020
47065,incident:2026012101,2026-01-22 00:00:00+00:00,2026-01-27 00:00:00+00:00,Winter Storm,3635; 4898,2,2,official_incident_id,2026
47067,incident:2020030901,2020-01-20 00:00:00+00:00,2023-05-11 00:00:00+00:00,Biological,3473; 4514,2,2,official_incident_id,2020
47067,incident:2026012101,2026-01-22 00:00:00+00:00,2026-01-27 00:00:00+00:00,Winter Storm,3635; 4898,2,2,official_incident_id,2026
47069,incident:2020030901,2020-01-20 00:00:00+00:00,2023-05-11 00:00:00+00:00,Biological,3473; 4514,2,2,official_incident_id,2020
47069,incident:2025040102,2025-04-02 00:00:00+00:00,2025-04-24 00:00:00+00:00,Severe Storm,3625; 4878,2,2,official_incident_id,2025
47069,incident:2026012101,2026-01-22 00:00:00+00:00,2026-01-27 00:00:00+00:00,Winter Storm,3635; 4898,2,2,official_incident_id,2026
47071,incident:2020030901,2020-01-20 00:00:00+00:00,2023-05-11 00:00:00+00:00,Biological,3473; 4514,2,2,official_incident_id,2020
47071,incident:2025040102,2025-04-02 00:00:00+00:00,2025-04-24 00:00:00+00:00,Severe Storm,3625; 4878,2,2,official_incident_id,2025
47071,incident:2026012101,2026-01-22 00:00:00+00:00,2026-01-27 00:00:00+00:00,Winter Storm,3635; 4898,2,2,official_incident_id,2026
47073,incident:2020030901,2020-01-20 00:00:00+00:00,2023-05-11 00:00:00+00:00,Biological,3473; 4514,2,2,official_incident_id,2020
47073,incident:2024092301,2024-09-26 00:00:00+00:00,2024-09-30 00:00:00+00:00,Tropical Storm,3620; 4832,2,2,official_incident_id,2024
47073,incident:2026012101,2026-01-22 00:00:00+00:00,2026-01-27 00:00:00+00:00,Winter Storm,3635; 4898,2,2,official_incident_id,2026
47075,incident:2020030901,2020-01-20 00:00:00+00:00,2023-05-11 00:00:00+00:00,Biological,3473; 4514,2,2,official_incident_id,2020
47075,incident:2025040102,2025-04-02 00:00:00+00:00,2025-04-24 00:00:00+00:00,Severe Storm,3625; 4878,2,2,official_incident_id,2025
47075,incident:2026012101,2026-01-22 00:00:00+00:00,2026-01-27 00:00:00+00:00,Winter Storm,3635; 4898,2,2,official_incident_id,2026
47077,incident:2020030901,2020-01-20 00:00:00+00:00,2023-05-11 00:00:00+00:00,Biological,3473; 4514,2,2,official_incident_id,2020
47077,incident:2025040102,2025-04-02 00:00:00+00:00,2025-04-24 00:00:00+00:00,Severe Storm,3625; 4878,2,2,official_incident_id,2025
47077,incident:2026012101,2026-01-22 00:00:00+00:00,2026-01-27 00:00:00+00:00,Winter Storm,3635; 4898,2,2,official_incident_id,2026
47079,incident:2020030901,2020-01-20 00:00:00+00:00,2023-05-11 00:00:00+00:00,Biological,3473; 4514,2,2,official_incident_id,2020
47079,incident:2025040102,2025-04-02 00:00:00+00:00,2025-04-24 00:00:00+00:00,Severe Storm,3625; 4878,2,2,official_incident_id,2025
47079,incident:2026012101,2026-01-22 00:00:00+00:00,2026-01-27 00:00:00+00:00,Winter Storm,3635; 4898,2,2,official_incident_id,2026
47081,incident:2020030901,2020-01-20 00:00:00+00:00,2023-05-11 00:00:00+00:00,Biological,3473; 4514,2,2,official_incident_id,2020
47081,incident:2025040102,2025-04-02 00:00:00+00:00,2025-04-24 00:00:00+00:00,Severe Storm,3625; 4878,2,2,official_incident_id,2025
47081,incident:2026012101,2026-01-22 00:00:00+00:00,2026-01-27 00:00:00+00:00,Winter Storm,3635; 4898,2,2,official_incident_id,2026
47083,incident:2020030901,2020-01-20 00:00:00+00:00,2023-05-11 00:00:00+00:00,Biological,3473; 4514,2,2,official_incident_id,2020
47083,incident:2025040102,2025-04-02 00:00:00+00:00,2025-04-24 00:00:00+00:00,Severe Storm,3625; 4878,2,2,official_incident_id,2025
47083,incident:2026012101,2026-01-22 00:00:00+00:00,2026-01-27 00:00:00+00:00,Winter Storm,3635; 4898,2,2,official_incident_id,2026
47085,incident:2020030901,2020-01-20 00:00:00+00:00,2023-05-11 00:00:00+00:00,Biological,3473; 4514,2,2,official_incident_id,2020
47085,incident:2025040102,2025-04-02 00:00:00+00:00,2025-04-24 00:00:00+00:00,Severe Storm,3625; 4878,2,2,official_incident_id,2025
47085,incident:2026012101,2026-01-22 00:00:00+00:00,2026-01-27 00:00:00+00:00,Winter Storm,3635; 4898,2,2,official_incident_id,2026
47087,incident:2020030901,2020-01-20 00:00:00+00:00,2023-05-11 00:00:00+00:00,Biological,3473; 4514,2,2,official_incident_id,2020
47087,incident:2026012101,2026-01-22 00:00:00+00:00,2026-01-27 00:00:00+00:00,Winter Storm,3635; 4898,2,2,official_incident_id,2026
47089,incident:2020030901,2020-01-20 00:00:00+00:00,2023-05-11 00:00:00+00:00,Biological,3473; 4514,2,2,official_incident_id,2020
47089,incident:2026012101,2026-01-22 00:00:00+00:00,2026-01-27 00:00:00+00:00,Winter Storm,3635; 4898,2,2,official_incident_id,2026
47091,incident:2020030901,2020-01-20 00:00:00+00:00,2023-05-11 00:00:00+00:00,Biological,3473; 4514,2,2,official_incident_id,2020
47091,incident:2024092301,2024-09-26 00:00:00+00:00,2024-09-30 00:00:00+00:00,Tropical Storm,3620; 4832,2,2,official_incident_id,2024
47091,incident:2026012101,2026-01-22 00:00:00+00:00,2026-01-27 00:00:00+00:00,Winter Storm,3635; 4898,2,2,official_incident_id,2026
47093,incident:2020030901,2020-01-20 00:00:00+00:00,2023-05-11 00:00:00+00:00,Biological,3473; 4514,2,2,official_incident_id,2020
47093,incident:2026012101,2026-01-22 00:00:00+00:00,2026-01-27 00:00:00+00:00,Winter Storm,3635; 4898,2,2,official_incident_id,2026
47095,incident:2020030901,2020-01-20 00:00:00+00:00,2023-05-11 00:00:00+00:00,Biological,3473; 4514,2,2,official_incident_id,2020
47095,incident:2021121201,2021-12-10 00:00:00+00:00,2021-12-11 00:00:00+00:00,Tornado,3576; 4637,2,2,official_incident_id,2021
47095,incident:2026012101,2026-01-22 00:00:00+00:00,2026-01-27 00:00:00+00:00,Winter Storm,3635; 4898,2,2,official_incident_id,2026
47097,incident:2020030901,2020-01-20 00:00:00+00:00,2023-05-11 00:00:00+00:00,Biological,3473; 3474; 4514; 4528,4,4,official_incident_id,2020
47097,incident:2025040102,2025-04-02 00:00:00+00:00,2025-04-24 00:00:00+00:00,Severe Storm,3625; 4878,2,2,official_incident_id,2025
47097,incident:2026012101,2026-01-22 00:00:00+00:00,2026-01-27 00:00:00+00:00,Winter Storm,3635; 3640; 4898; 4899,4,4,official_incident_id,2026
47099,incident:2020030901,2020-01-20 00:00:00+00:00,2023-05-11 00:00:00+00:00,Biological,3473; 4514,2,2,official_incident_id,2020
47099,incident:2026012101,2026-01-22 00:00:00+00:00,2026-01-27 00:00:00+00:00,Winter Storm,3635; 4898,2,2,official_incident_id,2026
47101,incident:2020030901,2020-01-20 00:00:00+00:00,2023-05-11 00:00:00+00:00,Biological,3473; 4514,2,2,official_incident_id,2020
47101,incident:2025040102,2025-04-02 00:00:00+00:00,2025-04-24 00:00:00+00:00,Severe Storm,3625; 4878,2,2,official_incident_id,2025
47101,incident:2026012101,2026-01-22 00:00:00+00:00,2026-01-27 00:00:00+00:00,Winter Storm,3635; 4898,2,2,official_incident_id,2026
47103,incident:2020030901,2020-01-20 00:00:00+00:00,2023-05-11 00:00:00+00:00,Biological,3473; 4514,2,2,official_incident_id,2020
47103,incident:2026012101,2026-01-22 00:00:00+00:00,2026-01-27 00:00:00+00:00,Winter Storm,3635; 4898,2,2,official_incident_id,2026
47105,incident:2020030901,2020-01-20 00:00:00+00:00,2023-05-11 00:00:00+00:00,Biological,3473; 4514,2,2,official_incident_id,2020
47105,incident:2026012101,2026-01-22 00:00:00+00:00,2026-01-27 00:00:00+00:00,Winter Storm,3635; 4898,2,2,official_incident_id,2026
47107,incident:2020030901,2020-01-20 00:00:00+00:00,2023-05-11 00:00:00+00:00,Biological,3473; 4514,2,2,official_incident_id,2020
47107,incident:2026012101,2026-01-22 00:00:00+00:00,2026-01-27 00:00:00+00:00,Winter Storm,3635; 4898,2,2,official_incident_id,2026
47109,incident:2020030901,2020-01-20 00:00:00+00:00,2023-05-11 00:00:00+00:00,Biological,3473; 4514,2,2,official_incident_id,2020
47109,incident:2025040102,2025-04-02 00:00:00+00:00,2025-04-24 00:00:00+00:00,Severe Storm,3625; 4878,2,2,official_incident_id,2025
47109,incident:2026012101,2026-01-22 00:00:00+00:00,2026-01-27 00:00:00+00:00,Winter Storm,3635; 4898,2,2,official_incident_id,2026
47111,incident:2020030901,2020-01-20 00:00:00+00:00,2023-05-11 00:00:00+00:00,Biological,3473; 4514,2,2,official_incident_id,2020
47111,incident:2026012101,2026-01-22 00:00:00+00:00,2026-01-27 00:00:00+00:00,Winter Storm,3635; 4898,2,2,official_incident_id,2026
47113,incident:2020030901,2020-01-20 00:00:00+00:00,2023-05-11 00:00:00+00:00,Biological,3473; 4514,2,2,official_incident_id,2020
47113,incident:2025040102,2025-04-02 00:00:00+00:00,2025-04-24 00:00:00+00:00,Severe Storm,3625; 4878,2,2,official_incident_id,2025
47113,incident:2026012101,2026-01-22 00:00:00+00:00,2026-01-27 00:00:00+00:00,Winter Storm,3635; 4898,2,2,official_incident_id,2026
47115,incident:2020030901,2020-01-20 00:00:00+00:00,2023-05-11 00:00:00+00:00,Biological,3473; 4514,2,2,official_incident_id,2020
47115,incident:2026012101,2026-01-22 00:00:00+00:00,2026-01-27 00:00:00+00:00,Winter Storm,3635; 4898,2,2,official_incident_id,2026
47117,incident:2020030901,2020-01-20 00:00:00+00:00,2023-05-11 00:00:00+00:00,Biological,3473; 4514,2,2,official_incident_id,2020
47117,incident:2026012101,2026-01-22 00:00:00+00:00,2026-01-27 00:00:00+00:00,Winter Storm,3635; 4898,2,2,official_incident_id,2026
47119,incident:2020030901,2020-01-20 00:00:00+00:00,2023-05-11 00:00:00+00:00,Biological,3473; 4514,2,2,official_incident_id,2020
47119,incident:2026012101,2026-01-22 00:00:00+00:00,2026-01-27 00:00:00+00:00,Winter Storm,3635; 4898,2,2,official_incident_id,2026
47121,incident:2020030901,2020-01-20 00:00:00+00:00,2023-05-11 00:00:00+00:00,Biological,3473; 4514,2,2,official_incident_id,2020
47121,incident:2026012101,2026-01-22 00:00:00+00:00,2026-01-27 00:00:00+00:00,Winter Storm,3635; 4898,2,2,official_incident_id,2026
47123,incident:2020030901,2020-01-20 00:00:00+00:00,2023-05-11 00:00:00+00:00,Biological,3473; 4514,2,2,official_incident_id,2020
47123,incident:2026012101,2026-01-22 00:00:00+00:00,2026-01-27 00:00:00+00:00,Winter Storm,3635; 4898,2,2,official_incident_id,2026
47125,incident:2020030901,2020-01-20 00:00:00+00:00,2023-05-11 00:00:00+00:00,Biological,3473; 4514,2,2,official_incident_id,2020
47125,incident:2025040102,2025-04-02 00:00:00+00:00,2025-04-24 00:00:00+00:00,Severe Storm,3625; 4878,2,2,official_incident_id,2025
47125,incident:2026012101,2026-01-22 00:00:00+00:00,2026-01-27 00:00:00+00:00,Winter Storm,3635; 4898,2,2,official_incident_id,2026
47127,incident:2020030901,2020-01-20 00:00:00+00:00,2023-05-11 00:00:00+00:00,Biological,3473; 4514,2,2,official_incident_id,2020
47127,incident:2026012101,2026-01-22 00:00:00+00:00,2026-01-27 00:00:00+00:00,Winter Storm,3635; 4898,2,2,official_incident_id,2026
47129,incident:2020030901,2020-01-20 00:00:00+00:00,2023-05-11 00:00:00+00:00,Biological,3473; 4514,2,2,official_incident_id,2020
47129,incident:2026012101,2026-01-22 00:00:00+00:00,2026-01-27 00:00:00+00:00,Winter Storm,3635; 4898,2,2,official_incident_id,2026
47131,incident:2020030901,2020-01-20 00:00:00+00:00,2023-05-11 00:00:00+00:00,Biological,3473; 4514,2,2,official_incident_id,2020
47131,incident:2021121201,2021-12-10 00:00:00+00:00,2021-12-11 00:00:00+00:00,Tornado,3576; 4637,2,2,official_incident_id,2021
47131,incident:2025040102,2025-04-02 00:00:00+00:00,2025-04-24 00:00:00+00:00,Severe Storm,3625; 4878,2,2,official_incident_id,2025
47131,incident:2026012101,2026-01-22 00:00:00+00:00,2026-01-27 00:00:00+00:00,Winter Storm,3635; 4898,2,2,official_incident_id,2026
47133,incident:2020030901,2020-01-20 00:00:00+00:00,2023-05-11 00:00:00+00:00,Biological,3473; 4514,2,2,official_incident_id,2020
47133,incident:2026012101,2026-01-22 00:00:00+00:00,2026-01-27 00:00:00+00:00,Winter Storm,3635; 4898,2,2,official_incident_id,2026
47135,incident:2020030901,2020-01-20 00:00:00+00:00,2023-05-11 00:00:00+00:00,Biological,3473; 4514,2,2,official_incident_id,2020
47135,incident:2025040102,2025-04-02 00:00:00+00:00,2025-04-24 00:00:00+00:00,Severe Storm,3625; 4878,2,2,official_incident_id,2025
47135,incident:2026012101,2026-01-22 00:00:00+00:00,2026-01-27 00:00:00+00:00,Winter Storm,3635; 4898,2,2,official_incident_id,2026
47137,incident:2020030901,2020-01-20 00:00:00+00:00,2023-05-11 00:00:00+00:00,Biological,3473; 4514,2,2,official_incident_id,2020
47137,incident:2026012101,2026-01-22 00:00:00+00:00,2026-01-27 00:00:00+00:00,Winter Storm,3635; 4898,2,2,official_incident_id,2026
47139,incident:2020030901,2020-01-20 00:00:00+00:00,2023-05-11 00:00:00+00:00,Biological,3473; 4514,2,2,official_incident_id,2020
47139,incident:2026012101,2026-01-22 00:00:00+00:00,2026-01-27 00:00:00+00:00,Winter Storm,3635; 4898,2,2,official_incident_id,2026
47141,incident:2020030901,2020-01-20 00:00:00+00:00,2023-05-11 00:00:00+00:00,Biological,3473; 4514,2,2,official_incident_id,2020
47141,incident:2026012101,2026-01-22 00:00:00+00:00,2026-01-27 00:00:00+00:00,Winter Storm,3635; 4898,2,2,official_incident_id,2026
47143,incident:2020030901,2020-01-20 00:00:00+00:00,2023-05-11 00:00:00+00:00,Biological,3473; 4514,2,2,official_incident_id,2020
47143,incident:2026012101,2026-01-22 00:00:00+00:00,2026-01-27 00:00:00+00:00,Winter Storm,3635; 4898,2,2,official_incident_id,2026
47145,incident:2020030901,2020-01-20 00:00:00+00:00,2023-05-11 00:00:00+00:00,Biological,3473; 4514,2,2,official_incident_id,2020
47145,incident:2026012101,2026-01-22 00:00:00+00:00,2026-01-27 00:00:00+00:00,Winter Storm,3635; 4898,2,2,official_incident_id,2026
47147,incident:2020030901,2020-01-20 00:00:00+00:00,2023-05-11 00:00:00+00:00,Biological,3473; 4514,2,2,official_incident_id,2020
47147,incident:2026012101,2026-01-22 00:00:00+00:00,2026-01-27 00:00:00+00:00,Winter Storm,3635; 4898,2,2,official_incident_id,2026
47149,incident:2020030901,2020-01-20 00:00:00+00:00,2023-05-11 00:00:00+00:00,Biological,3473; 4514,2,2,official_incident_id,2020
47149,incident:2026012101,2026-01-22 00:00:00+00:00,2026-01-27 00:00:00+00:00,Winter Storm,3635; 4898,2,2,official_incident_id,2026
47151,incident:2020030901,2020-01-20 00:00:00+00:00,2023-05-11 00:00:00+00:00,Biological,3473; 4514,2,2,official_incident_id,2020
47151,incident:2026012101,2026-01-22 00:00:00+00:00,2026-01-27 00:00:00+00:00,Winter Storm,3635; 4898,2,2,official_incident_id,2026
47153,incident:2020030901,2020-01-20 00:00:00+00:00,2023-05-11 00:00:00+00:00,Biological,3473; 4514,2,2,official_incident_id,2020
47153,incident:2026012101,2026-01-22 00:00:00+00:00,2026-01-27 00:00:00+00:00,Winter Storm,3635; 4898,2,2,official_incident_id,2026
47155,incident:2020030901,2020-01-20 00:00:00+00:00,2023-05-11 00:00:00+00:00,Biological,3473; 4514,2,2,official_incident_id,2020
47155,incident:2026012101,2026-01-22 00:00:00+00:00,2026-01-27 00:00:00+00:00,Winter Storm,3635; 4898,2,2,official_incident_id,2026
47157,incident:2020030901,2020-01-20 00:00:00+00:00,2023-05-11 00:00:00+00:00,Biological,3473; 4514,2,2,official_incident_id,2020
47157,incident:2025040102,2025-04-02 00:00:00+00:00,2025-04-24 00:00:00+00:00,Severe Storm,3625; 4878,2,2,official_incident_id,2025
47157,incident:2026012101,2026-01-22 00:00:00+00:00,2026-01-27 00:00:00+00:00,Winter Storm,3635; 4898,2,2,official_incident_id,2026
47159,incident:2020030901,2020-01-20 00:00:00+00:00,2023-05-11 00:00:00+00:00,Biological,3473; 4514,2,2,official_incident_id,2020
47159,incident:2026012101,2026-01-22 00:00:00+00:00,2026-01-27 00:00:00+00:00,Winter Storm,3635; 4898,2,2,official_incident_id,2026
47161,incident:2020030901,2020-01-20 00:00:00+00:00,2023-05-11 00:00:00+00:00,Biological,3473; 4514,2,2,official_incident_id,2020
47161,incident:2021121201,2021-12-10 00:00:00+00:00,2021-12-11 00:00:00+00:00,Tornado,3576; 4637,2,2,official_incident_id,2021
47161,incident:2025040102,2025-04-02 00:00:00+00:00,2025-04-24 00:00:00+00:00,Severe Storm,3625; 4878,2,2,official_incident_id,2025
47161,incident:2026012101,2026-01-22 00:00:00+00:00,2026-01-27 00:00:00+00:00,Winter Storm,3635; 4898,2,2,official_incident_id,2026
47163,incident:2020030901,2020-01-20 00:00:00+00:00,2023-05-11 00:00:00+00:00,Biological,3473; 4514,2,2,official_incident_id,2020
47163,incident:2026012101,2026-01-22 00:00:00+00:00,2026-01-27 00:00:00+00:00,Winter Storm,3635; 4898,2,2,official_incident_id,2026
47165,incident:2020030901,2020-01-20 00:00:00+00:00,2023-05-11 00:00:00+00:00,Biological,3473; 4514,2,2,official_incident_id,2020
47165,incident:2026012101,2026-01-22 00:00:00+00:00,2026-01-27 00:00:00+00:00,Winter Storm,3635; 4898,2,2,official_incident_id,2026
47167,incident:2020030901,2020-01-20 00:00:00+00:00,2023-05-11 00:00:00+00:00,Biological,3473; 4514,2,2,official_incident_id,2020
47167,incident:2025040102,2025-04-02 00:00:00+00:00,2025-04-24 00:00:00+00:00,Severe Storm,3625; 4878,2,2,official_incident_id,2025
47167,incident:2026012101,2026-01-22 00:00:00+00:00,2026-01-27 00:00:00+00:00,Winter Storm,3635; 4898,2,2,official_incident_id,2026
47169,incident:2020030901,2020-01-20 00:00:00+00:00,2023-05-11 00:00:00+00:00,Biological,3473; 4514,2,2,official_incident_id,2020
47169,incident:2026012101,2026-01-22 00:00:00+00:00,2026-01-27 00:00:00+00:00,Winter Storm,3635; 4898,2,2,official_incident_id,2026
47171,incident:2020030901,2020-01-20 00:00:00+00:00,2023-05-11 00:00:00+00:00,Biological,3473; 4514,2,2,official_incident_id,2020
47171,incident:2024092301,2024-09-26 00:00:00+00:00,2024-09-30 00:00:00+00:00,Tropical Storm,3620; 4832,2,2,official_incident_id,2024
47171,incident:2026012101,2026-01-22 00:00:00+00:00,2026-01-27 00:00:00+00:00,Winter Storm,3635; 4898,2,2,official_incident_id,2026
47173,incident:2020030901,2020-01-20 00:00:00+00:00,2023-05-11 00:00:00+00:00,Biological,3473; 4514,2,2,official_incident_id,2020
47173,incident:2026012101,2026-01-22 00:00:00+00:00,2026-01-27 00:00:00+00:00,Winter Storm,3635; 4898,2,2,official_incident_id,2026
47175,incident:2020030901,2020-01-20 00:00:00+00:00,2023-05-11 00:00:00+00:00,Biological,3473; 4514,2,2,official_incident_id,2020
47175,incident:2026012101,2026-01-22 00:00:00+00:00,2026-01-27 00:00:00+00:00,Winter Storm,3635; 4898,2,2,official_incident_id,2026
47177,incident:2020030901,2020-01-20 00:00:00+00:00,2023-05-11 00:00:00+00:00,Biological,3473; 4514,2,2,official_incident_id,2020
47177,incident:2026012101,2026-01-22 00:00:00+00:00,2026-01-27 00:00:00+00:00,Winter Storm,3635; 4898,2,2,official_incident_id,2026
47179,incident:2020030901,2020-01-20 00:00:00+00:00,2023-05-11 00:00:00+00:00,Biological,3473; 4514,2,2,official_incident_id,2020
47179,incident:2024092301,2024-09-26 00:00:00+00:00,2024-09-30 00:00:00+00:00,Tropical Storm,3620; 4832,2,2,official_incident_id,2024
47179,incident:2026012101,2026-01-22 00:00:00+00:00,2026-01-27 00:00:00+00:00,Winter Storm,3635; 4898,2,2,official_incident_id,2026
47181,incident:2020030901,2020-01-20 00:00:00+00:00,2023-05-11 00:00:00+00:00,Biological,3473; 4514,2,2,official_incident_id,2020
47181,incident:2025040102,2025-04-02 00:00:00+00:00,2025-04-24 00:00:00+00:00,Severe Storm,3625; 4878,2,2,official_incident_id,2025
47181,incident:2026012101,2026-01-22 00:00:00+00:00,2026-01-27 00:00:00+00:00,Winter Storm,3635; 4898,2,2,official_incident_id,2026
47183,incident:2020030901,2020-01-20 00:00:00+00:00,2023-05-11 00:00:00+00:00,Biological,3473; 4514,2,2,official_incident_id,2020
47183,incident:2021121201,2021-12-10 00:00:00+00:00,2021-12-11 00:00:00+00:00,Tornado,3576; 4637,2,2,official_incident_id,2021
47183,incident:2026012101,2026-01-22 00:00:00+00:00,2026-01-27 00:00:00+00:00,Winter Storm,3635; 4898,2,2,official_incident_id,2026
47185,incident:2020030901,2020-01-20 00:00:00+00:00,2023-05-11 00:00:00+00:00,Biological,3473; 4514,2,2,official_incident_id,2020
47185,incident:2026012101,2026-01-22 00:00:00+00:00,2026-01-27 00:00:00+00:00,Winter Storm,3635; 4898,2,2,official_incident_id,2026
47187,incident:2020030901,2020-01-20 00:00:00+00:00,2023-05-11 00:00:00+00:00,Biological,3473; 4514,2,2,official_incident_id,2020
47187,incident:2026012101,2026-01-22 00:00:00+00:00,2026-01-27 00:00:00+00:00,Winter Storm,3635; 4898,2,2,official_incident_id,2026
47189,incident:2020030901,2020-01-20 00:00:00+00:00,2023-05-11 00:00:00+00:00,Biological,3473; 4514,2,2,official_incident_id,2020
47189,incident:2025040102,2025-04-02 00:00:00+00:00,2025-04-24 00:00:00+00:00,Severe Storm,3625; 4878,2,2,official_incident_id,2025
47189,incident:2026012101,2026-01-22 00:00:00+00:00,2026-01-27 00:00:00+00:00,Winter Storm,3635; 4898,2,2,official_incident_id,2026
48001,incident:2020030901,2020-01-20 00:00:00+00:00,2023-05-11 00:00:00+00:00,Biological,3458; 4485,2,2,official_incident_id,2020
48001,incident:2021021302,2021-02-11 00:00:00+00:00,2021-02-21 00:00:00+00:00,Severe Ice Storm,3554; 4586,2,2,official_incident_id,2021
48003,incident:2020030901,2020-01-20 00:00:00+00:00,2023-05-11 00:00:00+00:00,Biological,3458; 4485,2,2,official_incident_id,2020
48003,incident:2021021302,2021-02-11 00:00:00+00:00,2021-02-21 00:00:00+00:00,Severe Ice Storm,3554; 4586,2,2,official_incident_id,2021
48005,incident:2020030901,2020-01-20 00:00:00+00:00,2023-05-11 00:00:00+00:00,Biological,3458; 4485,2,2,official_incident_id,2020
48005,incident:2021021302,2021-02-11 00:00:00+00:00,2021-02-21 00:00:00+00:00,Severe Ice Storm,3554; 4586,2,2,official_incident_id,2021
48007,incident:2020030901,2020-01-20 00:00:00+00:00,2023-05-11 00:00:00+00:00,Biological,3458; 4485,2,2,official_incident_id,2020
48007,incident:2021021302,2021-02-11 00:00:00+00:00,2021-02-21 00:00:00+00:00,Severe Ice Storm,3554; 4586,2,2,official_incident_id,2021
48009,incident:2020030901,2020-01-20 00:00:00+00:00,2023-05-11 00:00:00+00:00,Biological,3458; 4485,2,2,official_incident_id,2020
48009,incident:2021021302,2021-02-11 00:00:00+00:00,2021-02-21 00:00:00+00:00,Severe Ice Storm,3554; 4586,2,2,official_incident_id,2021
48011,incident:2020030901,2020-01-20 00:00:00+00:00,2023-05-11 00:00:00+00:00,Biological,3458; 4485,2,2,official_incident_id,2020
48011,incident:2021021302,2021-02-11 00:00:00+00:00,2021-02-21 00:00:00+00:00,Severe Ice Storm,3554; 4586,2,2,official_incident_id,2021
48013,incident:2020030901,2020-01-20 00:00:00+00:00,2023-05-11 00:00:00+00:00,Biological,3458; 4485,2,2,official_incident_id,2020
48013,incident:2021021302,2021-02-11 00:00:00+00:00,2021-02-21 00:00:00+00:00,Severe Ice Storm,3554; 4586,2,2,official_incident_id,2021
48015,incident:2020030901,2020-01-20 00:00:00+00:00,2023-05-11 00:00:00+00:00,Biological,3458; 4485,2,2,official_incident_id,2020
48015,incident:2021021302,2021-02-11 00:00:00+00:00,2021-02-21 00:00:00+00:00,Severe Ice Storm,3554; 4586,2,2,official_incident_id,2021
48017,incident:2020030901,2020-01-20 00:00:00+00:00,2023-05-11 00:00:00+00:00,Biological,3458; 4485,2,2,official_incident_id,2020
48017,incident:2021021302,2021-02-11 00:00:00+00:00,2021-02-21 00:00:00+00:00,Severe Ice Storm,3554; 4586,2,2,official_incident_id,2021
48019,incident:2020030901,2020-01-20 00:00:00+00:00,2023-05-11 00:00:00+00:00,Biological,3458; 4485,2,2,official_incident_id,2020
48019,incident:2021021302,2021-02-11 00:00:00+00:00,2021-02-21 00:00:00+00:00,Severe Ice Storm,3554; 4586,2,2,official_incident_id,2021
48019,incident:2026071703,2026-07-12 00:00:00+00:00,2026-08-04 00:00:00+00:00,Flood,3649; 4935,2,2,official_incident_id,2026
48021,incident:2020030901,2020-01-20 00:00:00+00:00,2023-05-11 00:00:00+00:00,Biological,3458; 4485,2,2,official_incident_id,2020
48021,incident:2021021302,2021-02-11 00:00:00+00:00,2021-02-21 00:00:00+00:00,Severe Ice Storm,3554; 4586,2,2,official_incident_id,2021
48023,incident:2020030901,2020-01-20 00:00:00+00:00,2023-05-11 00:00:00+00:00,Biological,3458; 4485,2,2,official_incident_id,2020
48023,incident:2021021302,2021-02-11 00:00:00+00:00,2021-02-21 00:00:00+00:00,Severe Ice Storm,3554; 4586,2,2,official_incident_id,2021
48025,incident:2020030901,2020-01-20 00:00:00+00:00,2023-05-11 00:00:00+00:00,Biological,3458; 4485,2,2,official_incident_id,2020
48025,incident:2021021302,2021-02-11 00:00:00+00:00,2021-02-21 00:00:00+00:00,Severe Ice Storm,3554; 4586,2,2,official_incident_id,2021
48027,incident:2020030901,2020-01-20 00:00:00+00:00,2023-05-11 00:00:00+00:00,Biological,3458; 4485,2,2,official_incident_id,2020
48027,incident:2021021302,2021-02-11 00:00:00+00:00,2021-02-21 00:00:00+00:00,Severe Ice Storm,3554; 4586,2,2,official_incident_id,2021
48029,incident:2020030901,2020-01-20 00:00:00+00:00,2023-05-11 00:00:00+00:00,Biological,3458; 4485,2,2,official_incident_id,2020
48029,incident:2021021302,2021-02-11 00:00:00+00:00,2021-02-21 00:00:00+00:00,Severe Ice Storm,3554; 4586,2,2,official_incident_id,2021
48031,incident:2020030901,2020-01-20 00:00:00+00:00,2023-05-11 00:00:00+00:00,Biological,3458; 4485,2,2,official_incident_id,2020
48031,incident:2021021302,2021-02-11 00:00:00+00:00,2021-02-21 00:00:00+00:00,Severe Ice Storm,3554; 4586,2,2,official_incident_id,2021
48033,incident:2020030901,2020-01-20 00:00:00+00:00,2023-05-11 00:00:00+00:00,Biological,3458; 4485,2,2,official_incident_id,2020
48033,incident:2021021302,2021-02-11 00:00:00+00:00,2021-02-21 00:00:00+00:00,Severe Ice Storm,3554; 4586,2,2,official_incident_id,2021
48035,incident:2020030901,2020-01-20 00:00:00+00:00,2023-05-11 00:00:00+00:00,Biological,3458; 4485,2,2,official_incident_id,2020
48035,incident:2021021302,2021-02-11 00:00:00+00:00,2021-02-21 00:00:00+00:00,Severe Ice Storm,3554; 4586,2,2,official_incident_id,2021
48037,incident:2020030901,2020-01-20 00:00:00+00:00,2023-05-11 00:00:00+00:00,Biological,3458; 4485,2,2,official_incident_id,2020
48037,incident:2021021302,2021-02-11 00:00:00+00:00,2021-02-21 00:00:00+00:00,Severe Ice Storm,3554; 4586,2,2,official_incident_id,2021
48039,incident:2020030901,2020-01-20 00:00:00+00:00,2023-05-11 00:00:00+00:00,Biological,3458; 4485,2,2,official_incident_id,2020
48039,incident:2021021302,2021-02-11 00:00:00+00:00,2021-02-21 00:00:00+00:00,Severe Ice Storm,3554; 4586,2,2,official_incident_id,2021
48041,incident:2020030901,2020-01-20 00:00:00+00:00,2023-05-11 00:00:00+00:00,Biological,3458; 4485,2,2,official_incident_id,2020
48041,incident:2021021302,2021-02-11 00:00:00+00:00,2021-02-21 00:00:00+00:00,Severe Ice Storm,3554; 4586,2,2,official_incident_id,2021
48043,incident:2020030901,2020-01-20 00:00:00+00:00,2023-05-11 00:00:00+00:00,Biological,3458; 4485,2,2,official_incident_id,2020
48043,incident:2021021302,2021-02-11 00:00:00+00:00,2021-02-21 00:00:00+00:00,Severe Ice Storm,3554; 4586,2,2,official_incident_id,2021
48045,incident:2020030901,2020-01-20 00:00:00+00:00,2023-05-11 00:00:00+00:00,Biological,3458; 4485,2,2,official_incident_id,2020
48045,incident:2021021302,2021-02-11 00:00:00+00:00,2021-02-21 00:00:00+00:00,Severe Ice Storm,3554; 4586,2,2,official_incident_id,2021
48047,incident:2020030901,2020-01-20 00:00:00+00:00,2023-05-11 00:00:00+00:00,Biological,3458; 4485,2,2,official_incident_id,2020
48047,incident:2021021302,2021-02-11 00:00:00+00:00,2021-02-21 00:00:00+00:00,Severe Ice Storm,3554; 4586,2,2,official_incident_id,2021
48049,incident:2020030901,2020-01-20 00:00:00+00:00,2023-05-11 00:00:00+00:00,Biological,3458; 4485,2,2,official_incident_id,2020
48049,incident:2021021302,2021-02-11 00:00:00+00:00,2021-02-21 00:00:00+00:00,Severe Ice Storm,3554; 4586,2,2,official_incident_id,2021
48051,incident:2020030901,2020-01-20 00:00:00+00:00,2023-05-11 00:00:00+00:00,Biological,3458; 4485,2,2,official_incident_id,2020
48051,incident:2021021302,2021-02-11 00:00:00+00:00,2021-02-21 00:00:00+00:00,Severe Ice Storm,3554; 4586,2,2,official_incident_id,2021
48053,incident:2020030901,2020-01-20 00:00:00+00:00,2023-05-11 00:00:00+00:00,Biological,3458; 4485,2,2,official_incident_id,2020
48053,incident:2021021302,2021-02-11 00:00:00+00:00,2021-02-21 00:00:00+00:00,Severe Ice Storm,3554; 4586,2,2,official_incident_id,2021
48055,incident:2020030901,2020-01-20 00:00:00+00:00,2023-05-11 00:00:00+00:00,Biological,3458; 4485,2,2,official_incident_id,2020
48055,incident:2021021302,2021-02-11 00:00:00+00:00,2021-02-21 00:00:00+00:00,Severe Ice Storm,3554; 4586,2,2,official_incident_id,2021
48057,incident:2020030901,2020-01-20 00:00:00+00:00,2023-05-11 00:00:00+00:00,Biological,3458; 4485,2,2,official_incident_id,2020
48057,incident:2021021302,2021-02-11 00:00:00+00:00,2021-02-21 00:00:00+00:00,Severe Ice Storm,3554; 4586,2,2,official_incident_id,2021
48059,incident:2020030901,2020-01-20 00:00:00+00:00,2023-05-11 00:00:00+00:00,Biological,3458; 4485,2,2,official_incident_id,2020
48059,incident:2021021302,2021-02-11 00:00:00+00:00,2021-02-21 00:00:00+00:00,Severe Ice Storm,3554; 4586,2,2,official_incident_id,2021
48061,incident:2020030901,2020-01-20 00:00:00+00:00,2023-05-11 00:00:00+00:00,Biological,3458; 4485,2,2,official_incident_id,2020
48061,incident:2021021302,2021-02-11 00:00:00+00:00,2021-02-21 00:00:00+00:00,Severe Ice Storm,3554; 4586,2,2,official_incident_id,2021
48063,incident:2020030901,2020-01-20 00:00:00+00:00,2023-05-11 00:00:00+00:00,Biological,3458; 4485,2,2,official_incident_id,2020
48063,incident:2021021302,2021-02-11 00:00:00+00:00,2021-02-21 00:00:00+00:00,Severe Ice Storm,3554; 4586,2,2,official_incident_id,2021
48065,incident:2020030901,2020-01-20 00:00:00+00:00,2023-05-11 00:00:00+00:00,Biological,3458; 4485,2,2,official_incident_id,2020
48065,incident:2021021302,2021-02-11 00:00:00+00:00,2021-02-21 00:00:00+00:00,Severe Ice Storm,3554; 4586,2,2,official_incident_id,2021
48067,incident:2020030901,2020-01-20 00:00:00+00:00,2023-05-11 00:00:00+00:00,Biological,3458; 4485,2,2,official_incident_id,2020
48067,incident:2021021302,2021-02-11 00:00:00+00:00,2021-02-21 00:00:00+00:00,Severe Ice Storm,3554; 4586,2,2,official_incident_id,2021
48069,incident:2020030901,2020-01-20 00:00:00+00:00,2023-05-11 00:00:00+00:00,Biological,3458; 4485,2,2,official_incident_id,2020
48069,incident:2021021302,2021-02-11 00:00:00+00:00,2021-02-21 00:00:00+00:00,Severe Ice Storm,3554; 4586,2,2,official_incident_id,2021
48071,incident:2020030901,2020-01-20 00:00:00+00:00,2023-05-11 00:00:00+00:00,Biological,3458; 4485,2,2,official_incident_id,2020
48071,incident:2021021302,2021-02-11 00:00:00+00:00,2021-02-21 00:00:00+00:00,Severe Ice Storm,3554; 4586,2,2,official_incident_id,2021
48073,incident:2020030901,2020-01-20 00:00:00+00:00,2023-05-11 00:00:00+00:00,Biological,3458; 4485,2,2,official_incident_id,2020
48073,incident:2021021302,2021-02-11 00:00:00+00:00,2021-02-21 00:00:00+00:00,Severe Ice Storm,3554; 4586,2,2,official_incident_id,2021
48075,incident:2020030901,2020-01-20 00:00:00+00:00,2023-05-11 00:00:00+00:00,Biological,3458; 4485,2,2,official_incident_id,2020
48075,incident:2021021302,2021-02-11 00:00:00+00:00,2021-02-21 00:00:00+00:00,Severe Ice Storm,3554; 4586,2,2,official_incident_id,2021
48077,incident:2020030901,2020-01-20 00:00:00+00:00,2023-05-11 00:00:00+00:00,Biological,3458; 4485,2,2,official_incident_id,2020
48077,incident:2021021302,2021-02-11 00:00:00+00:00,2021-02-21 00:00:00+00:00,Severe Ice Storm,3554; 4586,2,2,official_incident_id,2021
48079,incident:2020030901,2020-01-20 00:00:00+00:00,2023-05-11 00:00:00+00:00,Biological,3458; 4485,2,2,official_incident_id,2020
48079,incident:2021021302,2021-02-11 00:00:00+00:00,2021-02-21 00:00:00+00:00,Severe Ice Storm,3554; 4586,2,2,official_incident_id,2021
48081,incident:2020030901,2020-01-20 00:00:00+00:00,2023-05-11 00:00:00+00:00,Biological,3458; 4485,2,2,official_incident_id,2020
48081,incident:2021021302,2021-02-11 00:00:00+00:00,2021-02-21 00:00:00+00:00,Severe Ice Storm,3554; 4586,2,2,official_incident_id,2021
48083,incident:2020030901,2020-01-20 00:00:00+00:00,2023-05-11 00:00:00+00:00,Biological,3458; 4485,2,2,official_incident_id,2020
48083,incident:2021021302,2021-02-11 00:00:00+00:00,2021-02-21 00:00:00+00:00,Severe Ice Storm,3554; 4586,2,2,official_incident_id,2021
48085,incident:2020030901,2020-01-20 00:00:00+00:00,2023-05-11 00:00:00+00:00,Biological,3458; 4485,2,2,official_incident_id,2020
48085,incident:2021021302,2021-02-11 00:00:00+00:00,2021-02-21 00:00:00+00:00,Severe Ice Storm,3554; 4586,2,2,official_incident_id,2021
48087,incident:2020030901,2020-01-20 00:00:00+00:00,2023-05-11 00:00:00+00:00,Biological,3458; 4485,2,2,official_incident_id,2020
48087,incident:2021021302,2021-02-11 00:00:00+00:00,2021-02-21 00:00:00+00:00,Severe Ice Storm,3554; 4586,2,2,official_incident_id,2021
48089,incident:2020030901,2020-01-20 00:00:00+00:00,2023-05-11 00:00:00+00:00,Biological,3458; 4485,2,2,official_incident_id,2020
48089,incident:2021021302,2021-02-11 00:00:00+00:00,2021-02-21 00:00:00+00:00,Severe Ice Storm,3554; 4586,2,2,official_incident_id,2021
48091,incident:2020030901,2020-01-20 00:00:00+00:00,2023-05-11 00:00:00+00:00,Biological,3458; 4485,2,2,official_incident_id,2020
48091,incident:2021021302,2021-02-11 00:00:00+00:00,2021-02-21 00:00:00+00:00,Severe Ice Storm,3554; 4586,2,2,official_incident_id,2021
48093,incident:2020030901,2020-01-20 00:00:00+00:00,2023-05-11 00:00:00+00:00,Biological,3458; 4485,2,2,official_incident_id,2020
48093,incident:2021021302,2021-02-11 00:00:00+00:00,2021-02-21 00:00:00+00:00,Severe Ice Storm,3554; 4586,2,2,official_incident_id,2021
48095,incident:2020030901,2020-01-20 00:00:00+00:00,2023-05-11 00:00:00+00:00,Biological,3458; 4485,2,2,official_incident_id,2020
48095,incident:2021021302,2021-02-11 00:00:00+00:00,2021-02-21 00:00:00+00:00,Severe Ice Storm,3554; 4586,2,2,official_incident_id,2021
48097,incident:2020030901,2020-01-20 00:00:00+00:00,2023-05-11 00:00:00+00:00,Biological,3458; 4485,2,2,official_incident_id,2020
48097,incident:2021021302,2021-02-11 00:00:00+00:00,2021-02-21 00:00:00+00:00,Severe Ice Storm,3554; 4586,2,2,official_incident_id,2021
48099,incident:2020030901,2020-01-20 00:00:00+00:00,2023-05-11 00:00:00+00:00,Biological,3458; 4485,2,2,official_incident_id,2020
48099,incident:2021021302,2021-02-11 00:00:00+00:00,2021-02-21 00:00:00+00:00,Severe Ice Storm,3554; 4586,2,2,official_incident_id,2021
48101,incident:2020030901,2020-01-20 00:00:00+00:00,2023-05-11 00:00:00+00:00,Biological,3458; 4485,2,2,official_incident_id,2020
48101,incident:2021021302,2021-02-11 00:00:00+00:00,2021-02-21 00:00:00+00:00,Severe Ice Storm,3554; 4586,2,2,official_incident_id,2021
48103,incident:2020030901,2020-01-20 00:00:00+00:00,2023-05-11 00:00:00+00:00,Biological,3458; 4485,2,2,official_incident_id,2020
48103,incident:2021021302,2021-02-11 00:00:00+00:00,2021-02-21 00:00:00+00:00,Severe Ice Storm,3554; 4586,2,2,official_incident_id,2021
48105,incident:2020030901,2020-01-20 00:00:00+00:00,2023-05-11 00:00:00+00:00,Biological,3458; 4485,2,2,official_incident_id,2020
48105,incident:2021021302,2021-02-11 00:00:00+00:00,2021-02-21 00:00:00+00:00,Severe Ice Storm,3554; 4586,2,2,official_incident_id,2021
48105,incident:2026071703,2026-07-12 00:00:00+00:00,2026-08-04 00:00:00+00:00,Flood,3649; 4935,2,2,official_incident_id,2026
48107,incident:2020030901,2020-01-20 00:00:00+00:00,2023-05-11 00:00:00+00:00,Biological,3458; 4485,2,2,official_incident_id,2020
48107,incident:2021021302,2021-02-11 00:00:00+00:00,2021-02-21 00:00:00+00:00,Severe Ice Storm,3554; 4586,2,2,official_incident_id,2021
48109,incident:2020030901,2020-01-20 00:00:00+00:00,2023-05-11 00:00:00+00:00,Biological,3458; 4485,2,2,official_incident_id,2020
48109,incident:2021021302,2021-02-11 00:00:00+00:00,2021-02-21 00:00:00+00:00,Severe Ice Storm,3554; 4586,2,2,official_incident_id,2021
48111,incident:2020030901,2020-01-20 00:00:00+00:00,2023-05-11 00:00:00+00:00,Biological,3458; 4485,2,2,official_incident_id,2020
48111,incident:2021021302,2021-02-11 00:00:00+00:00,2021-02-21 00:00:00+00:00,Severe Ice Storm,3554; 4586,2,2,official_incident_id,2021
48113,incident:2020030901,2020-01-20 00:00:00+00:00,2023-05-11 00:00:00+00:00,Biological,3458; 4485,2,2,official_incident_id,2020
48113,incident:2021021302,2021-02-11 00:00:00+00:00,2021-02-21 00:00:00+00:00,Severe Ice Storm,3554; 4586,2,2,official_incident_id,2021
48115,incident:2020030901,2020-01-20 00:00:00+00:00,2023-05-11 00:00:00+00:00,Biological,3458; 4485,2,2,official_incident_id,2020
48115,incident:2021021302,2021-02-11 00:00:00+00:00,2021-02-21 00:00:00+00:00,Severe Ice Storm,3554; 4586,2,2,official_incident_id,2021
48117,incident:2020030901,2020-01-20 00:00:00+00:00,2023-05-11 00:00:00+00:00,Biological,3458; 4485,2,2,official_incident_id,2020
48117,incident:2021021302,2021-02-11 00:00:00+00:00,2021-02-21 00:00:00+00:00,Severe Ice Storm,3554; 4586,2,2,official_incident_id,2021
48119,incident:2020030901,2020-01-20 00:00:00+00:00,2023-05-11 00:00:00+00:00,Biological,3458; 4485,2,2,official_incident_id,2020
48119,incident:2021021302,2021-02-11 00:00:00+00:00,2021-02-21 00:00:00+00:00,Severe Ice Storm,3554; 4586,2,2,official_incident_id,2021
48121,incident:2020030901,2020-01-20 00:00:00+00:00,2023-05-11 00:00:00+00:00,Biological,3458; 4485,2,2,official_incident_id,2020
48121,incident:2021021302,2021-02-11 00:00:00+00:00,2021-02-21 00:00:00+00:00,Severe Ice Storm,3554; 4586,2,2,official_incident_id,2021
48123,incident:2020030901,2020-01-20 00:00:00+00:00,2023-05-11 00:00:00+00:00,Biological,3458; 4485,2,2,official_incident_id,2020
48123,incident:2021021302,2021-02-11 00:00:00+00:00,2021-02-21 00:00:00+00:00,Severe Ice Storm,3554; 4586,2,2,official_incident_id,2021
48125,incident:2020030901,2020-01-20 00:00:00+00:00,2023-05-11 00:00:00+00:00,Biological,3458; 4485,2,2,official_incident_id,2020
48125,incident:2021021302,2021-02-11 00:00:00+00:00,2021-02-21 00:00:00+00:00,Severe Ice Storm,3554; 4586,2,2,official_incident_id,2021
48127,incident:2020030901,2020-01-20 00:00:00+00:00,2023-05-11 00:00:00+00:00,Biological,3458; 4485,2,2,official_incident_id,2020
48127,incident:2021021302,2021-02-11 00:00:00+00:00,2021-02-21 00:00:00+00:00,Severe Ice Storm,3554; 4586,2,2,official_incident_id,2021
48127,incident:2026071703,2026-07-12 00:00:00+00:00,2026-08-04 00:00:00+00:00,Flood,3649; 4935,2,2,official_incident_id,2026
48129,incident:2020030901,2020-01-20 00:00:00+00:00,2023-05-11 00:00:00+00:00,Biological,3458; 4485,2,2,official_incident_id,2020
48129,incident:2021021302,2021-02-11 00:00:00+00:00,2021-02-21 00:00:00+00:00,Severe Ice Storm,3554; 4586,2,2,official_incident_id,2021
48131,incident:2020030901,2020-01-20 00:00:00+00:00,2023-05-11 00:00:00+00:00,Biological,3458; 4485,2,2,official_incident_id,2020
48131,incident:2021021302,2021-02-11 00:00:00+00:00,2021-02-21 00:00:00+00:00,Severe Ice Storm,3554; 4586,2,2,official_incident_id,2021
48133,incident:2020030901,2020-01-20 00:00:00+00:00,2023-05-11 00:00:00+00:00,Biological,3458; 4485,2,2,official_incident_id,2020
48133,incident:2021021302,2021-02-11 00:00:00+00:00,2021-02-21 00:00:00+00:00,Severe Ice Storm,3554; 4586,2,2,official_incident_id,2021
48135,incident:2020030901,2020-01-20 00:00:00+00:00,2023-05-11 00:00:00+00:00,Biological,3458; 4485,2,2,official_incident_id,2020
48135,incident:2021021302,2021-02-11 00:00:00+00:00,2021-02-21 00:00:00+00:00,Severe Ice Storm,3554; 4586,2,2,official_incident_id,2021
48137,incident:2020030901,2020-01-20 00:00:00+00:00,2023-05-11 00:00:00+00:00,Biological,3458; 4485,2,2,official_incident_id,2020
48137,incident:2021021302,2021-02-11 00:00:00+00:00,2021-02-21 00:00:00+00:00,Severe Ice Storm,3554; 4586,2,2,official_incident_id,2021
48137,incident:2026071703,2026-07-12 00:00:00+00:00,2026-08-04 00:00:00+00:00,Flood,3649; 4935,2,2,official_incident_id,2026
48139,incident:2020030901,2020-01-20 00:00:00+00:00,2023-05-11 00:00:00+00:00,Biological,3458; 4485,2,2,official_incident_id,2020
48139,incident:2021021302,2021-02-11 00:00:00+00:00,2021-02-21 00:00:00+00:00,Severe Ice Storm,3554; 4586,2,2,official_incident_id,2021
48141,incident:2020030901,2020-01-20 00:00:00+00:00,2023-05-11 00:00:00+00:00,Biological,3458; 4485,2,4,official_incident_id,2020
48141,incident:2021021302,2021-02-11 00:00:00+00:00,2021-02-21 00:00:00+00:00,Severe Ice Storm,3554; 4586,2,2,official_incident_id,2021
48143,incident:2020030901,2020-01-20 00:00:00+00:00,2023-05-11 00:00:00+00:00,Biological,3458; 4485,2,2,official_incident_id,2020
48143,incident:2021021302,2021-02-11 00:00:00+00:00,2021-02-21 00:00:00+00:00,Severe Ice Storm,3554; 4586,2,2,official_incident_id,2021
48145,incident:2020030901,2020-01-20 00:00:00+00:00,2023-05-11 00:00:00+00:00,Biological,3458; 4485,2,2,official_incident_id,2020
48145,incident:2021021302,2021-02-11 00:00:00+00:00,2021-02-21 00:00:00+00:00,Severe Ice Storm,3554; 4586,2,2,official_incident_id,2021
48147,incident:2020030901,2020-01-20 00:00:00+00:00,2023-05-11 00:00:00+00:00,Biological,3458; 4485,2,2,official_incident_id,2020
48147,incident:2021021302,2021-02-11 00:00:00+00:00,2021-02-21 00:00:00+00:00,Severe Ice Storm,3554; 4586,2,2,official_incident_id,2021
48149,incident:2020030901,2020-01-20 00:00:00+00:00,2023-05-11 00:00:00+00:00,Biological,3458; 4485,2,2,official_incident_id,2020
48149,incident:2021021302,2021-02-11 00:00:00+00:00,2021-02-21 00:00:00+00:00,Severe Ice Storm,3554; 4586,2,2,official_incident_id,2021
48151,incident:2020030901,2020-01-20 00:00:00+00:00,2023-05-11 00:00:00+00:00,Biological,3458; 4485,2,2,official_incident_id,2020
48151,incident:2021021302,2021-02-11 00:00:00+00:00,2021-02-21 00:00:00+00:00,Severe Ice Storm,3554; 4586,2,2,official_incident_id,2021
48153,incident:2020030901,2020-01-20 00:00:00+00:00,2023-05-11 00:00:00+00:00,Biological,3458; 4485,2,2,official_incident_id,2020
48153,incident:2021021302,2021-02-11 00:00:00+00:00,2021-02-21 00:00:00+00:00,Severe Ice Storm,3554; 4586,2,2,official_incident_id,2021
48155,incident:2020030901,2020-01-20 00:00:00+00:00,2023-05-11 00:00:00+00:00,Biological,3458; 4485,2,2,official_incident_id,2020
48155,incident:2021021302,2021-02-11 00:00:00+00:00,2021-02-21 00:00:00+00:00,Severe Ice Storm,3554; 4586,2,2,official_incident_id,2021
48157,incident:2020030901,2020-01-20 00:00:00+00:00,2023-05-11 00:00:00+00:00,Biological,3458; 4485,2,2,official_incident_id,2020
48157,incident:2021021302,2021-02-11 00:00:00+00:00,2021-02-21 00:00:00+00:00,Severe Ice Storm,3554; 4586,2,2,official_incident_id,2021
48159,incident:2020030901,2020-01-20 00:00:00+00:00,2023-05-11 00:00:00+00:00,Biological,3458; 4485,2,2,official_incident_id,2020
48159,incident:2021021302,2021-02-11 00:00:00+00:00,2021-02-21 00:00:00+00:00,Severe Ice Storm,3554; 4586,2,2,official_incident_id,2021
48161,incident:2020030901,2020-01-20 00:00:00+00:00,2023-05-11 00:00:00+00:00,Biological,3458; 4485,2,2,official_incident_id,2020
48161,incident:2021021302,2021-02-11 00:00:00+00:00,2021-02-21 00:00:00+00:00,Severe Ice Storm,3554; 4586,2,2,official_incident_id,2021
48163,incident:2020030901,2020-01-20 00:00:00+00:00,2023-05-11 00:00:00+00:00,Biological,3458; 4485,2,2,official_incident_id,2020
48163,incident:2021021302,2021-02-11 00:00:00+00:00,2021-02-21 00:00:00+00:00,Severe Ice Storm,3554; 4586,2,2,official_incident_id,2021
48163,incident:2026071703,2026-07-12 00:00:00+00:00,2026-08-04 00:00:00+00:00,Flood,3649; 4935,2,2,official_incident_id,2026
48165,incident:2020030901,2020-01-20 00:00:00+00:00,2023-05-11 00:00:00+00:00,Biological,3458; 4485,2,2,official_incident_id,2020
48165,incident:2021021302,2021-02-11 00:00:00+00:00,2021-02-21 00:00:00+00:00,Severe Ice Storm,3554; 4586,2,2,official_incident_id,2021
48167,incident:2020030901,2020-01-20 00:00:00+00:00,2023-05-11 00:00:00+00:00,Biological,3458; 4485,2,2,official_incident_id,2020
48167,incident:2020081804,2020-08-23 00:00:00+00:00,2020-08-27 00:00:00+00:00,Hurricane,3540; 4572,2,2,official_incident_id,2020
48167,incident:2021021302,2021-02-11 00:00:00+00:00,2021-02-21 00:00:00+00:00,Severe Ice Storm,3554; 4586,2,2,official_incident_id,2021
48169,incident:2020030901,2020-01-20 00:00:00+00:00,2023-05-11 00:00:00+00:00,Biological,3458; 4485,2,2,official_incident_id,2020
48169,incident:2021021302,2021-02-11 00:00:00+00:00,2021-02-21 00:00:00+00:00,Severe Ice Storm,3554; 4586,2,2,official_incident_id,2021
48171,incident:2020030901,2020-01-20 00:00:00+00:00,2023-05-11 00:00:00+00:00,Biological,3458; 4485,2,2,official_incident_id,2020
48171,incident:2021021302,2021-02-11 00:00:00+00:00,2021-02-21 00:00:00+00:00,Severe Ice Storm,3554; 4586,2,2,official_incident_id,2021
48171,incident:2026071703,2026-07-12 00:00:00+00:00,2026-08-04 00:00:00+00:00,Flood,3649; 4935,2,2,official_incident_id,2026
48173,incident:2020030901,2020-01-20 00:00:00+00:00,2023-05-11 00:00:00+00:00,Biological,3458; 4485,2,2,official_incident_id,2020
48173,incident:2021021302,2021-02-11 00:00:00+00:00,2021-02-21 00:00:00+00:00,Severe Ice Storm,3554; 4586,2,2,official_incident_id,2021
48175,incident:2020030901,2020-01-20 00:00:00+00:00,2023-05-11 00:00:00+00:00,Biological,3458; 4485,2,2,official_incident_id,2020
48175,incident:2021021302,2021-02-11 00:00:00+00:00,2021-02-21 00:00:00+00:00,Severe Ice Storm,3554; 4586,2,2,official_incident_id,2021
48177,incident:2020030901,2020-01-20 00:00:00+00:00,2023-05-11 00:00:00+00:00,Biological,3458; 4485,2,2,official_incident_id,2020
48177,incident:2021021302,2021-02-11 00:00:00+00:00,2021-02-21 00:00:00+00:00,Severe Ice Storm,3554; 4586,2,2,official_incident_id,2021
48179,incident:2020030901,2020-01-20 00:00:00+00:00,2023-05-11 00:00:00+00:00,Biological,3458; 4485,2,2,official_incident_id,2020
48179,incident:2021021302,2021-02-11 00:00:00+00:00,2021-02-21 00:00:00+00:00,Severe Ice Storm,3554; 4586,2,2,official_incident_id,2021
48181,incident:2020030901,2020-01-20 00:00:00+00:00,2023-05-11 00:00:00+00:00,Biological,3458; 4485,2,2,official_incident_id,2020
48181,incident:2021021302,2021-02-11 00:00:00+00:00,2021-02-21 00:00:00+00:00,Severe Ice Storm,3554; 4586,2,2,official_incident_id,2021
48183,incident:2020030901,2020-01-20 00:00:00+00:00,2023-05-11 00:00:00+00:00,Biological,3458; 4485,2,2,official_incident_id,2020
48183,incident:2021021302,2021-02-11 00:00:00+00:00,2021-02-21 00:00:00+00:00,Severe Ice Storm,3554; 4586,2,2,official_incident_id,2021
48185,incident:2020030901,2020-01-20 00:00:00+00:00,2023-05-11 00:00:00+00:00,Biological,3458; 4485,2,2,official_incident_id,2020
48185,incident:2021021302,2021-02-11 00:00:00+00:00,2021-02-21 00:00:00+00:00,Severe Ice Storm,3554; 4586,2,2,official_incident_id,2021
48187,incident:2020030901,2020-01-20 00:00:00+00:00,2023-05-11 00:00:00+00:00,Biological,3458; 4485,2,2,official_incident_id,2020
48187,incident:2021021302,2021-02-11 00:00:00+00:00,2021-02-21 00:00:00+00:00,Severe Ice Storm,3554; 4586,2,2,official_incident_id,2021
48189,incident:2020030901,2020-01-20 00:00:00+00:00,2023-05-11 00:00:00+00:00,Biological,3458; 4485,2,2,official_incident_id,2020
48189,incident:2021021302,2021-02-11 00:00:00+00:00,2021-02-21 00:00:00+00:00,Severe Ice Storm,3554; 4586,2,2,official_incident_id,2021
48191,incident:2020030901,2020-01-20 00:00:00+00:00,2023-05-11 00:00:00+00:00,Biological,3458; 4485,2,2,official_incident_id,2020
48191,incident:2021021302,2021-02-11 00:00:00+00:00,2021-02-21 00:00:00+00:00,Severe Ice Storm,3554; 4586,2,2,official_incident_id,2021
48193,incident:2020030901,2020-01-20 00:00:00+00:00,2023-05-11 00:00:00+00:00,Biological,3458; 4485,2,2,official_incident_id,2020
48193,incident:2021021302,2021-02-11 00:00:00+00:00,2021-02-21 00:00:00+00:00,Severe Ice Storm,3554; 4586,2,2,official_incident_id,2021
48195,incident:2020030901,2020-01-20 00:00:00+00:00,2023-05-11 00:00:00+00:00,Biological,3458; 4485,2,2,official_incident_id,2020
48195,incident:2021021302,2021-02-11 00:00:00+00:00,2021-02-21 00:00:00+00:00,Severe Ice Storm,3554; 4586,2,2,official_incident_id,2021
48197,incident:2020030901,2020-01-20 00:00:00+00:00,2023-05-11 00:00:00+00:00,Biological,3458; 4485,2,2,official_incident_id,2020
48197,incident:2021021302,2021-02-11 00:00:00+00:00,2021-02-21 00:00:00+00:00,Severe Ice Storm,3554; 4586,2,2,official_incident_id,2021
48199,incident:2020030901,2020-01-20 00:00:00+00:00,2023-05-11 00:00:00+00:00,Biological,3458; 4485,2,2,official_incident_id,2020
48199,incident:2021021302,2021-02-11 00:00:00+00:00,2021-02-21 00:00:00+00:00,Severe Ice Storm,3554; 4586,2,2,official_incident_id,2021
48201,incident:2020030901,2020-01-20 00:00:00+00:00,2023-05-11 00:00:00+00:00,Biological,3458; 4485,2,2,official_incident_id,2020
48201,incident:2021021302,2021-02-11 00:00:00+00:00,2021-02-21 00:00:00+00:00,Severe Ice Storm,3554; 4586,2,2,official_incident_id,2021
48203,incident:2020030901,2020-01-20 00:00:00+00:00,2023-05-11 00:00:00+00:00,Biological,3458; 4485,2,2,official_incident_id,2020
48203,incident:2021021302,2021-02-11 00:00:00+00:00,2021-02-21 00:00:00+00:00,Severe Ice Storm,3554; 4586,2,2,official_incident_id,2021
48205,incident:2020030901,2020-01-20 00:00:00+00:00,2023-05-11 00:00:00+00:00,Biological,3458; 4485,2,2,official_incident_id,2020
48205,incident:2021021302,2021-02-11 00:00:00+00:00,2021-02-21 00:00:00+00:00,Severe Ice Storm,3554; 4586,2,2,official_incident_id,2021
48207,incident:2020030901,2020-01-20 00:00:00+00:00,2023-05-11 00:00:00+00:00,Biological,3458; 4485,2,2,official_incident_id,2020
48207,incident:2021021302,2021-02-11 00:00:00+00:00,2021-02-21 00:00:00+00:00,Severe Ice Storm,3554; 4586,2,2,official_incident_id,2021
48209,incident:2020030901,2020-01-20 00:00:00+00:00,2023-05-11 00:00:00+00:00,Biological,3458; 4485,2,2,official_incident_id,2020
48209,incident:2021021302,2021-02-11 00:00:00+00:00,2021-02-21 00:00:00+00:00,Severe Ice Storm,3554; 4586,2,2,official_incident_id,2021
48211,incident:2020030901,2020-01-20 00:00:00+00:00,2023-05-11 00:00:00+00:00,Biological,3458; 4485,2,2,official_incident_id,2020
48211,incident:2021021302,2021-02-11 00:00:00+00:00,2021-02-21 00:00:00+00:00,Severe Ice Storm,3554; 4586,2,2,official_incident_id,2021
48213,incident:2020030901,2020-01-20 00:00:00+00:00,2023-05-11 00:00:00+00:00,Biological,3458; 4485,2,2,official_incident_id,2020
48213,incident:2021021302,2021-02-11 00:00:00+00:00,2021-02-21 00:00:00+00:00,Severe Ice Storm,3554; 4586,2,2,official_incident_id,2021
48215,incident:2020030901,2020-01-20 00:00:00+00:00,2023-05-11 00:00:00+00:00,Biological,3458; 4485,2,2,official_incident_id,2020
48215,incident:2021021302,2021-02-11 00:00:00+00:00,2021-02-21 00:00:00+00:00,Severe Ice Storm,3554; 4586,2,2,official_incident_id,2021
48217,incident:2020030901,2020-01-20 00:00:00+00:00,2023-05-11 00:00:00+00:00,Biological,3458; 4485,2,2,official_incident_id,2020
48217,incident:2021021302,2021-02-11 00:00:00+00:00,2021-02-21 00:00:00+00:00,Severe Ice Storm,3554; 4586,2,2,official_incident_id,2021
48219,incident:2020030901,2020-01-20 00:00:00+00:00,2023-05-11 00:00:00+00:00,Biological,3458; 4485,2,2,official_incident_id,2020
48219,incident:2021021302,2021-02-11 00:00:00+00:00,2021-02-21 00:00:00+00:00,Severe Ice Storm,3554; 4586,2,2,official_incident_id,2021
48221,incident:2020030901,2020-01-20 00:00:00+00:00,2023-05-11 00:00:00+00:00,Biological,3458; 4485,2,2,official_incident_id,2020
48221,incident:2021021302,2021-02-11 00:00:00+00:00,2021-02-21 00:00:00+00:00,Severe Ice Storm,3554; 4586,2,2,official_incident_id,2021
48223,incident:2020030901,2020-01-20 00:00:00+00:00,2023-05-11 00:00:00+00:00,Biological,3458; 4485,2,2,official_incident_id,2020
48223,incident:2021021302,2021-02-11 00:00:00+00:00,2021-02-21 00:00:00+00:00,Severe Ice Storm,3554; 4586,2,2,official_incident_id,2021
48225,incident:2020030901,2020-01-20 00:00:00+00:00,2023-05-11 00:00:00+00:00,Biological,3458; 4485,2,2,official_incident_id,2020
48225,incident:2021021302,2021-02-11 00:00:00+00:00,2021-02-21 00:00:00+00:00,Severe Ice Storm,3554; 4586,2,2,official_incident_id,2021
48227,incident:2020030901,2020-01-20 00:00:00+00:00,2023-05-11 00:00:00+00:00,Biological,3458; 4485,2,2,official_incident_id,2020
48227,incident:2021021302,2021-02-11 00:00:00+00:00,2021-02-21 00:00:00+00:00,Severe Ice Storm,3554; 4586,2,2,official_incident_id,2021
48229,incident:2020030901,2020-01-20 00:00:00+00:00,2023-05-11 00:00:00+00:00,Biological,3458; 4485,2,2,official_incident_id,2020
48229,incident:2021021302,2021-02-11 00:00:00+00:00,2021-02-21 00:00:00+00:00,Severe Ice Storm,3554; 4586,2,2,official_incident_id,2021
48231,incident:2020030901,2020-01-20 00:00:00+00:00,2023-05-11 00:00:00+00:00,Biological,3458; 4485,2,2,official_incident_id,2020
48231,incident:2021021302,2021-02-11 00:00:00+00:00,2021-02-21 00:00:00+00:00,Severe Ice Storm,3554; 4586,2,2,official_incident_id,2021
48233,incident:2020030901,2020-01-20 00:00:00+00:00,2023-05-11 00:00:00+00:00,Biological,3458; 4485,2,2,official_incident_id,2020
48233,incident:2021021302,2021-02-11 00:00:00+00:00,2021-02-21 00:00:00+00:00,Severe Ice Storm,3554; 4586,2,2,official_incident_id,2021
48235,incident:2020030901,2020-01-20 00:00:00+00:00,2023-05-11 00:00:00+00:00,Biological,3458; 4485,2,2,official_incident_id,2020
48235,incident:2021021302,2021-02-11 00:00:00+00:00,2021-02-21 00:00:00+00:00,Severe Ice Storm,3554; 4586,2,2,official_incident_id,2021
48237,incident:2020030901,2020-01-20 00:00:00+00:00,2023-05-11 00:00:00+00:00,Biological,3458; 4485,2,2,official_incident_id,2020
48237,incident:2021021302,2021-02-11 00:00:00+00:00,2021-02-21 00:00:00+00:00,Severe Ice Storm,3554; 4586,2,2,official_incident_id,2021
48239,incident:2020030901,2020-01-20 00:00:00+00:00,2023-05-11 00:00:00+00:00,Biological,3458; 4485,2,2,official_incident_id,2020
48239,incident:2021021302,2021-02-11 00:00:00+00:00,2021-02-21 00:00:00+00:00,Severe Ice Storm,3554; 4586,2,2,official_incident_id,2021
48241,incident:2020030901,2020-01-20 00:00:00+00:00,2023-05-11 00:00:00+00:00,Biological,3458; 4485,2,2,official_incident_id,2020
48241,incident:2020081804,2020-08-23 00:00:00+00:00,2020-08-27 00:00:00+00:00,Hurricane,3540; 4572,2,2,official_incident_id,2020
48241,incident:2021021302,2021-02-11 00:00:00+00:00,2021-02-21 00:00:00+00:00,Severe Ice Storm,3554; 4586,2,2,official_incident_id,2021
48243,incident:2020030901,2020-01-20 00:00:00+00:00,2023-05-11 00:00:00+00:00,Biological,3458; 4485,2,2,official_incident_id,2020
48243,incident:2021021302,2021-02-11 00:00:00+00:00,2021-02-21 00:00:00+00:00,Severe Ice Storm,3554; 4586,2,2,official_incident_id,2021
48245,incident:2020030901,2020-01-20 00:00:00+00:00,2023-05-11 00:00:00+00:00,Biological,3458; 4485,2,2,official_incident_id,2020
48245,incident:2020081804,2020-08-23 00:00:00+00:00,2020-08-27 00:00:00+00:00,Hurricane,3540; 4572,2,2,official_incident_id,2020
48245,incident:2021021302,2021-02-11 00:00:00+00:00,2021-02-21 00:00:00+00:00,Severe Ice Storm,3554; 4586,2,2,official_incident_id,2021
48247,incident:2020030901,2020-01-20 00:00:00+00:00,2023-05-11 00:00:00+00:00,Biological,3458; 4485,2,2,official_incident_id,2020
48247,incident:2021021302,2021-02-11 00:00:00+00:00,2021-02-21 00:00:00+00:00,Severe Ice Storm,3554; 4586,2,2,official_incident_id,2021
48249,incident:2020030901,2020-01-20 00:00:00+00:00,2023-05-11 00:00:00+00:00,Biological,3458; 4485,2,2,official_incident_id,2020
48249,incident:2021021302,2021-02-11 00:00:00+00:00,2021-02-21 00:00:00+00:00,Severe Ice Storm,3554; 4586,2,2,official_incident_id,2021
48251,incident:2020030901,2020-01-20 00:00:00+00:00,2023-05-11 00:00:00+00:00,Biological,3458; 4485,2,2,official_incident_id,2020
48251,incident:2021021302,2021-02-11 00:00:00+00:00,2021-02-21 00:00:00+00:00,Severe Ice Storm,3554; 4586,2,2,official_incident_id,2021
48253,incident:2020030901,2020-01-20 00:00:00+00:00,2023-05-11 00:00:00+00:00,Biological,3458; 4485,2,2,official_incident_id,2020
48253,incident:2021021302,2021-02-11 00:00:00+00:00,2021-02-21 00:00:00+00:00,Severe Ice Storm,3554; 4586,2,2,official_incident_id,2021
48255,incident:2020030901,2020-01-20 00:00:00+00:00,2023-05-11 00:00:00+00:00,Biological,3458; 4485,2,2,official_incident_id,2020
48255,incident:2021021302,2021-02-11 00:00:00+00:00,2021-02-21 00:00:00+00:00,Severe Ice Storm,3554; 4586,2,2,official_incident_id,2021
48257,incident:2020030901,2020-01-20 00:00:00+00:00,2023-05-11 00:00:00+00:00,Biological,3458; 4485,2,2,official_incident_id,2020
48257,incident:2021021302,2021-02-11 00:00:00+00:00,2021-02-21 00:00:00+00:00,Severe Ice Storm,3554; 4586,2,2,official_incident_id,2021
48259,incident:2020030901,2020-01-20 00:00:00+00:00,2023-05-11 00:00:00+00:00,Biological,3458; 4485,2,2,official_incident_id,2020
48259,incident:2021021302,2021-02-11 00:00:00+00:00,2021-02-21 00:00:00+00:00,Severe Ice Storm,3554; 4586,2,2,official_incident_id,2021
48259,incident:2026071703,2026-07-12 00:00:00+00:00,2026-08-04 00:00:00+00:00,Flood,3649; 4935,2,2,official_incident_id,2026
48261,incident:2020030901,2020-01-20 00:00:00+00:00,2023-05-11 00:00:00+00:00,Biological,3458; 4485,2,2,official_incident_id,2020
48261,incident:2021021302,2021-02-11 00:00:00+00:00,2021-02-21 00:00:00+00:00,Severe Ice Storm,3554; 4586,2,2,official_incident_id,2021
48263,incident:2020030901,2020-01-20 00:00:00+00:00,2023-05-11 00:00:00+00:00,Biological,3458; 4485,2,2,official_incident_id,2020
48263,incident:2021021302,2021-02-11 00:00:00+00:00,2021-02-21 00:00:00+00:00,Severe Ice Storm,3554; 4586,2,2,official_incident_id,2021
48265,incident:2020030901,2020-01-20 00:00:00+00:00,2023-05-11 00:00:00+00:00,Biological,3458; 4485,2,2,official_incident_id,2020
48265,incident:2021021302,2021-02-11 00:00:00+00:00,2021-02-21 00:00:00+00:00,Severe Ice Storm,3554; 4586,2,2,official_incident_id,2021
48265,incident:2026071703,2026-07-12 00:00:00+00:00,2026-08-04 00:00:00+00:00,Flood,3649; 4935,2,2,official_incident_id,2026
48267,incident:2020030901,2020-01-20 00:00:00+00:00,2023-05-11 00:00:00+00:00,Biological,3458; 4485,2,2,official_incident_id,2020
48267,incident:2021021302,2021-02-11 00:00:00+00:00,2021-02-21 00:00:00+00:00,Severe Ice Storm,3554; 4586,2,2,official_incident_id,2021
48267,incident:2026071703,2026-07-12 00:00:00+00:00,2026-08-04 00:00:00+00:00,Flood,3649; 4935,2,2,official_incident_id,2026
48269,incident:2020030901,2020-01-20 00:00:00+00:00,2023-05-11 00:00:00+00:00,Biological,3458; 4485,2,2,official_incident_id,2020
48269,incident:2021021302,2021-02-11 00:00:00+00:00,2021-02-21 00:00:00+00:00,Severe Ice Storm,3554; 4586,2,2,official_incident_id,2021
48271,incident:2020030901,2020-01-20 00:00:00+00:00,2023-05-11 00:00:00+00:00,Biological,3458; 4485,2,2,official_incident_id,2020
48271,incident:2021021302,2021-02-11 00:00:00+00:00,2021-02-21 00:00:00+00:00,Severe Ice Storm,3554; 4586,2,2,official_incident_id,2021
48271,incident:2026071703,2026-07-12 00:00:00+00:00,2026-08-04 00:00:00+00:00,Flood,3649; 4935,2,2,official_incident_id,2026
48273,incident:2020030901,2020-01-20 00:00:00+00:00,2023-05-11 00:00:00+00:00,Biological,3458; 4485,2,2,official_incident_id,2020
48273,incident:2021021302,2021-02-11 00:00:00+00:00,2021-02-21 00:00:00+00:00,Severe Ice Storm,3554; 4586,2,2,official_incident_id,2021
48275,incident:2020030901,2020-01-20 00:00:00+00:00,2023-05-11 00:00:00+00:00,Biological,3458; 4485,2,2,official_incident_id,2020
48275,incident:2021021302,2021-02-11 00:00:00+00:00,2021-02-21 00:00:00+00:00,Severe Ice Storm,3554; 4586,2,2,official_incident_id,2021
48277,incident:2020030901,2020-01-20 00:00:00+00:00,2023-05-11 00:00:00+00:00,Biological,3458; 4485,2,2,official_incident_id,2020
48277,incident:2021021302,2021-02-11 00:00:00+00:00,2021-02-21 00:00:00+00:00,Severe Ice Storm,3554; 4586,2,2,official_incident_id,2021
48279,incident:2020030901,2020-01-20 00:00:00+00:00,2023-05-11 00:00:00+00:00,Biological,3458; 4485,2,2,official_incident_id,2020
48279,incident:2021021302,2021-02-11 00:00:00+00:00,2021-02-21 00:00:00+00:00,Severe Ice Storm,3554; 4586,2,2,official_incident_id,2021
48281,incident:2020030901,2020-01-20 00:00:00+00:00,2023-05-11 00:00:00+00:00,Biological,3458; 4485,2,2,official_incident_id,2020
48281,incident:2021021302,2021-02-11 00:00:00+00:00,2021-02-21 00:00:00+00:00,Severe Ice Storm,3554; 4586,2,2,official_incident_id,2021
48283,incident:2020030901,2020-01-20 00:00:00+00:00,2023-05-11 00:00:00+00:00,Biological,3458; 4485,2,2,official_incident_id,2020
48283,incident:2021021302,2021-02-11 00:00:00+00:00,2021-02-21 00:00:00+00:00,Severe Ice Storm,3554; 4586,2,2,official_incident_id,2021
48283,incident:2026071703,2026-07-12 00:00:00+00:00,2026-08-04 00:00:00+00:00,Flood,3649; 4935,2,2,official_incident_id,2026
48285,incident:2020030901,2020-01-20 00:00:00+00:00,2023-05-11 00:00:00+00:00,Biological,3458; 4485,2,2,official_incident_id,2020
48285,incident:2021021302,2021-02-11 00:00:00+00:00,2021-02-21 00:00:00+00:00,Severe Ice Storm,3554; 4586,2,2,official_incident_id,2021
48287,incident:2020030901,2020-01-20 00:00:00+00:00,2023-05-11 00:00:00+00:00,Biological,3458; 4485,2,2,official_incident_id,2020
48287,incident:2021021302,2021-02-11 00:00:00+00:00,2021-02-21 00:00:00+00:00,Severe Ice Storm,3554; 4586,2,2,official_incident_id,2021
48289,incident:2020030901,2020-01-20 00:00:00+00:00,2023-05-11 00:00:00+00:00,Biological,3458; 4485,2,2,official_incident_id,2020
48289,incident:2021021302,2021-02-11 00:00:00+00:00,2021-02-21 00:00:00+00:00,Severe Ice Storm,3554; 4586,2,2,official_incident_id,2021
48291,incident:2020030901,2020-01-20 00:00:00+00:00,2023-05-11 00:00:00+00:00,Biological,3458; 4485,2,2,official_incident_id,2020
48291,incident:2021021302,2021-02-11 00:00:00+00:00,2021-02-21 00:00:00+00:00,Severe Ice Storm,3554; 4586,2,2,official_incident_id,2021
48293,incident:2020030901,2020-01-20 00:00:00+00:00,2023-05-11 00:00:00+00:00,Biological,3458; 4485,2,2,official_incident_id,2020
48293,incident:2021021302,2021-02-11 00:00:00+00:00,2021-02-21 00:00:00+00:00,Severe Ice Storm,3554; 4586,2,2,official_incident_id,2021
48295,incident:2020030901,2020-01-20 00:00:00+00:00,2023-05-11 00:00:00+00:00,Biological,3458; 4485,2,2,official_incident_id,2020
48295,incident:2021021302,2021-02-11 00:00:00+00:00,2021-02-21 00:00:00+00:00,Severe Ice Storm,3554; 4586,2,2,official_incident_id,2021
48297,incident:2020030901,2020-01-20 00:00:00+00:00,2023-05-11 00:00:00+00:00,Biological,3458; 4485,2,2,official_incident_id,2020
48297,incident:2021021302,2021-02-11 00:00:00+00:00,2021-02-21 00:00:00+00:00,Severe Ice Storm,3554; 4586,2,2,official_incident_id,2021
48299,incident:2020030901,2020-01-20 00:00:00+00:00,2023-05-11 00:00:00+00:00,Biological,3458; 4485,2,2,official_incident_id,2020
48299,incident:2021021302,2021-02-11 00:00:00+00:00,2021-02-21 00:00:00+00:00,Severe Ice Storm,3554; 4586,2,2,official_incident_id,2021
48301,incident:2020030901,2020-01-20 00:00:00+00:00,2023-05-11 00:00:00+00:00,Biological,3458; 4485,2,2,official_incident_id,2020
48301,incident:2021021302,2021-02-11 00:00:00+00:00,2021-02-21 00:00:00+00:00,Severe Ice Storm,3554; 4586,2,2,official_incident_id,2021
48303,incident:2020030901,2020-01-20 00:00:00+00:00,2023-05-11 00:00:00+00:00,Biological,3458; 4485,2,2,official_incident_id,2020
48303,incident:2021021302,2021-02-11 00:00:00+00:00,2021-02-21 00:00:00+00:00,Severe Ice Storm,3554; 4586,2,2,official_incident_id,2021
48305,incident:2020030901,2020-01-20 00:00:00+00:00,2023-05-11 00:00:00+00:00,Biological,3458; 4485,2,2,official_incident_id,2020
48305,incident:2021021302,2021-02-11 00:00:00+00:00,2021-02-21 00:00:00+00:00,Severe Ice Storm,3554; 4586,2,2,official_incident_id,2021
48307,incident:2020030901,2020-01-20 00:00:00+00:00,2023-05-11 00:00:00+00:00,Biological,3458; 4485,2,2,official_incident_id,2020
48307,incident:2021021302,2021-02-11 00:00:00+00:00,2021-02-21 00:00:00+00:00,Severe Ice Storm,3554; 4586,2,2,official_incident_id,2021
48309,incident:2020030901,2020-01-20 00:00:00+00:00,2023-05-11 00:00:00+00:00,Biological,3458; 4485,2,2,official_incident_id,2020
48309,incident:2021021302,2021-02-11 00:00:00+00:00,2021-02-21 00:00:00+00:00,Severe Ice Storm,3554; 4586,2,2,official_incident_id,2021
48311,incident:2020030901,2020-01-20 00:00:00+00:00,2023-05-11 00:00:00+00:00,Biological,3458; 4485,2,2,official_incident_id,2020
48311,incident:2021021302,2021-02-11 00:00:00+00:00,2021-02-21 00:00:00+00:00,Severe Ice Storm,3554; 4586,2,2,official_incident_id,2021
48313,incident:2020030901,2020-01-20 00:00:00+00:00,2023-05-11 00:00:00+00:00,Biological,3458; 4485,2,2,official_incident_id,2020
48313,incident:2021021302,2021-02-11 00:00:00+00:00,2021-02-21 00:00:00+00:00,Severe Ice Storm,3554; 4586,2,2,official_incident_id,2021
48315,incident:2020030901,2020-01-20 00:00:00+00:00,2023-05-11 00:00:00+00:00,Biological,3458; 4485,2,2,official_incident_id,2020
48315,incident:2021021302,2021-02-11 00:00:00+00:00,2021-02-21 00:00:00+00:00,Severe Ice Storm,3554; 4586,2,2,official_incident_id,2021
48317,incident:2020030901,2020-01-20 00:00:00+00:00,2023-05-11 00:00:00+00:00,Biological,3458; 4485,2,2,official_incident_id,2020
48317,incident:2021021302,2021-02-11 00:00:00+00:00,2021-02-21 00:00:00+00:00,Severe Ice Storm,3554; 4586,2,2,official_incident_id,2021
48319,incident:2020030901,2020-01-20 00:00:00+00:00,2023-05-11 00:00:00+00:00,Biological,3458; 4485,2,2,official_incident_id,2020
48319,incident:2021021302,2021-02-11 00:00:00+00:00,2021-02-21 00:00:00+00:00,Severe Ice Storm,3554; 4586,2,2,official_incident_id,2021
48319,incident:2026071703,2026-07-12 00:00:00+00:00,2026-08-04 00:00:00+00:00,Flood,3649; 4935,2,2,official_incident_id,2026
48321,incident:2020030901,2020-01-20 00:00:00+00:00,2023-05-11 00:00:00+00:00,Biological,3458; 4485,2,2,official_incident_id,2020
48321,incident:2021021302,2021-02-11 00:00:00+00:00,2021-02-21 00:00:00+00:00,Severe Ice Storm,3554; 4586,2,2,official_incident_id,2021
48323,incident:2020030901,2020-01-20 00:00:00+00:00,2023-05-11 00:00:00+00:00,Biological,3458; 4485,2,2,official_incident_id,2020
48323,incident:2021021302,2021-02-11 00:00:00+00:00,2021-02-21 00:00:00+00:00,Severe Ice Storm,3554; 4586,2,2,official_incident_id,2021
48323,incident:2026071703,2026-07-12 00:00:00+00:00,2026-08-04 00:00:00+00:00,Flood,3649; 4935,2,2,official_incident_id,2026
48325,incident:2020030901,2020-01-20 00:00:00+00:00,2023-05-11 00:00:00+00:00,Biological,3458; 4485,2,2,official_incident_id,2020
48325,incident:2021021302,2021-02-11 00:00:00+00:00,2021-02-21 00:00:00+00:00,Severe Ice Storm,3554; 4586,2,2,official_incident_id,2021
48327,incident:2020030901,2020-01-20 00:00:00+00:00,2023-05-11 00:00:00+00:00,Biological,3458; 4485,2,2,official_incident_id,2020
48327,incident:2021021302,2021-02-11 00:00:00+00:00,2021-02-21 00:00:00+00:00,Severe Ice Storm,3554; 4586,2,2,official_incident_id,2021
48327,incident:2026071703,2026-07-12 00:00:00+00:00,2026-08-04 00:00:00+00:00,Flood,3649; 4935,2,2,official_incident_id,2026
48329,incident:2020030901,2020-01-20 00:00:00+00:00,2023-05-11 00:00:00+00:00,Biological,3458; 4485,2,2,official_incident_id,2020
48329,incident:2021021302,2021-02-11 00:00:00+00:00,2021-02-21 00:00:00+00:00,Severe Ice Storm,3554; 4586,2,2,official_incident_id,2021
48331,incident:2020030901,2020-01-20 00:00:00+00:00,2023-05-11 00:00:00+00:00,Biological,3458; 4485,2,2,official_incident_id,2020
48331,incident:2021021302,2021-02-11 00:00:00+00:00,2021-02-21 00:00:00+00:00,Severe Ice Storm,3554; 4586,2,2,official_incident_id,2021
48333,incident:2020030901,2020-01-20 00:00:00+00:00,2023-05-11 00:00:00+00:00,Biological,3458; 4485,2,2,official_incident_id,2020
48333,incident:2021021302,2021-02-11 00:00:00+00:00,2021-02-21 00:00:00+00:00,Severe Ice Storm,3554; 4586,2,2,official_incident_id,2021
48335,incident:2020030901,2020-01-20 00:00:00+00:00,2023-05-11 00:00:00+00:00,Biological,3458; 4485,2,2,official_incident_id,2020
48335,incident:2021021302,2021-02-11 00:00:00+00:00,2021-02-21 00:00:00+00:00,Severe Ice Storm,3554; 4586,2,2,official_incident_id,2021
48337,incident:2020030901,2020-01-20 00:00:00+00:00,2023-05-11 00:00:00+00:00,Biological,3458; 4485,2,2,official_incident_id,2020
48337,incident:2021021302,2021-02-11 00:00:00+00:00,2021-02-21 00:00:00+00:00,Severe Ice Storm,3554; 4586,2,2,official_incident_id,2021
48339,incident:2020030901,2020-01-20 00:00:00+00:00,2023-05-11 00:00:00+00:00,Biological,3458; 4485,2,2,official_incident_id,2020
48339,incident:2021021302,2021-02-11 00:00:00+00:00,2021-02-21 00:00:00+00:00,Severe Ice Storm,3554; 4586,2,2,official_incident_id,2021
48341,incident:2020030901,2020-01-20 00:00:00+00:00,2023-05-11 00:00:00+00:00,Biological,3458; 4485,2,2,official_incident_id,2020
48341,incident:2021021302,2021-02-11 00:00:00+00:00,2021-02-21 00:00:00+00:00,Severe Ice Storm,3554; 4586,2,2,official_incident_id,2021
48343,incident:2020030901,2020-01-20 00:00:00+00:00,2023-05-11 00:00:00+00:00,Biological,3458; 4485,2,2,official_incident_id,2020
48343,incident:2021021302,2021-02-11 00:00:00+00:00,2021-02-21 00:00:00+00:00,Severe Ice Storm,3554; 4586,2,2,official_incident_id,2021
48345,incident:2020030901,2020-01-20 00:00:00+00:00,2023-05-11 00:00:00+00:00,Biological,3458; 4485,2,2,official_incident_id,2020
48345,incident:2021021302,2021-02-11 00:00:00+00:00,2021-02-21 00:00:00+00:00,Severe Ice Storm,3554; 4586,2,2,official_incident_id,2021
48347,incident:2020030901,2020-01-20 00:00:00+00:00,2023-05-11 00:00:00+00:00,Biological,3458; 4485,2,2,official_incident_id,2020
48347,incident:2021021302,2021-02-11 00:00:00+00:00,2021-02-21 00:00:00+00:00,Severe Ice Storm,3554; 4586,2,2,official_incident_id,2021
48349,incident:2020030901,2020-01-20 00:00:00+00:00,2023-05-11 00:00:00+00:00,Biological,3458; 4485,2,2,official_incident_id,2020
48349,incident:2021021302,2021-02-11 00:00:00+00:00,2021-02-21 00:00:00+00:00,Severe Ice Storm,3554; 4586,2,2,official_incident_id,2021
48351,incident:2020030901,2020-01-20 00:00:00+00:00,2023-05-11 00:00:00+00:00,Biological,3458; 4485,2,2,official_incident_id,2020
48351,incident:2020081804,2020-08-23 00:00:00+00:00,2020-08-27 00:00:00+00:00,Hurricane,3540; 4572,2,2,official_incident_id,2020
48351,incident:2021021302,2021-02-11 00:00:00+00:00,2021-02-21 00:00:00+00:00,Severe Ice Storm,3554; 4586,2,2,official_incident_id,2021
48353,incident:2020030901,2020-01-20 00:00:00+00:00,2023-05-11 00:00:00+00:00,Biological,3458; 4485,2,2,official_incident_id,2020
48353,incident:2021021302,2021-02-11 00:00:00+00:00,2021-02-21 00:00:00+00:00,Severe Ice Storm,3554; 4586,2,2,official_incident_id,2021
48355,incident:2020030901,2020-01-20 00:00:00+00:00,2023-05-11 00:00:00+00:00,Biological,3458; 4485,2,2,official_incident_id,2020
48355,incident:2021021302,2021-02-11 00:00:00+00:00,2021-02-21 00:00:00+00:00,Severe Ice Storm,3554; 4586,2,2,official_incident_id,2021
48357,incident:2020030901,2020-01-20 00:00:00+00:00,2023-05-11 00:00:00+00:00,Biological,3458; 4485,2,2,official_incident_id,2020
48357,incident:2021021302,2021-02-11 00:00:00+00:00,2021-02-21 00:00:00+00:00,Severe Ice Storm,3554; 4586,2,2,official_incident_id,2021
48359,incident:2020030901,2020-01-20 00:00:00+00:00,2023-05-11 00:00:00+00:00,Biological,3458; 4485,2,2,official_incident_id,2020
48359,incident:2021021302,2021-02-11 00:00:00+00:00,2021-02-21 00:00:00+00:00,Severe Ice Storm,3554; 4586,2,2,official_incident_id,2021
48361,incident:2020030901,2020-01-20 00:00:00+00:00,2023-05-11 00:00:00+00:00,Biological,3458; 4485,2,2,official_incident_id,2020
48361,incident:2020081804,2020-08-23 00:00:00+00:00,2020-08-27 00:00:00+00:00,Hurricane,3540; 4572,2,2,official_incident_id,2020
48361,incident:2021021302,2021-02-11 00:00:00+00:00,2021-02-21 00:00:00+00:00,Severe Ice Storm,3554; 4586,2,2,official_incident_id,2021
48363,incident:2020030901,2020-01-20 00:00:00+00:00,2023-05-11 00:00:00+00:00,Biological,3458; 4485,2,2,official_incident_id,2020
48363,incident:2021021302,2021-02-11 00:00:00+00:00,2021-02-21 00:00:00+00:00,Severe Ice Storm,3554; 4586,2,2,official_incident_id,2021
48365,incident:2020030901,2020-01-20 00:00:00+00:00,2023-05-11 00:00:00+00:00,Biological,3458; 4485,2,2,official_incident_id,2020
48365,incident:2021021302,2021-02-11 00:00:00+00:00,2021-02-21 00:00:00+00:00,Severe Ice Storm,3554; 4586,2,2,official_incident_id,2021
48367,incident:2020030901,2020-01-20 00:00:00+00:00,2023-05-11 00:00:00+00:00,Biological,3458; 4485,2,2,official_incident_id,2020
48367,incident:2021021302,2021-02-11 00:00:00+00:00,2021-02-21 00:00:00+00:00,Severe Ice Storm,3554; 4586,2,2,official_incident_id,2021
48369,incident:2020030901,2020-01-20 00:00:00+00:00,2023-05-11 00:00:00+00:00,Biological,3458; 4485,2,2,official_incident_id,2020
48369,incident:2021021302,2021-02-11 00:00:00+00:00,2021-02-21 00:00:00+00:00,Severe Ice Storm,3554; 4586,2,2,official_incident_id,2021
48371,incident:2020030901,2020-01-20 00:00:00+00:00,2023-05-11 00:00:00+00:00,Biological,3458; 4485,2,2,official_incident_id,2020
48371,incident:2021021302,2021-02-11 00:00:00+00:00,2021-02-21 00:00:00+00:00,Severe Ice Storm,3554; 4586,2,2,official_incident_id,2021
48373,incident:2020030901,2020-01-20 00:00:00+00:00,2023-05-11 00:00:00+00:00,Biological,3458; 4485,2,2,official_incident_id,2020
48373,incident:2021021302,2021-02-11 00:00:00+00:00,2021-02-21 00:00:00+00:00,Severe Ice Storm,3554; 4586,2,2,official_incident_id,2021
48375,incident:2020030901,2020-01-20 00:00:00+00:00,2023-05-11 00:00:00+00:00,Biological,3458; 4485,2,2,official_incident_id,2020
48375,incident:2021021302,2021-02-11 00:00:00+00:00,2021-02-21 00:00:00+00:00,Severe Ice Storm,3554; 4586,2,2,official_incident_id,2021
48377,incident:2020030901,2020-01-20 00:00:00+00:00,2023-05-11 00:00:00+00:00,Biological,3458; 4485,2,2,official_incident_id,2020
48377,incident:2021021302,2021-02-11 00:00:00+00:00,2021-02-21 00:00:00+00:00,Severe Ice Storm,3554; 4586,2,2,official_incident_id,2021
48379,incident:2020030901,2020-01-20 00:00:00+00:00,2023-05-11 00:00:00+00:00,Biological,3458; 4485,2,2,official_incident_id,2020
48379,incident:2021021302,2021-02-11 00:00:00+00:00,2021-02-21 00:00:00+00:00,Severe Ice Storm,3554; 4586,2,2,official_incident_id,2021
48381,incident:2020030901,2020-01-20 00:00:00+00:00,2023-05-11 00:00:00+00:00,Biological,3458; 4485,2,2,official_incident_id,2020
48381,incident:2021021302,2021-02-11 00:00:00+00:00,2021-02-21 00:00:00+00:00,Severe Ice Storm,3554; 4586,2,2,official_incident_id,2021
48383,incident:2020030901,2020-01-20 00:00:00+00:00,2023-05-11 00:00:00+00:00,Biological,3458; 4485,2,2,official_incident_id,2020
48383,incident:2021021302,2021-02-11 00:00:00+00:00,2021-02-21 00:00:00+00:00,Severe Ice Storm,3554; 4586,2,2,official_incident_id,2021
48385,incident:2020030901,2020-01-20 00:00:00+00:00,2023-05-11 00:00:00+00:00,Biological,3458; 4485,2,2,official_incident_id,2020
48385,incident:2021021302,2021-02-11 00:00:00+00:00,2021-02-21 00:00:00+00:00,Severe Ice Storm,3554; 4586,2,2,official_incident_id,2021
48385,incident:2026071703,2026-07-12 00:00:00+00:00,2026-08-04 00:00:00+00:00,Flood,3649; 4935,2,2,official_incident_id,2026
48387,incident:2020030901,2020-01-20 00:00:00+00:00,2023-05-11 00:00:00+00:00,Biological,3458; 4485,2,2,official_incident_id,2020
48387,incident:2021021302,2021-02-11 00:00:00+00:00,2021-02-21 00:00:00+00:00,Severe Ice Storm,3554; 4586,2,2,official_incident_id,2021
48389,incident:2020030901,2020-01-20 00:00:00+00:00,2023-05-11 00:00:00+00:00,Biological,3458; 4485,2,2,official_incident_id,2020
48389,incident:2021021302,2021-02-11 00:00:00+00:00,2021-02-21 00:00:00+00:00,Severe Ice Storm,3554; 4586,2,2,official_incident_id,2021
48391,incident:2020030901,2020-01-20 00:00:00+00:00,2023-05-11 00:00:00+00:00,Biological,3458; 4485,2,2,official_incident_id,2020
48391,incident:2021021302,2021-02-11 00:00:00+00:00,2021-02-21 00:00:00+00:00,Severe Ice Storm,3554; 4586,2,2,official_incident_id,2021
48393,incident:2020030901,2020-01-20 00:00:00+00:00,2023-05-11 00:00:00+00:00,Biological,3458; 4485,2,2,official_incident_id,2020
48393,incident:2021021302,2021-02-11 00:00:00+00:00,2021-02-21 00:00:00+00:00,Severe Ice Storm,3554; 4586,2,2,official_incident_id,2021
48395,incident:2020030901,2020-01-20 00:00:00+00:00,2023-05-11 00:00:00+00:00,Biological,3458; 4485,2,2,official_incident_id,2020
48395,incident:2021021302,2021-02-11 00:00:00+00:00,2021-02-21 00:00:00+00:00,Severe Ice Storm,3554; 4586,2,2,official_incident_id,2021
48397,incident:2020030901,2020-01-20 00:00:00+00:00,2023-05-11 00:00:00+00:00,Biological,3458; 4485,2,2,official_incident_id,2020
48397,incident:2021021302,2021-02-11 00:00:00+00:00,2021-02-21 00:00:00+00:00,Severe Ice Storm,3554; 4586,2,2,official_incident_id,2021
48399,incident:2020030901,2020-01-20 00:00:00+00:00,2023-05-11 00:00:00+00:00,Biological,3458; 4485,2,2,official_incident_id,2020
48399,incident:2021021302,2021-02-11 00:00:00+00:00,2021-02-21 00:00:00+00:00,Severe Ice Storm,3554; 4586,2,2,official_incident_id,2021
48401,incident:2020030901,2020-01-20 00:00:00+00:00,2023-05-11 00:00:00+00:00,Biological,3458; 4485,2,2,official_incident_id,2020
48401,incident:2021021302,2021-02-11 00:00:00+00:00,2021-02-21 00:00:00+00:00,Severe Ice Storm,3554; 4586,2,2,official_incident_id,2021
48403,incident:2020030901,2020-01-20 00:00:00+00:00,2023-05-11 00:00:00+00:00,Biological,3458; 4485,2,2,official_incident_id,2020
48403,incident:2021021302,2021-02-11 00:00:00+00:00,2021-02-21 00:00:00+00:00,Severe Ice Storm,3554; 4586,2,2,official_incident_id,2021
48405,incident:2020030901,2020-01-20 00:00:00+00:00,2023-05-11 00:00:00+00:00,Biological,3458; 4485,2,2,official_incident_id,2020
48405,incident:2021021302,2021-02-11 00:00:00+00:00,2021-02-21 00:00:00+00:00,Severe Ice Storm,3554; 4586,2,2,official_incident_id,2021
48407,incident:2020030901,2020-01-20 00:00:00+00:00,2023-05-11 00:00:00+00:00,Biological,3458; 4485,2,2,official_incident_id,2020
48407,incident:2021021302,2021-02-11 00:00:00+00:00,2021-02-21 00:00:00+00:00,Severe Ice Storm,3554; 4586,2,2,official_incident_id,2021
48409,incident:2020030901,2020-01-20 00:00:00+00:00,2023-05-11 00:00:00+00:00,Biological,3458; 4485,2,2,official_incident_id,2020
48409,incident:2021021302,2021-02-11 00:00:00+00:00,2021-02-21 00:00:00+00:00,Severe Ice Storm,3554; 4586,2,2,official_incident_id,2021
48411,incident:2020030901,2020-01-20 00:00:00+00:00,2023-05-11 00:00:00+00:00,Biological,3458; 4485,2,2,official_incident_id,2020
48411,incident:2021021302,2021-02-11 00:00:00+00:00,2021-02-21 00:00:00+00:00,Severe Ice Storm,3554; 4586,2,2,official_incident_id,2021
48413,incident:2020030901,2020-01-20 00:00:00+00:00,2023-05-11 00:00:00+00:00,Biological,3458; 4485,2,2,official_incident_id,2020
48413,incident:2021021302,2021-02-11 00:00:00+00:00,2021-02-21 00:00:00+00:00,Severe Ice Storm,3554; 4586,2,2,official_incident_id,2021
48415,incident:2020030901,2020-01-20 00:00:00+00:00,2023-05-11 00:00:00+00:00,Biological,3458; 4485,2,2,official_incident_id,2020
48415,incident:2021021302,2021-02-11 00:00:00+00:00,2021-02-21 00:00:00+00:00,Severe Ice Storm,3554; 4586,2,2,official_incident_id,2021
48417,incident:2020030901,2020-01-20 00:00:00+00:00,2023-05-11 00:00:00+00:00,Biological,3458; 4485,2,2,official_incident_id,2020
48417,incident:2021021302,2021-02-11 00:00:00+00:00,2021-02-21 00:00:00+00:00,Severe Ice Storm,3554; 4586,2,2,official_incident_id,2021
48419,incident:2020030901,2020-01-20 00:00:00+00:00,2023-05-11 00:00:00+00:00,Biological,3458; 4485,2,2,official_incident_id,2020
48419,incident:2021021302,2021-02-11 00:00:00+00:00,2021-02-21 00:00:00+00:00,Severe Ice Storm,3554; 4586,2,2,official_incident_id,2021
48421,incident:2020030901,2020-01-20 00:00:00+00:00,2023-05-11 00:00:00+00:00,Biological,3458; 4485,2,2,official_incident_id,2020
48421,incident:2021021302,2021-02-11 00:00:00+00:00,2021-02-21 00:00:00+00:00,Severe Ice Storm,3554; 4586,2,2,official_incident_id,2021
48423,incident:2020030901,2020-01-20 00:00:00+00:00,2023-05-11 00:00:00+00:00,Biological,3458; 4485,2,2,official_incident_id,2020
48423,incident:2021021302,2021-02-11 00:00:00+00:00,2021-02-21 00:00:00+00:00,Severe Ice Storm,3554; 4586,2,2,official_incident_id,2021
48425,incident:2020030901,2020-01-20 00:00:00+00:00,2023-05-11 00:00:00+00:00,Biological,3458; 4485,2,2,official_incident_id,2020
48425,incident:2021021302,2021-02-11 00:00:00+00:00,2021-02-21 00:00:00+00:00,Severe Ice Storm,3554; 4586,2,2,official_incident_id,2021
48427,incident:2020030901,2020-01-20 00:00:00+00:00,2023-05-11 00:00:00+00:00,Biological,3458; 4485,2,2,official_incident_id,2020
48427,incident:2021021302,2021-02-11 00:00:00+00:00,2021-02-21 00:00:00+00:00,Severe Ice Storm,3554; 4586,2,2,official_incident_id,2021
48429,incident:2020030901,2020-01-20 00:00:00+00:00,2023-05-11 00:00:00+00:00,Biological,3458; 4485,2,2,official_incident_id,2020
48429,incident:2021021302,2021-02-11 00:00:00+00:00,2021-02-21 00:00:00+00:00,Severe Ice Storm,3554; 4586,2,2,official_incident_id,2021
48431,incident:2020030901,2020-01-20 00:00:00+00:00,2023-05-11 00:00:00+00:00,Biological,3458; 4485,2,2,official_incident_id,2020
48431,incident:2021021302,2021-02-11 00:00:00+00:00,2021-02-21 00:00:00+00:00,Severe Ice Storm,3554; 4586,2,2,official_incident_id,2021
48433,incident:2020030901,2020-01-20 00:00:00+00:00,2023-05-11 00:00:00+00:00,Biological,3458; 4485,2,2,official_incident_id,2020
48433,incident:2021021302,2021-02-11 00:00:00+00:00,2021-02-21 00:00:00+00:00,Severe Ice Storm,3554; 4586,2,2,official_incident_id,2021
48435,incident:2020030901,2020-01-20 00:00:00+00:00,2023-05-11 00:00:00+00:00,Biological,3458; 4485,2,2,official_incident_id,2020
48435,incident:2021021302,2021-02-11 00:00:00+00:00,2021-02-21 00:00:00+00:00,Severe Ice Storm,3554; 4586,2,2,official_incident_id,2021
48435,incident:2026071703,2026-07-12 00:00:00+00:00,2026-08-04 00:00:00+00:00,Flood,3649; 4935,2,2,official_incident_id,2026
48437,incident:2020030901,2020-01-20 00:00:00+00:00,2023-05-11 00:00:00+00:00,Biological,3458; 4485,2,2,official_incident_id,2020
48437,incident:2021021302,2021-02-11 00:00:00+00:00,2021-02-21 00:00:00+00:00,Severe Ice Storm,3554; 4586,2,2,official_incident_id,2021
48439,incident:2020030901,2020-01-20 00:00:00+00:00,2023-05-11 00:00:00+00:00,Biological,3458; 4485,2,2,official_incident_id,2020
48439,incident:2021021302,2021-02-11 00:00:00+00:00,2021-02-21 00:00:00+00:00,Severe Ice Storm,3554; 4586,2,2,official_incident_id,2021
48441,incident:2020030901,2020-01-20 00:00:00+00:00,2023-05-11 00:00:00+00:00,Biological,3458; 4485,2,2,official_incident_id,2020
48441,incident:2021021302,2021-02-11 00:00:00+00:00,2021-02-21 00:00:00+00:00,Severe Ice Storm,3554; 4586,2,2,official_incident_id,2021
48443,incident:2020030901,2020-01-20 00:00:00+00:00,2023-05-11 00:00:00+00:00,Biological,3458; 4485,2,2,official_incident_id,2020
48443,incident:2021021302,2021-02-11 00:00:00+00:00,2021-02-21 00:00:00+00:00,Severe Ice Storm,3554; 4586,2,2,official_incident_id,2021
48445,incident:2020030901,2020-01-20 00:00:00+00:00,2023-05-11 00:00:00+00:00,Biological,3458; 4485,2,2,official_incident_id,2020
48445,incident:2021021302,2021-02-11 00:00:00+00:00,2021-02-21 00:00:00+00:00,Severe Ice Storm,3554; 4586,2,2,official_incident_id,2021
48447,incident:2020030901,2020-01-20 00:00:00+00:00,2023-05-11 00:00:00+00:00,Biological,3458; 4485,2,2,official_incident_id,2020
48447,incident:2021021302,2021-02-11 00:00:00+00:00,2021-02-21 00:00:00+00:00,Severe Ice Storm,3554; 4586,2,2,official_incident_id,2021
48449,incident:2020030901,2020-01-20 00:00:00+00:00,2023-05-11 00:00:00+00:00,Biological,3458; 4485,2,2,official_incident_id,2020
48449,incident:2021021302,2021-02-11 00:00:00+00:00,2021-02-21 00:00:00+00:00,Severe Ice Storm,3554; 4586,2,2,official_incident_id,2021
48451,incident:2020030901,2020-01-20 00:00:00+00:00,2023-05-11 00:00:00+00:00,Biological,3458; 4485,2,2,official_incident_id,2020
48451,incident:2021021302,2021-02-11 00:00:00+00:00,2021-02-21 00:00:00+00:00,Severe Ice Storm,3554; 4586,2,2,official_incident_id,2021
48453,incident:2020030901,2020-01-20 00:00:00+00:00,2023-05-11 00:00:00+00:00,Biological,3458; 4485,2,2,official_incident_id,2020
48453,incident:2021021302,2021-02-11 00:00:00+00:00,2021-02-21 00:00:00+00:00,Severe Ice Storm,3554; 4586,2,2,official_incident_id,2021
48455,incident:2020030901,2020-01-20 00:00:00+00:00,2023-05-11 00:00:00+00:00,Biological,3458; 4485,2,2,official_incident_id,2020
48455,incident:2021021302,2021-02-11 00:00:00+00:00,2021-02-21 00:00:00+00:00,Severe Ice Storm,3554; 4586,2,2,official_incident_id,2021
48457,incident:2020030901,2020-01-20 00:00:00+00:00,2023-05-11 00:00:00+00:00,Biological,3458; 4485,2,2,official_incident_id,2020
48457,incident:2021021302,2021-02-11 00:00:00+00:00,2021-02-21 00:00:00+00:00,Severe Ice Storm,3554; 4586,2,2,official_incident_id,2021
48459,incident:2020030901,2020-01-20 00:00:00+00:00,2023-05-11 00:00:00+00:00,Biological,3458; 4485,2,2,official_incident_id,2020
48459,incident:2021021302,2021-02-11 00:00:00+00:00,2021-02-21 00:00:00+00:00,Severe Ice Storm,3554; 4586,2,2,official_incident_id,2021
48461,incident:2020030901,2020-01-20 00:00:00+00:00,2023-05-11 00:00:00+00:00,Biological,3458; 4485,2,2,official_incident_id,2020
48461,incident:2021021302,2021-02-11 00:00:00+00:00,2021-02-21 00:00:00+00:00,Severe Ice Storm,3554; 4586,2,2,official_incident_id,2021
48463,incident:2020030901,2020-01-20 00:00:00+00:00,2023-05-11 00:00:00+00:00,Biological,3458; 4485,2,2,official_incident_id,2020
48463,incident:2021021302,2021-02-11 00:00:00+00:00,2021-02-21 00:00:00+00:00,Severe Ice Storm,3554; 4586,2,2,official_incident_id,2021
48463,incident:2026071703,2026-07-12 00:00:00+00:00,2026-08-04 00:00:00+00:00,Flood,3649; 4935,2,2,official_incident_id,2026
48465,incident:2020030901,2020-01-20 00:00:00+00:00,2023-05-11 00:00:00+00:00,Biological,3458; 4485,2,2,official_incident_id,2020
48465,incident:2021021302,2021-02-11 00:00:00+00:00,2021-02-21 00:00:00+00:00,Severe Ice Storm,3554; 4586,2,2,official_incident_id,2021
48465,incident:2026071703,2026-07-12 00:00:00+00:00,2026-08-04 00:00:00+00:00,Flood,3649; 4935,2,2,official_incident_id,2026
48467,incident:2020030901,2020-01-20 00:00:00+00:00,2023-05-11 00:00:00+00:00,Biological,3458; 4485,2,2,official_incident_id,2020
48467,incident:2021021302,2021-02-11 00:00:00+00:00,2021-02-21 00:00:00+00:00,Severe Ice Storm,3554; 4586,2,2,official_incident_id,2021
48469,incident:2020030901,2020-01-20 00:00:00+00:00,2023-05-11 00:00:00+00:00,Biological,3458; 4485,2,2,official_incident_id,2020
48469,incident:2021021302,2021-02-11 00:00:00+00:00,2021-02-21 00:00:00+00:00,Severe Ice Storm,3554; 4586,2,2,official_incident_id,2021
48471,incident:2020030901,2020-01-20 00:00:00+00:00,2023-05-11 00:00:00+00:00,Biological,3458; 4485,2,2,official_incident_id,2020
48471,incident:2021021302,2021-02-11 00:00:00+00:00,2021-02-21 00:00:00+00:00,Severe Ice Storm,3554; 4586,2,2,official_incident_id,2021
48473,incident:2020030901,2020-01-20 00:00:00+00:00,2023-05-11 00:00:00+00:00,Biological,3458; 4485,2,2,official_incident_id,2020
48473,incident:2021021302,2021-02-11 00:00:00+00:00,2021-02-21 00:00:00+00:00,Severe Ice Storm,3554; 4586,2,2,official_incident_id,2021
48475,incident:2020030901,2020-01-20 00:00:00+00:00,2023-05-11 00:00:00+00:00,Biological,3458; 4485,2,2,official_incident_id,2020
48475,incident:2021021302,2021-02-11 00:00:00+00:00,2021-02-21 00:00:00+00:00,Severe Ice Storm,3554; 4586,2,2,official_incident_id,2021
48477,incident:2020030901,2020-01-20 00:00:00+00:00,2023-05-11 00:00:00+00:00,Biological,3458; 4485,2,2,official_incident_id,2020
48477,incident:2021021302,2021-02-11 00:00:00+00:00,2021-02-21 00:00:00+00:00,Severe Ice Storm,3554; 4586,2,2,official_incident_id,2021
48479,incident:2020030901,2020-01-20 00:00:00+00:00,2023-05-11 00:00:00+00:00,Biological,3458; 4485,2,2,official_incident_id,2020
48479,incident:2021021302,2021-02-11 00:00:00+00:00,2021-02-21 00:00:00+00:00,Severe Ice Storm,3554; 4586,2,2,official_incident_id,2021
48481,incident:2020030901,2020-01-20 00:00:00+00:00,2023-05-11 00:00:00+00:00,Biological,3458; 4485,2,2,official_incident_id,2020
48481,incident:2021021302,2021-02-11 00:00:00+00:00,2021-02-21 00:00:00+00:00,Severe Ice Storm,3554; 4586,2,2,official_incident_id,2021
48483,incident:2020030901,2020-01-20 00:00:00+00:00,2023-05-11 00:00:00+00:00,Biological,3458; 4485,2,2,official_incident_id,2020
48483,incident:2021021302,2021-02-11 00:00:00+00:00,2021-02-21 00:00:00+00:00,Severe Ice Storm,3554; 4586,2,2,official_incident_id,2021
48485,incident:2020030901,2020-01-20 00:00:00+00:00,2023-05-11 00:00:00+00:00,Biological,3458; 4485,2,2,official_incident_id,2020
48485,incident:2021021302,2021-02-11 00:00:00+00:00,2021-02-21 00:00:00+00:00,Severe Ice Storm,3554; 4586,2,2,official_incident_id,2021
48487,incident:2020030901,2020-01-20 00:00:00+00:00,2023-05-11 00:00:00+00:00,Biological,3458; 4485,2,2,official_incident_id,2020
48487,incident:2021021302,2021-02-11 00:00:00+00:00,2021-02-21 00:00:00+00:00,Severe Ice Storm,3554; 4586,2,2,official_incident_id,2021
48489,incident:2020030901,2020-01-20 00:00:00+00:00,2023-05-11 00:00:00+00:00,Biological,3458; 4485,2,2,official_incident_id,2020
48489,incident:2021021302,2021-02-11 00:00:00+00:00,2021-02-21 00:00:00+00:00,Severe Ice Storm,3554; 4586,2,2,official_incident_id,2021
48491,incident:2020030901,2020-01-20 00:00:00+00:00,2023-05-11 00:00:00+00:00,Biological,3458; 4485,2,2,official_incident_id,2020
48491,incident:2021021302,2021-02-11 00:00:00+00:00,2021-02-21 00:00:00+00:00,Severe Ice Storm,3554; 4586,2,2,official_incident_id,2021
48493,incident:2020030901,2020-01-20 00:00:00+00:00,2023-05-11 00:00:00+00:00,Biological,3458; 4485,2,2,official_incident_id,2020
48493,incident:2021021302,2021-02-11 00:00:00+00:00,2021-02-21 00:00:00+00:00,Severe Ice Storm,3554; 4586,2,2,official_incident_id,2021
48495,incident:2020030901,2020-01-20 00:00:00+00:00,2023-05-11 00:00:00+00:00,Biological,3458; 4485,2,2,official_incident_id,2020
48495,incident:2021021302,2021-02-11 00:00:00+00:00,2021-02-21 00:00:00+00:00,Severe Ice Storm,3554; 4586,2,2,official_incident_id,2021
48497,incident:2020030901,2020-01-20 00:00:00+00:00,2023-05-11 00:00:00+00:00,Biological,3458; 4485,2,2,official_incident_id,2020
48497,incident:2021021302,2021-02-11 00:00:00+00:00,2021-02-21 00:00:00+00:00,Severe Ice Storm,3554; 4586,2,2,official_incident_id,2021
48499,incident:2020030901,2020-01-20 00:00:00+00:00,2023-05-11 00:00:00+00:00,Biological,3458; 4485,2,2,official_incident_id,2020
48499,incident:2021021302,2021-02-11 00:00:00+00:00,2021-02-21 00:00:00+00:00,Severe Ice Storm,3554; 4586,2,2,official_incident_id,2021
48501,incident:2020030901,2020-01-20 00:00:00+00:00,2023-05-11 00:00:00+00:00,Biological,3458; 4485,2,2,official_incident_id,2020
48501,incident:2021021302,2021-02-11 00:00:00+00:00,2021-02-21 00:00:00+00:00,Severe Ice Storm,3554; 4586,2,2,official_incident_id,2021
48503,incident:2020030901,2020-01-20 00:00:00+00:00,2023-05-11 00:00:00+00:00,Biological,3458; 4485,2,2,official_incident_id,2020
48503,incident:2021021302,2021-02-11 00:00:00+00:00,2021-02-21 00:00:00+00:00,Severe Ice Storm,3554; 4586,2,2,official_incident_id,2021
48505,incident:2020030901,2020-01-20 00:00:00+00:00,2023-05-11 00:00:00+00:00,Biological,3458; 4485,2,2,official_incident_id,2020
48505,incident:2021021302,2021-02-11 00:00:00+00:00,2021-02-21 00:00:00+00:00,Severe Ice Storm,3554; 4586,2,2,official_incident_id,2021
48507,incident:2020030901,2020-01-20 00:00:00+00:00,2023-05-11 00:00:00+00:00,Biological,3458; 4485,2,2,official_incident_id,2020
48507,incident:2021021302,2021-02-11 00:00:00+00:00,2021-02-21 00:00:00+00:00,Severe Ice Storm,3554; 4586,2,2,official_incident_id,2021
48507,incident:2026071703,2026-07-12 00:00:00+00:00,2026-08-04 00:00:00+00:00,Flood,3649; 4935,2,2,official_incident_id,2026
49001,incident:2020030901,2020-01-20 00:00:00+00:00,2023-05-11 00:00:00+00:00,Biological,3478; 4525,2,2,official_incident_id,2020
49003,incident:2020030901,2020-01-20 00:00:00+00:00,2023-05-11 00:00:00+00:00,Biological,3478; 4525,2,2,official_incident_id,2020
49005,incident:2020030901,2020-01-20 00:00:00+00:00,2023-05-11 00:00:00+00:00,Biological,3478; 4525,2,2,official_incident_id,2020
49007,incident:2020030901,2020-01-20 00:00:00+00:00,2023-05-11 00:00:00+00:00,Biological,3478; 4525,2,4,official_incident_id,2020
49009,incident:2020030901,2020-01-20 00:00:00+00:00,2023-05-11 00:00:00+00:00,Biological,3478; 4525,2,2,official_incident_id,2020
49011,incident:2020030901,2020-01-20 00:00:00+00:00,2023-05-11 00:00:00+00:00,Biological,3478; 4525,2,2,official_incident_id,2020
49013,incident:2020030901,2020-01-20 00:00:00+00:00,2023-05-11 00:00:00+00:00,Biological,3478; 4525,2,4,official_incident_id,2020
49015,incident:2020030901,2020-01-20 00:00:00+00:00,2023-05-11 00:00:00+00:00,Biological,3478; 4525,2,4,official_incident_id,2020
49017,incident:2020030901,2020-01-20 00:00:00+00:00,2023-05-11 00:00:00+00:00,Biological,3478; 4525,2,2,official_incident_id,2020
49019,incident:2020030901,2020-01-20 00:00:00+00:00,2023-05-11 00:00:00+00:00,Biological,3478; 4525,2,4,official_incident_id,2020
49021,incident:2020030901,2020-01-20 00:00:00+00:00,2023-05-11 00:00:00+00:00,Biological,3478; 4525,2,2,official_incident_id,2020
49023,incident:2020030901,2020-01-20 00:00:00+00:00,2023-05-11 00:00:00+00:00,Biological,3443; 3478; 4523; 4525,4,6,official_incident_id,2020
49025,incident:2020030901,2020-01-20 00:00:00+00:00,2023-05-11 00:00:00+00:00,Biological,3478; 4525,2,2,official_incident_id,2020
49027,incident:2020030901,2020-01-20 00:00:00+00:00,2023-05-11 00:00:00+00:00,Biological,3478; 4525,2,2,official_incident_id,2020
49029,incident:2020030901,2020-01-20 00:00:00+00:00,2023-05-11 00:00:00+00:00,Biological,3478; 4525,2,2,official_incident_id,2020
49031,incident:2020030901,2020-01-20 00:00:00+00:00,2023-05-11 00:00:00+00:00,Biological,3478; 4525,2,2,official_incident_id,2020
49033,incident:2020030901,2020-01-20 00:00:00+00:00,2023-05-11 00:00:00+00:00,Biological,3478; 4525,2,2,official_incident_id,2020
49035,incident:2020030901,2020-01-20 00:00:00+00:00,2023-05-11 00:00:00+00:00,Biological,3478; 4525,2,2,official_incident_id,2020
49037,incident:2010012101,2010-01-18 00:00:00+00:00,2010-01-29 00:00:00+00:00,Severe Storm,1888; 3307,2,2,official_incident_id,2010
49037,incident:2020030901,2020-01-20 00:00:00+00:00,2023-05-11 00:00:00+00:00,Biological,3436; 3442; 3460; 3478; 4498; 4524; 4525; 4529; 4582,9,15,official_incident_id,2020
49039,incident:2020030901,2020-01-20 00:00:00+00:00,2023-05-11 00:00:00+00:00,Biological,3478; 4525,2,2,official_incident_id,2020
49041,incident:2020030901,2020-01-20 00:00:00+00:00,2023-05-11 00:00:00+00:00,Biological,3478; 4525,2,2,official_incident_id,2020
49043,incident:2020030901,2020-01-20 00:00:00+00:00,2023-05-11 00:00:00+00:00,Biological,3478; 4525,2,2,official_incident_id,2020
49045,incident:2020030901,2020-01-20 00:00:00+00:00,2023-05-11 00:00:00+00:00,Biological,3443; 3478; 4523; 4525,4,8,official_incident_id,2020
49047,incident:2020030901,2020-01-20 00:00:00+00:00,2023-05-11 00:00:00+00:00,Biological,3478; 4525,2,4,official_incident_id,2020
49049,incident:2020030901,2020-01-20 00:00:00+00:00,2023-05-11 00:00:00+00:00,Biological,3478; 4525,2,4,official_incident_id,2020
49051,incident:2020030901,2020-01-20 00:00:00+00:00,2023-05-11 00:00:00+00:00,Biological,3478; 4525,2,4,official_incident_id,2020
49053,incident:2020030901,2020-01-20 00:00:00+00:00,2023-05-11 00:00:00+00:00,Biological,3478; 4525,2,2,official_incident_id,2020
49055,incident:2020030901,2020-01-20 00:00:00+00:00,2023-05-11 00:00:00+00:00,Biological,3478; 4525,2,2,official_incident_id,2020
49057,incident:2020030901,2020-01-20 00:00:00+00:00,2023-05-11 00:00:00+00:00,Biological,3478; 4525,2,2,official_incident_id,2020
50001,incident:2020030901,2020-01-20 00:00:00+00:00,2023-05-11 00:00:00+00:00,Biological,3437; 4532,2,2,official_incident_id,2020
50001,incident:2023071001,2023-07-07 00:00:00+00:00,2023-07-21 00:00:00+00:00,Flood,3595; 4720,2,2,official_incident_id,2023
50003,incident:2020030901,2020-01-20 00:00:00+00:00,2023-05-11 00:00:00+00:00,Biological,3437; 4532,2,2,official_incident_id,2020
50003,incident:2023071001,2023-07-07 00:00:00+00:00,2023-07-21 00:00:00+00:00,Flood,3595; 4720,2,2,official_incident_id,2023
50005,incident:2020030901,2020-01-20 00:00:00+00:00,2023-05-11 00:00:00+00:00,Biological,3437; 4532,2,2,official_incident_id,2020
50005,incident:2023071001,2023-07-07 00:00:00+00:00,2023-07-21 00:00:00+00:00,Flood,3595; 4720,2,2,official_incident_id,2023
50007,incident:2020030901,2020-01-20 00:00:00+00:00,2023-05-11 00:00:00+00:00,Biological,3437; 4532,2,2,official_incident_id,2020
50007,incident:2023071001,2023-07-07 00:00:00+00:00,2023-07-21 00:00:00+00:00,Flood,3595; 4720,2,2,official_incident_id,2023
50009,incident:2020030901,2020-01-20 00:00:00+00:00,2023-05-11 00:00:00+00:00,Biological,3437; 4532,2,2,official_incident_id,2020
50009,incident:2023071001,2023-07-07 00:00:00+00:00,2023-07-21 00:00:00+00:00,Flood,3595; 4720,2,2,official_incident_id,2023
50011,incident:2020030901,2020-01-20 00:00:00+00:00,2023-05-11 00:00:00+00:00,Biological,3437; 4532,2,2,official_incident_id,2020
50011,incident:2023071001,2023-07-07 00:00:00+00:00,2023-07-21 00:00:00+00:00,Flood,3595; 4720,2,2,official_incident_id,2023
50013,incident:2020030901,2020-01-20 00:00:00+00:00,2023-05-11 00:00:00+00:00,Biological,3437; 4532,2,2,official_incident_id,2020
50013,incident:2023071001,2023-07-07 00:00:00+00:00,2023-07-21 00:00:00+00:00,Flood,3595; 4720,2,2,official_incident_id,2023
50015,incident:2020030901,2020-01-20 00:00:00+00:00,2023-05-11 00:00:00+00:00,Biological,3437; 4532,2,2,official_incident_id,2020
50015,incident:2023071001,2023-07-07 00:00:00+00:00,2023-07-21 00:00:00+00:00,Flood,3595; 4720,2,2,official_incident_id,2023
50017,incident:2020030901,2020-01-20 00:00:00+00:00,2023-05-11 00:00:00+00:00,Biological,3437; 4532,2,2,official_incident_id,2020
50017,incident:2023071001,2023-07-07 00:00:00+00:00,2023-07-21 00:00:00+00:00,Flood,3595; 4720,2,2,official_incident_id,2023
50019,incident:2020030901,2020-01-20 00:00:00+00:00,2023-05-11 00:00:00+00:00,Biological,3437; 4532,2,2,official_incident_id,2020
50019,incident:2023071001,2023-07-07 00:00:00+00:00,2023-07-21 00:00:00+00:00,Flood,3595; 4720,2,2,official_incident_id,2023
50021,incident:2020030901,2020-01-20 00:00:00+00:00,2023-05-11 00:00:00+00:00,Biological,3437; 4532,2,2,official_incident_id,2020
50021,incident:2023071001,2023-07-07 00:00:00+00:00,2023-07-21 00:00:00+00:00,Flood,3595; 4720,2,2,official_incident_id,2023
50023,incident:2020030901,2020-01-20 00:00:00+00:00,2023-05-11 00:00:00+00:00,Biological,3437; 4532,2,2,official_incident_id,2020
50023,incident:2023071001,2023-07-07 00:00:00+00:00,2023-07-21 00:00:00+00:00,Flood,3595; 4720,2,2,official_incident_id,2023
50025,incident:2020030901,2020-01-20 00:00:00+00:00,2023-05-11 00:00:00+00:00,Biological,3437; 4532,2,2,official_incident_id,2020
50025,incident:2023071001,2023-07-07 00:00:00+00:00,2023-07-21 00:00:00+00:00,Flood,3595; 4720,2,2,official_incident_id,2023
50027,incident:2020030901,2020-01-20 00:00:00+00:00,2023-05-11 00:00:00+00:00,Biological,3437; 4532,2,2,official_incident_id,2020
50027,incident:2023071001,2023-07-07 00:00:00+00:00,2023-07-21 00:00:00+00:00,Flood,3595; 4720,2,2,official_incident_id,2023
51001,incident:2011082201,2011-08-26 00:00:00+00:00,2011-09-04 00:00:00+00:00,Hurricane,3329; 4024,2,2,official_incident_id,2011
51001,incident:2012102505,2012-10-26 00:00:00+00:00,2012-11-08 00:00:00+00:00,Hurricane,3359; 4092,2,2,official_incident_id,2012
51001,incident:2020030901,2020-01-20 00:00:00+00:00,2023-05-11 00:00:00+00:00,Biological,3448; 4512,2,2,official_incident_id,2020
51003,incident:2020030901,2020-01-20 00:00:00+00:00,2023-05-11 00:00:00+00:00,Biological,3448; 4512,2,2,official_incident_id,2020
51005,incident:2020030901,2020-01-20 00:00:00+00:00,2023-05-11 00:00:00+00:00,Biological,3448; 4512,2,2,official_incident_id,2020
51007,incident:2020030901,2020-01-20 00:00:00+00:00,2023-05-11 00:00:00+00:00,Biological,3448; 4512,2,2,official_incident_id,2020
51009,incident:2020030901,2020-01-20 00:00:00+00:00,2023-05-11 00:00:00+00:00,Biological,3448; 4512,2,2,official_incident_id,2020
51011,incident:2020030901,2020-01-20 00:00:00+00:00,2023-05-11 00:00:00+00:00,Biological,3448; 4512,2,2,official_incident_id,2020
51013,incident:2012102505,2012-10-26 00:00:00+00:00,2012-11-08 00:00:00+00:00,Hurricane,3359; 4092,2,2,official_incident_id,2012
51013,incident:2020030901,2020-01-20 00:00:00+00:00,2023-05-11 00:00:00+00:00,Biological,3448; 4512,2,2,official_incident_id,2020
51015,incident:2020030901,2020-01-20 00:00:00+00:00,2023-05-11 00:00:00+00:00,Biological,3448; 4512,2,2,official_incident_id,2020
51017,incident:2020030901,2020-01-20 00:00:00+00:00,2023-05-11 00:00:00+00:00,Biological,3448; 4512,2,2,official_incident_id,2020
51019,incident:2020030901,2020-01-20 00:00:00+00:00,2023-05-11 00:00:00+00:00,Biological,3448; 4512,2,4,official_incident_id,2020
51019,incident:2024092301,2024-09-25 00:00:00+00:00,2024-10-03 00:00:00+00:00,Tropical Storm,3621; 4831,2,2,official_incident_id,2024
51021,incident:2020030901,2020-01-20 00:00:00+00:00,2023-05-11 00:00:00+00:00,Biological,3448; 4512,2,2,official_incident_id,2020
51021,incident:2024092301,2024-09-25 00:00:00+00:00,2024-10-03 00:00:00+00:00,Tropical Storm,3621; 4831,2,2,official_incident_id,2024
51023,incident:2018090602,2018-09-08 00:00:00+00:00,2018-09-21 00:00:00+00:00,Hurricane,3403; 4401,2,2,official_incident_id,2018
51023,incident:2020030901,2020-01-20 00:00:00+00:00,2023-05-11 00:00:00+00:00,Biological,3448; 4512,2,2,official_incident_id,2020
51025,incident:2020030901,2020-01-20 00:00:00+00:00,2023-05-11 00:00:00+00:00,Biological,3448; 4512,2,2,official_incident_id,2020
51027,incident:2020030901,2020-01-20 00:00:00+00:00,2023-05-11 00:00:00+00:00,Biological,3448; 4512,2,2,official_incident_id,2020
51027,incident:2024092301,2024-09-25 00:00:00+00:00,2024-10-03 00:00:00+00:00,Tropical Storm,3621; 4831,2,2,official_incident_id,2024
51029,incident:2020030901,2020-01-20 00:00:00+00:00,2023-05-11 00:00:00+00:00,Biological,3448; 4512,2,2,official_incident_id,2020
51031,incident:2020030901,2020-01-20 00:00:00+00:00,2023-05-11 00:00:00+00:00,Biological,3448; 4512,2,2,official_incident_id,2020
51033,incident:2020030901,2020-01-20 00:00:00+00:00,2023-05-11 00:00:00+00:00,Biological,3448; 4512,2,2,official_incident_id,2020
51035,incident:2020030901,2020-01-20 00:00:00+00:00,2023-05-11 00:00:00+00:00,Biological,3448; 4512,2,2,official_incident_id,2020
51035,incident:2024092301,2024-09-25 00:00:00+00:00,2024-10-03 00:00:00+00:00,Tropical Storm,3621; 4831,2,2,official_incident_id,2024
51036,incident:2018090602,2018-09-08 00:00:00+00:00,2018-09-21 00:00:00+00:00,Hurricane,3403; 4401,2,2,official_incident_id,2018
51036,incident:2020030901,2020-01-20 00:00:00+00:00,2023-05-11 00:00:00+00:00,Biological,3448; 4512,2,4,official_incident_id,2020
51037,incident:2020030901,2020-01-20 00:00:00+00:00,2023-05-11 00:00:00+00:00,Biological,3448; 4512,2,2,official_incident_id,2020
51041,incident:2018090602,2018-09-08 00:00:00+00:00,2018-09-21 00:00:00+00:00,Hurricane,3403; 4401,2,2,official_incident_id,2018
51041,incident:2020030901,2020-01-20 00:00:00+00:00,2023-05-11 00:00:00+00:00,Biological,3448; 4512,2,2,official_incident_id,2020
51043,incident:2012102505,2012-10-26 00:00:00+00:00,2012-11-08 00:00:00+00:00,Hurricane,3359; 4092,2,2,official_incident_id,2012
51043,incident:2020030901,2020-01-20 00:00:00+00:00,2023-05-11 00:00:00+00:00,Biological,3448; 4512,2,2,official_incident_id,2020
51045,incident:2012102505,2012-10-26 00:00:00+00:00,2012-11-08 00:00:00+00:00,Hurricane,3359; 4092,2,2,official_incident_id,2012
51045,incident:2018090602,2018-09-08 00:00:00+00:00,2018-09-21 00:00:00+00:00,Hurricane,3403; 4401,2,2,official_incident_id,2018
51045,incident:2020030901,2020-01-20 00:00:00+00:00,2023-05-11 00:00:00+00:00,Biological,3448; 4512,2,2,official_incident_id,2020
51045,incident:2024092301,2024-09-25 00:00:00+00:00,2024-10-03 00:00:00+00:00,Tropical Storm,3621; 4831,2,2,official_incident_id,2024
51047,incident:2012102505,2012-10-26 00:00:00+00:00,2012-11-08 00:00:00+00:00,Hurricane,3359; 4092,2,2,official_incident_id,2012
51047,incident:2020030901,2020-01-20 00:00:00+00:00,2023-05-11 00:00:00+00:00,Biological,3448; 4512,2,2,official_incident_id,2020
51049,incident:2020030901,2020-01-20 00:00:00+00:00,2023-05-11 00:00:00+00:00,Biological,3448; 4512,2,2,official_incident_id,2020
51051,incident:2020030901,2020-01-20 00:00:00+00:00,2023-05-11 00:00:00+00:00,Biological,3448; 4512,2,2,official_incident_id,2020
51051,incident:2024092301,2024-09-25 00:00:00+00:00,2024-10-03 00:00:00+00:00,Tropical Storm,3621; 4831,2,2,official_incident_id,2024
51053,incident:2020030901,2020-01-20 00:00:00+00:00,2023-05-11 00:00:00+00:00,Biological,3448; 4512,2,2,official_incident_id,2020
51057,incident:2011082201,2011-08-26 00:00:00+00:00,2011-09-04 00:00:00+00:00,Hurricane,3329; 4024,2,2,official_incident_id,2011
51057,incident:2012102505,2012-10-26 00:00:00+00:00,2012-11-08 00:00:00+00:00,Hurricane,3359; 4092,2,2,official_incident_id,2012
51057,incident:2020030901,2020-01-20 00:00:00+00:00,2023-05-11 00:00:00+00:00,Biological,3448; 4512,2,2,official_incident_id,2020
51059,incident:2020030901,2020-01-20 00:00:00+00:00,2023-05-11 00:00:00+00:00,Biological,3448; 4512,2,2,official_incident_id,2020
51061,incident:2012102505,2012-10-26 00:00:00+00:00,2012-11-08 00:00:00+00:00,Hurricane,3359; 4092,2,2,official_incident_id,2012
51061,incident:2020030901,2020-01-20 00:00:00+00:00,2023-05-11 00:00:00+00:00,Biological,3448; 4512,2,2,official_incident_id,2020
51063,incident:2018090602,2018-09-08 00:00:00+00:00,2018-09-21 00:00:00+00:00,Hurricane,3403; 4401,2,2,official_incident_id,2018
51063,incident:2020030901,2020-01-20 00:00:00+00:00,2023-05-11 00:00:00+00:00,Biological,3448; 4512,2,2,official_incident_id,2020
51065,incident:2020030901,2020-01-20 00:00:00+00:00,2023-05-11 00:00:00+00:00,Biological,3448; 4512,2,2,official_incident_id,2020
51067,incident:2018090602,2018-09-08 00:00:00+00:00,2018-09-21 00:00:00+00:00,Hurricane,3403; 4401,2,2,official_incident_id,2018
51067,incident:2020030901,2020-01-20 00:00:00+00:00,2023-05-11 00:00:00+00:00,Biological,3448; 4512,2,2,official_incident_id,2020
51069,incident:2012102505,2012-10-26 00:00:00+00:00,2012-11-08 00:00:00+00:00,Hurricane,3359; 4092,2,2,official_incident_id,2012
51069,incident:2020030901,2020-01-20 00:00:00+00:00,2023-05-11 00:00:00+00:00,Biological,3448; 4512,2,2,official_incident_id,2020
51071,incident:2020030901,2020-01-20 00:00:00+00:00,2023-05-11 00:00:00+00:00,Biological,3448; 4512,2,2,official_incident_id,2020
51071,incident:2024092301,2024-09-25 00:00:00+00:00,2024-10-03 00:00:00+00:00,Tropical Storm,3621; 4831,2,2,official_incident_id,2024
51073,incident:2020030901,2020-01-20 00:00:00+00:00,2023-05-11 00:00:00+00:00,Biological,3448; 4512,2,2,official_incident_id,2020
51075,incident:2020030901,2020-01-20 00:00:00+00:00,2023-05-11 00:00:00+00:00,Biological,3448; 4512,2,2,official_incident_id,2020
51077,incident:2018090602,2018-09-08 00:00:00+00:00,2018-09-21 00:00:00+00:00,Hurricane,3403; 4401,2,2,official_incident_id,2018
51077,incident:2020030901,2020-01-20 00:00:00+00:00,2023-05-11 00:00:00+00:00,Biological,3448; 4512,2,2,official_incident_id,2020
51077,incident:2024092301,2024-09-25 00:00:00+00:00,2024-10-03 00:00:00+00:00,Tropical Storm,3621; 4831,2,2,official_incident_id,2024
51079,incident:2012102505,2012-10-26 00:00:00+00:00,2012-11-08 00:00:00+00:00,Hurricane,3359; 4092,2,2,official_incident_id,2012
51079,incident:2020030901,2020-01-20 00:00:00+00:00,2023-05-11 00:00:00+00:00,Biological,3448; 4512,2,2,official_incident_id,2020
51081,incident:2020030901,2020-01-20 00:00:00+00:00,2023-05-11 00:00:00+00:00,Biological,3448; 4512,2,2,official_incident_id,2020
51083,incident:2018090602,2018-09-08 00:00:00+00:00,2018-09-21 00:00:00+00:00,Hurricane,3403; 4401,2,2,official_incident_id,2018
51083,incident:2020030901,2020-01-20 00:00:00+00:00,2023-05-11 00:00:00+00:00,Biological,3448; 4512,2,2,official_incident_id,2020
51085,incident:2020030901,2020-01-20 00:00:00+00:00,2023-05-11 00:00:00+00:00,Biological,3448; 4512,2,2,official_incident_id,2020
51087,incident:2011082201,2011-08-26 00:00:00+00:00,2011-09-04 00:00:00+00:00,Hurricane,3329; 4024,2,2,official_incident_id,2011
51087,incident:2020030901,2020-01-20 00:00:00+00:00,2023-05-11 00:00:00+00:00,Biological,3448; 4512,2,2,official_incident_id,2020
51089,incident:2018090602,2018-09-08 00:00:00+00:00,2018-09-21 00:00:00+00:00,Hurricane,3403; 4401,2,2,official_incident_id,2018
51089,incident:2020030901,2020-01-20 00:00:00+00:00,2023-05-11 00:00:00+00:00,Biological,3448; 4512,2,2,official_incident_id,2020
51091,incident:2012102505,2012-10-26 00:00:00+00:00,2012-11-08 00:00:00+00:00,Hurricane,3359; 4092,2,2,official_incident_id,2012
51091,incident:2020030901,2020-01-20 00:00:00+00:00,2023-05-11 00:00:00+00:00,Biological,3448; 4512,2,2,official_incident_id,2020
51093,incident:2011082201,2011-08-26 00:00:00+00:00,2011-09-04 00:00:00+00:00,Hurricane,3329; 4024,2,2,official_incident_id,2011
51093,incident:2018090602,2018-09-08 00:00:00+00:00,2018-09-21 00:00:00+00:00,Hurricane,3403; 4401,2,2,official_incident_id,2018
51093,incident:2020030901,2020-01-20 00:00:00+00:00,2023-05-11 00:00:00+00:00,Biological,3448; 4512,2,2,official_incident_id,2020
51095,incident:2011082201,2011-08-26 00:00:00+00:00,2011-09-04 00:00:00+00:00,Hurricane,3329; 4024,2,2,official_incident_id,2011
51095,incident:2020030901,2020-01-20 00:00:00+00:00,2023-05-11 00:00:00+00:00,Biological,3448; 4512,2,2,official_incident_id,2020
51097,incident:2011082201,2011-08-26 00:00:00+00:00,2011-09-04 00:00:00+00:00,Hurricane,3329; 4024,2,2,official_incident_id,2011
51097,incident:2012102505,2012-10-26 00:00:00+00:00,2012-11-08 00:00:00+00:00,Hurricane,3359; 4092,2,2,official_incident_id,2012
51097,incident:2018090602,2018-09-08 00:00:00+00:00,2018-09-21 00:00:00+00:00,Hurricane,3403; 4401,2,2,official_incident_id,2018
51097,incident:2020030901,2020-01-20 00:00:00+00:00,2023-05-11 00:00:00+00:00,Biological,3448; 4512,2,2,official_incident_id,2020
51099,incident:2011082201,2011-08-26 00:00:00+00:00,2011-09-04 00:00:00+00:00,Hurricane,3329; 4024,2,2,official_incident_id,2011
51099,incident:2020030901,2020-01-20 00:00:00+00:00,2023-05-11 00:00:00+00:00,Biological,3448; 4512,2,2,official_incident_id,2020
51101,incident:2018090602,2018-09-08 00:00:00+00:00,2018-09-21 00:00:00+00:00,Hurricane,3403; 4401,2,2,official_incident_id,2018
51101,incident:2020030901,2020-01-20 00:00:00+00:00,2023-05-11 00:00:00+00:00,Biological,3448; 4512,2,6,official_incident_id,2020
51103,incident:2011082201,2011-08-26 00:00:00+00:00,2011-09-04 00:00:00+00:00,Hurricane,3329; 4024,2,2,official_incident_id,2011
51103,incident:2012102505,2012-10-26 00:00:00+00:00,2012-11-08 00:00:00+00:00,Hurricane,3359; 4092,2,2,official_incident_id,2012
51103,incident:2018090602,2018-09-08 00:00:00+00:00,2018-09-21 00:00:00+00:00,Hurricane,3403; 4401,2,2,official_incident_id,2018
51103,incident:2020030901,2020-01-20 00:00:00+00:00,2023-05-11 00:00:00+00:00,Biological,3448; 4512,2,2,official_incident_id,2020
51105,incident:2020030901,2020-01-20 00:00:00+00:00,2023-05-11 00:00:00+00:00,Biological,3448; 4512,2,2,official_incident_id,2020
51107,incident:2012102505,2012-10-26 00:00:00+00:00,2012-11-08 00:00:00+00:00,Hurricane,3359; 4092,2,2,official_incident_id,2012
51107,incident:2020030901,2020-01-20 00:00:00+00:00,2023-05-11 00:00:00+00:00,Biological,3448; 4512,2,2,official_incident_id,2020
51109,incident:2020030901,2020-01-20 00:00:00+00:00,2023-05-11 00:00:00+00:00,Biological,3448; 4512,2,2,official_incident_id,2020
51111,incident:2018090602,2018-09-08 00:00:00+00:00,2018-09-21 00:00:00+00:00,Hurricane,3403; 4401,2,2,official_incident_id,2018
51111,incident:2020030901,2020-01-20 00:00:00+00:00,2023-05-11 00:00:00+00:00,Biological,3448; 4512,2,2,official_incident_id,2020
51113,incident:2012102505,2012-10-26 00:00:00+00:00,2012-11-08 00:00:00+00:00,Hurricane,3359; 4092,2,2,official_incident_id,2012
51113,incident:2020030901,2020-01-20 00:00:00+00:00,2023-05-11 00:00:00+00:00,Biological,3448; 4512,2,2,official_incident_id,2020
51115,incident:2011082201,2011-08-26 00:00:00+00:00,2011-09-04 00:00:00+00:00,Hurricane,3329; 4024,2,2,official_incident_id,2011
51115,incident:2012102505,2012-10-26 00:00:00+00:00,2012-11-08 00:00:00+00:00,Hurricane,3359; 4092,2,2,official_incident_id,2012
51115,incident:2018090602,2018-09-08 00:00:00+00:00,2018-09-21 00:00:00+00:00,Hurricane,3403; 4401,2,2,official_incident_id,2018
51115,incident:2020030901,2020-01-20 00:00:00+00:00,2023-05-11 00:00:00+00:00,Biological,3448; 4512,2,2,official_incident_id,2020
51117,incident:2018090602,2018-09-08 00:00:00+00:00,2018-09-21 00:00:00+00:00,Hurricane,3403; 4401,2,2,official_incident_id,2018
51117,incident:2020030901,2020-01-20 00:00:00+00:00,2023-05-11 00:00:00+00:00,Biological,3448; 4512,2,2,official_incident_id,2020
51119,incident:2011082201,2011-08-26 00:00:00+00:00,2011-09-04 00:00:00+00:00,Hurricane,3329; 4024,2,2,official_incident_id,2011
51119,incident:2012102505,2012-10-26 00:00:00+00:00,2012-11-08 00:00:00+00:00,Hurricane,3359; 4092,2,2,official_incident_id,2012
51119,incident:2020030901,2020-01-20 00:00:00+00:00,2023-05-11 00:00:00+00:00,Biological,3448; 4512,2,2,official_incident_id,2020
51121,incident:2020030901,2020-01-20 00:00:00+00:00,2023-05-11 00:00:00+00:00,Biological,3448; 4512,2,2,official_incident_id,2020
51121,incident:2024092301,2024-09-25 00:00:00+00:00,2024-10-03 00:00:00+00:00,Tropical Storm,3621; 4831,2,2,official_incident_id,2024
51125,incident:2012102505,2012-10-26 00:00:00+00:00,2012-11-08 00:00:00+00:00,Hurricane,3359; 4092,2,2,official_incident_id,2012
51125,incident:2018090602,2018-09-08 00:00:00+00:00,2018-09-21 00:00:00+00:00,Hurricane,3403; 4401,2,2,official_incident_id,2018
51125,incident:2020030901,2020-01-20 00:00:00+00:00,2023-05-11 00:00:00+00:00,Biological,3448; 4512,2,2,official_incident_id,2020
51127,incident:2011082201,2011-08-26 00:00:00+00:00,2011-09-04 00:00:00+00:00,Hurricane,3329; 4024,2,2,official_incident_id,2011
51127,incident:2012102505,2012-10-26 00:00:00+00:00,2012-11-08 00:00:00+00:00,Hurricane,3359; 4092,2,2,official_incident_id,2012
51127,incident:2020030901,2020-01-20 00:00:00+00:00,2023-05-11 00:00:00+00:00,Biological,3448; 4512,2,4,official_incident_id,2020
51131,incident:2011082201,2011-08-26 00:00:00+00:00,2011-09-04 00:00:00+00:00,Hurricane,3329; 4024,2,2,official_incident_id,2011
51131,incident:2012102505,2012-10-26 00:00:00+00:00,2012-11-08 00:00:00+00:00,Hurricane,3359; 4092,2,2,official_incident_id,2012
51131,incident:2020030901,2020-01-20 00:00:00+00:00,2023-05-11 00:00:00+00:00,Biological,3448; 4512,2,2,official_incident_id,2020
51133,incident:2011082201,2011-08-26 00:00:00+00:00,2011-09-04 00:00:00+00:00,Hurricane,3329; 4024,2,2,official_incident_id,2011
51133,incident:2012102505,2012-10-26 00:00:00+00:00,2012-11-08 00:00:00+00:00,Hurricane,3359; 4092,2,2,official_incident_id,2012
51133,incident:2018090602,2018-09-08 00:00:00+00:00,2018-09-21 00:00:00+00:00,Hurricane,3403; 4401,2,2,official_incident_id,2018
51133,incident:2020030901,2020-01-20 00:00:00+00:00,2023-05-11 00:00:00+00:00,Biological,3448; 4512,2,2,official_incident_id,2020
51135,incident:2018090602,2018-09-08 00:00:00+00:00,2018-09-21 00:00:00+00:00,Hurricane,3403; 4401,2,2,official_incident_id,2018
51135,incident:2020030901,2020-01-20 00:00:00+00:00,2023-05-11 00:00:00+00:00,Biological,3448; 4512,2,2,official_incident_id,2020
51137,incident:2020030901,2020-01-20 00:00:00+00:00,2023-05-11 00:00:00+00:00,Biological,3448; 4512,2,2,official_incident_id,2020
51139,incident:2020030901,2020-01-20 00:00:00+00:00,2023-05-11 00:00:00+00:00,Biological,3448; 4512,2,2,official_incident_id,2020
51141,incident:2018090602,2018-09-08 00:00:00+00:00,2018-09-21 00:00:00+00:00,Hurricane,3403; 4401,2,2,official_incident_id,2018
51141,incident:2020030901,2020-01-20 00:00:00+00:00,2023-05-11 00:00:00+00:00,Biological,3448; 4512,2,2,official_incident_id,2020
51143,incident:2018090602,2018-09-08 00:00:00+00:00,2018-09-21 00:00:00+00:00,Hurricane,3403; 4401,2,2,official_incident_id,2018
51143,incident:2020030901,2020-01-20 00:00:00+00:00,2023-05-11 00:00:00+00:00,Biological,3448; 4512,2,2,official_incident_id,2020
51143,incident:2024092301,2024-09-25 00:00:00+00:00,2024-10-03 00:00:00+00:00,Tropical Storm,3621; 4831,2,2,official_incident_id,2024
51145,incident:2020030901,2020-01-20 00:00:00+00:00,2023-05-11 00:00:00+00:00,Biological,3448; 4512,2,2,official_incident_id,2020
51147,incident:2020030901,2020-01-20 00:00:00+00:00,2023-05-11 00:00:00+00:00,Biological,3448; 4512,2,2,official_incident_id,2020
51149,incident:2020030901,2020-01-20 00:00:00+00:00,2023-05-11 00:00:00+00:00,Biological,3448; 4512,2,2,official_incident_id,2020
51153,incident:2012102505,2012-10-26 00:00:00+00:00,2012-11-08 00:00:00+00:00,Hurricane,3359; 4092,2,2,official_incident_id,2012
51153,incident:2020030901,2020-01-20 00:00:00+00:00,2023-05-11 00:00:00+00:00,Biological,3448; 4512,2,2,official_incident_id,2020
51155,incident:2018090602,2018-09-08 00:00:00+00:00,2018-09-21 00:00:00+00:00,Hurricane,3403; 4401,2,2,official_incident_id,2018
51155,incident:2020030901,2020-01-20 00:00:00+00:00,2023-05-11 00:00:00+00:00,Biological,3448; 4512,2,2,official_incident_id,2020
51155,incident:2024092301,2024-09-25 00:00:00+00:00,2024-10-03 00:00:00+00:00,Tropical Storm,3621; 4831,2,2,official_incident_id,2024
51157,incident:2012102505,2012-10-26 00:00:00+00:00,2012-11-08 00:00:00+00:00,Hurricane,3359; 4092,2,2,official_incident_id,2012
51157,incident:2020030901,2020-01-20 00:00:00+00:00,2023-05-11 00:00:00+00:00,Biological,3448; 4512,2,2,official_incident_id,2020
51159,incident:2011082201,2011-08-26 00:00:00+00:00,2011-09-04 00:00:00+00:00,Hurricane,3329; 4024,2,2,official_incident_id,2011
51159,incident:2020030901,2020-01-20 00:00:00+00:00,2023-05-11 00:00:00+00:00,Biological,3448; 4512,2,2,official_incident_id,2020
51161,incident:2020030901,2020-01-20 00:00:00+00:00,2023-05-11 00:00:00+00:00,Biological,3448; 4512,2,2,official_incident_id,2020
51163,incident:2020030901,2020-01-20 00:00:00+00:00,2023-05-11 00:00:00+00:00,Biological,3448; 4512,2,2,official_incident_id,2020
51165,incident:2020030901,2020-01-20 00:00:00+00:00,2023-05-11 00:00:00+00:00,Biological,3448; 4512,2,2,official_incident_id,2020
51167,incident:2018090602,2018-09-08 00:00:00+00:00,2018-09-21 00:00:00+00:00,Hurricane,3403; 4401,2,2,official_incident_id,2018
51167,incident:2020030901,2020-01-20 00:00:00+00:00,2023-05-11 00:00:00+00:00,Biological,3448; 4512,2,2,official_incident_id,2020
51167,incident:2024092301,2024-09-25 00:00:00+00:00,2024-10-03 00:00:00+00:00,Tropical Storm,3621; 4831,2,2,official_incident_id,2024
51169,incident:2020030901,2020-01-20 00:00:00+00:00,2023-05-11 00:00:00+00:00,Biological,3448; 4512,2,2,official_incident_id,2020
51169,incident:2024092301,2024-09-25 00:00:00+00:00,2024-10-03 00:00:00+00:00,Tropical Storm,3621; 4831,2,2,official_incident_id,2024
51171,incident:2012102505,2012-10-26 00:00:00+00:00,2012-11-08 00:00:00+00:00,Hurricane,3359; 4092,2,2,official_incident_id,2012
51171,incident:2020030901,2020-01-20 00:00:00+00:00,2023-05-11 00:00:00+00:00,Biological,3448; 4512,2,2,official_incident_id,2020
51173,incident:2020030901,2020-01-20 00:00:00+00:00,2023-05-11 00:00:00+00:00,Biological,3448; 4512,2,2,official_incident_id,2020
51173,incident:2024092301,2024-09-25 00:00:00+00:00,2024-10-03 00:00:00+00:00,Tropical Storm,3621; 4831,2,2,official_incident_id,2024
51175,incident:2020030901,2020-01-20 00:00:00+00:00,2023-05-11 00:00:00+00:00,Biological,3448; 4512,2,2,official_incident_id,2020
51177,incident:2020030901,2020-01-20 00:00:00+00:00,2023-05-11 00:00:00+00:00,Biological,3448; 4512,2,2,official_incident_id,2020
51179,incident:2020030901,2020-01-20 00:00:00+00:00,2023-05-11 00:00:00+00:00,Biological,3448; 4512,2,2,official_incident_id,2020
51181,incident:2011082201,2011-08-26 00:00:00+00:00,2011-09-04 00:00:00+00:00,Hurricane,3329; 4024,2,2,official_incident_id,2011
51181,incident:2012102505,2012-10-26 00:00:00+00:00,2012-11-08 00:00:00+00:00,Hurricane,3359; 4092,2,2,official_incident_id,2012
51181,incident:2020030901,2020-01-20 00:00:00+00:00,2023-05-11 00:00:00+00:00,Biological,3448; 4512,2,2,official_incident_id,2020
51183,incident:2011082201,2011-08-26 00:00:00+00:00,2011-09-04 00:00:00+00:00,Hurricane,3329; 4024,2,2,official_incident_id,2011
51183,incident:2020030901,2020-01-20 00:00:00+00:00,2023-05-11 00:00:00+00:00,Biological,3448; 4512,2,2,official_incident_id,2020
51185,incident:2020030901,2020-01-20 00:00:00+00:00,2023-05-11 00:00:00+00:00,Biological,3448; 4512,2,2,official_incident_id,2020
51185,incident:2024092301,2024-09-25 00:00:00+00:00,2024-10-03 00:00:00+00:00,Tropical Storm,3621; 4831,2,2,official_incident_id,2024
51187,incident:2012102505,2012-10-26 00:00:00+00:00,2012-11-08 00:00:00+00:00,Hurricane,3359; 4092,2,2,official_incident_id,2012
51187,incident:2020030901,2020-01-20 00:00:00+00:00,2023-05-11 00:00:00+00:00,Biological,3448; 4512,2,2,official_incident_id,2020
51191,incident:2020030901,2020-01-20 00:00:00+00:00,2023-05-11 00:00:00+00:00,Biological,3448; 4512,2,2,official_incident_id,2020
51191,incident:2024092301,2024-09-25 00:00:00+00:00,2024-10-03 00:00:00+00:00,Tropical Storm,3621; 4831,2,2,official_incident_id,2024
51193,incident:2011082201,2011-08-26 00:00:00+00:00,2011-09-04 00:00:00+00:00,Hurricane,3329; 4024,2,2,official_incident_id,2011
51193,incident:2012102505,2012-10-26 00:00:00+00:00,2012-11-08 00:00:00+00:00,Hurricane,3359; 4092,2,2,official_incident_id,2012
51193,incident:2020030901,2020-01-20 00:00:00+00:00,2023-05-11 00:00:00+00:00,Biological,3448; 4512,2,2,official_incident_id,2020
51195,incident:2020030901,2020-01-20 00:00:00+00:00,2023-05-11 00:00:00+00:00,Biological,3448; 4512,2,2,official_incident_id,2020
51195,incident:2024092301,2024-09-25 00:00:00+00:00,2024-10-03 00:00:00+00:00,Tropical Storm,3621; 4831,2,2,official_incident_id,2024
51197,incident:2020030901,2020-01-20 00:00:00+00:00,2023-05-11 00:00:00+00:00,Biological,3448; 4512,2,2,official_incident_id,2020
51197,incident:2024092301,2024-09-25 00:00:00+00:00,2024-10-03 00:00:00+00:00,Tropical Storm,3621; 4831,2,2,official_incident_id,2024
51199,incident:2011082201,2011-08-26 00:00:00+00:00,2011-09-04 00:00:00+00:00,Hurricane,3329; 4024,2,2,official_incident_id,2011
51199,incident:2020030901,2020-01-20 00:00:00+00:00,2023-05-11 00:00:00+00:00,Biological,3448; 4512,2,2,official_incident_id,2020
51510,incident:2020030901,2020-01-20 00:00:00+00:00,2023-05-11 00:00:00+00:00,Biological,3448; 4512,2,2,official_incident_id,2020
51520,incident:2018090602,2018-09-08 00:00:00+00:00,2018-09-21 00:00:00+00:00,Hurricane,3403; 4401,2,2,official_incident_id,2018
51520,incident:2020030901,2020-01-20 00:00:00+00:00,2023-05-11 00:00:00+00:00,Biological,3448; 4512,2,2,official_incident_id,2020
51520,incident:2024092301,2024-09-25 00:00:00+00:00,2024-10-03 00:00:00+00:00,Tropical Storm,3621; 4831,2,2,official_incident_id,2024
51530,incident:2020030901,2020-01-20 00:00:00+00:00,2023-05-11 00:00:00+00:00,Biological,3448; 4512,2,2,official_incident_id,2020
51540,incident:2020030901,2020-01-20 00:00:00+00:00,2023-05-11 00:00:00+00:00,Biological,3448; 4512,2,2,official_incident_id,2020
51550,incident:2011082201,2011-08-26 00:00:00+00:00,2011-09-04 00:00:00+00:00,Hurricane,3329; 4024,2,2,official_incident_id,2011
51550,incident:2020030901,2020-01-20 00:00:00+00:00,2023-05-11 00:00:00+00:00,Biological,3448; 4512,2,2,official_incident_id,2020
51570,incident:2020030901,2020-01-20 00:00:00+00:00,2023-05-11 00:00:00+00:00,Biological,3448; 4512,2,2,official_incident_id,2020
51580,incident:2020030901,2020-01-20 00:00:00+00:00,2023-05-11 00:00:00+00:00,Biological,3448; 4512,2,2,official_incident_id,2020
51580,incident:2024092301,2024-09-25 00:00:00+00:00,2024-10-03 00:00:00+00:00,Tropical Storm,3621; 4831,2,2,official_incident_id,2024
51590,incident:2018090602,2018-09-08 00:00:00+00:00,2018-09-21 00:00:00+00:00,Hurricane,3403; 4401,2,2,official_incident_id,2018
51590,incident:2020030901,2020-01-20 00:00:00+00:00,2023-05-11 00:00:00+00:00,Biological,3448; 4512,2,2,official_incident_id,2020
51590,incident:2024092301,2024-09-25 00:00:00+00:00,2024-10-03 00:00:00+00:00,Tropical Storm,3621; 4831,2,2,official_incident_id,2024
51595,incident:2020030901,2020-01-20 00:00:00+00:00,2023-05-11 00:00:00+00:00,Biological,3448; 4512,2,2,official_incident_id,2020
51600,incident:2012102505,2012-10-26 00:00:00+00:00,2012-11-08 00:00:00+00:00,Hurricane,3359; 4092,2,2,official_incident_id,2012
51600,incident:2020030901,2020-01-20 00:00:00+00:00,2023-05-11 00:00:00+00:00,Biological,3448; 4512,2,2,official_incident_id,2020
51610,incident:2012102505,2012-10-26 00:00:00+00:00,2012-11-08 00:00:00+00:00,Hurricane,3359; 4092,2,2,official_incident_id,2012
51610,incident:2020030901,2020-01-20 00:00:00+00:00,2023-05-11 00:00:00+00:00,Biological,3448; 4512,2,2,official_incident_id,2020
51620,incident:2018090602,2018-09-08 00:00:00+00:00,2018-09-21 00:00:00+00:00,Hurricane,3403; 4401,2,2,official_incident_id,2018
51620,incident:2020030901,2020-01-20 00:00:00+00:00,2023-05-11 00:00:00+00:00,Biological,3448; 4512,2,2,official_incident_id,2020
51630,incident:2020030901,2020-01-20 00:00:00+00:00,2023-05-11 00:00:00+00:00,Biological,3448; 4512,2,2,official_incident_id,2020
51640,incident:2020030901,2020-01-20 00:00:00+00:00,2023-05-11 00:00:00+00:00,Biological,3448; 4512,2,2,official_incident_id,2020
51640,incident:2024092301,2024-09-25 00:00:00+00:00,2024-10-03 00:00:00+00:00,Tropical Storm,3621; 4831,2,2,official_incident_id,2024
51650,incident:2011082201,2011-08-26 00:00:00+00:00,2011-09-04 00:00:00+00:00,Hurricane,3329; 4024,2,2,official_incident_id,2011
51650,incident:2018090602,2018-09-08 00:00:00+00:00,2018-09-21 00:00:00+00:00,Hurricane,3403; 4401,2,2,official_incident_id,2018
51650,incident:2020030901,2020-01-20 00:00:00+00:00,2023-05-11 00:00:00+00:00,Biological,3448; 4512,2,2,official_incident_id,2020
51660,incident:2020030901,2020-01-20 00:00:00+00:00,2023-05-11 00:00:00+00:00,Biological,3448; 4512,2,2,official_incident_id,2020
51670,incident:2020030901,2020-01-20 00:00:00+00:00,2023-05-11 00:00:00+00:00,Biological,3448; 4512,2,2,official_incident_id,2020
51678,incident:2020030901,2020-01-20 00:00:00+00:00,2023-05-11 00:00:00+00:00,Biological,3448; 4512,2,2,official_incident_id,2020
51680,incident:2020030901,2020-01-20 00:00:00+00:00,2023-05-11 00:00:00+00:00,Biological,3448; 4512,2,2,official_incident_id,2020
51683,incident:2012102505,2012-10-26 00:00:00+00:00,2012-11-08 00:00:00+00:00,Hurricane,3359; 4092,2,2,official_incident_id,2012
51683,incident:2020030901,2020-01-20 00:00:00+00:00,2023-05-11 00:00:00+00:00,Biological,3448; 4512,2,2,official_incident_id,2020
51685,incident:2020030901,2020-01-20 00:00:00+00:00,2023-05-11 00:00:00+00:00,Biological,3448; 4512,2,2,official_incident_id,2020
51690,incident:2018090602,2018-09-08 00:00:00+00:00,2018-09-21 00:00:00+00:00,Hurricane,3403; 4401,2,2,official_incident_id,2018
51690,incident:2020030901,2020-01-20 00:00:00+00:00,2023-05-11 00:00:00+00:00,Biological,3448; 4512,2,2,official_incident_id,2020
51700,incident:2011082201,2011-08-26 00:00:00+00:00,2011-09-04 00:00:00+00:00,Hurricane,3329; 4024,2,2,official_incident_id,2011
51700,incident:2018090602,2018-09-08 00:00:00+00:00,2018-09-21 00:00:00+00:00,Hurricane,3403; 4401,2,2,official_incident_id,2018
51700,incident:2020030901,2020-01-20 00:00:00+00:00,2023-05-11 00:00:00+00:00,Biological,3448; 4512,2,2,official_incident_id,2020
51710,incident:2011082201,2011-08-26 00:00:00+00:00,2011-09-04 00:00:00+00:00,Hurricane,3329; 4024,2,2,official_incident_id,2011
51710,incident:2020030901,2020-01-20 00:00:00+00:00,2023-05-11 00:00:00+00:00,Biological,3448; 4512,2,2,official_incident_id,2020
51720,incident:2020030901,2020-01-20 00:00:00+00:00,2023-05-11 00:00:00+00:00,Biological,3448; 4512,2,2,official_incident_id,2020
51720,incident:2024092301,2024-09-25 00:00:00+00:00,2024-10-03 00:00:00+00:00,Tropical Storm,3621; 4831,2,2,official_incident_id,2024
51730,incident:2020030901,2020-01-20 00:00:00+00:00,2023-05-11 00:00:00+00:00,Biological,3448; 4512,2,2,official_incident_id,2020
51735,incident:2011082201,2011-08-26 00:00:00+00:00,2011-09-04 00:00:00+00:00,Hurricane,3329; 4024,2,2,official_incident_id,2011
51735,incident:2020030901,2020-01-20 00:00:00+00:00,2023-05-11 00:00:00+00:00,Biological,3448; 4512,2,2,official_incident_id,2020
51740,incident:2011082201,2011-08-26 00:00:00+00:00,2011-09-04 00:00:00+00:00,Hurricane,3329; 4024,2,2,official_incident_id,2011
51740,incident:2020030901,2020-01-20 00:00:00+00:00,2023-05-11 00:00:00+00:00,Biological,3448; 4512,2,2,official_incident_id,2020
51750,incident:2020030901,2020-01-20 00:00:00+00:00,2023-05-11 00:00:00+00:00,Biological,3448; 4512,2,2,official_incident_id,2020
51750,incident:2024092301,2024-09-25 00:00:00+00:00,2024-10-03 00:00:00+00:00,Tropical Storm,3621; 4831,2,2,official_incident_id,2024
51760,incident:2011082201,2011-08-26 00:00:00+00:00,2011-09-04 00:00:00+00:00,Hurricane,3329; 4024,2,2,official_incident_id,2011
51760,incident:2018090602,2018-09-08 00:00:00+00:00,2018-09-21 00:00:00+00:00,Hurricane,3403; 4401,2,2,official_incident_id,2018
51760,incident:2020030901,2020-01-20 00:00:00+00:00,2023-05-11 00:00:00+00:00,Biological,3448; 4512,2,2,official_incident_id,2020
51770,incident:2018090602,2018-09-08 00:00:00+00:00,2018-09-21 00:00:00+00:00,Hurricane,3403; 4401,2,2,official_incident_id,2018
51770,incident:2020030901,2020-01-20 00:00:00+00:00,2023-05-11 00:00:00+00:00,Biological,3448; 4512,2,2,official_incident_id,2020
51775,incident:2020030901,2020-01-20 00:00:00+00:00,2023-05-11 00:00:00+00:00,Biological,3448; 4512,2,2,official_incident_id,2020
51790,incident:2020030901,2020-01-20 00:00:00+00:00,2023-05-11 00:00:00+00:00,Biological,3448; 4512,2,2,official_incident_id,2020
51800,incident:2011082201,2011-08-26 00:00:00+00:00,2011-09-04 00:00:00+00:00,Hurricane,3329; 4024,2,2,official_incident_id,2011
51800,incident:2020030901,2020-01-20 00:00:00+00:00,2023-05-11 00:00:00+00:00,Biological,3448; 4512,2,2,official_incident_id,2020
51810,incident:2011082201,2011-08-26 00:00:00+00:00,2011-09-04 00:00:00+00:00,Hurricane,3329; 4024,2,2,official_incident_id,2011
51810,incident:2020030901,2020-01-20 00:00:00+00:00,2023-05-11 00:00:00+00:00,Biological,3448; 4512,2,2,official_incident_id,2020
51820,incident:2020030901,2020-01-20 00:00:00+00:00,2023-05-11 00:00:00+00:00,Biological,3448; 4512,2,2,official_incident_id,2020
51830,incident:2011082201,2011-08-26 00:00:00+00:00,2011-09-04 00:00:00+00:00,Hurricane,3329; 4024,2,2,official_incident_id,2011
51830,incident:2018090602,2018-09-08 00:00:00+00:00,2018-09-21 00:00:00+00:00,Hurricane,3403; 4401,2,2,official_incident_id,2018
51830,incident:2020030901,2020-01-20 00:00:00+00:00,2023-05-11 00:00:00+00:00,Biological,3448; 4512,2,2,official_incident_id,2020
51840,incident:2020030901,2020-01-20 00:00:00+00:00,2023-05-11 00:00:00+00:00,Biological,3448; 4512,2,2,official_incident_id,2020
53001,incident:2020030901,2020-01-20 00:00:00+00:00,2023-05-11 00:00:00+00:00,Biological,3427; 4481,2,2,official_incident_id,2020
53003,incident:2020030901,2020-01-20 00:00:00+00:00,2023-05-11 00:00:00+00:00,Biological,3427; 4481,2,2,official_incident_id,2020
53005,incident:2020030901,2020-01-20 00:00:00+00:00,2023-05-11 00:00:00+00:00,Biological,3427; 4481,2,2,official_incident_id,2020
53007,incident:2020030901,2020-01-20 00:00:00+00:00,2023-05-11 00:00:00+00:00,Biological,3427; 4481,2,3,official_incident_id,2020
53007,incident:2021071401,2021-07-12 00:00:00+00:00,2021-08-08 00:00:00+00:00,Fire,4631; 5397,2,2,official_incident_id,2021
53007,incident:2024072501,2024-07-17 00:00:00+00:00,2024-08-21 00:00:00+00:00,Fire,4849; 5518,2,2,official_incident_id,2024
53007,incident:2025121001,2025-12-05 00:00:00+00:00,2025-12-19 00:00:00+00:00,Flood,3629; 4906,2,2,official_incident_id,2025
53009,incident:2020030901,2020-01-20 00:00:00+00:00,2023-05-11 00:00:00+00:00,Biological,3427; 4481,2,5,official_incident_id,2020
53009,incident:2025121001,2025-12-05 00:00:00+00:00,2025-12-19 00:00:00+00:00,Flood,3629; 4906,2,5,official_incident_id,2025
53011,incident:2020030901,2020-01-20 00:00:00+00:00,2023-05-11 00:00:00+00:00,Biological,3427; 4481,2,2,official_incident_id,2020
53013,incident:2020030901,2020-01-20 00:00:00+00:00,2023-05-11 00:00:00+00:00,Biological,3427; 4481,2,2,official_incident_id,2020
53015,incident:2020030901,2020-01-20 00:00:00+00:00,2023-05-11 00:00:00+00:00,Biological,3427; 4481,2,2,official_incident_id,2020
53017,incident:2020030901,2020-01-20 00:00:00+00:00,2023-05-11 00:00:00+00:00,Biological,3427; 4481,2,2,official_incident_id,2020
53019,incident:2020030901,2020-01-20 00:00:00+00:00,2023-05-11 00:00:00+00:00,Biological,3427; 4481,2,3,official_incident_id,2020
53019,incident:2021071401,2021-07-12 00:00:00+00:00,2021-08-08 00:00:00+00:00,Fire,4631; 5397,2,2,official_incident_id,2021
53019,incident:2024072501,2024-07-17 00:00:00+00:00,2024-08-21 00:00:00+00:00,Fire,4849; 5518,2,3,official_incident_id,2024
53021,incident:2020030901,2020-01-20 00:00:00+00:00,2023-05-11 00:00:00+00:00,Biological,3427; 4481,2,2,official_incident_id,2020
53023,incident:2020030901,2020-01-20 00:00:00+00:00,2023-05-11 00:00:00+00:00,Biological,3427; 4481,2,2,official_incident_id,2020
53025,incident:2020030901,2020-01-20 00:00:00+00:00,2023-05-11 00:00:00+00:00,Biological,3427; 4481,2,2,official_incident_id,2020
53027,incident:2020030901,2020-01-20 00:00:00+00:00,2023-05-11 00:00:00+00:00,Biological,3427; 4481,2,4,official_incident_id,2020
53027,incident:2025121001,2025-12-05 00:00:00+00:00,2025-12-19 00:00:00+00:00,Flood,3629; 4906,2,4,official_incident_id,2025
53029,incident:2020030901,2020-01-20 00:00:00+00:00,2023-05-11 00:00:00+00:00,Biological,3427; 4481,2,2,official_incident_id,2020
53031,incident:2020030901,2020-01-20 00:00:00+00:00,2023-05-11 00:00:00+00:00,Biological,3427; 4481,2,4,official_incident_id,2020
53031,incident:2025121001,2025-12-05 00:00:00+00:00,2025-12-19 00:00:00+00:00,Flood,3629; 4906,2,4,official_incident_id,2025
53033,incident:2020030901,2020-01-20 00:00:00+00:00,2023-05-11 00:00:00+00:00,Biological,3427; 4481,2,4,official_incident_id,2020
53033,incident:2025121001,2025-12-05 00:00:00+00:00,2025-12-19 00:00:00+00:00,Flood,3629; 4906,2,5,official_incident_id,2025
53035,incident:2020030901,2020-01-20 00:00:00+00:00,2023-05-11 00:00:00+00:00,Biological,3427; 4481,2,4,official_incident_id,2020
53037,incident:2020030901,2020-01-20 00:00:00+00:00,2023-05-11 00:00:00+00:00,Biological,3427; 4481,2,2,official_incident_id,2020
53037,incident:2025121001,2025-12-05 00:00:00+00:00,2025-12-19 00:00:00+00:00,Flood,3629; 4906,2,2,official_incident_id,2025
53039,incident:2020030901,2020-01-20 00:00:00+00:00,2023-05-11 00:00:00+00:00,Biological,3427; 4481,2,2,official_incident_id,2020
53041,incident:2020030901,2020-01-20 00:00:00+00:00,2023-05-11 00:00:00+00:00,Biological,3427; 4481,2,3,official_incident_id,2020
53041,incident:2025121001,2025-12-05 00:00:00+00:00,2025-12-19 00:00:00+00:00,Flood,3629; 4906,2,3,official_incident_id,2025
53043,incident:2020030901,2020-01-20 00:00:00+00:00,2023-05-11 00:00:00+00:00,Biological,3427; 4481,2,2,official_incident_id,2020
53045,incident:2020030901,2020-01-20 00:00:00+00:00,2023-05-11 00:00:00+00:00,Biological,3427; 4481,2,4,official_incident_id,2020
53045,incident:2025121001,2025-12-05 00:00:00+00:00,2025-12-19 00:00:00+00:00,Flood,3629; 4906,2,4,official_incident_id,2025
53047,incident:2014071703,2014-07-09 00:00:00+00:00,2014-08-14 00:00:00+00:00,Fire,3371; 5062,2,3,official_incident_id,2014
53047,incident:2020030901,2020-01-20 00:00:00+00:00,2023-05-11 00:00:00+00:00,Biological,3427; 4481,2,3,official_incident_id,2020
53047,incident:2021071401,2021-07-12 00:00:00+00:00,2021-08-08 00:00:00+00:00,Fire,4631; 5397,2,2,official_incident_id,2021
53047,incident:2024072501,2024-07-17 00:00:00+00:00,2024-08-21 00:00:00+00:00,Fire,4849; 5518,2,3,official_incident_id,2024
53049,incident:2020030901,2020-01-20 00:00:00+00:00,2023-05-11 00:00:00+00:00,Biological,3427; 4481,2,3,official_incident_id,2020
53051,incident:2020030901,2020-01-20 00:00:00+00:00,2023-05-11 00:00:00+00:00,Biological,3427; 4481,2,3,official_incident_id,2020
53053,incident:2020030901,2020-01-20 00:00:00+00:00,2023-05-11 00:00:00+00:00,Biological,3427; 4481,2,5,official_incident_id,2020
53053,incident:2025121001,2025-12-05 00:00:00+00:00,2025-12-19 00:00:00+00:00,Flood,3629; 4906,2,5,official_incident_id,2025
53055,incident:2020030901,2020-01-20 00:00:00+00:00,2023-05-11 00:00:00+00:00,Biological,3427; 4481,2,3,official_incident_id,2020
53055,incident:2025121001,2025-12-05 00:00:00+00:00,2025-12-19 00:00:00+00:00,Flood,3629; 4906,2,2,official_incident_id,2025
53057,incident:2020030901,2020-01-20 00:00:00+00:00,2023-05-11 00:00:00+00:00,Biological,3427; 4481,2,6,official_incident_id,2020
53057,incident:2025121001,2025-12-05 00:00:00+00:00,2025-12-19 00:00:00+00:00,Flood,3629; 4906,2,7,official_incident_id,2025
53059,incident:2020030901,2020-01-20 00:00:00+00:00,2023-05-11 00:00:00+00:00,Biological,3427; 4481,2,2,official_incident_id,2020
53061,incident:2014032201,2014-03-22 00:00:00+00:00,2014-04-28 00:00:00+00:00,Mud/Landslide,3370; 4168,2,5,official_incident_id,2014
53061,incident:2020030901,2020-01-20 00:00:00+00:00,2023-05-11 00:00:00+00:00,Biological,3427; 3507; 4481,3,6,official_incident_id,2020
53061,incident:2025121001,2025-12-05 00:00:00+00:00,2025-12-19 00:00:00+00:00,Flood,3629; 4906,2,5,official_incident_id,2025
53063,incident:2020030901,2020-01-20 00:00:00+00:00,2023-05-11 00:00:00+00:00,Biological,3427; 4481,2,4,official_incident_id,2020
53065,incident:2020030901,2020-01-20 00:00:00+00:00,2023-05-11 00:00:00+00:00,Biological,3427; 4481,2,2,official_incident_id,2020
53067,incident:2020030901,2020-01-20 00:00:00+00:00,2023-05-11 00:00:00+00:00,Biological,3427; 4481,2,4,official_incident_id,2020
53067,incident:2025121001,2025-12-05 00:00:00+00:00,2025-12-19 00:00:00+00:00,Flood,3629; 4906,2,4,official_incident_id,2025
53069,incident:2020030901,2020-01-20 00:00:00+00:00,2023-05-11 00:00:00+00:00,Biological,3427; 4481,2,2,official_incident_id,2020
53069,incident:2025121001,2025-12-05 00:00:00+00:00,2025-12-19 00:00:00+00:00,Flood,3629; 4906,2,2,official_incident_id,2025
53071,incident:2020030901,2020-01-20 00:00:00+00:00,2023-05-11 00:00:00+00:00,Biological,3427; 4481,2,2,official_incident_id,2020
53073,incident:2020030901,2020-01-20 00:00:00+00:00,2023-05-11 00:00:00+00:00,Biological,3427; 4481,2,4,official_incident_id,2020
53073,incident:2025121001,2025-12-05 00:00:00+00:00,2025-12-19 00:00:00+00:00,Flood,3629; 4906,2,4,official_incident_id,2025
53075,incident:2020030901,2020-01-20 00:00:00+00:00,2023-05-11 00:00:00+00:00,Biological,3427; 4481,2,2,official_incident_id,2020
53077,incident:2020030901,2020-01-20 00:00:00+00:00,2023-05-11 00:00:00+00:00,Biological,3427; 4481,2,2,official_incident_id,2020
53077,incident:2025121001,2025-12-05 00:00:00+00:00,2025-12-19 00:00:00+00:00,Flood,3629; 4906,2,2,official_incident_id,2025
54001,incident:2012063004,2012-06-29 00:00:00+00:00,2012-07-10 00:00:00+00:00,Severe Storm,3345; 4071,2,2,official_incident_id,2012
54001,incident:2012102505,2012-10-29 00:00:00+00:00,2012-11-08 00:00:00+00:00,Hurricane,3358; 4093,2,2,official_incident_id,2012
54001,incident:2020030901,2020-01-20 00:00:00+00:00,2023-05-11 00:00:00+00:00,Biological,3450; 4517,2,2,official_incident_id,2020
54003,incident:2012063004,2012-06-29 00:00:00+00:00,2012-07-10 00:00:00+00:00,Severe Storm,3345; 4071,2,2,official_incident_id,2012
54003,incident:2020030901,2020-01-20 00:00:00+00:00,2023-05-11 00:00:00+00:00,Biological,3450; 4517,2,2,official_incident_id,2020
54005,incident:2012063004,2012-06-29 00:00:00+00:00,2012-07-10 00:00:00+00:00,Severe Storm,3345; 4071,2,2,official_incident_id,2012
54005,incident:2012102505,2012-10-29 00:00:00+00:00,2012-11-08 00:00:00+00:00,Hurricane,3358; 4093,2,2,official_incident_id,2012
54005,incident:2020030901,2020-01-20 00:00:00+00:00,2023-05-11 00:00:00+00:00,Biological,3450; 4517,2,2,official_incident_id,2020
54007,incident:2012063004,2012-06-29 00:00:00+00:00,2012-07-10 00:00:00+00:00,Severe Storm,3345; 4071,2,2,official_incident_id,2012
54007,incident:2012102505,2012-10-29 00:00:00+00:00,2012-11-08 00:00:00+00:00,Hurricane,3358; 4093,2,2,official_incident_id,2012
54007,incident:2020030901,2020-01-20 00:00:00+00:00,2023-05-11 00:00:00+00:00,Biological,3450; 4517,2,2,official_incident_id,2020
54009,incident:2020030901,2020-01-20 00:00:00+00:00,2023-05-11 00:00:00+00:00,Biological,3450; 4517,2,2,official_incident_id,2020
54011,incident:2012063004,2012-06-29 00:00:00+00:00,2012-07-10 00:00:00+00:00,Severe Storm,3345; 4071,2,2,official_incident_id,2012
54011,incident:2020030901,2020-01-20 00:00:00+00:00,2023-05-11 00:00:00+00:00,Biological,3450; 4517,2,2,official_incident_id,2020
54013,incident:2012063004,2012-06-29 00:00:00+00:00,2012-07-10 00:00:00+00:00,Severe Storm,3345; 4071,2,2,official_incident_id,2012
54013,incident:2020030901,2020-01-20 00:00:00+00:00,2023-05-11 00:00:00+00:00,Biological,3450; 4517,2,2,official_incident_id,2020
54015,incident:2012063004,2012-06-29 00:00:00+00:00,2012-07-10 00:00:00+00:00,Severe Storm,3345; 4071,2,2,official_incident_id,2012
54015,incident:2012102505,2012-10-29 00:00:00+00:00,2012-11-08 00:00:00+00:00,Hurricane,3358; 4093,2,2,official_incident_id,2012
54015,incident:2020030901,2020-01-20 00:00:00+00:00,2023-05-11 00:00:00+00:00,Biological,3450; 4517,2,2,official_incident_id,2020
54017,incident:2012063004,2012-06-29 00:00:00+00:00,2012-07-10 00:00:00+00:00,Severe Storm,3345; 4071,2,2,official_incident_id,2012
54017,incident:2020030901,2020-01-20 00:00:00+00:00,2023-05-11 00:00:00+00:00,Biological,3450; 4517,2,2,official_incident_id,2020
54019,incident:2012063004,2012-06-29 00:00:00+00:00,2012-07-10 00:00:00+00:00,Severe Storm,3345; 4071,2,2,official_incident_id,2012
54019,incident:2012102505,2012-10-29 00:00:00+00:00,2012-11-08 00:00:00+00:00,Hurricane,3358; 4093,2,2,official_incident_id,2012
54019,incident:2020030901,2020-01-20 00:00:00+00:00,2023-05-11 00:00:00+00:00,Biological,3450; 4517,2,2,official_incident_id,2020
54021,incident:2012063004,2012-06-29 00:00:00+00:00,2012-07-10 00:00:00+00:00,Severe Storm,3345; 4071,2,2,official_incident_id,2012
54021,incident:2020030901,2020-01-20 00:00:00+00:00,2023-05-11 00:00:00+00:00,Biological,3450; 4517,2,2,official_incident_id,2020
54023,incident:2012063004,2012-06-29 00:00:00+00:00,2012-07-10 00:00:00+00:00,Severe Storm,3345; 4071,2,2,official_incident_id,2012
54023,incident:2020030901,2020-01-20 00:00:00+00:00,2023-05-11 00:00:00+00:00,Biological,3450; 4517,2,2,official_incident_id,2020
54025,incident:2012063004,2012-06-29 00:00:00+00:00,2012-07-10 00:00:00+00:00,Severe Storm,3345; 4071,2,2,official_incident_id,2012
54025,incident:2020030901,2020-01-20 00:00:00+00:00,2023-05-11 00:00:00+00:00,Biological,3450; 4517,2,2,official_incident_id,2020
54027,incident:2020030901,2020-01-20 00:00:00+00:00,2023-05-11 00:00:00+00:00,Biological,3450; 4517,2,2,official_incident_id,2020
54029,incident:2020030901,2020-01-20 00:00:00+00:00,2023-05-11 00:00:00+00:00,Biological,3450; 4517,2,2,official_incident_id,2020
54031,incident:2012063004,2012-06-29 00:00:00+00:00,2012-07-10 00:00:00+00:00,Severe Storm,3345; 4071,2,2,official_incident_id,2012
54031,incident:2020030901,2020-01-20 00:00:00+00:00,2023-05-11 00:00:00+00:00,Biological,3450; 4517,2,2,official_incident_id,2020
54033,incident:2012063004,2012-06-29 00:00:00+00:00,2012-07-10 00:00:00+00:00,Severe Storm,3345; 4071,2,2,official_incident_id,2012
54033,incident:2020030901,2020-01-20 00:00:00+00:00,2023-05-11 00:00:00+00:00,Biological,3450; 4517,2,2,official_incident_id,2020
54035,incident:2012063004,2012-06-29 00:00:00+00:00,2012-07-10 00:00:00+00:00,Severe Storm,3345; 4071,2,2,official_incident_id,2012
54035,incident:2020030901,2020-01-20 00:00:00+00:00,2023-05-11 00:00:00+00:00,Biological,3450; 4517,2,2,official_incident_id,2020
54037,incident:2012063004,2012-06-29 00:00:00+00:00,2012-07-10 00:00:00+00:00,Severe Storm,3345; 4071,2,2,official_incident_id,2012
54037,incident:2020030901,2020-01-20 00:00:00+00:00,2023-05-11 00:00:00+00:00,Biological,3450; 4517,2,2,official_incident_id,2020
54039,incident:2012063004,2012-06-29 00:00:00+00:00,2012-07-10 00:00:00+00:00,Severe Storm,3345; 4071,2,2,official_incident_id,2012
54039,incident:2012102505,2012-10-29 00:00:00+00:00,2012-11-08 00:00:00+00:00,Hurricane,3358; 4093,2,2,official_incident_id,2012
54039,incident:2020030901,2020-01-20 00:00:00+00:00,2023-05-11 00:00:00+00:00,Biological,3450; 4517,2,2,official_incident_id,2020
54041,incident:2012063004,2012-06-29 00:00:00+00:00,2012-07-10 00:00:00+00:00,Severe Storm,3345; 4071,2,2,official_incident_id,2012
54041,incident:2012102505,2012-10-29 00:00:00+00:00,2012-11-08 00:00:00+00:00,Hurricane,3358; 4093,2,2,official_incident_id,2012
54041,incident:2020030901,2020-01-20 00:00:00+00:00,2023-05-11 00:00:00+00:00,Biological,3450; 4517,2,2,official_incident_id,2020
54043,incident:2012063004,2012-06-29 00:00:00+00:00,2012-07-10 00:00:00+00:00,Severe Storm,3345; 4071,2,2,official_incident_id,2012
54043,incident:2020030901,2020-01-20 00:00:00+00:00,2023-05-11 00:00:00+00:00,Biological,3450; 4517,2,2,official_incident_id,2020
54045,incident:2012063004,2012-06-29 00:00:00+00:00,2012-07-10 00:00:00+00:00,Severe Storm,3345; 4071,2,2,official_incident_id,2012
54045,incident:2020030901,2020-01-20 00:00:00+00:00,2023-05-11 00:00:00+00:00,Biological,3450; 4517,2,2,official_incident_id,2020
54047,incident:2012063004,2012-06-29 00:00:00+00:00,2012-07-10 00:00:00+00:00,Severe Storm,3345; 4071,2,2,official_incident_id,2012
54047,incident:2020030901,2020-01-20 00:00:00+00:00,2023-05-11 00:00:00+00:00,Biological,3450; 4517,2,2,official_incident_id,2020
54049,incident:2020030901,2020-01-20 00:00:00+00:00,2023-05-11 00:00:00+00:00,Biological,3450; 4517,2,2,official_incident_id,2020
54051,incident:2012063004,2012-06-29 00:00:00+00:00,2012-07-10 00:00:00+00:00,Severe Storm,3345; 4071,2,2,official_incident_id,2012
54051,incident:2020030901,2020-01-20 00:00:00+00:00,2023-05-11 00:00:00+00:00,Biological,3450; 4517,2,2,official_incident_id,2020
54053,incident:2012063004,2012-06-29 00:00:00+00:00,2012-07-10 00:00:00+00:00,Severe Storm,3345; 4071,2,2,official_incident_id,2012
54053,incident:2020030901,2020-01-20 00:00:00+00:00,2023-05-11 00:00:00+00:00,Biological,3450; 4517,2,2,official_incident_id,2020
54055,incident:2012063004,2012-06-29 00:00:00+00:00,2012-07-10 00:00:00+00:00,Severe Storm,3345; 4071,2,2,official_incident_id,2012
54055,incident:2020030901,2020-01-20 00:00:00+00:00,2023-05-11 00:00:00+00:00,Biological,3450; 4517,2,2,official_incident_id,2020
54057,incident:2020030901,2020-01-20 00:00:00+00:00,2023-05-11 00:00:00+00:00,Biological,3450; 4517,2,2,official_incident_id,2020
54059,incident:2012063004,2012-06-29 00:00:00+00:00,2012-07-10 00:00:00+00:00,Severe Storm,3345; 4071,2,2,official_incident_id,2012
54059,incident:2020030901,2020-01-20 00:00:00+00:00,2023-05-11 00:00:00+00:00,Biological,3450; 4517,2,2,official_incident_id,2020
54061,incident:2020030901,2020-01-20 00:00:00+00:00,2023-05-11 00:00:00+00:00,Biological,3450; 4517,2,2,official_incident_id,2020
54063,incident:2012063004,2012-06-29 00:00:00+00:00,2012-07-10 00:00:00+00:00,Severe Storm,3345; 4071,2,2,official_incident_id,2012
54063,incident:2020030901,2020-01-20 00:00:00+00:00,2023-05-11 00:00:00+00:00,Biological,3450; 4517,2,2,official_incident_id,2020
54065,incident:2020030901,2020-01-20 00:00:00+00:00,2023-05-11 00:00:00+00:00,Biological,3450; 4517,2,2,official_incident_id,2020
54067,incident:2012063004,2012-06-29 00:00:00+00:00,2012-07-10 00:00:00+00:00,Severe Storm,3345; 4071,2,2,official_incident_id,2012
54067,incident:2012102505,2012-10-29 00:00:00+00:00,2012-11-08 00:00:00+00:00,Hurricane,3358; 4093,2,2,official_incident_id,2012
54067,incident:2020030901,2020-01-20 00:00:00+00:00,2023-05-11 00:00:00+00:00,Biological,3450; 4517,2,2,official_incident_id,2020
54069,incident:2020030901,2020-01-20 00:00:00+00:00,2023-05-11 00:00:00+00:00,Biological,3450; 4517,2,2,official_incident_id,2020
54071,incident:2012063004,2012-06-29 00:00:00+00:00,2012-07-10 00:00:00+00:00,Severe Storm,3345; 4071,2,2,official_incident_id,2012
54071,incident:2012102505,2012-10-29 00:00:00+00:00,2012-11-08 00:00:00+00:00,Hurricane,3358; 4093,2,2,official_incident_id,2012
54071,incident:2020030901,2020-01-20 00:00:00+00:00,2023-05-11 00:00:00+00:00,Biological,3450; 4517,2,2,official_incident_id,2020
54073,incident:2012063004,2012-06-29 00:00:00+00:00,2012-07-10 00:00:00+00:00,Severe Storm,3345; 4071,2,2,official_incident_id,2012
54073,incident:2020030901,2020-01-20 00:00:00+00:00,2023-05-11 00:00:00+00:00,Biological,3450; 4517,2,2,official_incident_id,2020
54075,incident:2012063004,2012-06-29 00:00:00+00:00,2012-07-10 00:00:00+00:00,Severe Storm,3345; 4071,2,2,official_incident_id,2012
54075,incident:2012102505,2012-10-29 00:00:00+00:00,2012-11-08 00:00:00+00:00,Hurricane,3358; 4093,2,2,official_incident_id,2012
54075,incident:2020030901,2020-01-20 00:00:00+00:00,2023-05-11 00:00:00+00:00,Biological,3450; 4517,2,2,official_incident_id,2020
54077,incident:2012063004,2012-06-29 00:00:00+00:00,2012-07-10 00:00:00+00:00,Severe Storm,3345; 4071,2,2,official_incident_id,2012
54077,incident:2012102505,2012-10-29 00:00:00+00:00,2012-11-08 00:00:00+00:00,Hurricane,3358; 4093,2,2,official_incident_id,2012
54077,incident:2020030901,2020-01-20 00:00:00+00:00,2023-05-11 00:00:00+00:00,Biological,3450; 4517,2,2,official_incident_id,2020
54079,incident:2012063004,2012-06-29 00:00:00+00:00,2012-07-10 00:00:00+00:00,Severe Storm,3345; 4071,2,2,official_incident_id,2012
54079,incident:2020030901,2020-01-20 00:00:00+00:00,2023-05-11 00:00:00+00:00,Biological,3450; 4517,2,2,official_incident_id,2020
54081,incident:2012063004,2012-06-29 00:00:00+00:00,2012-07-10 00:00:00+00:00,Severe Storm,3345; 4071,2,2,official_incident_id,2012
54081,incident:2012102505,2012-10-29 00:00:00+00:00,2012-11-08 00:00:00+00:00,Hurricane,3358; 4093,2,2,official_incident_id,2012
54081,incident:2020030901,2020-01-20 00:00:00+00:00,2023-05-11 00:00:00+00:00,Biological,3450; 4517,2,2,official_incident_id,2020
54083,incident:2012063004,2012-06-29 00:00:00+00:00,2012-07-10 00:00:00+00:00,Severe Storm,3345; 4071,2,2,official_incident_id,2012
54083,incident:2012102505,2012-10-29 00:00:00+00:00,2012-11-08 00:00:00+00:00,Hurricane,3358; 4093,2,2,official_incident_id,2012
54083,incident:2020030901,2020-01-20 00:00:00+00:00,2023-05-11 00:00:00+00:00,Biological,3450; 4517,2,2,official_incident_id,2020
54085,incident:2012063004,2012-06-29 00:00:00+00:00,2012-07-10 00:00:00+00:00,Severe Storm,3345; 4071,2,2,official_incident_id,2012
54085,incident:2020030901,2020-01-20 00:00:00+00:00,2023-05-11 00:00:00+00:00,Biological,3450; 4517,2,2,official_incident_id,2020
54087,incident:2012063004,2012-06-29 00:00:00+00:00,2012-07-10 00:00:00+00:00,Severe Storm,3345; 4071,2,2,official_incident_id,2012
54087,incident:2020030901,2020-01-20 00:00:00+00:00,2023-05-11 00:00:00+00:00,Biological,3450; 4517,2,2,official_incident_id,2020
54089,incident:2012063004,2012-06-29 00:00:00+00:00,2012-07-10 00:00:00+00:00,Severe Storm,3345; 4071,2,2,official_incident_id,2012
54089,incident:2020030901,2020-01-20 00:00:00+00:00,2023-05-11 00:00:00+00:00,Biological,3450; 4517,2,2,official_incident_id,2020
54091,incident:2012063004,2012-06-29 00:00:00+00:00,2012-07-10 00:00:00+00:00,Severe Storm,3345; 4071,2,2,official_incident_id,2012
54091,incident:2012102505,2012-10-29 00:00:00+00:00,2012-11-08 00:00:00+00:00,Hurricane,3358; 4093,2,2,official_incident_id,2012
54091,incident:2020030901,2020-01-20 00:00:00+00:00,2023-05-11 00:00:00+00:00,Biological,3450; 4517,2,2,official_incident_id,2020
54093,incident:2012063004,2012-06-29 00:00:00+00:00,2012-07-10 00:00:00+00:00,Severe Storm,3345; 4071,2,2,official_incident_id,2012
54093,incident:2012102505,2012-10-29 00:00:00+00:00,2012-11-08 00:00:00+00:00,Hurricane,3358; 4093,2,2,official_incident_id,2012
54093,incident:2020030901,2020-01-20 00:00:00+00:00,2023-05-11 00:00:00+00:00,Biological,3450; 4517,2,2,official_incident_id,2020
54095,incident:2012063004,2012-06-29 00:00:00+00:00,2012-07-10 00:00:00+00:00,Severe Storm,3345; 4071,2,2,official_incident_id,2012
54095,incident:2020030901,2020-01-20 00:00:00+00:00,2023-05-11 00:00:00+00:00,Biological,3450; 4517,2,2,official_incident_id,2020
54097,incident:2012063004,2012-06-29 00:00:00+00:00,2012-07-10 00:00:00+00:00,Severe Storm,3345; 4071,2,2,official_incident_id,2012
54097,incident:2012102505,2012-10-29 00:00:00+00:00,2012-11-08 00:00:00+00:00,Hurricane,3358; 4093,2,2,official_incident_id,2012
54097,incident:2020030901,2020-01-20 00:00:00+00:00,2023-05-11 00:00:00+00:00,Biological,3450; 4517,2,2,official_incident_id,2020
54099,incident:2012063004,2012-06-29 00:00:00+00:00,2012-07-10 00:00:00+00:00,Severe Storm,3345; 4071,2,2,official_incident_id,2012
54099,incident:2020030901,2020-01-20 00:00:00+00:00,2023-05-11 00:00:00+00:00,Biological,3450; 4517,2,2,official_incident_id,2020
54101,incident:2012063004,2012-06-29 00:00:00+00:00,2012-07-10 00:00:00+00:00,Severe Storm,3345; 4071,2,2,official_incident_id,2012
54101,incident:2012102505,2012-10-29 00:00:00+00:00,2012-11-08 00:00:00+00:00,Hurricane,3358; 4093,2,2,official_incident_id,2012
54101,incident:2020030901,2020-01-20 00:00:00+00:00,2023-05-11 00:00:00+00:00,Biological,3450; 4517,2,2,official_incident_id,2020
54103,incident:2012063004,2012-06-29 00:00:00+00:00,2012-07-10 00:00:00+00:00,Severe Storm,3345; 4071,2,2,official_incident_id,2012
54103,incident:2020030901,2020-01-20 00:00:00+00:00,2023-05-11 00:00:00+00:00,Biological,3450; 4517,2,2,official_incident_id,2020
54105,incident:2012063004,2012-06-29 00:00:00+00:00,2012-07-10 00:00:00+00:00,Severe Storm,3345; 4071,2,2,official_incident_id,2012
54105,incident:2020030901,2020-01-20 00:00:00+00:00,2023-05-11 00:00:00+00:00,Biological,3450; 4517,2,2,official_incident_id,2020
54107,incident:2012063004,2012-06-29 00:00:00+00:00,2012-07-10 00:00:00+00:00,Severe Storm,3345; 4071,2,2,official_incident_id,2012
54107,incident:2020030901,2020-01-20 00:00:00+00:00,2023-05-11 00:00:00+00:00,Biological,3450; 4517,2,2,official_incident_id,2020
54109,incident:2012063004,2012-06-29 00:00:00+00:00,2012-07-10 00:00:00+00:00,Severe Storm,3345; 4071,2,2,official_incident_id,2012
54109,incident:2012102505,2012-10-29 00:00:00+00:00,2012-11-08 00:00:00+00:00,Hurricane,3358; 4093,2,2,official_incident_id,2012
54109,incident:2020030901,2020-01-20 00:00:00+00:00,2023-05-11 00:00:00+00:00,Biological,3450; 4517,2,2,official_incident_id,2020
55001,incident:2020030901,2020-01-20 00:00:00+00:00,2023-05-11 00:00:00+00:00,Biological,3454; 4520,2,2,official_incident_id,2020
55003,incident:2020030901,2020-01-20 00:00:00+00:00,2023-05-11 00:00:00+00:00,Biological,3454; 4520,2,4,official_incident_id,2020
55005,incident:2020030901,2020-01-20 00:00:00+00:00,2023-05-11 00:00:00+00:00,Biological,3454; 4520,2,2,official_incident_id,2020
55007,incident:2020030901,2020-01-20 00:00:00+00:00,2023-05-11 00:00:00+00:00,Biological,3454; 4520,2,4,official_incident_id,2020
55009,incident:2020030901,2020-01-20 00:00:00+00:00,2023-05-11 00:00:00+00:00,Biological,3454; 4520,2,2,official_incident_id,2020
55011,incident:2020030901,2020-01-20 00:00:00+00:00,2023-05-11 00:00:00+00:00,Biological,3454; 4520,2,2,official_incident_id,2020
55013,incident:2020030901,2020-01-20 00:00:00+00:00,2023-05-11 00:00:00+00:00,Biological,3454; 4520,2,4,official_incident_id,2020
55015,incident:2020030901,2020-01-20 00:00:00+00:00,2023-05-11 00:00:00+00:00,Biological,3454; 4520,2,2,official_incident_id,2020
55017,incident:2020030901,2020-01-20 00:00:00+00:00,2023-05-11 00:00:00+00:00,Biological,3454; 4520,2,2,official_incident_id,2020
55019,incident:2020030901,2020-01-20 00:00:00+00:00,2023-05-11 00:00:00+00:00,Biological,3454; 4520,2,2,official_incident_id,2020
55021,incident:2020030901,2020-01-20 00:00:00+00:00,2023-05-11 00:00:00+00:00,Biological,3454; 4520,2,2,official_incident_id,2020
55023,incident:2020030901,2020-01-20 00:00:00+00:00,2023-05-11 00:00:00+00:00,Biological,3454; 4520,2,2,official_incident_id,2020
55025,incident:2020030901,2020-01-20 00:00:00+00:00,2023-05-11 00:00:00+00:00,Biological,3454; 4520,2,2,official_incident_id,2020
55027,incident:2020030901,2020-01-20 00:00:00+00:00,2023-05-11 00:00:00+00:00,Biological,3454; 4520,2,2,official_incident_id,2020
55029,incident:2020030901,2020-01-20 00:00:00+00:00,2023-05-11 00:00:00+00:00,Biological,3454; 4520,2,2,official_incident_id,2020
55031,incident:2020030901,2020-01-20 00:00:00+00:00,2023-05-11 00:00:00+00:00,Biological,3453; 3454; 4520; 4531,4,4,official_incident_id,2020
55033,incident:2020030901,2020-01-20 00:00:00+00:00,2023-05-11 00:00:00+00:00,Biological,3454; 4520,2,2,official_incident_id,2020
55035,incident:2020030901,2020-01-20 00:00:00+00:00,2023-05-11 00:00:00+00:00,Biological,3454; 4520,2,2,official_incident_id,2020
55037,incident:2020030901,2020-01-20 00:00:00+00:00,2023-05-11 00:00:00+00:00,Biological,3454; 4520,2,2,official_incident_id,2020
55039,incident:2020030901,2020-01-20 00:00:00+00:00,2023-05-11 00:00:00+00:00,Biological,3454; 4520,2,2,official_incident_id,2020
55041,incident:2020030901,2020-01-20 00:00:00+00:00,2023-05-11 00:00:00+00:00,Biological,3454; 4520,2,4,official_incident_id,2020
55043,incident:2020030901,2020-01-20 00:00:00+00:00,2023-05-11 00:00:00+00:00,Biological,3454; 4520,2,2,official_incident_id,2020
55045,incident:2020030901,2020-01-20 00:00:00+00:00,2023-05-11 00:00:00+00:00,Biological,3454; 4520,2,2,official_incident_id,2020
55047,incident:2020030901,2020-01-20 00:00:00+00:00,2023-05-11 00:00:00+00:00,Biological,3454; 4520,2,2,official_incident_id,2020
55049,incident:2020030901,2020-01-20 00:00:00+00:00,2023-05-11 00:00:00+00:00,Biological,3454; 4520,2,2,official_incident_id,2020
55051,incident:2020030901,2020-01-20 00:00:00+00:00,2023-05-11 00:00:00+00:00,Biological,3454; 4520,2,6,official_incident_id,2020
55053,incident:2020030901,2020-01-20 00:00:00+00:00,2023-05-11 00:00:00+00:00,Biological,3454; 4520,2,2,official_incident_id,2020
55055,incident:2020030901,2020-01-20 00:00:00+00:00,2023-05-11 00:00:00+00:00,Biological,3454; 4520,2,2,official_incident_id,2020
55057,incident:2020030901,2020-01-20 00:00:00+00:00,2023-05-11 00:00:00+00:00,Biological,3454; 4520,2,2,official_incident_id,2020
55059,incident:2020030901,2020-01-20 00:00:00+00:00,2023-05-11 00:00:00+00:00,Biological,3454; 4520,2,2,official_incident_id,2020
55061,incident:2020030901,2020-01-20 00:00:00+00:00,2023-05-11 00:00:00+00:00,Biological,3454; 4520,2,2,official_incident_id,2020
55063,incident:2020030901,2020-01-20 00:00:00+00:00,2023-05-11 00:00:00+00:00,Biological,3454; 4520,2,2,official_incident_id,2020
55065,incident:2020030901,2020-01-20 00:00:00+00:00,2023-05-11 00:00:00+00:00,Biological,3454; 4520,2,2,official_incident_id,2020
55067,incident:2020030901,2020-01-20 00:00:00+00:00,2023-05-11 00:00:00+00:00,Biological,3454; 4520,2,2,official_incident_id,2020
55069,incident:2020030901,2020-01-20 00:00:00+00:00,2023-05-11 00:00:00+00:00,Biological,3454; 4520,2,2,official_incident_id,2020
55071,incident:2020030901,2020-01-20 00:00:00+00:00,2023-05-11 00:00:00+00:00,Biological,3454; 4520,2,2,official_incident_id,2020
55073,incident:2020030901,2020-01-20 00:00:00+00:00,2023-05-11 00:00:00+00:00,Biological,3454; 4520,2,2,official_incident_id,2020
55075,incident:2020030901,2020-01-20 00:00:00+00:00,2023-05-11 00:00:00+00:00,Biological,3454; 4520,2,2,official_incident_id,2020
55077,incident:2020030901,2020-01-20 00:00:00+00:00,2023-05-11 00:00:00+00:00,Biological,3454; 4520,2,2,official_incident_id,2020
55078,incident:2020030901,2020-01-20 00:00:00+00:00,2023-05-11 00:00:00+00:00,Biological,3454; 4520,2,4,official_incident_id,2020
55079,incident:2020030901,2020-01-20 00:00:00+00:00,2023-05-11 00:00:00+00:00,Biological,3454; 4520,2,2,official_incident_id,2020
55081,incident:2020030901,2020-01-20 00:00:00+00:00,2023-05-11 00:00:00+00:00,Biological,3454; 4520,2,2,official_incident_id,2020
55083,incident:2020030901,2020-01-20 00:00:00+00:00,2023-05-11 00:00:00+00:00,Biological,3454; 4520,2,2,official_incident_id,2020
55085,incident:2020030901,2020-01-20 00:00:00+00:00,2023-05-11 00:00:00+00:00,Biological,3454; 4520,2,6,official_incident_id,2020
55087,incident:2020030901,2020-01-20 00:00:00+00:00,2023-05-11 00:00:00+00:00,Biological,3454; 4520,2,2,official_incident_id,2020
55089,incident:2020030901,2020-01-20 00:00:00+00:00,2023-05-11 00:00:00+00:00,Biological,3454; 4520,2,2,official_incident_id,2020
55091,incident:2020030901,2020-01-20 00:00:00+00:00,2023-05-11 00:00:00+00:00,Biological,3454; 4520,2,2,official_incident_id,2020
55093,incident:2020030901,2020-01-20 00:00:00+00:00,2023-05-11 00:00:00+00:00,Biological,3454; 4520,2,2,official_incident_id,2020
55095,incident:2020030901,2020-01-20 00:00:00+00:00,2023-05-11 00:00:00+00:00,Biological,3454; 4520,2,2,official_incident_id,2020
55097,incident:2020030901,2020-01-20 00:00:00+00:00,2023-05-11 00:00:00+00:00,Biological,3454; 4520,2,2,official_incident_id,2020
55099,incident:2020030901,2020-01-20 00:00:00+00:00,2023-05-11 00:00:00+00:00,Biological,3454; 4520,2,2,official_incident_id,2020
55101,incident:2020030901,2020-01-20 00:00:00+00:00,2023-05-11 00:00:00+00:00,Biological,3454; 4520,2,2,official_incident_id,2020
55103,incident:2020030901,2020-01-20 00:00:00+00:00,2023-05-11 00:00:00+00:00,Biological,3454; 4520,2,2,official_incident_id,2020
55105,incident:2020030901,2020-01-20 00:00:00+00:00,2023-05-11 00:00:00+00:00,Biological,3454; 4520,2,2,official_incident_id,2020
55107,incident:2020030901,2020-01-20 00:00:00+00:00,2023-05-11 00:00:00+00:00,Biological,3454; 4520,2,2,official_incident_id,2020
55109,incident:2020030901,2020-01-20 00:00:00+00:00,2023-05-11 00:00:00+00:00,Biological,3454; 4520,2,4,official_incident_id,2020
55111,incident:2020030901,2020-01-20 00:00:00+00:00,2023-05-11 00:00:00+00:00,Biological,3454; 4520,2,2,official_incident_id,2020
55113,incident:2020030901,2020-01-20 00:00:00+00:00,2023-05-11 00:00:00+00:00,Biological,3454; 4520,2,4,official_incident_id,2020
55115,incident:2020030901,2020-01-20 00:00:00+00:00,2023-05-11 00:00:00+00:00,Biological,3454; 4520,2,2,official_incident_id,2020
55117,incident:2020030901,2020-01-20 00:00:00+00:00,2023-05-11 00:00:00+00:00,Biological,3454; 4520,2,2,official_incident_id,2020
55119,incident:2020030901,2020-01-20 00:00:00+00:00,2023-05-11 00:00:00+00:00,Biological,3454; 4520,2,2,official_incident_id,2020
55121,incident:2020030901,2020-01-20 00:00:00+00:00,2023-05-11 00:00:00+00:00,Biological,3454; 4520,2,2,official_incident_id,2020
55123,incident:2020030901,2020-01-20 00:00:00+00:00,2023-05-11 00:00:00+00:00,Biological,3454; 4520,2,2,official_incident_id,2020
55125,incident:2020030901,2020-01-20 00:00:00+00:00,2023-05-11 00:00:00+00:00,Biological,3454; 4520,2,4,official_incident_id,2020
55127,incident:2020030901,2020-01-20 00:00:00+00:00,2023-05-11 00:00:00+00:00,Biological,3454; 4520,2,2,official_incident_id,2020
55129,incident:2020030901,2020-01-20 00:00:00+00:00,2023-05-11 00:00:00+00:00,Biological,3454; 4520,2,4,official_incident_id,2020
55131,incident:2020030901,2020-01-20 00:00:00+00:00,2023-05-11 00:00:00+00:00,Biological,3454; 4520,2,2,official_incident_id,2020
55133,incident:2020030901,2020-01-20 00:00:00+00:00,2023-05-11 00:00:00+00:00,Biological,3454; 4520,2,2,official_incident_id,2020
55135,incident:2020030901,2020-01-20 00:00:00+00:00,2023-05-11 00:00:00+00:00,Biological,3454; 4520,2,2,official_incident_id,2020
55137,incident:2020030901,2020-01-20 00:00:00+00:00,2023-05-11 00:00:00+00:00,Biological,3454; 4520,2,2,official_incident_id,2020
55139,incident:2020030901,2020-01-20 00:00:00+00:00,2023-05-11 00:00:00+00:00,Biological,3454; 4520,2,3,official_incident_id,2020
55141,incident:2020030901,2020-01-20 00:00:00+00:00,2023-05-11 00:00:00+00:00,Biological,3454; 4520,2,2,official_incident_id,2020
56001,incident:2020030901,2020-01-20 00:00:00+00:00,2023-05-11 00:00:00+00:00,Biological,3479; 4535,2,2,official_incident_id,2020
56003,incident:2020030901,2020-01-20 00:00:00+00:00,2023-05-11 00:00:00+00:00,Biological,3479; 4535,2,2,official_incident_id,2020
56005,incident:2020030901,2020-01-20 00:00:00+00:00,2023-05-11 00:00:00+00:00,Biological,3479; 4535,2,2,official_incident_id,2020
56007,incident:2020030901,2020-01-20 00:00:00+00:00,2023-05-11 00:00:00+00:00,Biological,3479; 4535,2,2,official_incident_id,2020
56009,incident:2020030901,2020-01-20 00:00:00+00:00,2023-05-11 00:00:00+00:00,Biological,3479; 4535,2,2,official_incident_id,2020
56011,incident:2020030901,2020-01-20 00:00:00+00:00,2023-05-11 00:00:00+00:00,Biological,3479; 4535,2,2,official_incident_id,2020
56013,incident:2020030901,2020-01-20 00:00:00+00:00,2023-05-11 00:00:00+00:00,Biological,3479; 4535,2,4,official_incident_id,2020
56015,incident:2020030901,2020-01-20 00:00:00+00:00,2023-05-11 00:00:00+00:00,Biological,3479; 4535,2,2,official_incident_id,2020
56017,incident:2020030901,2020-01-20 00:00:00+00:00,2023-05-11 00:00:00+00:00,Biological,3479; 4535,2,4,official_incident_id,2020
56019,incident:2020030901,2020-01-20 00:00:00+00:00,2023-05-11 00:00:00+00:00,Biological,3479; 4535,2,2,official_incident_id,2020
56021,incident:2020030901,2020-01-20 00:00:00+00:00,2023-05-11 00:00:00+00:00,Biological,3479; 4535,2,2,official_incident_id,2020
56023,incident:2020030901,2020-01-20 00:00:00+00:00,2023-05-11 00:00:00+00:00,Biological,3479; 4535,2,2,official_incident_id,2020
56025,incident:2020030901,2020-01-20 00:00:00+00:00,2023-05-11 00:00:00+00:00,Biological,3479; 4535,2,2,official_incident_id,2020
56027,incident:2020030901,2020-01-20 00:00:00+00:00,2023-05-11 00:00:00+00:00,Biological,3479; 4535,2,2,official_incident_id,2020
56029,incident:2020030901,2020-01-20 00:00:00+00:00,2023-05-11 00:00:00+00:00,Biological,3479; 4535,2,2,official_incident_id,2020
56031,incident:2020030901,2020-01-20 00:00:00+00:00,2023-05-11 00:00:00+00:00,Biological,3479; 4535,2,2,official_incident_id,2020
56033,incident:2020030901,2020-01-20 00:00:00+00:00,2023-05-11 00:00:00+00:00,Biological,3479; 4535,2,2,official_incident_id,2020
56035,incident:2020030901,2020-01-20 00:00:00+00:00,2023-05-11 00:00:00+00:00,Biological,3479; 4535,2,2,official_incident_id,2020
56037,incident:2020030901,2020-01-20 00:00:00+00:00,2023-05-11 00:00:00+00:00,Biological,3479; 4535,2,2,official_incident_id,2020
56039,incident:2020030901,2020-01-20 00:00:00+00:00,2023-05-11 00:00:00+00:00,Biological,3479; 4535,2,2,official_incident_id,2020
56041,incident:2020030901,2020-01-20 00:00:00+00:00,2023-05-11 00:00:00+00:00,Biological,3479; 4535,2,2,official_incident_id,2020
56043,incident:2020030901,2020-01-20 00:00:00+00:00,2023-05-11 00:00:00+00:00,Biological,3479; 4535,2,2,official_incident_id,2020
56045,incident:2020030901,2020-01-20 00:00:00+00:00,2023-05-11 00:00:00+00:00,Biological,3479; 4535,2,2,official_incident_id,2020
